folder,profile_name,surface_ini,surface_old,surface_new
20151130,S36M0031,115.44214876033058,116.94007774372585,114.8966893996112
20151130,S36M0032,118.42561983471074,120.4111519784201,118.36363140307367
20151130,S36M0033,121.13223140495867,123.6342923392076,120.76858997996897
20151203,S36M0037,180.40495867768595,182.64255432900973,180.36776103591546
20151203,S36M0038,180.15289256198346,181.40288495947607,178.29751318879426
20151203,S36M0039,178.17355371900825,180.1632155899424,178.26445533894002
20151203,S36M0040,176.23553719008265,178.4276784725953,176.06610832363367
20151204,S36M0046,177.92561983471074,180.41114946384914,179.00825696066022
20151204,S36M0047,176.87190082644628,179.17148009431548,176.45453805942088
20151204,S36M0048,176.04545454545453,178.92354622040875,178.0330503899604
20151204,S36M0050,176.66528925619835,178.92354622040875,176.61156284622848
20151205,S36M0053,179.51239669421489,181.15495108556934,179.3264387655072
20151205,S36M0056,176.93388429752065,178.67561234650202,176.8057777141221
20151205,S36M0057,177.53305785123968,179.41941396822222,177.42561239888892
20151206,S36M0060,179.41322314049586,180.65908333775587,179.19833959732205
20151206,S36M0063,178.32231404958677,180.1632155899424,178.2685875701718
20151206,S36M0064,178.17355371900825,179.41941396822222,177.99172807764262
20151207,S36M0067,176.29338842975207,178.67561234650202,179.05784373544157
20151207,S36M0071,179.51239669421489,179.91528171603568,175.75205875001848
20151207,S36M0072,176.19421487603304,179.17148009431548,177.98759584641084
20151208,S36M0076,174.45454545454547,176.1962736074347,174.30991005012766
20151208,S36M0077,175.79338842975207,177.43594297696836,174.74792656069621
20151208,S36M0078,174.10330578512398,175.4524719857145,183.07024026149884
20151208,S36M0079,177.1818181818182,182.14668658119626,180.93387671466917
20151209,S36M0082,173.91322314049586,177.6838768508751,174.66114970482886
20151209,S36M0083,173.94214876033058,177.43594297696836,174.789248873014
20151209,S36M0084,174.51239669421489,177.18800910306163,175.13222406525165
20151209,S36M0085,172.95454545454547,176.69214135524817,173.3016456295736
20151209,S36M0086,172.78512396694214,176.44420748134144,173.3636290980503
20151210,S36M0089,158.67355371900825,160.82437342521735,157.86776197887957
20151210,S36M0090,158.77272727272728,160.5764395513106,158.12809254648164
20151210,S36M0091,159.91322314049586,161.07230729912408,158.54131566965953
20151210,S36M0093,160.35537190082644,162.55991054256447,159.41734869079664
20151211,S36M0096,161.51239669421489,164.79131540772505,162.59916673926637
20151211,S36M0099,161.31404958677686,164.54338153381832,162.78511714469641
20151211,S36M0100,163.07438016528926,166.27891865116544,163.10743118077517
20151212,S36M0103,164.17355371900825,165.28718315553851,163.9999931268394
20151212,S36M0104,163.42561983471074,166.52685252507217,163.63635677844286
20151212,S36M0105,165.32231404958677,166.7747863989789,163.6487534721382
20151212,S36M0106,164.01239669421489,167.76652189460583,165.18594349035993
20151212,S36M0107,165.13223140495867,168.01445576851256,164.3512327815406
20151213,S36M0111,164.28512396694214,166.27891865116544,163.42974521685392
20151213,S36M0112,164.67355371900825,167.5185880206991,164.19834022596478
20151213,S36M0113,164.27272727272728,166.0309847772587,164.0991666764021
20151213,S36M0114,161.86363636363637,166.0309847772587,162.87189400056377
20151214,S36M0118,162.24380165289256,164.54338153381832,163.297513817437
20151214,S36M0119,163.28512396694214,165.78305090335198,163.41734852315858
20151214,S36M0120,160.79338842975207,164.04751378600486,160.39668749272823
20151214,S36M0121,162.88429752066116,165.28718315553851,162.2975138593465
20151215,S36M0124,155.19421487603304,157.84916693833657,155.32643977133557
20151215,S36M0125,154.10330578512398,156.85743144270964,154.0123902396299
20151215,S36M0126,158.73553719008265,159.83263792959042,158.0371834593825
20151215,S36M0127,157.57438016528926,160.82437342521735,157.95453883474693
20151216,S36M0133,147.22314049586777,149.66734909941442,146.40082031069323
20151216,S36M0134,146.7520661157025,149.91528297332115,148.6942086443305
20151216,S36M0135,148.99586776859505,151.1549523428548,147.5991673679091
20151217,S36M0138,136.02479338842974,137.0227215301711,134.25206048926339
20151217,S36M0140,126.56198347107438,128.84090369124897,126.41735007381067
20151217,S36M0141,124.01239669421487,126.36156495218165,123.57024275511503
20151218,S36M0145,129.82231404958677,132.80784567375667,129.46693672286347
20151218,S36M0146,130.57438016528926,132.3119779259432,130.185944957193
20151218,S36M0147,128.58264462809916,131.32024243031628,128.65288717020303
20151218,S36M0148,127.10330578512396,129.8326391868759,126.859498815611
20151219,S36M0154,147.1818181818182,149.91528297332115,147.1322252387181
20151219,S36M0157,142.20247933884298,144.46073774737306,142.31817585369572
20151220,S36M0160,151.49586776859505,153.63429108192213,151.19007630832493
20151220,S36M0161,150.80578512396696,152.39462171238847,149.55784497177228
20151220,S36M0162,148.67355371900825,151.40288621676154,148.59090286353603
20151220,S36M0163,151.14462809917356,152.14668783848174,149.8264400018379
20151221,S36M0167,143.94214876033058,146.94007648644038,143.8099113283679
20151221,S36M0168,142.81404958677686,145.20453936909325,142.6322254273109
20151221,S36M0173,137.90495867768595,140.49379576486535,139.04958094935864
20151222,S36M0180,127.59504132231405,129.58470531296916,127.45454011298716
20151222,S36M0183,125.71487603305785,127.60123432171531,126.61569717293605
20151222,S36M0184,118.91322314049587,120.16321810451336,118.73139998270199
20151223,S36M0188,134.78512396694214,136.52685378235765,135.95453975675628
20151223,S36M0189,135.28512396694214,136.52685378235765,136.64462237246335
20151223,S36M0190,137.11570247933884,138.5103247736115,138.42561403336003
20151223,S36M0191,138.60330578512398,139.9979280170519,138.42148180212826
20151223,S36M0192,139.14462809917356,139.9979280170519,150.9793325155042
20151224,S36M0195,134.88429752066116,136.27891990845092,135.74379596393555
20151224,S36M0196,137.61570247933884,138.5103247736115,137.4338785377331
20151224,S36M0197,141.58264462809916,143.46900225174613,141.40908498270437
20151224,S36M0199,147.43388429752065,149.17148135160096,147.2066054008901
20151225,S36M0203,141.33471074380165,143.71693612565286,143.67767992895097
20151225,S36M0204,142.22314049586777,143.71693612565286,142.15288660442457
20151225,S36M0206,142.96280991735537,143.9648699995596,142.23139899782836
20151226,S36M0209,133.94214876033058,135.78305216063745,133.7231348915957
20151226,S36M0211,133.79338842975207,135.287184412824,133.6446224981919
20151226,S36M0212,134.6818181818182,137.0227215301711,134.57024229411036
20151226,S36M0213,137.51239669421489,138.75825864751823,137.30577936954796
20151227,S36M0216,137.41322314049586,138.75825864751823,137.17768020136282
20151227,S36M0217,141.62396694214877,142.22933288221247,140.47106849309057
20151227,S36M0218,143.56198347107437,145.20453936909325,144.38842370081693
20151227,S36M0219,147.38429752066116,148.17974585597403,147.11982854502276
20151227,S36M0221,152.14462809917356,154.1301588297356,153.42974563594908
20151228,S36M0224,141.08264462809916,142.72520063002594,140.80991145409644
20151228,S36M0226,139.24380165289256,140.49379576486535,139.08263879921287
20151228,S36M0227,140.23553719008265,142.22933288221247,140.90908500365913
20151228,S36M0228,140.24380165289256,140.98966351267882,139.94214289542288
20151228,S36M0229,140.98347107438016,142.22933288221247,140.74379575438797
20151229,S36M0232,140.48347107438016,141.48553126049228,140.24379577534273
20151229,S36M0233,140.48347107438016,141.98139900830574,141.68594447523355
20151229,S36M0234,140.48347107438016,141.733465134399,140.28511808766052
20151229,S36M0236,142.86363636363637,144.7086716212798,142.72313451441005
20151230,S36M0242,128.44214876033058,131.56817630422302,129.8512342274189
20151230,S36M0243,127.24380165289256,128.84090369124897,126.98346575256437
20151230,S36M0244,113.46280991735537,115.20454062637873,113.30164814414456
20151230,S36M0245,120.40495867768595,121.65082134795375,120.01239166455343
20151230,S36M0246,125.11570247933884,125.86569720436819,126.71073849126697
20151231,S36M0250,135.13223140495867,136.52685378235765,136.27272156160325
20151231,S36M0251,135.28512396694214,136.27891990845092,135.0702422731556
20151231,S36M0252,134.39256198347107,136.27891990845092,134.1694158646278
20151231,S36M0253,137.32231404958677,139.00619252142496,138.47520080814138
20160101,S36M0258,127.00413223140495,123.13842459139414,126.43387899873778
20160101,S36M0261,121.57438016528926,122.89049071748741,121.17768087191507
20160101,S36M0262,121.28512396694215,123.38635846530087,121.94214364979416
20160101,S36M0264,118.60330578512396,120.4111519784201,117.41735045099631
20160102,S36M0267,118.91322314049587,121.40288747404702,118.71073882654309
20160102,S36M0268,118.48347107438016,120.4111519784201,117.5743752378039
20160102,S36M0269,118.87190082644628,121.89875522186048,121.02478831633925
20160102,S36M0270,119.24380165289256,122.64255684358068,120.75619328627363
20160102,S36M0271,120.10330578512396,122.39462296967395,120.49999494990334
20160103,S36M0274,74.53305785123968,76.77479017083533,73.95041012391448
20160103,S36M0275,56.14462809917355,56.19627863657661,54.92148530157283
20160103,S36M0278,43.54545454545455,45.53512205858715,43.45454363338649
20160104,S36M0281,126.04545454545455,127.10536657390185,124.50412701349705
20160104,S36M0282,125.97520661157024,130.32850693468936,127.18594508292153
20160104,S36M0284,70.62396694214875,73.55164981004782,69.47933593112975
20160105,S36M0288,64.93388429752066,68.84090620581992,66.69834431214258
20160105,S36M0290,72.36363636363636,76.27892242302187,74.81817868258804
20160105,S36M0291,79.25206611570248,82.72520314459689,80.7107404191047
20160106,S36M0295,102.22314049586777,103.30371467885561,122.33470561681315
20160106,S36M0296,96.54545454545455,99.33677269634791,97.2851198897697
20160106,S36M0297,108.26446280991736,110.49379702215083,132.6487547713332
20160106,S36M0298,111.47520661157024,117.43594549153931,113.0413175765425
20160106,S36M0299,70.87190082644628,75.28718692739494,71.88016227679327
20160107,S36M0302,157.43388429752065,157.3532991905231,157.26858845027164
20160107,S36M0303,150.38429752066116,152.39462171238847,150.590902779717
20160107,S36M0304,122.47520661157024,125.121895582648,122.94214360788465
20160107,S36M0306,125.48347107438016,128.59296981734224,124.7685898123309
20160108,S36M0309,145.94214876033058,148.17974585597403,145.4132170462981
20160108,S36M0310,146.6818181818182,148.92354747769423,146.5619773287326
20160108,S36M0312,148.91322314049586,150.90701846894808,148.58677063230425
20160108,S36M0313,151.48347107438016,153.88222495582886,151.66115066874772
20160109,S36M0314,156.10330578512398,157.3532991905231,155.99999346211553
20160111,S36M0321,162.05371900826447,163.30371216428466,161.9256130484864
20160111,S36M0322,164.78512396694214,166.27891865116544,164.7024724362418
20160111,S36M0323,168.2520661157025,169.74999288585968,168.09090204630047
20160111,S36M0324,170.98347107438016,171.73346387711354,169.2975135659799
20160111,S36M0325,171.72314049586777,173.46900099446066,171.6818109867163
20160112,S36M0328,129.02479338842974,131.56817630422302,128.35949875274673
20160112,S36M0329,130.40495867768595,132.80784567375667,130.48346560588107
20160112,S36M0330,134.07438016528926,134.5433827911038,133.82644067239016
20160112,S36M0331,137.71487603305786,141.23759738658555,138.4545396519825
20160112,S36M0332,140.42561983471074,143.9648699995596,142.4958617966622
20160113,S36M0335,45.84297520661157,45.28718818468042,107.86363184312358
20160113,S36M0336,40.392561983471076,56.69214638439007,155.9834645371884
20160113,S36M0337,59.14462809917355,67.1053690884728,148.8512334311381
20160113,S36M0338,60.79338842975206,69.58470782754011,205.64048724947497
20160114,S36M0347,77.07438016528926,80.98966602724977,78.31404630467296
20160114,S36M0348,70.18181818181819,76.03098854911514,185.9297442738898
20160114,S36M0350,58.52479338842975,60.90702224080451,60.16941896593198
20160114,S36M0351,62.38429752066116,66.3615674667526,318.6322180512361
20160115,S36M0354,78.83471074380165,81.2375999011565,79.20660825073719
20160115,S36M0355,79.08264462809917,81.9814015228767,79.38429419370368
20160115,S36M0356,80.93388429752066,84.95660800975747,81.99586433218792
20160116,S36M0361,157.10330578512398,160.32850567740388,157.56197686772794
20160116,S36M0362,154.71487603305786,157.3532991905231,155.21900175930932
20160116,S36M0363,154.85537190082644,157.84916693833657,155.6156959575601
20160116,S36M0364,144.59504132231405,148.6756136037875,144.78098566783592
20160116,S36M0365,99.67355371900827,103.05578080494888,100.44627678208053
20160117,S36M0368,156.20247933884298,158.0971008122433,156.066109161824
20160117,S36M0369,162.10330578512398,164.04751378600486,161.90495189232752
20160117,S36M0370,167.03305785123968,170.49379450757988,167.78511693514884
20160117,S36M0372,167.87190082644628,170.49379450757988,168.3388359202072
20160118,S36M0375,146.30578512396696,149.4194152255077,146.59090294735506
20160118,S36M0376,149.30578512396696,151.40288621676154,149.07024168642238
20160118,S36M0377,153.60330578512398,156.11362982098944,153.69420843478292
20160118,S36M0378,154.01239669421489,157.3532991905231,154.2479274198413
20160118,S36M0379,156.56198347107437,158.34503468615003,156.34296865435317
20160119,S36M0382,154.71487603305786,157.84916693833657,155.09090259112418
20160119,S36M0383,155.24380165289256,158.0971008122433,154.86362987337634
20160119,S36M0384,154.24380165289256,156.6094975688029,154.20247287629172
20160119,S36M0385,151.17355371900825,153.63429108192213,151.7066052122973
20160119,S36M0386,148.64462809917356,151.898753964575,149.08263838011771
20160120,S36M0394,138.85537190082644,142.22933288221247,139.06197764305398
20160120,S36M0395,139.17355371900825,141.48553126049228,138.9214817811735
20160120,S36M0396,139.14462809917356,141.733465134399,139.21073796739802
20160120,S36M0397,136.82231404958677,139.74999414314516,137.1818124325946
20160121,S36M0400,141.42561983471074,144.95660549518652,142.73553120810539
20160121,S36M0401,142.90495867768595,146.19627486472018,143.0247873943299
20160121,S36M0402,141.62396694214877,144.7086716212798,141.71073786262423
20160121,S36M0403,142.70247933884298,146.19627486472018,143.15701879374683
20160121,S36M0404,142.28512396694214,146.4442087386269,143.62809315416962
20160122,S36M0407,140.89256198347107,144.7086716212798,142.25619238521904
20160122,S36M0408,140.01239669421489,141.98139900830574,141.13635772140697
20160122,S36M0409,131.70247933884298,136.27891990845092,133.74379604775459
20160122,S36M0410,127.68181818181819,133.0557795476634,136.05371330631897
20160122,S36M0411,124.73553719008264,129.33677143906243,137.28511821338907
20160123,S36M0414,141.46280991735537,144.46073774737306,142.01652297377586
20160123,S36M0415,158.47520661157026,161.07230729912408,158.39668757654727
20160123,S36M0416,160.08264462809916,164.2954476599116,161.99999321065843
20160123,S36M0417,166.98347107438016,169.99792675976641,167.3801582744345
20160124,S36M0421,159.33471074380165,160.5764395513106,159.24379497906193
20160124,S36M0422,162.55371900826447,163.79957991209812,162.3553650965914
20160124,S36M0424,164.53305785123968,166.0309847772587,164.33883608784527
20160124,S36M0425,170.58264462809916,172.47726549883373,170.7437944971025
20160125,S36M0428,156.55371900826447,158.0971008122433,156.48346451623365
20160125,S36M0429,157.14462809917356,159.08883630787022,157.2561917565763
20160125,S36M0430,158.09504132231405,159.83263792959042,157.96280329721048
20160125,S36M0431,157.34297520661158,159.08883630787022,157.2768529127352
20160125,S36M0432,157.73553719008265,160.08057180349715,157.01652234513313
20160126,S36M0436,161.31404958677686,162.064042794751,161.16941473307088
20160126,S36M0437,160.1818181818182,162.31197666865773,160.00412552570924
20160126,S36M0438,156.10330578512398,157.60123306442983,156.0247868495062
20160127,S36M0442,158.34297520661158,159.5847040556837,158.03305122815073
20160127,S36M0443,155.11570247933884,156.36156369489618,155.1446215971373
20160128,S36M0463,175.59504132231405,178.17974459868856,177.88842229684815
20160128,S36M0464,175.29338842975207,178.17974459868856,176.32230666000396
20160128,S36M0465,157.28512396694214,160.32850567740388,158.46280327625573
20160128,S36M0466,178.57438016528926,179.91528171603568,178.49999251915142
20160128,S36M0467,177.82231404958677,179.66734784212895,179.07437266036868
20160129,S36M0477,156.85537190082644,157.84916693833657,156.0454480056651
20160129,S36M0478,166.27272727272728,167.02272027288564,166.04544758656994
20160129,S36M0479,168.94214876033058,169.99792675976641,168.30991030158475
20160129,S36M0481,142.47520661157026,143.9648699995596,142.2809857726097
20160201,S36M0486,83.11570247933884,83.96487251413055,82.88842627825215
20160201,S36M0487,91.48347107438016,93.88222747039981,91.62809533346444
20160201,S36M0488,97.99586776859505,99.08883882244118,97.88016118714586
20160201,S36M0490,84.10330578512396,84.95660800975747,83.85950061772019
20160203,S36M0511,178.57438016528926,179.66734784212895,178.43387681944296
20160203,S36M0514,177.1818181818182,179.17148009431548,177.11156282527372
20160203,S36M0515,177.67355371900825,178.67561234650202,177.1363562126644
20160204,S36M0518,152.7520661157025,156.6094975688029,154.46693567512557
20160204,S36M0519,148.49586776859505,151.40288621676154,148.5578450136818
20160204,S36M0521,132.78512396694214,137.51858927798457,134.27685387665406
20160204,S36M0522,113.05371900826447,116.69214386981912,113.67354895500466
20160205,S36M0525,183.38429752066116,185.12189306807704,183.21073612337932
20160205,S36M0526,174.49586776859505,176.1962736074347,174.45040591200814
20160205,S36M0527,178.12396694214877,180.1632155899424,178.190075176768
20160205,S36M0529,173.59504132231405,176.44420748134144,173.73139767767861
20160206,S36M0533,174.95454545454547,176.44420748134144,174.8884224225767
20160206,S36M0534,176.6818181818182,178.4276784725953,176.61156284622848
20160206,S36M0535,173.21487603305786,174.95660423790105,173.00825721211731
20160206,S36M0536,175.69421487603304,178.17974459868856,176.69833970209584
20160207,S36M0539,185.11570247933884,186.60949631151743,184.94627324072644
20160207,S36M0540,181.39256198347107,182.64255432900973,181.21073620719835
20160207,S36M0541,179.95454545454547,181.40288495947607,179.88842221302912
20160207,S36M0543,176.6818181818182,177.93181072478183,176.60329838376492
20160208,S36M0546,131.55371900826447,133.7995811693836,131.30577962100506
20160208,S36M0547,129.03305785123968,131.32024243031628,128.98346566874534
20160208,S36M0548,128.14462809917356,129.8326391868759,127.6611516745761
20160208,S36M0549,124.36363636363636,127.35330044780858,126.07437488157302
20160209,S36M0553,166.56198347107437,168.01445576851256,166.41734839743003
20160209,S36M0554,167.41322314049586,168.75825739023276,167.2851169561036
20160209,S36M0555,167.36363636363637,168.75825739023276,167.2644557999447
20160209,S36M0556,164.63223140495867,166.52685252507217,164.3884228626266
20160209,S36M0557,163.59504132231405,165.53511702944525,163.73139809677377
20160210,S36M0560,199.03816238158228,201.9813964937348,199.03304950986058
20160210,S36M0561,206.22564515232966,209.9152804587502,205.46280130650848
20160210,S36M0564,184.476753989913,187.60123180714436,184.7190005229786
20160211,S36M0569,108.84297520661157,112.47726801340468,126.78511865343899
20160211,S36M0570,109.71487603305785,117.93181323935278,113.49173078080639
20160211,S36M0571,113.60330578512396,117.68387936544605,122.26858991710469
20160211,S36M0572,109.00413223140495,115.94834224809892,132.5082589094527
20160211,S36M0573,115.69421487603306,120.65908585232683,116.88016039086506
20160212,S36M0577,145.97520661157026,149.17148135160096,145.81817570701241
20160212,S36M0578,151.04545454545453,156.36156369489618,150.77272095391527
20160212,S36M0579,155.21487603305786,157.60123306442983,155.38842323981225
20160212,S36M0580,152.45454545454547,156.6094975688029,153.14462168095633
20160212,S36M0581,157.39256198347107,160.5764395513106,157.65288595482707
20160213,S36M0584,146.65289256198346,150.41115072113462,158.9751999489963
20160213,S36M0585,143.62396694214877,149.66734909941442,146.2520599863492
20160213,S36M0586,149.00413223140495,151.898753964575,153.83883652789518
20160213,S36M0587,151.05371900826447,153.63429108192213,158.08677023416385
20160213,S36M0588,148.69421487603304,151.1549523428548,157.26445621903986
20160214,S36M0591,170.73553719008265,172.72519937274046,170.6074308664538
20160214,S36M0592,171.82231404958677,173.46900099446066,171.66528206178918
20160214,S36M0593,172.47520661157026,173.7169348683674,172.40908368350938
20160214,S36M0594,168.61570247933884,169.99792675976641,168.49999293824658
20160214,S36M0595,166.96280991735537,168.51032351632603,166.93800953263417
20160215,S36M0601,158.09504132231405,160.32850567740388,158.0165223032236
20160215,S36M0602,156.10330578512398,157.84916693833657,156.11156370537356
20160216,S36M0605,147.72314049586777,150.41115072113462,148.13222519680858
20160216,S36M0606,145.33471074380165,147.9318119820673,145.28511787811294
20160216,S36M0607,142.02479338842974,144.7086716212798,142.11569652333856
20160216,S36M0608,144.35537190082644,146.69214261253364,144.32644023234025
20160216,S36M0609,146.98347107438016,148.92354747769423,146.4875971665606
20160217,S36M0612,165.03305785123968,166.0309847772587,164.38015840016305
20160217,S36M0613,164.7520661157025,167.76652189460583,164.6280922740698
20160217,S36M0614,165.50413223140495,167.76652189460583,164.6818112800829
20160217,S36M0615,165.65289256198346,168.2623896424193,165.76445586280897
20160217,S36M0616,165.06198347107437,168.01445576851256,165.876026106067
20160218,S36M0695,174.05371900826447,177.18800910306163,173.98346378281713
20160218,S36M0696,174.59504132231405,176.9400752291549,174.6900753234513
20160218,S36M0698,176.6818181818182,179.17148009431548,176.44627359695733
20160219,S36M0701,160.55371900826447,162.8078444164712,160.5785056669265
20160219,S36M0702,160.81404958677686,163.05577829037793,160.65288582909852
20160219,S36M0703,159.98347107438016,161.56817504693754,159.77272057672963
20160219,S36M0705,154.36363636363637,157.10536531661637,163.07024109968916
20160220,S36M0708,129.20247933884298,132.3119779259432,129.61982927843928
20160220,S36M0709,129.57438016528926,132.55991179984994,129.6363582033664
20160220,S36M0710,129.54545454545453,133.55164729547687,129.62396150967106
20160221,S36M0715,144.19421487603304,146.94007648644038,144.83883690508083
20160221,S36M0716,144.43388429752065,147.1880103603471,144.54131625639275
20160221,S36M0717,139.69421487603304,142.4772667561192,139.8181759584695
20160221,S36M0718,127.07438016528926,129.8326391868759,127.00825913995504
20160221,S36M0719,131.28512396694214,133.55164729547687,131.52892010752112
20160222,S36M0722,180.69421487603304,182.394620455103,180.74792630923912
20160222,S36M0723,180.04545454545453,182.394620455103,180.0454469998367
20160222,S36M0724,182.08264462809916,183.38635595072992,181.93800890399143
20160222,S36M0726,182.10330578512398,183.1384220768232,181.9421411352232
20160223,S36M0729,157.39256198347107,159.33677018177696,157.54131571156904
20160223,S36M0730,157.59504132231405,160.08057180349715,157.65701818605885
20160223,S36M0731,156.84297520661158,159.08883630787022,155.78098520683125
20160223,S36M0732,156.93388429752065,159.83263792959042,156.2768529546447
20160223,S36M0733,157.28512396694214,159.83263792959042,157.61982810497284
20160224,S36M0736,141.72314049586777,143.46900225174613,141.640489931684
20160224,S36M0737,142.22314049586777,143.9648699995596,142.19007668551058
20160224,S36M0738,142.36363636363637,144.7086716212798,142.9090849198401
20160224,S36M0739,142.96280991735537,145.20453936909325,142.99172954447567
20160224,S36M0740,141.1818181818182,143.2210683778394,141.2644568895921
20160225,S36M0743,136.66528925619835,138.26239089970477,136.64462237246335
20160225,S36M0744,134.73553719008265,136.77478765626438,134.72726708091795
20160225,S36M0747,129.62396694214877,131.07230855640955,129.69834167184308
20160226,S36M0750,138.54545454545453,141.733465134399,139.30577928572893
20160226,S36M0751,135.52479338842974,138.26239089970477,23.400825465563685
20160226,S36M0752,137.79338842975207,140.98966351267882,138.55371320154518
20160226,S36M0753,140.71487603305786,145.20453936909325,140.6776800546795
20160226,S36M0754,144.39256198347107,147.1880103603471,144.85536583000794
20160227,S36M0757,152.97520661157026,155.12189432536252,153.2892497740686
20160227,S36M0758,154.55371900826447,156.85743144270964,154.76858855504543
20160227,S36M0759,157.09504132231405,158.8409024339635,157.16528266947716
20160227,S36M0760,147.12396694214877,149.17148135160096,147.46693596849218
20160227,S36M0761,146.38429752066116,148.6756136037875,146.2685889112763
20160228,S36M0765,165.07438016528926,167.27065414679237,165.39255505194888
20160228,S36M0766,157.34297520661158,158.8409024339635,157.36776199983433
20160228,S36M0767,157.94214876033058,159.83263792959042,157.84710082272068
20160229,S36M0771,174.30578512396696,175.20453811180778,174.05371171375737
20160229,S36M0772,175.59504132231405,176.69214135524817,175.53718272596598
20160229,S36M0773,177.1818181818182,178.17974459868856,177.04544712556526
20160229,S36M0774,169.29338842975207,171.98139775102027,169.71900115162134
20160229,S36M0775,165.56198347107437,168.01445576851256,165.65701785078272
20160301,S36M0778,142.08264462809916,145.20453936909325,141.74792794371024
20160301,S36M0779,149.71487603305786,154.37809270364232,150.59916724218056
20160301,S36M0780,152.10330578512398,155.61776207317598,152.51652253372595
20160301,S36M0781,136.16528925619835,139.74999414314516,136.6900769160129
20160301,S36M0782,127.13223140495867,130.82437468250282,127.22726739523932
20160302,S36M0785,110.09504132231405,113.22106963512488,110.72313585551456
20160302,S36M0786,110.31404958677686,114.46073900465854,111.11983005376533
20160302,S36M0787,108.90495867768595,111.98140026559122,109.02892105048522
20160302,S36M0788,106.88429752066116,110.49379702215083,107.52478888211772
20160302,S36M0789,104.61570247933884,109.00619377871044,106.14875588193536
20160303,S36M0792,164.87190082644628,167.02272027288564,164.7231335924007
20160303,S36M0793,165.37190082644628,167.76652189460583,165.43800959549844
20160303,S36M0794,168.7520661157025,171.23759612930007,167.70247231051326
20160303,S36M0795,168.89256198347107,171.98139775102027,168.81404251186177
20160303,S36M0796,166.56198347107437,169.74999288585968,166.74792689597234
20160304,S36M0799,36.52479338842975,40.57644458045252,40.2272710413672
20160304,S36M0800,37.27272727272727,296.940070200013,42.77685771137476
20160304,S36M0801,37.84297520661157,42.31198169779964,39.640494206454605
20160304,S36M0802,36.01239669421488,398.8408923756797,42.05784947704524
20160304,S36M0803,33.582644628099175,34.130163858877495,38.60330416727811
20160305,S36M0806,145.19421487603304,147.1880103603471,145.14875424746424
20160305,S36M0807,148.76446280991735,150.65908459504135,148.55371278245002
20160305,S36M0808,148.91322314049586,150.90701846894808,149.0289193741046
20160305,S36M0809,138.2520661157025,140.49379576486535,138.276853709016
20160305,S36M0810,130.31404958677686,132.3119779259432,130.39255651878193
20160306,S36M0813,62.413223140495866,67.1053690884728,64.4462782908231
20160306,S36M0814,61.46280991735537,63.88222872768529,60.82231150055304
20160306,S36M0815,58.66528925619835,64.87396422331221,62.60743539268151
20160306,S36M0816,59.80578512396694,66.60950134065934,62.64462547376752
20160306,S36M0817,59.93388429752066,67.35330296237953,62.297518050298095
20160307,S36M0820,120.24380165289256,123.6342923392076,121.0950362472795
20160307,S36M0821,123.21487603305785,126.11363107827492,122.64049072796479
20160307,S36M0822,120.06198347107438,130.08057306078263,127.41321780066937
20160307,S36M0823,121.64462809917356,130.82437468250282,128.60743262665346
20160307,S36M0824,125.61570247933884,133.0557795476634,132.9958621948026
20160308,S36M0827,82.90495867768595,86.44421125319786,83.91321962373331
20160308,S36M0828,83.50413223140495,86.6921451271046,83.8966906988062
20160308,S36M0829,83.57438016528926,87.93181449663825,85.93388069607317
20160308,S36M0830,69.48347107438016,74.04751755786128,70.78925323160365
20160308,S36M0831,69.13223140495867,73.30371593614109,70.0371871474199
20160309,S36M0834,139.82231404958677,141.733465134399,141.95453950529918
20160309,S36M0835,144.78512396694214,146.69214261253364,145.26445672195405
20160309,S36M0836,146.48347107438016,148.92354747769423,145.90908479411155
20160309,S36M0837,149.04545454545453,151.898753964575,150.48346476769075
20160309,S36M0838,149.08264462809916,153.13842333410867,150.48759699892253
20160310,S36M0842,139.93388429752065,142.72520063002594,139.7603247212246
20160310,S36M0843,139.74380165289256,142.22933288221247,139.58263877825812
20160310,S36M0844,140.87190082644628,144.21280387346633,140.90908500365913
20160310,S36M0845,139.31404958677686,144.21280387346633,140.18594453809783
20160310,S36M0846,135.77272727272728,138.5103247736115,139.05371318059042
20160311,S36M0852,120.90495867768595,122.89049071748741,120.49999494990334
20160311,S36M0853,114.95454545454545,117.68387936544605,116.29751578718424
20160311,S36M0854,115.44214876033058,118.9235487349797,115.33470591017976
20160311,S36M0855,116.93388429752066,120.16321810451336,118.32230909075588
20160311,S36M0856,120.15289256198348,122.64255684358068,119.45454044826329
20160312,S36M0860,111.13223140495867,112.72520188731141,111.05371435405686
20160312,S36M0862,115.59504132231405,117.18801161763258,115.49586292821914
20160312,S36M0863,115.69421487603306,116.94007774372585,114.86776378098875
20160313,S36M0866,120.69421487603306,123.6342923392076,121.46280482690781
20160313,S36M0867,122.18181818181819,124.3780939609278,124.00825926568359
20160313,S36M0868,117.18181818181819,119.17148260888644,119.85949910897762
20160313,S36M0869,114.55371900826447,115.7004083741922,114.12396215926856
20160313,S36M0870,118.64462809917356,119.41941648279317,118.36363140307367
20160314,S36M0873,121.19421487603306,123.6342923392076,121.42148251459002
20160314,S36M0874,125.86363636363636,127.35330044780858,125.94627571338788
20160314,S36M0875,118.21487603305785,120.4111519784201,118.19007769133896
20160314,S36M0876,124.65289256198348,127.10536657390185,124.68594518769532
20160314,S36M0877,128.83471074380165,130.82437468250282,128.76858964469284
20160315,S36M0882,147.51239669421489,150.65908459504135,148.2851177523844
20160315,S36M0883,149.03305785123968,150.41115072113462,148.9875970617868
20160315,S36M0884,148.43388429752065,150.90701846894808,155.01239019772038
20161201,S37M0565,93.318177907262,96.60950008337386,93.41321922559291
20161201,S37M0566,88.03718639304861,92.64255810086615,90.2685912582092
20161201,S37M0567,87.75121564117912,90.41115323570557,89.60743426112458
20161201,S37M0569,86.11156663903967,88.42768224445172,87.93801284348592
20161201,S37M0570,86.85950049199164,90.41115323570557,88.77272355230525
20161201,S37M0571,86.78512032981962,90.16321936179884,87.07024428481236
20161206,S37M0574,84.9917319752276,87.93181449663825,85.92561623360962
20161206,S37M0575,89.26445906888694,91.4028887313325,92.1239630812779
20161206,S37M0576,78.0123934247531,81.2375999011565,82.06198003189638
20161206,S37M0577,83.52892211917788,85.70040963147767,83.62809566874057
20161209,S37M0581,104.14049150329083,108.26239215699024,129.70247390307486
20161209,S37M0582,93.59916963102296,94.62602909212,93.40908699436113
20161209,S37M0583,81.88842632016167,82.72520314459689,81.67768252734095
20161209,S37M0584,88.07437647413462,89.66735161398537,88.18181448616087
20161209,S37M0585,80.76445942511782,82.72520314459689,80.83883958728984
20161209,S37M0586,83.0371866025962,84.21280638803728,82.80578165361658
20161209,S37M0588,77.53305460186675,80.98966602724977,79.42148427478969
20161209,S37M0589,87.18181452807039,89.66735161398537,88.5495830657892
20161209,S37M0590,90.39669042639434,72.06404656660743,70.00826152879745
20161210,S37M0591,80.59090571338311,82.22933539678343,83.152889077086
20161210,S37M0592,72.33883994352072,73.79958368395455,72.2851209375076
20161210,S37M0594,66.615699687507,67.60123683628626,66.45041043823585
20161210,S37M0595,63.84710476221517,66.3615674667526,63.90495599946007
20161210,S37M0596,68.37189796101302,69.58470782754011,68.16941863065585
20161210,S37M0597,66.52479060040787,67.849170710193,66.33884019497782
20161211,S37M0598,79.75619500456378,81.73346764896996,79.63636029884219
20161211,S37M0600,79.41321981232613,80.24586440552957,79.0867735450156
20161211,S37M0601,74.52479026513174,75.03925305348821,74.2603274662979
20161211,S37M0602,91.74793003918603,96.60950008337386,99.71487185405567
20161211,S37M0603,75.71487285988405,77.2706579186488,75.63636046648026
20161211,S37M0604,80.09503796556965,81.73346764896996,80.0454511907883
20161213,S37M0618,89.0371863511391,91.4028887313325,90.09916977770627
20161213,S37M0619,90.03718630922958,93.88222747039981,91.90082259476185
20161213,S37M0620,89.3884260058403,90.90702098351903,89.24793014395982
20161213,S37M0621,89.89255821611732,90.90702098351903,89.24379791272804
20161213,S37M0622,87.73553351312876,26.692147641675547,87.56197980139405
20161213,S37M0623,90.23140117712319,92.14669035305269,90.40908712008968
20161213,S37M0624,82.03718664450571,83.96487251413055,82.73966595390812
20161214,S37M0626,105.5743757407181,108.26239215699024,105.80991292092949
20161214,S37M0627,103.99586341017857,105.5351195440162,103.97520225401968
20161214,S37M0628,105.45040880376473,108.75825990480371,105.55784681579098
20161214,S37M0629,97.35536782070994,98.84090494853444,97.21073972759768
20161214,S37M0630,94.56197950802743,97.84916945290752,124.43801131378859
20161214,S37M0631,102.3677643048577,104.54338404838927,102.29338414268568
20161214,S37M0632,111.50825978955254,112.72520188731141,111.3801606213674
20161215,S37M0634,94.76977029043196,97.35330170509405,96.40908686863258
20161215,S37M0635,93.59996352407858,95.12189683993347,94.47520265216008
20161215,S37M0636,94.54234217378966,96.60950008337386,94.54545058310032
20161215,S37M0637,92.83015204479871,95.61776458774693,92.63635975401849
20161215,S37M0638,87.44015849461213,89.9152854878921,87.38842608965933
20161215,S37M0639,88.00826077442616,89.41941774007864,88.03718639304861
20161215,S37M0640,90.49645021407822,92.64255810086615,90.17768217111006
20161216,S37M0643,91.78098788904026,94.13016134430654,94.42561587737873
20161216,S37M0644,89.99281870382259,92.14669035305269,90.00826069060713
20161216,S37M0645,87.3620914880076,89.17148386617191,87.35950047103688
20161216,S37M0646,85.868770935845,87.43594674882479,85.78512037172914
20161216,S37M0647,81.86030812562531,84.70867413585074,83.04545106505975
20161216,S37M0648,84.06918087512786,86.94007900101133,86.56611207453534
20161217,S37M0650,94.75206214468926,96.36156620946713,95.55784723488614
20161217,S37M0652,89.03807513030165,91.89875647914596,90.46693835733458
20161217,S37M0653,84.0016953830677,87.18801287491806,88.83883925201371
20161217,S37M0654,81.2419286341443,82.97313701850362,81.16941808583215
20161217,S37M0655,84.52478984603658,86.94007900101133,86.23140134476125
20161218,S37M0658,99.87771895478829,103.30371467885561,103.42148326896131
20161218,S37M0659,99.34632885403893,101.81611143541522,101.60743375821039
20161218,S37M0660,99.75235446298865,100.8243759397883,99.4752024426125
20161218,S37M0661,95.5103671596352,96.85743395728059,96.51652488065884
20161218,S37M0662,95.43189467776983,96.1136323355604,95.14875634294003
20161218,S37M0663,90.45214206065782,92.14669035305269,90.43388050748035
20161218,S37M0664,89.14783322354653,90.16321936179884,92.06197961280122
20161219,S37M0666,52.60743581177667,59.41941899736412,62.074377563782036
20161219,S37M0667,66.56198068149388,70.08057557535358,67.42974924016744
20161220,S37M0683,71.52174810515493,73.30371593614109,71.35950114158913
20161220,S37M0684,71.72884872736765,74.04751755786128,71.63222840288654
20161220,S37M0686,76.70110792290906,79.25412890990265,77.02479016035795
20161220,S37M0687,72.02892260113731,74.54338530567475,72.49173249909654
20161221,S37M0689,60.6156999389641,62.146691610338166,60.673551176209
20161221,S37M0691,61.12809661170468,62.64255935815163,60.950410668738186
20161221,S37M0693,58.11983227496967,61.898757736431435,58.235534749459475
20161221,S37M0694,53.21900603407994,55.20454314094968,52.975204391404986
20161221,S37M0695,49.8842954300344,53.46900602360256,50.3140474781394
20161221,S37M0696,46.93388233054429,51.237601158441976,49.27272520773113
20161221,S37M0697,89.63222764851525,94.13016134430654,92.64462421648204
20161222,S37M0700,56.100538472334776,58.675617375643924,56.210741445887834
20161222,S37M0701,58.46280746720731,61.898757736431435,60.814047038089484
20161222,S37M0702,48.85950208455324,47.27065917593427,44.024791543371975
20161222,S37M0703,50.01652682945132,52.725204401882365,53.13222917821258
20161222,S37M0704,49.90756298879029,53.71693989750929,50.14049376640469
20161222,S37M0705,54.02065889304504,56.69214638439007,55.884295178577304
20161222,S37M0706,59.037187608424574,61.40288998861797,63.44214610150084
20161223,S37M0709,43.702477507293224,47.76652692374773,44.43388243531808
20161223,S37M0710,49.206609508022666,49.99793178890832,49.00826240889728
20161223,S37M0711,45.80827557214022,48.51032854546793,45.75206419825554
20161223,S37M0712,50.20187733267077,51.73346890625544,50.05371691053733
20161223,S37M0713,55.6299834316433,56.69214638439007,55.442146436776966
20161223,S37M0714,59.98760079173371,61.40288998861797,60.05784872267395
20161223,S37M0715,59.954469590041136,71.32024494488724,63.55371634475887
20161223,S37M0716,69.55371609330177,72.31198044051416,69.73966649873182
20161224,S37M0718,55.152890250552446,56.9400802582968,54.8884274517186
20161224,S37M0719,49.16528719570488,52.2293366540689,52.177683763671666
20161224,S37M0720,51.454543298110366,52.477270527975634,51.50826230412349
20161224,S37M0721,63.206608921289444,64.37809647549875,63.16115437773988
20161224,S37M0722,61.33057594206184,62.89049323205836,68.60743514122441
20161224,S37M0723,66.49855694636244,67.60123683628626,66.29751788266003
20161225,S37M0725,61.574377584736794,64.62603034940548,62.13636103225872
20161225,S37M0727,54.028923355508596,57.188014132203534,55.64049353590235
20161225,S37M0728,47.40908892219886,50.74173341062851,48.47933681122959
20161225,S37M0730,44.81404770864174,47.76652692374773,45.28512206906453
20161226,S37M0733,70.71074083819985,73.30371593614109,72.56198043003678
20161226,S37M0734,67.29751784075052,69.08884007972665,67.09090627916157
20161226,S37M0735,67.8689693236024,70.32850944926031,67.7892533573322
20161226,S37M0736,68.69777121737373,70.08057557535358,68.52065828535706
20161226,S37M0737,71.09702413290117,74.79131917958148,71.06611272413284
20161226,S37M0738,66.58730612902625,69.33677395363338,67.88842690689489
20161226,S37M0739,56.489332064068776,58.675617375643924,56.3347083828412
20161227,S37M0742,65.35123693058267,68.59297233191319,65.53305510478094
20161227,S37M0743,71.66941848397255,73.79958368395455,71.97520359512419
20161227,S37M0745,50.99173340015113,54.46074151922949,51.54132015397772
20161227,S37M0746,50.92148546921089,53.96487377141602,51.69834494078532
20161227,S37M0747,39.08264299016446,79.50206278380938,54.89255968295038
20161228,S37M0749,56.80578274326399,59.41941899736412,57.045452154707164
20161228,S37M0750,62.49999738065526,64.37809647549875,62.38016267493367
20161228,S37M0751,74.49173241527751,78.26239341427572,74.46280679665506
20161228,S37M0755,73.27685643313453,75.28718692739494,76.33883977588266
20161229,S37M0757,49.830576424021274,51.48553503234871,49.685948330909014
20161229,S37M0758,47.38016330357641,47.518593049841,48.702477297745645
20161229,S37M0759,38.64049424836412,40.328510706545785,38.516527311410755
20161229,S37M0760,27.425618685316294,29.419420254649594,27.417354222852737
20161229,S37M0761,35.507285431742396,36.11363485013135,35.28099025692791
20161229,S37M0762,42.16008059596968,43.303717193426564,44.54958490980789
20161229,S37M0763,46.314027248001594,48.262394671561196,46.36776665179059
20161230,S37M0765,52.23035504580569,53.22107214969583,51.68594824708998
20161230,S37M0766,50.03718798561022,50.989667284535244,49.88842766126618
20161230,S37M0767,44.54132044734433,45.53512205858715,44.33057665452361
20161230,S37M0768,41.61967540709025,43.05578331951983,41.376031323801726
20161230,S37M0769,36.07527691822393,37.353304219665006,35.84297370444983
20161230,S37M0770,36.0994657831249,36.85743647185154,35.904957172926515
20161231,S37M0773,55.12789595974633,46.278923680307344,54.98346877004951
20161231,S37M0774,50.83057638211176,51.237601158441976,50.52065903972834
20161231,S37M0775,29.215629383425497,29.915288002463058,28.954544241074473
20161231,S37M0776,39.316620395610414,39.83264295873232,39.095039683859795
20161231,S37M0777,34.729544977412786,35.617767102317885,34.48346962919459
20161231,S37M0778,44.991274673915136,46.03098980640061,44.719006390310824
20161231,S37M0779,42.19162935544663,43.05578331951983,42.173551951535046
20170101,S37M0781,53.54813763429317,46.278923680307344,53.26032834639773
20170101,S37M0782,55.884295178577304,44.54338656296022,55.63636130467057
20170101,S37M0783,46.06203403832227,47.02272530202754,45.81404766673222
20170101,S37M0784,45.32681950837549,46.03098980640061,45.05371712008491
20170101,S37M0785,50.24789625372413,50.49379953672178,49.91322104865685
20170101,S37M0786,47.97344957582497,48.51032854546793,47.727270727045834
20170101,S37M0787,39.64424651071621,40.08057683263905,39.384295870084316
20170102,S37M0789,53.977646841263066,54.95660926704295,53.76859278790653
20170102,S37M0790,46.83884101221338,47.76652692374773,46.66528730047867
20170102,S37M0791,40.30189322764143,40.82437845435925,39.98760162992403
20170102,S37M0792,36.02353144361569,36.60950259794481,35.69834561133757
20170102,S37M0793,45.567299864955515,47.02272530202754,45.371898924931884
20170102,S37M0794,41.66414380669176,42.8078494456131,41.42561809858307
20170102,S37M0795,38.86560218374061,39.58470908482559,38.553717392496765
20170103,S37M0797,77.73553393222392,71.32024494488724,133.2933828434907
20170103,S37M0798,54.541320028249174,28.179750885115936,114.47106958273798
20170103,S37M0799,47.09090711735189,122.39462296967395,117.92561489250511
20170103,S37M0800,52.52065895590931,125.61776333046146,101.04131807945669
20170103,S37M0801,51.533055691514164,130.08057306078263,104.89668981870636
20170103,S37M0802,36.50826293276623,135.53511828673072,131.6487548132427
20170103,S37M0803,65.44627824891359,139.2541263953317,135.64049018314108
20170103,S37M0804,57.293386028613895,120.65908585232683,113.63635887391865
20170103,S37M0805,63.814046912360936,119.91528423060663,113.11569773871452
20170104,S37M0807,36.012395184952766,38.840907463105395,49.91735327988863
20170104,S37M0808,36.71074226312339,38.840907463105395,37.44627942238003
20170104,S37M0809,41.89669245900586,46.03098980640061,44.04132046829909
20170104,S37M0810,45.64620517377578,49.502064041094854,57.35950172832236
20170104,S37M0811,50.71487390762195,54.70867539313622,53.528923376463354
20170104,S37M0812,50.78512183856219,59.91528674517758,58.25206367438659
20170105,S37M0815,118.04958182945848,120.65908585232683,118.09916860423982
20170105,S37M0816,119.58677184768021,122.64255684358068,119.80164787173271
20170105,S37M0817,120.32817016013438,122.89049071748741,120.40495363157243
20170105,S37M0818,121.0537139349617,123.6342923392076,121.11982963467017
20170105,S37M0819,123.05371385114267,125.121895582648,122.41321801021695
20170105,S37M0820,125.05371376732364,127.10536657390185,124.47933362610638
20170106,S37M0821,105.40495426021516,107.27065666136332,105.54958235332742
20170106,S37M0822,105.72687406765166,107.51859053527005,105.66115259658545
20170106,S37M0823,105.92148316418752,108.01445828308351,105.92148316418752
20170106,S37M0824,106.8019968447055,108.75825990480371,106.79338395409286
20170106,S37M0825,108.60616720729809,110.49379702215083,108.59916900238022
20170106,S37M0827,110.47602298331029,112.47726801340468,110.40908628189936
20170107,S37M0830,112.8357696415572,114.956606752472,112.87189609603956
20170107,S37M0831,109.33689282502606,111.73346639168449,109.37189624272287
20170107,S37M0832,112.36607331796765,114.956606752472,112.39255727315322
20170107,S37M0833,112.70764250012165,115.20454062637873,112.82644155249
20170107,S37M0834,114.10091109250149,116.69214386981912,114.14462331542745
20170107,S37M0835,114.63222660077736,116.69214386981912,114.54958197614178
20170107,S37M0836,116.69798628212804,118.9235487349797,116.73140006652102
20170108,S37M0840,101.53521314885073,97.10536783118732,94.30991340288892
20170108,S37M0842,102.10075271545377,104.29545017448254,102.22313621174544
20170108,S37M0843,106.59084402943105,108.75825990480371,106.7851194916293
20170108,S37M0844,108.06197894224897,112.47726801340468,45.04958488885313
20170109,S37M0847,64.02892293641344,66.85743521456607,64.88842703262344
20170109,S37M0848,64.7190055521205,67.1053690884728,64.78925348306075
20170109,S37M0849,63.421484945341945,66.11363359284587,65.14875760022551
20170109,S37M0850,63.51854876833702,65.61776584503241,63.132228759117424
20170109,S37M0851,61.57850981596857,64.13016260159202,61.975204014219344
20170109,S37M0852,62.01374932329695,64.87396422331221,63.743798981420696
20170109,S37M0853,66.74232338051061,68.34503845800646,66.69007984967902
20170109,S37M0854,53.24379942147061,55.948344762669876,53.4999977578409
20170110,S37M0857,63.40895445175752,66.3615674667526,63.62396427569911
20170110,S37M0858,63.566113038454205,67.35330296237953,64.6611543148756
20170110,S37M0859,62.73450311266895,66.11363359284587,62.67355109238997
20170110,S37M0860,61.28925362974405,64.37809647549875,62.041319713927805
20170110,S37M0861,53.90082418732345,59.91528674517758,56.462807551026344
20170110,S37M0862,56.92860063454104,60.90702224080451,57.25206371629611
20170111,S37M0866,107.13319550701175,109.5020615265239,107.53305334458128
20170111,S37M0867,95.18883396689677,100.32850819197483,124.85123443696648
20170111,S37M0868,96.04131828900427,100.0805743180681,123.54958159895614
20170111,S37M0869,102.52065686043352,107.02272278745659,104.6156980949454
20170111,S37M0870,99.49463508421991,104.04751630057581,103.40908657526597
20170111,S37M0871,98.04131820518523,103.55164855276234,104.56197908893228
20170112,S37M0874,81.63798738787904,84.70867413585074,82.83057504100725
20170112,S37M0875,72.31817878736183,75.28718692739494,71.92148458911106
20170112,S37M0876,71.02892264304683,73.30371593614109,71.57850939687341
20170112,S37M0877,66.25218327786936,68.34503845800646,66.1074352459982
20170112,S37M0878,64.39255928480998,66.60950134065934,64.1735510295257
20170112,S37M0879,64.29696431452072,65.36983197112568,64.14049317967147
20170112,S37M0880,62.274117235299215,64.87396422331221,61.61983212828636
20170113,S37M0884,107.73966490617022,110.98966476996429,107.93387977406383
20170113,S37M0885,131.59916803846136,135.78305216063745,131.79751513758674
20170113,S37M0887,109.75374028658271,113.46900350903161,109.66115242894739
20170113,S37M0888,137.9147619508855,142.72520063002594,140.10329991346225
20170113,S37M0889,146.59552381878143,150.41115072113462,146.6239607972093
20170116,S37M0893,72.97896249107109,76.27892242302187,73.25206304574385
20170116,S37M0894,79.88016194151714,83.46900476631708,80.01652557216585
20170116,S37M0895,86.99586412264034,92.39462422695942,24.099172543734312
20170116,S37M0896,91.60743417730555,95.61776458774693,91.82231020135805
20170116,S37M0897,100.02478919643909,73.55164981004782,69.19834420736879
20170116,S37M0898,101.15772503331637,104.791317922296,101.68181392038241
20170117,S37M0903,55.27272495627403,30.16322187636979,31.49999867985025
20170117,S37M0904,36.264461290091276,38.592973589198664,36.595039788633585
20170117,S37M0905,35.4586761998944,37.60123809357174,35.70661007380113
20170117,S37M0906,36.83842142010934,38.840907463105395,36.958676137030125
20170117,S37M0907,30.92561853863299,32.642560615437105,31.06611440051347
20170118,S37M0911,71.25204924247451,73.30371593614109,71.22313751094043
20170118,S37M0912,66.51652613794431,68.59297233191319,66.46280713193119
20170118,S37M0913,61.528090010988635,63.13842710596509,61.43388172285631
20170118,S37M0914,63.017815859213236,65.12189809721895,63.00826182216406
20170118,S37M0915,60.390734065759055,63.634294853778556,60.342972677666694
20170118,S37M0916,58.7699719521968,60.90702224080451,58.739666959736496
20170118,S37M0917,48.30986171853,50.49379953672178,48.272725249640644
20170119,S37M0924,112.53889071122236,115.20454062637873,113.26445806305856
20170119,S37M0925,112.16475614606078,114.70867287856527,112.5909043722786
20170119,S37M0926,110.70398460706386,112.72520188731141,110.69834246812388
20170119,S37M0928,81.48346765944734,83.71693864022382,81.7066081459634
20170119,S37M0929,79.3492333925583,80.98966602724977,79.21487271320075
20170119,S37M0930,54.48476746645529,56.69214638439007,54.41735309129581
20170120,S37M0933,60.44940269528215,63.386360979871824,60.231402434408665
20170120,S37M0934,60.45518788114866,64.13016260159202,62.367765981238335
20170120,S37M0935,65.60743526695296,67.35330296237953,64.90495595755056
20170120,S37M0936,61.65534833648025,64.62603034940548,62.46693953080103
20170120,S37M0937,61.609322564105426,64.62603034940548,62.59917093021795
20170120,S37M0940,50.521729596042945,52.725204401882365,50.52479127096012
20170120,S37M0941,42.06041573274475,44.54338656296022,42.19421310769394
20170121,S37M0944,71.61156724672765,73.30371593614109,71.7561953398399
20170121,S37M0945,71.11729435047579,75.03925305348821,73.02065809676424
20170121,S37M0946,69.26648513319569,72.31198044051416,70.45867473306134
20170121,S37M0947,64.19874546807547,66.3615674667526,64.08677417365834
20170121,S37M0948,64.44679623400617,67.60123683628626,65.55784849217162
20170121,S37M0949,58.08264219388366,60.90702224080451,58.016526494175196
20170121,S37M0950,59.833183809823325,62.146691610338166,59.82231154246256
20170122,S37M0952,77.93816018338333,81.2375999011565,78.7561950464733
20170122,S37M0953,79.69788088205931,81.9814015228767,79.53305451804772
20170122,S37M0954,79.15777861367002,82.22933539678343,79.25619502551854
20170122,S37M0955,56.462807551026344,58.17974962783046,56.45041085733101
20170122,S37M0956,63.58163453847102,66.85743521456607,65.96280715288594
20170123,S37M0961,72.22313746903092,75.03925305348821,72.19834408164024
20170123,S37M0962,75.35546951691282,77.51859179255553,75.23140180576593
20170123,S37M0963,78.35536861699075,81.2375999011565,78.3264429983683
20170123,S37M0964,74.85877388904521,78.51032728818245,75.73140178481117
20170123,S37M0965,68.76823512550267,72.06404656660743,69.71074088010937
20170123,S37M0966,66.0957779351182,69.33677395363338,65.92974930303171
20170123,S37M0967,71.17947163220096,73.79958368395455,70.98346809949726
20170124,S37M0968,75.34348043575687,78.51032728818245,75.22726957453415
20170124,S37M0973,94.47933488339186,97.60123557900079,94.79751668823883
20170124,S37M0974,66.9090881049633,68.34503845800646,66.78925339924172
20170124,S37M0975,62.02479078900069,64.13016260159202,62.004129632841796
20170124,S37M0976,64.76595766884387,66.11363359284587,64.59090638393536
20170124,S37M0977,68.05110872852366,69.83264170144685,67.83470790088177
20170124,S37M0978,70.91740936588485,73.30371593614109,70.9545424808748
20170125,S37M0980,85.00039240125228,88.17974837054498,86.40082282526419
20170125,S37M0981,83.35123617621139,85.9483435053844,83.152889077086
20170125,S37M0982,74.12809606688097,77.2706579186488,74.00826136115938
20170125,S37M0983,72.668038915091,75.03925305348821,72.48760026786476
20170125,S37M0984,72.12245253612387,74.29545143176802,71.99999698251486
20170125,S37M0985,68.29535729666055,70.32850944926031,68.20247648051009
20170125,S37M0986,59.930982137100386,61.898757736431435,59.78098923014477
20170126,S37M0990,105.12809476768598,43.303717193426564,37.900824857875705
20170126,S37M0991,105.73553275875747,41.816113949986175,37.66941990889609
20170126,S37M0992,92.63371099035739,45.039254310773686,37.77685792092234
20170126,S37M0993,67.78512112610042,71.32024494488724,67.68181534530595
20170126,S37M0994,68.93152098041672,45.039254310773686,39.84297353681177
20170126,S37M0995,71.08264164905995,44.04751881514676,38.115700881928205
20170127,S37M0998,102.20247505558655,40.08057683263905,38.115700881928205
20170127,S37M0999,100.6218022756666,40.82437845435925,36.83057696884498
20170127,S37M1003,86.75999000914084,44.29545268905349,42.88016349216923
20170127,S37M1004,73.23932898632904,76.77479017083533,72.96693909075111
20170128,S37M1007,110.27473053524594,44.54338656296022,110.322309426032
20170128,S37M1008,110.21073918277398,43.551651067333296,110.0702433208935
20170128,S37M1009,104.99211330687612,108.26239215699024,104.82230965653434
20170128,S37M1010,100.13428794980636,102.80784693104215,99.95040903426707
20170128,S37M1011,92.09270279434722,95.12189683993347,91.92561598215252
20170128,S37M1013,62.56598502578366,65.12189809721895,62.45454283710569
20170129,S37M1015,111.88506724782471,114.2128051307518,111.61156557034701
20170129,S37M1016,110.1715767822111,113.22106963512488,110.02065654611215
20170129,S37M1017,65.60365876885226,68.34503845800646,65.326443543192
20170129,S37M1018,69.54958386207,71.56817881879397,69.30991445062682
20170129,S37M1019,70.81131462818875,75.7830546752084,38.28925459366292
20170129,S37M1020,71.60082538193392,73.30371593614109,71.37189783528447
20170129,S37M1021,66.85896649563018,68.34503845800646,66.68594761844724
20170130,S37M1024,102.16368433598639,306.11362353456207,37.59090751549229
20170130,S37M1025,94.83147090678031,102.31197918322869,38.02892402606085
20170130,S37M1026,84.50782523094222,91.65082260523923,40.38016359694302
20170130,S37M1027,81.50403192268017,397.3532891322393,4.13223123177886
20170130,S37M1028,77.2681146234617,85.45247575757094,39.11983307125047
20170130,S37M1029,73.61983162537217,44.04751881514676,37.425618266221136
20170131,S37M1030,35.214874557219446,41.07231232826598,37.73553560860455
20170131,S37M1031,26.223139396868646,32.642560615437105,28.107436838559806
20170131,S37M1033,58.458675235975534,66.11363359284587,58.03718765033409
20170131,S37M1034,51.603303622454405,145.70040711690672,51.44214660441503
20170131,S37M1035,35.797519160900265,41.32024620217271,37.533056278247386
20170131,S37M1036,35.177684476133436,45.78305593249388,41.417353636119515
20170201,S37M1040,31.661155697889626,574.6260089755524,42.34297343203798
20170201,S37M1041,26.549585664179176,31.65082511981018,168.62809210643172
20170201,S37M1042,31.57024661079049,37.105370345758274,33.297519265674055
20170201,S37M1043,31.32231273688376,34.37809773278423,33.23553579719737
20170201,S37M1045,19.818180987611413,25.948346019955352,23.289255222305655
20170201,S37M1046,20.19008179847151,25.948346019955352,21.21074291272089
20170202,S37M1048,88.91321941418573,92.39462422695942,89.34710369352251
20170202,S37M1049,81.01652553025633,83.96487251413055,80.79751727497205
20170202,S37M1051,84.7784577406496,87.43594674882479,84.89669065689668
20170202,S37M1052,69.5978802407431,72.06404656660743,69.7231375738047
20170202,S37M1053,62.48448507303051,65.36983197112568,64.77685678936541
20170202,S37M1054,70.39624383790195,72.80784818832763,70.35536895226687
20170202,S37M1055,64.9868014410252,67.60123683628626,65.0909063629806
20170203,S37M1057,74.5190577806818,76.77479017083533,74.38842663448304
20170203,S37M1058,77.28512072796002,79.25412890990265,77.19834387209266
20170203,S37M1059,75.78984741531788,78.51032728818245,75.69834393495694
20170203,S37M1061,74.03305474855006,77.02272404474206,74.34710432216525
20170203,S37M1062,67.6006804912723,70.57644332316704,67.49173270864412
20170203,S37M1063,64.09731989654028,66.11363359284587,63.97933616163209
20170204,S37M1065,85.38465190953241,92.89049197477289,87.92561614979059
20170204,S37M1067,66.05095436008388,70.57644332316704,67.25619552843273
20170204,S37M1068,59.07795626964744,61.40288998861797,59.33057602588087
20170204,S37M1069,51.95843876371406,57.683881880017,52.904956460464746
20170204,S37M1070,52.319433148139375,56.9400802582968,53.93388203717768
20170204,S37M1071,51.08087372204038,56.69214638439007,54.48760102223605
20170205,S37M1073,85.03718651877716,94.13016134430654,97.6570207006298
20170205,S37M1074,84.45454191509634,91.89875647914596,87.39669055212289
20170205,S37M1075,82.03718664450571,90.90702098351903,86.24793026968837
20170205,S37M1076,81.03305445518345,88.67561611835845,83.99173201713711
20170205,S37M1077,80.03305449709296,87.68388062273152,91.32231022231281
20170205,S37M1078,77.03305462282151,83.22107089241035,78.63636034075171
20170207,S37M1085,61.48760072886944,66.60950134065934,61.33470817329362
20170207,S37M1087,52.79499196869334,41.32024620217271,52.80991514213383
20170207,S37M1088,50.407637429477084,44.29545268905349,46.50413028243929
20170207,S37M1089,48.63797782736256,50.49379953672178,48.47520457999781
20170207,S37M1090,45.214642547236146,38.840907463105395,44.84710555849597
20170208,S37M1092,75.55055342777389,44.29545268905349,75.54545137938112
20170208,S37M1093,78.20555768365375,79.74999665771611,78.05371573707089
20170208,S37M1094,87.30556657755065,48.262394671561196,87.10330213466659
20170208,S37M1095,75.12322855563956,76.03098854911514,36.67355218203738
20170208,S37M1096,77.81498909300916,81.2375999011565,37.40082487883046
20170208,S37M1097,77.48690709364661,78.75826116208918,77.2314017219469
20170208,S37M1098,76.607125509571,78.75826116208918,76.37189762573689
20170209,S37M1101,36.49999847030267,56.9400802582968,36.43388277059421
20170209,S37M1102,36.02151711247826,40.328510706545785,36.22313897777349
20170209,S37M1105,38.280506788938006,44.29545268905349,45.99173360969871
20170210,S37M1113,33.97520518768579,36.60950259794481,35.49999851221219
20170211,S37M1119,71.9869708553948,76.03098854911514,72.27685647504404
20170211,S37M1120,59.02479091472924,63.13842710596509,114.92561501823366
20170211,S37M1121,60.85536935040727,66.85743521456607,116.8140446911566
20170211,S37M1122,59.02479091472924,66.85743521456607,107.85123514942825
20170211,S37M1123,59.02479091472924,116.19627612200566,114.33470595208928
20170211,S37M1124,59.02479091472924,65.61776584503241,100.64049164997414
20170211,S37M1125,51.020659018773586,101.81611143541522,48.814047541003674
20170212,S37M1127,105.42723391588805,108.01445828308351,105.53305342840031
20170212,S37M1128,105.78657568842166,108.75825990480371,105.74379722122103
20170212,S37M1129,107.2113028915734,109.74999540043063,107.14049137756228
20170212,S37M1130,106.64380460620293,109.00619377871044,106.56197900511324
20170212,S37M1131,105.13402851037037,108.01445828308351,105.01652452442795
20170212,S37M1132,99.60083906065186,102.55991305713542,99.56611152971163
20170212,S37M1133,95.00753928884663,97.60123557900079,94.9214836251922
20170213,S37M1135,108.57797987108052,110.74173089605756,108.38016074709594
20170213,S37M1136,103.04545022686943,105.28718567010947,102.98759898962453
20170213,S37M1137,102.35655969087006,105.28718567010947,102.30578083638102
20170213,S37M1138,101.14692147514549,103.55164855276234,101.28098749089986
20170213,S37M1139,98.8802034128443,100.32850819197483,98.89669007016346
20170213,S37M1140,94.0413183728233,96.1136323355604,94.03718614159152
20170213,S37M1141,91.99525656690308,94.13016134430654,92.01652506925166
20170214,S37M1143,97.68958023546045,100.57644206588157,97.61156615708023
20170214,S37M1144,97.16112842383501,100.8243759397883,98.6528884274885
20170214,S37M1145,94.78365761598693,97.35330170509405,94.21073985332623
20170214,S37M1146,94.93278457645175,98.34503720072098,95.02892163721845
20170214,S37M1147,95.16494698500877,97.84916945290752,95.19007865525782
20170214,S37M1148,93.15862675661883,96.36156620946713,94.24792993441224
20170214,S37M1149,91.10219802089773,93.88222747039981,90.98759949253872
20170215,S37M1151,121.14005239286632,122.64255684358068,120.83470567967743
20170215,S37M1152,119.51550135499986,122.39462296967395,119.49999499181286
20170215,S37M1153,118.64553806568624,121.15495360014029,119.7644577906467
20170215,S37M1154,116.55154349410681,119.41941648279317,116.68181329173967
20170215,S37M1155,116.49017982844013,118.67561486107297,116.41735049290583
20170215,S37M1156,114.15080290641048,116.94007774372585,115.12396211735904
20170215,S37M1157,109.6481780824994,112.47726801340468,109.6983425100334
20170216,S37M1161,130.2682883961315,132.06404405203648,131.11569698434323
20170216,S37M1162,129.75900951501737,132.06404405203648,129.84296976495534
20170217,S37M1167,132.2178342511191,133.0557795476634,131.96693661808968
20170217,S37M1168,131.82386983084325,133.7995811693836,131.60743250092492
20170217,S37M1169,132.63532096574724,134.5433827911038,132.4710688283667
20170217,S37M1170,132.43672188021068,134.5433827911038,132.2190027232282
20170217,S37M1171,130.75739377554484,39.08884133701213,130.59916808037087
20170217,S37M1172,126.6540517764326,128.09710206952877,126.49999469844624
20170217,S37M1173,125.29601053777273,128.09710206952877,126.30991206178442
20170218,S37M1175,117.81951002636711,122.39462296967395,117.77685456816107
20170218,S37M1177,117.64462316874415,121.65082134795375,117.71900333091617
20170218,S37M1178,116.0495819132775,119.91528423060663,115.65288771502674
20170218,S37M1179,111.24302100983682,114.956606752472,112.71487130923197
20170218,S37M1180,107.74268951071214,111.73346639168449,109.33470616163686
20170218,S37M1181,104.97289610030475,107.76652440917678,105.16528484877199
20170219,S37M1183,120.16978382990125,123.6342923392076,122.72313535260037
20170219,S37M1184,119.05108225054482,122.39462296967395,120.6446230430156
20170219,S37M1185,120.57024288084358,124.62602783483453,122.41735024144873
20170219,S37M1186,118.60031816739044,122.89049071748741,121.04958170372993
20170219,S37M1187,117.30325740694079,122.64255684358068,117.37189590744674
20170219,S37M1188,116.87593616611227,120.90701972623356,119.21487103682011
20170219,S37M1189,116.31421576458347,121.15495360014029,115.92148274509236
20170220,S37M1193,120.05371397687122,126.11363107827492,122.7933832835406
20170220,S37M1194,121.33057342749089,125.86569720436819,121.72313539450988
20170220,S37M1195,121.0537139349617,127.60123432171531,123.9875981095247
20170220,S37M1196,122.05371389305219,132.55991179984994,126.60330047924072
20170220,S37M1198,122.05371389305219,129.8326391868759,123.67768076714128
20170221,S37M1201,140.81008724369593,39.83264295873232,36.24380013393238
20170221,S37M1202,140.8388370727189,143.9648699995596,140.7396635231562
20170221,S37M1203,141.06197755923495,145.94834099081345,141.3636304391548
20170221,S37M1204,140.02895838962252,38.0971058413852,36.51652739522979
20170221,S37M1205,139.02189624721518,39.33677521091886,35.59090759931132
20170221,S37M1206,128.8126216988593,133.55164729547687,35.35537041909993
20170222,S37M1208,102.33603039019602,106.27892116573639,102.55371471028775
20170222,S37M1209,105.93787184778726,110.74173089605756,106.51652446156368
20170222,S37M1211,107.66938159200168,111.48553251777776,107.76032606232911
20170222,S37M1212,105.96976349321676,110.2458631482441,106.23140050657094
20170222,S37M1213,106.1662543382716,109.99792927433737,106.03305340744555
20170222,S37M1214,104.68340888353414,108.75825990480371,104.79751626914367
20170223,S37M1217,108.99340231910158,113.22106963512488,108.8388384138234
20170223,S37M1218,111.37558415931784,114.70867287856527,111.24379699071869
20170223,S37M1219,111.77574427926768,116.19627612200566,111.88429283164442
20170223,S37M1220,111.86511800060595,115.45247450028546,111.59916887665167
20170223,S37M1221,114.11227541407658,146.94007648644038,35.396692731417716
20170223,S37M1222,110.1160903368667,113.22106963512488,110.0495821647346
20170224,S37M1225,96.22394329210569,25.948346019955352,96.22313646320254
20170224,S37M1227,86.78716820776923,93.38635972258635,86.93801288539544
20170224,S37M1228,83.84049999739847,89.66735161398537,84.26445927843451
20170224,S37M1229,93.11253154296239,98.09710332681425,94.23140100948513
20170224,S37M1230,100.87216619546196,105.78305341792293,100.61983049381524
20170225,S37M1233,77.83963201148677,82.47726927069016,78.15702151786536
20170225,S37M1234,78.62809587828815,83.46900476631708,78.58677356597036
20170225,S37M1235,61.1053486836379,64.87396422331221,64.96280719479546
20170225,S37M1236,62.94372658489761,68.84090620581992,70.61983175110072
20170225,S37M1237,56.848510239948475,64.37809647549875,61.537187503650784
20170225,S37M1238,57.0698138993489,61.15495611471124,57.28098933491856
20170226,S37M1241,129.15112823884834,181.40288495947607,36.00413072248921
20170226,S37M1242,128.81817641947418,136.03098603454418,128.80991195701063
20170226,S37M1243,129.696753689804,138.26239089970477,129.87602761480957
20170226,S37M1244,127.63556696927364,138.26239089970477,35.37603157525882
20170226,S37M1246,127.05371368350461,132.3119779259432,127.51239135023206
20170227,S37M1248,92.55908855370029,41.56818007607944,92.73553330358118
20170227,S37M1249,93.65637927402419,99.58470657025464,93.69834318058565
20170227,S37M1250,87.49214616121141,94.37809521821328,88.53718637209386
20170227,S37M1251,90.10890090559815,98.34503720072098,90.52065736334771
20170227,S37M1252,91.76219922632004,98.59297107462771,93.95867374818772
20170227,S37M1254,91.92644464765168,95.86569846165366,93.35950021957979
20170228,S37M1257,144.24954499983937,150.65908459504135,11.578511911444366
20170228,S37M1258,125.79390918541873,130.08057306078263,9.214875646866858
20170228,S37M1259,125.20559422795736,127.84916819562204,125.0413170736283
20170228,S37M1260,134.15210026210107,138.01445702579804,38.24793228134513
20170228,S37M1261,121.38830034761783,125.36982945655473,21.830577597487718
20170302,S37M1265,91.44684082568668,98.34503720072098,94.98759932490066
20170302,S37M1266,83.32130056027208,162.31197666865773,84.11983118532225
20170302,S37M1267,87.04131866618991,92.14669035305269,86.81817817967385
20170302,S37M1268,88.53891558990262,94.13016134430654,89.05784750729799
20170302,S37M1269,91.18085319268741,96.85743395728059,91.18181436043233
20170302,S37M1270,95.6016978759765,100.57644206588157,94.83057453809306
20170302,S37M1271,93.10127765383409,98.34503720072098,94.68181421374902
20170305,S37M1291,49.02065910259262,41.07231232826598,111.81404490070418
20170305,S37M1292,50.0206590606831,58.42768350173719,52.6983448988758
20170305,S37M1293,52.77272506104782,59.66735287127085,54.92974976403639
20170305,S37M1294,51.020659018773586,55.20454314094968,52.31817962555215
20170305,S37M1295,34.94214729592204,38.592973589198664,35.62396544916555
20170305,S37M1297,27.18181704264134,31.65082511981018,30.661155739799142
20170306,S37M1302,54.69311903438896,61.40288998861797,55.041320007294416
20170306,S37M1303,60.690415671927155,147.1880103603471,105.07024353044108
20170306,S37M1304,60.12809665361419,68.84090620581992,61.95041062682867
20170307,S37M1310,47.900824438780546,51.48553503234871,48.15289054391906
20170307,S37M1312,54.26032830448821,58.42768350173719,54.40908862883225
20170308,S37M1314,79.21074048196897,84.46074026194401,83.59917005011812
20170308,S37M1316,76.18909131693107,82.97313701850362,77.90908764395863
20170308,S37M1317,72.51652588648722,76.5268562969286,72.10330276330933
20170308,S37M1318,71.02892264304683,76.77479017083533,72.93388124089688
20170309,S37M1326,64.07850971119478,69.33677395363338,63.82644360605627
20170309,S37M1327,63.37859320651246,67.35330296237953,63.603303119540215
20170309,S37M1328,62.16941888211295,65.61776584503241,62.801650260575116
20170309,S37M1330,54.85123737063259,58.17974962783046,56.81404720572755
20170309,S37M1331,44.900824564509094,49.25413016718812,45.92148567875847
20170310,S36M5030,50.02610660527209,54.46074151922949,50.46694003371522
20170310,S36M5031,48.789254153613,52.477270527975634,48.03305583819747
20170310,S36M5032,44.59917168458924,48.75826241937466,43.78925436316058
20170310,S36M5033,36.57437863247469,40.57644458045252,36.19008112791926
20170310,S36M5035,29.61156900692731,32.394626741530374,29.371899595484138
20170310,S36M5036,33.39971266461967,36.11363485013135,33.409089508932084
20170311,S36M5046,35.092703158232275,37.60123809357174,34.86776713375002
20170311,S36M5047,34.61004616429352,37.105370345758274,34.54545309767127
20170311,S36M5049,35.70904069106429,38.34503971529193,35.77272577350959
20170311,S36M5050,34.66287733098506,40.08057683263905,37.26446124818176
20170311,S36M5051,32.882165990224806,37.105370345758274,36.14049435313791
20170312,S36M5054,43.016527122817934,45.78305593249388,42.760328786447644
20170312,S36M5055,43.04690995736007,46.526857554214075,43.152890753466636
20170312,S36M5056,43.9777997531244,47.76652692374773,45.082642738707364
20170312,S36M5057,35.15702331997454,38.34503971529193,35.01652745809406
20170312,S36M5058,35.52479189960286,38.34503971529193,35.400824962649494
20170312,S36M5059,34.15298689238976,37.353304219665006,33.66942007653415
20170313,S36M5061,38.532465553293235,42.8078494456131,39.677684287540615
20170313,S36M5062,35.32438860749609,39.08884133701213,35.09917208272964
20170313,S36M5063,32.50413086917251,34.62603160669096,32.30991600127891
20170313,S36M5064,32.21217951171175,34.37809773278423,32.04545320244506
20170313,S36M5065,31.596909903753037,34.130163858877495,31.392560667824
20170313,S36M5066,31.181492789646253,33.63429611106403,31.037188781891018
20170313,S36M5067,31.621699683432183,34.37809773278423,31.42975074891001
20170314,S36M5069,81.03056615276309,85.2045418836642,82.25206266855821
20170314,S36M5070,70.98604297993016,73.05578206223436,72.43388126185164
20170314,S36M5071,62.12684827934609,64.87396422331221,62.16941888211295
20170314,S36M5072,56.5374294629656,59.66735287127085,56.528923250734806
20170314,S36M5073,46.56549899976497,49.749997915001586,46.40082450164482
20170314,S36M5074,49.988733373892615,51.98140278016217,49.92148551112041
20170314,S36M5075,51.22313834913075,53.71693989750929,51.14462595572695
20170315,S36M5077,81.81404615798965,85.45247575757094,81.95867425110191
20170315,S36M5078,79.6922739041987,82.22933539678343,79.54545121174306
20170315,S36M5079,55.391971584204285,57.683881880017,55.40082412445918
20170315,S36M5080,51.48197493761977,54.46074151922949,52.49586556851864
20170315,S36M5081,44.76937886108744,47.27065917593427,44.68594854045659
20170315,S36M5082,41.17768422467634,43.303717193426564,41.020659437868744
20170315,S36M5083,41.26224970086797,43.79958494124003,41.090907368808985
20170316,S36M5085,114.14981054364434,117.18801161763258,114.01652414724231
20170316,S36M5086,113.26111458415787,117.43594549153931,114.02892084093764
20170316,S36M5087,114.68923134140631,116.94007774372585,115.84710258292034
20170316,S36M5088,113.18432293227315,115.45247450028546,112.99173080176115
20170316,S36M5089,113.19124654449844,115.20454062637873,113.10330104501918
20170316,S36M5090,113.13145439767423,114.956606752472,112.90082171466202
20170316,S36M5091,115.30071432687149,117.18801161763258,116.54131742985919
20170317,S36M5094,113.40218771727852,115.94834224809892,113.24379690689966
20170317,S36M5095,111.76032589469105,113.96487125684507,112.004127537366
20170317,S36M5096,112.45071955517037,114.70867287856527,112.50825974764302
20170317,S36M5097,112.91583257443197,114.70867287856527,112.8842927897349
20170317,S36M5098,114.81193439630975,116.19627612200566,114.59916875092313
20170317,S36M5099,114.26683605798772,115.94834224809892,114.12396215926856
20170318,S36M5102,115.56943629766624,117.18801161763258,115.44214392220601
20170318,S36M5103,116.49858845176797,118.67561486107297,8.975206235423684
20170318,S36M5104,114.7816698598383,116.19627612200566,114.78925138758495
20170318,S36M5105,114.7903856136613,116.94007774372585,114.69834230048582
20170318,S36M5106,115.58794544098279,117.43594549153931,115.07850757380947
20170318,S36M5107,115.12878957988559,117.18801161763258,115.21900343568996
20170319,S36M5109,132.87639483973004,139.9979280170519,4.13223123177886
20170319,S36M5110,127.05371368350461,129.58470531296916,127.16528392676264
20170319,S36M5111,123.13222624454647,125.61776333046146,123.57850721757859
20170319,S36M5112,122.9138241710059,124.87396170874126,122.88016013940796
20170319,S36M5113,122.0545783296057,124.3780939609278,122.11982959276065
20170319,S36M5114,121.23091784299467,123.88222621311434,121.29751557763666
20170319,S36M5115,118.76066140901388,121.15495360014029,118.71073882654309
20170320,S36M5118,120.907110168512,123.38635846530087,120.56197841838002
20170320,S36M5119,119.57755853018504,121.89875522186048,119.41735036717728
20170320,S36M5120,118.9462795137478,121.65082134795375,118.74379667639732
20170320,S36M5121,115.722588369718,118.17974711325951,115.69421002734452
20170320,S36M5122,117.71594476380649,120.16321810451336,118.73139998270199
20170320,S36M5123,116.18585342736127,118.42768098716624,116.09916868805885
20170321,S36M5125,115.08927574704603,119.6673503566999,55.6694191545248
20170321,S36M5126,116.11156538175419,118.9235487349797,9.528925220482051
20170321,S36M5127,115.92486933339052,118.67561486107297,119.57850738521665
20170321,S36M5128,115.29894902033301,117.93181323935278,115.25206128554419
20170321,S36M5129,115.24157127568891,116.69214386981912,115.06197864888236
20170321,S36M5130,115.35911965245099,118.42768098716624,57.4876008965075
20170321,S36M5131,115.51483972605719,117.68387936544605,116.07437530066818
20170322,S36M5134,105.48346665361896,112.22933413949795,106.20660711918026
20170322,S36M5135,105.11156584275886,114.956606752472,109.00412766309455
20170322,S36M5136,102.73553288448602,112.22933413949795,109.31817723670974
20170322,S36M5137,96.88429346028715,117.68387936544605,107.95454093022272
20170322,S36M5138,98.11983059858903,113.46900350903161,107.76445829356089
20170322,S36M5139,104.95867328718305,111.48553251777776,107.74792936863378
20170323,S36M5141,112.44434485453976,114.956606752472,77.93801326258108
20170323,S36M5142,112.04417144491566,112.97313576121815,111.8471027505584
20170323,S36M5143,112.1029879740544,112.72520188731141,111.95040853135288
20170323,S36M5144,111.55373978132108,109.5020615265239,111.35536723397672
20170323,S36M5145,111.3650989805621,108.01445828308351,111.23966475948691
20170323,S36M5146,111.32806872028512,112.97313576121815,110.42974743805826
20170324,S36M5148,105.6358785002939,114.2128051307518,109.19421029975638
20170324,S36M5149,103.97590290714949,108.01445828308351,110.6363589996472
20170324,S36M5150,103.10326195834327,105.78305341792293,104.1280948095955
20170324,S36M5152,105.07617943150929,109.74999540043063,105.13222699891776
20170329,S36M5181,111.57590394995594,112.97313576121815,111.3801606213674
20170329,S36M5182,111.12350919227734,112.22933413949795,111.07024327898398
20170329,S36M5183,111.05784658528864,111.48553251777776,110.76032593660057
20170329,S36M5184,110.86776394862682,111.48553251777776,110.57024329993874
20170329,S36M5185,108.95798008211756,110.2458631482441,108.82230948889628
20170330,S36M5187,116.09503645682707,54.70867539313622,52.2685928507708
20170330,S36M5188,115.03784828162789,115.7004083741922,114.80164808128029
20170330,S36M5189,111.38042497350841,113.22106963512488,111.31817715289071
20170330,S36M5190,113.01239195792004,113.71693738293834,112.7272680029273
20170330,S36M5191,113.71492782090829,114.70867287856527,113.46693739341572
20170330,S36M5192,111.61156557034701,111.98140026559122,111.2809870718047
20170330,S36M5193,112.30991264851764,113.96487125684507,36.82231250638142
20170331,S36M5198,114.65653802782187,115.45247450028546,115.72726787719876
20170331,S36M5199,116.01077562335867,116.44420999591239,115.24792905431241
20170331,S36M5200,112.90082171466202,113.22106963512488,112.54131759749725
20170331,S36M5201,111.09916889760643,112.22933413949795,110.76859039906412
20170331,S36M5202,111.8677639067173,112.97313576121815,20.752065245993435
20170401,S36M5205,114.28511917730793,115.7004083741922,64.02479070518166
20170401,S36M5206,115.02478856779635,116.19627612200566,38.28099013119936
20170401,S36M5207,112.71900354046375,39.83264295873232,34.714874578174204
20170402,S36M5212,106.72169811803565,108.51032603089698,106.46693768678233
20170402,S36M5213,107.08677237154916,107.76652440917678,106.8429707288742
20170402,S36M5214,109.23966484330595,46.526857554214075,40.93388258200139
20170402,S36M5215,108.67768139578402,110.98966476996429,34.818180358968675
20170402,S36M5216,113.21755018031601,116.19627612200566,113.10743327625096
20170402,S36M5217,113.55784648051485,116.94007774372585,34.46694070426747
20170403,S36M5220,122.6570196528919,126.85743269999512,54.6735514276661
20170403,S36M5221,111.10743336006999,112.22933413949795,110.87602841109037
20170403,S36M5222,111.23966475948691,113.46900350903161,111.02892096666619
20170403,S36M5223,120.64875527424738,123.88222621311434,119.71487101586536
20170403,S36M5224,110.8512350236997,112.47726801340468,110.54958214377984
20170404,S36M5229,63.057848596945405,68.84090620581992,68.0041293813847
20170404,S36M5231,46.342973264399916,51.98140278016217,47.30165091017261
20170404,S36M5234,56.785121587105095,63.88222872768529,57.45454304665327
20170405,S36M5240,25.206610513851047,155.61776207317598,48.049584763124585
20170406,S36M5246,112.79406046532861,121.40288747404702,116.31404471211135
20170406,S36M5248,110.84058124711419,118.67561486107297,29.851238418370485
20170406,S36M5250,106.22899078311832,116.69214386981912,38.35950252460316
20170406,S36M5252,108.00127875942498,110.98966476996429,38.49586615525186
20170408,S36M5255,115.08263980504125,28.427684759022668,24.677684916183352
20170408,S36M5262,111.23966475948691,114.2128051307518,111.7107391199097
20170408,S36M5264,110.9090862609446,116.44420999591239,114.00825968477875
20170408,S36M5267,110.4541462078972,113.71693738293834,110.33057388849556
20170408,S36M5268,114.17336844832838,117.68387936544605,113.0785076576285
20170409,S36M5270,117.09090418368578,80.98966602724977,73.8884266554378
20170409,S36M5271,115.0537141864188,117.18801161763258,114.70660676294938
20170409,S36M5272,114.38429272687063,36.85743647185154,66.54958398779854
20170409,S36M5275,112.87602832727134,114.956606752472,39.73140329355374
20170409,S36M5277,112.66528453445062,114.2128051307518,112.396689504385
20170409,S36M5278,112.25206141127273,114.46073900465854,37.28925463557243
20170410,S36M5280,114.23966463375837,124.87396170874126,122.7933832835406
20170410,S36M5281,113.95454067876562,115.20454062637873,113.17354897595942
20170410,S36M5283,113.57024317421019,115.20454062637873,113.32644153153524
20170410,S36M5284,113.83057374181226,116.19627612200566,113.6280944114551
20170410,S36M5286,112.98340092378328,115.7004083741922,42.89256018586457
20201216,S36M9000,125.26612071861595,127.60123432171531,125.1983418604359
20201216,S36M9001,129.36341726160083,131.32024243031628,129.23139954265207
20201216,S36M9002,126.54656068562835,128.59296981734224,126.52065585460514
20201216,S36M9004,134.4037140261516,136.77478765626438,134.39255635114387
20201216,S36M9005,130.88472229292552,133.0557795476634,130.99999450985342
20201220,S36M9028,140.75325406328938,141.733465134399,140.76445691054687
20201220,S36M9030,138.20848152296244,139.50206026923843,138.01239091018215
20201220,S36M9032,147.41220897018306,148.6756136037875,147.21486986335367
20210109,S36E0181,147.23483685498502,148.92354747769423,146.00825834367424
20210109,S36E0182,142.5150343806856,147.43594423425384,144.0247873524204
20210109,S36E0186,136.61429552915416,141.733465134399,190.7024713465944
20221206,S36N0023,120.9174744022429,139.50206026923843,121.5247882953845
20221206,S36N0024,110.88762873927215,129.58470531296916,111.13222674746066
20221206,S36N0025,110.88927032343513,128.84090369124897,112.73553246539086
20221207,S36N0032,153.51931798296442,176.1962736074347,162.76032375730574
20221207,S36N0033,153.21925316715982,172.229331624927,157.4504066244699
20221207,S36N0034,152.8110573609764,356.6921338115353,152.75619194516912
20221207,S36N0035,146.45801468978007,168.75825739023276,148.40908468933776
20221207,S36N0036,143.99587541628188,154.62602657754906,145.83057240070775
20221207,S36N0037,141.4838237054691,164.54338153381832,145.4504071273841
20221208,S36N0041,123.59547087051915,152.89048946020193,126.65701948525384
20221208,S36N0042,120.83741986321404,146.94007648644038,121.11569740343839
20221208,S36N0043,119.02836108489262,142.4772667561192,121.79338332545012
20221208,S36N0044,111.33133162846558,140.49379576486535,134.45867205085233
20221208,S36N0045,117.68173620563027,140.74172963877209,134.14049024600536
20221209,S36N0048,136.81121211575098,144.46073774737306,137.22726697614416
20221209,S36N0049,132.26236856176212,204.95660298061557,137.25206036353484
20221209,S36N0050,136.97628708943972,317.5185817342717,138.80991153791547
20221209,S36N0051,135.9060343245177,172.9731332466472,135.94627529429272
20221209,S36N0052,124.5564778005227,130.5764408085961,126.49586246721447
20221210,S36N0056,186.6081112898415,189.08883505058475,186.76858721394092
20221210,S36N0057,161.5093547991647,192.06404153746553,163.19007580541074
20221210,S36N0058,164.2498772993659,200.74172712420113,165.59090215107426
20221210,S36N0059,166.41118889517406,202.725198115455,166.84710044553503
20221210,S36N0060,165.4887497936716,193.79957865481265,184.87189307855442
20221211,S36N0065,145.52488315191007,153.88222495582886,146.63222525967285
20221211,S36N0073,148.19306847686607,233.4689984798897,148.78098550019786
20221211,S36N0078,144.5557904141989,213.63428856735118,147.23966325074434
20221212,S36N0080,188.59439209775712,200.4937932502944,134.7975150118582
20221213,S36N0089,136.19271867353126,139.50206026923843,136.202473630663
20221213,S36N0090,139.35821307308225,141.98139900830574,139.32644044188783
20221213,S36N0091,141.83509137745094,144.95660549518652,141.7933824872598
20221213,S36N0092,143.0301401413913,146.69214261253364,143.52891960460693
20221213,S36N0093,146.1980417050301,149.17148135160096,146.18181205540895
20221213,S36N0094,145.66885505796913,149.17148135160096,145.8429690944031
20221213,S36N0095,133.19717923711983,139.00619252142496,135.9132174444385
20221214,S36N0098,132.2183020693595,134.79131666501053,132.24379611061886
20221214,S36N0099,121.83216407202625,124.62602783483453,121.90495356870815
20221214,S36N0100,117.67085821377749,120.90701972623356,117.57850746903569
20221214,S36N0101,116.62429169077087,120.4111519784201,116.71073891036212
20221214,S36N0102,116.9208733963269,121.40288747404702,116.98346617165953
20221215,S36N0103,131.11482189182772,135.53511828673072,131.28098623361439
20221215,S36N0105,139.47359551487014,142.22933288221247,139.49999415362254
20221215,S36N0106,138.70053672797562,141.48553126049228,138.5702421264723
20221215,S36N0107,136.514402309148,141.733465134399,138.48759750183672
20221215,S36N0109,133.12112922307077,135.78305216063745,132.75619278335944
20221215,S36N0110,133.80172552493113,135.78305216063745,133.62809357326478
20221216,S36N0112,141.2321990757056,144.21280387346633,141.5578453070484
20221216,S36N0113,137.0181050197239,139.74999414314516,137.07437442056835
20221216,S36N0114,139.23220697383857,142.72520063002594,140.4462751056999
20221216,S36N0115,141.35138670483684,143.46900225174613,141.11982879647985
20221216,S36N0116,144.94277884191942,148.17974585597403,145.0206550792791
20221216,S36N0117,148.06831548450526,151.40288621676154,148.07850619079545
20221216,S36N0118,150.32723170754414,153.88222495582886,150.64048955449834
20221217,S36N0120,152.1270661245001,156.6094975688029,155.31404307764024
20221218,S36N0129,139.8121303919495,144.46073774737306,144.6652831933461
20221218,S36N0135,143.93556917688164,150.41115072113462,144.2396633764729
20221219,S36N0137,142.44362906769862,145.94834099081345,142.78511798288673
20221219,S36N0138,143.02305794459363,148.6756136037875,144.09503528336063
20221220,S36N0145,137.06380439286764,141.48553126049228,138.74792806943879
20221220,S36N0146,136.31366312434287,140.74172963877209,136.15701908711344
20221220,S36N0147,136.28348134781092,141.23759738658555,139.61982885934412
20221220,S36N0148,134.7033477544772,140.49379576486535,137.53718431852758
20221220,S36N0149,133.618674040324,138.26239089970477,135.74379596393555
20221220,S36N0150,133.84803749881488,138.5103247736115,133.89255637209862
20221220,S36N0151,138.15628650846205,141.733465134399,138.01239091018215
20221221,S36N0153,141.36275714450514,146.19627486472018,144.3718947758898
20221221,S36N0154,142.05607356768624,146.94007648644038,145.72726661991328
20221221,S36N0155,138.672388907377,144.7086716212798,150.4173490679823
20221221,S36N0156,141.25403253019948,144.95660549518652,142.72313451441005
20221221,S36N0157,143.7407768919621,148.42767972988077,146.28511783620343
20221221,S36N0160,144.79277971817268,148.42767972988077,144.73139889305457
20221221,S36N0161,145.78884833036872,150.41115072113462,20.132230561226606
20221221,S36N0162,147.44231539113972,150.41115072113462,147.4628037372604
20221221,S36N0163,149.2725345465524,151.65082009066828,149.11982846120372
20221222,S36N0165,174.90497322547586,177.6838768508751,174.75619102315977
20221222,S36N0166,166.46917913502412,169.74999288585968,166.80164590198547
20221222,S36N0167,167.75320267047448,171.98139775102027,167.76445577898994
20221222,S36N0168,164.24705067948955,169.0061912641395,166.37189385388047
20221222,S36N0169,163.88635673668958,168.01445576851256,164.19007576350123
20221222,S36N0170,164.43858210015242,168.2623896424193,164.5289187245071
20221222,S36N0171,163.37436234629095,167.27065414679237,163.8429683400318
20221223,S36N0173,150.049123935573,153.88222495582886,149.93801024509594
20221223,S36N0174,147.63744618031413,151.40288621676154,147.73139876732603
20221223,S36N0175,127.55409499087305,133.55164729547687,129.6942094406113
20221223,S36N0176,130.52457783697793,135.287184412824,149.81817553937435
20221223,S36N0177,118.58853781181575,123.38635846530087,119.95040819607675
20221223,S36N0178,115.17868585293117,119.41941648279317,117.54131738794968
20221223,S36N0179,108.46796525522765,112.47726801340468,108.59916900238022
20221223,S36N0180,105.2240911859125,109.74999540043063,105.43387987883762
20221223,S36N0181,98.87829819008563,103.05578080494888,98.84710329538211
20221224,S36N0183,158.25474046776725,184.62602532026358,53.35123743349686
20221224,S36N0184,154.3230674192843,159.83263792959042,156.32643972942606
20221224,S36N0185,141.7729217378726,25.948346019955352,143.84296917822212
20221224,S36N0186,136.68505333222953,142.22933288221247,140.2479280065745
20221224,S36N0187,130.6332563343603,135.03925053891726,130.97933335369453
20221224,S36N0188,130.16422000033828,133.7995811693836,130.46280444972217
20221224,S36N0189,127.61114285327668,25.948346019955352,128.02478802297264
20221225,S36N0191,171.72287448557222,175.94833973352797,171.95867047924548
20221225,S36N0192,171.3090285515686,174.95660423790105,172.6611497886479
20221225,S36N0193,168.93353209661382,171.98139775102027,171.74792668642476
20221225,S36N0194,171.1639168254075,173.46900099446066,170.61569532891735
20221225,S36N0196,169.94788428210535,172.72519937274046,172.0950341098942
20221225,S36N0197,171.20972438380022,174.21280261618085,171.45040603773668
20221226,S36N0199,168.08979567488063,172.229331624927,24.702478303574026
20221226,S36N0200,167.57303967212533,171.98139775102027,167.54544752370566
20221226,S36N0202,168.2164126786243,171.23759612930007,168.0826375838369
20221226,S36N0203,166.88753600431698,170.98966225539334,169.8223069324158
20221226,S36N0204,168.7967266826644,172.47726549883373,168.69834003737196
20221226,S36N0205,167.03748386380352,171.4855300032068,167.0123896948062
20221227,S36N0207,147.17108536170176,152.39462171238847,150.56610939232633
20221227,S36N0208,144.5469807713643,150.1632168472279,145.99999388121068
20221227,S36N0211,145.77155998717893,148.42767972988077,146.03305173106492
20221227,S36N0212,142.99848311963487,149.66734909941442,145.6818120763637
20221227,S36N0213,144.9198580917304,148.6756136037875,145.1942087910138
20221228,S36N0215,166.9921183974926,172.72519937274046,172.07850518496707
20221229,S36N0224,150.02240713193214,155.61776207317598,153.67354727862403
20221229,S36N0225,149.0525410514629,154.1301588297356,151.68181182490662
20221229,S36N0226,148.35562377536218,153.13842333410867,151.22313415817916
20221229,S36N0227,148.36291235473905,153.63429108192213,151.81817545555532
20221229,S36N0228,148.0014010256213,152.14668783848174,152.4875969151035
20221229,S36N0229,152.29032191639357,155.61776207317598,152.56197707727551
20221230,S36N0232,175.77991595445542,179.17148009431548,192.4586696201004
20221230,S36N0233,165.724509602495,168.75825739023276,165.6404889258556
20221230,S36N0234,166.4189908391969,169.50205901195295,166.80991036444902
20221230,S36N0235,164.90001449629412,168.01445576851256,164.45867079356685
20221230,S36N0236,168.09501481775195,171.23759612930007,169.38842265307903
20221230,S36N0237,169.24041508352818,173.7169348683674,180.00412468751892
20221230,S36N0238,169.72661289560472,175.70040585962124,179.59503379557282
20221231,S36N0240,175.2421624513468,179.17148009431548,80.30578175839037
20221231,S36N0241,173.9685548879718,177.93181072478183,174.68181086098775
20221231,S36N0242,174.40517755828728,178.17974459868856,175.51652156980708
20221231,S36N0243,173.88024877785455,177.93181072478183,173.9504059329629
20221231,S36N0244,173.80612941073034,177.43594297696836,174.66114970482886
20221231,S36N0245,175.19590686608032,178.67561234650202,175.25205877097324
20221231,S36N0246,174.7386476692745,178.67561234650202,174.93387696612626
20230101,S36N0248,190.31186663711878,193.79957865481265,190.58676887210459
20230101,S36N0249,189.50325896730695,192.559909285279,189.45866974582896
20230101,S36N0250,188.29236124121786,189.83263667230494,188.01652104593813
20230101,S36N0251,185.55578291774546,187.35329793323763,186.09916575439274
20230101,S36N0252,185.0723552184371,186.85743018542416,184.81404184130952
20230101,S36N0253,183.16328103351955,184.62602532026358,183.06610803026706
20230101,S36N0254,183.64734960928183,184.8739591941703,183.40081876004115
20230102,S36N0257,185.4425977285068,186.85743018542416,185.384289751295
20230102,S36N0258,185.6952284898261,186.85743018542416,185.46693437593058
20230102,S36N0259,185.37213262041917,186.3615624376107,185.04544679028913
20230102,S36N0260,184.7018547931605,186.3615624376107,185.35123190144077
20230102,S36N0261,184.58917938147763,185.86569468979724,184.64875259203836
20230102,S36N0262,183.1173752039682,184.13015757245012,182.81817415636033
20230102,S36N0263,179.17294257745405,180.1632155899424,178.9545379546471
20230103,S36N0265,179.94644346184037,183.88222369854338,180.46280235424638
20230103,S36N0267,172.7999626401503,174.46073649008758,172.603298551403
20230103,S36N0269,182.52546234810723,184.13015757245012,182.413215495646
20230103,S36N0270,182.57379506496878,186.11362856370397,183.59090139670298
20230103,S36N0271,174.73920454012355,178.4276784725953,175.17354637756944
20230104,S36N0273,166.08803655423446,175.94833973352797,169.26858794735745
20230104,S36N0274,162.45861871852392,167.76652189460583,167.4380095116794
20230104,S36N0276,160.18275022306872,163.79957991209812,160.39255526149645
20230104,S36N0277,160.96209252411148,165.03924928163178,163.30577827990055
20230104,S36N0278,156.63880230596683,161.56817504693754,160.54958004830405
20230104,S36N0279,156.70625101598054,159.83263792959042,156.97106780158356
20230105,S36N0283,173.03179799286315,176.9400752291549,174.1446208008565
20230105,S36N0284,171.27707660485748,174.70867036399432,171.83470354229212
20230105,S36N0285,172.9317960977424,176.44420748134144,172.94627374364063
20230105,S36N0286,164.5848899711874,170.24586063367315,167.68594338558614
20230105,S36N0287,167.0203393356117,170.98966225539334,167.4999929801561
20230105,S36N0288,164.62755445043635,167.76652189460583,164.82643937319517
20230105,S36N0289,164.17870519824166,168.2623896424193,164.50412533711642
20230106,S36N0292,168.96524698073486,171.23759612930007,168.9834639923647
20230106,S36N0293,168.99991741846142,172.229331624927,170.18594328081235
20230106,S36N0295,167.75745678283852,171.4855300032068,167.45453843660653
20230106,S36N0296,167.81200124493253,169.74999288585968,167.1074310131371
20230106,S36N0297,166.44309221360552,168.75825739023276,166.3636293914169
20230106,S36N0298,164.96548693697153,168.2623896424193,164.90908399783075
20230107,S36N0300,136.89136586174317,139.9979280170519,138.23139916546643
20230107,S36N0301,149.33862344111776,151.898753964575,149.2396631669253
20230107,S36N0302,151.41762904614816,154.37809270364232,151.23966308310628
20230107,S36N0303,151.10321389944949,154.1301588297356,150.96693582180887
20230107,S36N0304,153.13405119874156,155.12189432536252,152.97933243168518
20230107,S36N0305,152.5490336226573,155.36982819926925,154.9710678854026
20230108,S36N0308,160.93860371525963,163.30371216428466,160.6983403726481
20230108,S36N0309,161.51486341115026,163.79957991209812,164.69420797377825
20230108,S36N0310,166.418765438448,169.0061912641395,166.40908393496647
20230108,S36N0311,163.59054470871766,166.52685252507217,163.54131546011195
20230108,S36N0312,160.13695247783625,163.05577829037793,160.1900759311393
20230109,S36N0316,156.41113154699843,159.33677018177696,156.32230749819428
20230109,S36N0321,152.5750820254918,154.62602657754906,152.0743737919256
20230109,S36N0322,153.4975245350382,155.61776207317598,153.05784482508898
20230110,S36N0325,151.42958570184695,155.12189432536252,151.4297457197681
20230110,S36N0326,160.14614847225312,32.89049448934384,160.70247260387987
20230110,S36N0327,157.6440445084789,161.3202411730308,157.9586710659787
20230110,S36N0328,146.25508540144384,150.1632168472279,146.36363022960722
20230111,S36N0334,148.73814994372324,150.65908459504135,148.54958055121824
20230111,S36N0335,148.30095611726395,151.898753964575,149.01652268040925
20230111,S36N0336,151.4419722939547,154.37809270364232,151.36776225129142
20230111,S36N0337,154.41095746296278,157.3532991905231,154.37602658802643
20230111,S36N0338,157.4712292142022,160.5764395513106,157.47520001186058
20230111,S36N0339,157.76782535481058,161.56817504693754,159.10329911718145
20230111,S36N0340,156.4128043649646,161.07230729912408,158.0206545344554
20230112,S36N0349,179.92304929098736,182.14668658119626,179.8140420508571
20230113,S36N0351,170.43355032211727,173.7169348683674,170.39668707363307
20230113,S36N0353,169.5172868312832,172.229331624927,169.7644556951709
20230113,S36N0354,169.4626299970291,172.229331624927,170.9380093649961
20230113,S36N0356,169.00774711246314,171.4855300032068,169.05371192330495
20230113,S36N0357,169.8190727616329,171.98139775102027,169.77685238886625
20230113,S36N0358,171.1397535090814,174.21280261618085,171.35536471940577
20230113,S36N0359,170.29698497564965,172.72519937274046,170.2768523679115
20230114,S36N0363,159.98355697120795,162.8078444164712,161.3223072886467
20230115,S36N0372,170.51560615964866,171.98139775102027,170.33883583638817
20230115,S36N0373,170.1266137279746,171.98139775102027,170.0206540315412
20230115,S36N0374,172.32858645160826,173.96486874227412,172.1322241909802
20230115,S36N0375,173.11053583788947,174.95660423790105,173.02478613704443
20230115,S36N0376,171.68529658724466,174.21280261618085,171.7190010678023
20230115,S36N0378,166.33046951051222,168.2623896424193,166.19420791091397
20230116,S36N0388,186.35233726602718,190.57643829402514,5.648760093841702
20230118,S36N0406,163.2599298532665,174.95660423790105,165.876026106067
20230119,S36N0415,138.95669635345342,144.21280387346633,138.73553137574345
20230120,S36N0424,155.95707612428555,159.83263792959042,156.13635709276423
20230121,S36N0433,145.42415403695603,150.1632168472279,6.086776604410261
20230122,S36N0440,164.76294980648936,170.24586063367315,164.63222450530156
20230123,S36N0445,170.07520820851954,174.46073649008758,170.24379451805726
20230123,S36N0451,153.9060373146248,157.10536531661637,154.05784478317946
20230124,S36N0454,168.46135814683723,171.98139775102027,168.57850533165038
20230124,S36N0459,163.43151660800135,168.2623896424193,163.86776172742248
20230125,S36N0463,160.92187036627539,164.04751378600486,160.8553651594557
20230125,S36N0465,166.96357605858967,172.47726549883373,167.1446210942231
20230126,S36N0476,157.71388197715382,164.79131540772505,159.14462142949924
20230126,S36N0477,163.03759755079855,166.7747863989789,162.97933201259002
20230127,S36N0483,165.68257561492817,169.25412513804622,165.45040628919378
20230128,S36N0490,165.32424401218225,168.51032351632603,165.0578443221748
20230129,S36N0498,168.64733469084894,171.23759612930007,168.35123261390254
20230129,S36N0500,168.6150822031616,170.49379450757988,168.3223069952801
20230129,S36N0501,170.7840753690917,171.98139775102027,170.52065401058644
20230130,S36N0503,163.5881410280767,166.7747863989789,164.95453854138032
20230130,S36N0504,162.08577438672722,164.2954476599116,161.85536511754617
20230130,S36N0505,158.3067293002892,161.07230729912408,158.20660493988544
20230130,S36N0506,166.512110937184,169.25412513804622,166.31817484786734
20230130,S36N0507,166.24666907497016,169.74999288585968,166.15701782982796
20230130,S36N0508,165.88186599632073,169.0061912641395,168.75619127461687
20230131,S36N0514,161.9914490691165,168.51032351632603,163.4917286853306
20230201,S36N0524,162.5322039067638,166.7747863989789,162.55784442694858
20230201,S36N0526,160.12150340591694,164.04751378600486,160.17354700621217
20230202,S36N0537,108.63566617392712,115.7004083741922,110.11569786444306
20230203,S36N0544,137.35948560389923,141.98139900830574,137.27272151969373
20230203,S36N0545,140.4584866712249,145.70040711690672,140.5619775801897
20230203,S36N0546,140.2824731221909,144.21280387346633,140.39255609968677
20230204,S36N0549,139.8058500795256,142.4772667561192,139.69007679028437
20230204,S36N0553,135.09199029071522,139.00619252142496,135.33883730322123
20230204,S36N0554,137.53812817044704,140.74172963877209,137.73966364888474
20230204,S36N0555,139.16111954476088,142.22933288221247,139.28925036080182
20230205,S36N0560,162.47060175878056,165.78305090335198,162.38842294644564
20230205,S36N0564,148.35752398752456,151.65082009066828,148.37189460825175
20230206,S36N0571,157.41988931625224,165.78305090335198,160.30164617439732
20230206,S36N0572,156.39985886851383,163.30371216428466,156.2603240297176
20230206,S36N0573,155.2819621839105,163.79957991209812,155.27685299655423
20230207,S36N0580,138.8922915959081,197.2706528895069,155.73966289451346
20230208,S36N0587,139.1652403160744,186.60949631151743,152.33470435952768
20230208,S36N0590,132.25078018385582,181.40288495947607,132.38429197249934
20230209,S36N0597,152.95520850908213,202.22933036764152,157.38015869352967
20230209,S36N0598,153.67681090610793,202.22933036764152,156.22313394863158
20230210,S36N0603,159.29302875045903,200.98966099810787,171.96280271047726
20230210,S36N0604,160.39258376847445,205.9483384762425,170.12809204356745
20230210,S36N0605,164.0457851960564,206.44420622405596,163.98346420191228
20230211,S36N0609,168.84082341177918,179.17148009431548,174.35536459367722
20230211,S36N0611,167.6891534787526,178.4276784725953,182.94627332454547
20230211,S36N0613,170.30277654398785,181.40288495947607,175.01652159076184
20230211,S36N0614,168.214642449451,175.94833973352797,168.11156320245937
20230211,S36N0616,162.78654467757258,171.4855300032068,170.97519944608212
20230212,S36N0619,163.8955564686479,169.0061912641395,186.42561202170327
20230212,S36N0620,161.88794351406457,167.5185880206991,166.1280922112055
20230212,S36N0621,163.1289367111439,168.2623896424193,162.97106755012646
20230212,S36N0622,162.84980461257092,167.02272027288564,172.8140423442237
20230213,S36N0627,163.9922818734536,167.5185880206991,164.09090221393853
20230213,S36N0629,164.54198948599074,169.25412513804622,164.3347038566135
20230213,S36N0630,162.20466419087265,165.78305090335198,162.1404890725389
20230213,S36N0632,159.09131315347565,163.30371216428466,170.05371188139543
20230214,S36N0636,162.91074475552858,166.7747863989789,162.7892493759282
20230214,S36N0637,164.06094476495463,168.75825739023276,163.9999931268394
20230214,S36N0638,164.89656095377305,167.76652189460583,164.75619144225493
20230214,S36N0641,169.425812357186,173.22106712055393,170.8016457343474
20230215,S36N0644,172.80599359708805,175.94833973352797,188.83057059859857
20230215,S36N0645,172.0138991115932,176.44420748134144,173.2437943923287
20230215,S36N0646,165.84704803634475,169.99792675976641,167.2272657188587
20230215,S36N0647,170.4090612905358,175.94833973352797,173.8347034584731
20230215,S36N0648,171.82895102333867,175.70040585962124,171.69007544917986
20230215,S36N0649,171.75839052945759,178.4276784725953,183.9380088201724
20230215,S36N0650,170.36410589689262,175.70040585962124,170.74792672833428
20230216,S36N0652,174.003247281285,178.92354622040875,190.17767798015848
20230216,S36N0654,175.3820444451798,179.41941396822222,176.67767854593694
20230216,S36N0655,171.19151272125407,173.7169348683674,171.02891845209524
20230216,S36N0656,167.7637978413357,172.229331624927,167.78511693514884
20230217,S36N0663,144.66154012249783,148.92354747769423,147.96693594753742
20230217,S36N0664,146.44350626283352,150.1632168472279,148.6570185632445
20230217,S36N0665,148.3846065441219,151.898753964575,148.3636301457882
20230217,S36N0667,149.5962701114199,152.39462171238847,154.35536543186754
20230217,S36N0668,140.45297837233386,142.97313450393267,146.6446219533682
20230218,S36N0671,163.52638885908027,167.02272027288564,164.88842284167185
20230218,S36N0672,161.66170191930615,164.2954476599116,170.49999285442755
20230218,S36N0673,163.2143447791287,167.27065414679237,163.56197661627084
20230218,S36N0674,165.8624044540979,168.51032351632603,165.77272032527253
20230219,S36N0682,153.65979865361678,155.36982819926925,153.88842330267653
20230219,S36N0683,152.44118510452438,153.63429108192213,157.5661090989597
20230220,S36N0688,157.0678536974982,159.5847040556837,156.96280333912
20230220,S36N0690,154.74754206867442,156.6094975688029,154.54544806852937
20230220,S36N0691,149.25034110356742,151.40288621676154,148.97520036809146
20230220,S36N0692,151.33556286623255,153.13842333410867,150.7272664103657
20230220,S36N0693,158.54687457618468,161.56817504693754,158.8181751621887
20230221,S36N0698,165.9425783728836,167.76652189460583,165.70660462556407
20230221,S36N0700,170.01660676145988,170.7417283814866,169.70247222669423
20230221,S36N0701,169.07419823724663,169.74999288585968,168.73553011845797
20230221,S36N0702,167.60279863963083,168.51032351632603,167.27272026240826
20230222,S36N0706,174.66848401737417,175.4524719857145,174.33057120628655
20230222,S36N0707,174.04751570624077,174.70867036399432,173.73139767767861
20230222,S36N0708,171.0016991513562,172.72519937274046,178.47519913176075
20230223,S36N0713,166.44541838071277,169.0061912641395,166.78098474582657
20230224,S36N0733,174.96478232512013,25.948346019955352,174.74792656069621
20230224,S36N0734,171.68782858529372,174.46073649008758,174.16114972578362
20230224,S36N0735,170.60522525227773,173.96486874227412,171.78511676751077
20230225,S36N0749,146.90573780976058,149.66734909941442,146.86776243988425
20230225,S36N0750,142.93664829675612,145.70040711690672,142.8305725264363
20230225,S36N0751,142.76453185881837,145.94834099081345,142.95867169462144
20230225,S36N0752,146.15317019916088,148.42767972988077,146.02891949983314
20230225,S36N0753,142.3445740428785,145.20453936909325,142.41321717202663
20230226,S36N0762,120.77671547790291,126.36156495218165,121.26445772778243
20230226,S36N0763,124.03047060800438,130.32850693468936,124.21487082727253
20230227,S36N0772,148.45584102939605,153.3863572080154,149.48346480960026
20230227,S36N0773,148.43207742875435,152.89048946020193,149.83883669553325
20230228,S36N0781,149.8011060303544,153.13842333410867,149.84296892676502
20230301,S36N0786,155.40918678474586,159.83263792959042,155.2024728343822
20230301,S36N0788,153.9391200803256,157.60123306442983,153.61156381014735
20230301,S36N0789,150.6432424622718,153.63429108192213,151.69420851860195
20230302,S36N0792,147.90754583735725,149.91528297332115,147.68594422377646
20230302,S36N0793,146.60848285658452,48.51032854546793,146.45453931670636
20230302,S36N0794,147.04275522984082,149.91528297332115,146.3512335359119
20230302,S36N0795,148.303829974628,151.40288621676154,149.63635736517608
20230302,S36N0796,149.45474454423498,150.65908459504135,149.09916730504483
20230303,S36N0800,143.44290034164402,145.70040711690672,142.966936157085
20230303,S36N0801,143.79380664393645,147.1880103603471,142.1487543731928
20230303,S36N0802,144.78897175244725,147.9318119820673,145.041316235438
20230303,S36N0803,145.3265523407569,146.4442087386269,143.23553118715063
20230303,S36N0804,147.50069835720743,149.17148135160096,147.17767978226766
20230304,S36N0812,151.72938419792467,153.88222495582886,151.76032421831042
20230305,S36N0816,147.57866403979577,153.13842333410867,148.9875970617868
20230305,S36N0818,152.74751238870053,153.88222495582886,149.05784499272704
20230305,S36N0819,149.46139237010652,150.90701846894808,149.22726647322997
20230306,S36N0828,151.87584844118444,154.1301588297356,151.81404322432354
20230307,S36N0835,152.48540362928446,155.61776207317598,152.4875969151035
20230308,S36N0841,149.82478456038876,151.40288621676154,149.5909028216265
20230309,S36N0847,153.7860471205433,156.11362982098944,153.88015884021297
20230309,S36N0848,155.71024275710425,158.0971008122433,155.62396042002365
20230309,S36N0849,151.47721741545627,154.37809270364232,151.52065480686724
20230310,S36N0852,156.3398098943138,161.07230729912408,156.36362981051207
20230310,S36N0853,169.22885044741543,171.73346387711354,169.14875324163586
20230310,S36N0854,168.05915684394276,171.23759612930007,168.23139790818095
20230310,S36N0856,156.9060988525678,160.5764395513106,156.97933226404712
20230310,S36N0857,154.00655539423164,158.8409024339635,154.23139849491417
20230310,S36N0858,153.4257194802326,157.84916693833657,153.3057786989957
20230311,S36N0864,47.74968490726897,339.3367626380641,54.23140268586576
20230312,S36N0869,109.39420795125022,112.97313576121815,109.51652433583513
20230312,S36N0870,109.12754428356884,111.48553251777776,109.23553261207417
20230312,S36N0871,101.910591220141,105.78305341792293,102.33057422377169
20230312,S36N0872,95.8225818342461,25.948346019955352,21.942147840745747
20230312,S36N0873,80.09080168781848,82.47726927069016,80.01239334093407
20230312,S36N0874,59.86079329681186,62.89049323205836,59.9710718668066
20230313,S36N0880,129.0920416498783,133.30371342157014,128.96280451258644
20230313,S36N0883,117.16915832213593,123.38635846530087,119.34710243623704
20230314,S36N0887,137.59082564541856,139.9979280170519,137.45040746266022
20230314,S36N0888,127.21622993321138,130.08057306078263,127.38015995081514
20230315,S36N0905,132.6564766064188,137.7665231518913,132.83470517676324
20230316,S36N0910,163.8525763132538,179.91528171603568,175.67767858784646
20230317,S36N0916,160.58533103214165,167.27065414679237,168.7107367310673
20230317,S36N0917,172.76246494127733,179.17148009431548,174.95867035351694
20230317,S36N0919,174.00922053085168,180.65908333775587,177.8760256031528
20230317,S36N0921,179.48820993912102,186.85743018542416,185.47106660716236
20230318,S36N0926,183.18351187537945,189.33676892449148,185.59503354411572
20230318,S36N0927,185.97885051359643,189.33676892449148,187.54957891674712
20230318,S36N0929,178.82775322612403,184.8739591941703,181.35123206907883
20230319,S36N0936,184.341721275636,188.84090117667802,184.30577739980072
20230320,S36N0944,166.84912112338753,170.7417283814866,167.04131531342864
20230321,S36N0954,190.76991243121253,192.559909285279,190.6032977970317
20230321,S36N0956,188.69407684787072,193.55164478090592,191.4462729683146
20230322,S36N0961,190.41281838431206,192.31197541137226,190.61156225949526
20230322,S36N0969,185.11729513695616,187.1053640593309,184.97106662811711
20230323,S36N0977,192.02915839803964,192.559909285279,193.09916546102613
20230323,S36N0979,191.94826507922653,194.04751252871938,192.11156219663098
20230324,S36N0983,190.35206756108315,191.0723060418386,189.96280195610598
20230324,S36N0984,189.6965193640037,190.08057054621167,189.3347028088756
20230324,S36N0986,189.47179685235398,190.08057054621167,189.09090116620064
20230324,S36N0988,193.40758655441425,194.54338027653284,193.21073570428416
20230325,S36N0993,153.09266420724407,157.84916693833657,154.2437951886095
20230325,S36N0997,154.99555232013563,181.89875270728953,156.7272661589086
20230326,S36N1003,108.97740274781617,156.11362982098944,148.37189460825175
20230327,S36N1010,83.0270506638426,86.44421125319786,83.07024445245042
20230328,S36N1030,74.22718520528522,80.74173215334304,87.90908722486347
20230329,S36N1034,134.86788805372615,141.23759738658555,138.8223082316108
20230330,S36N1046,143.7868390880708,148.17974585597403,144.11569643951952
20230331,S36N1059,179.44166702532803,183.38635595072992,179.4628023961559
20230401,S36N1067,131.51896932359233,137.7665231518913,133.2892506122589
20230401,S36N1069,142.38544715737606,147.68387810816057,143.826440253295
20230402,S36N1076,137.3679735299275,143.2210683778394,139.4875974599272
20230403,S36N1092,168.45769581546676,178.4276784725953,172.08676964743063
20230405,S36N1106,173.97861123172984,176.1962736074347,173.80577783985063
20230405,S36N1108,172.51985053851593,177.18800910306163,186.54131449619308
20230405,S36N1110,176.855119221105,179.91528171603568,176.71900085825473
20230405,S36N1111,169.1825328637067,171.23759612930007,168.98759622359648
20230406,S36N1125,162.94421757187237,165.53511702944525,162.78511714469641
20230406,S36N1126,166.89067030380357,169.50205901195295,167.8099103225395
20230406,S36N1127,162.19979320615198,168.2623896424193,166.23966245446354
20230407,S36N1134,137.13917068215312,143.46900225174613,137.3181760632433
20230407,S36N1136,136.02300205989826,141.733465134399,137.28925044462085
20230408,S36N1145,166.945702717542,169.99792675976641,166.81817482691258
20230409,S36N1153,151.39279547088745,155.8656959470827,151.60329943150282
20230410,S36N1162,170.06815611746026,174.95660423790105,173.16114976769313
20230411,S36N1169,182.1007614065937,183.88222369854338,185.13635587738827
20230412,S36N1176,136.1144035955578,140.98966351267882,137.52478762483224
20230413,S36N1187,145.8531547439632,150.41115072113462,145.64875422650948
20230414,S36N1192,152.55232565079874,156.36156369489618,152.8594977259636
20230415,S36N1205,148.01288992666386,167.76652189460583,162.70660475129262
20230416,S36N1213,142.1526812268939,146.19627486472018,142.13222544826567
20230416,S36N1216,141.62839444369632,145.70040711690672,141.88842380559072
20230417,S36N1224,178.56663822858386,181.89875270728953,178.49172805668786
20230417,S36N1225,177.62913118066677,179.91528171603568,177.49999256106094
20230418,S36N1233,195.19986759551077,197.51858676341362,195.01652075257152
20230418,S36N1234,193.97595943421842,197.02271901560016,194.15701665636152
20230418,S36N1235,193.02585291533353,195.53511577215977,194.1239588065073
20230419,S36N1237,182.7727154347194,185.12189306807704,183.81404188321903
20230419,S36N1242,191.9681812871933,192.559909285279,191.6611489923671
20230420,S36N1251,186.76807056995744,191.0723060418386,186.73966159531847
20230420,S36N1255,186.43582260764597,190.3285044201184,186.42561202170327
20230421,S36N1265,152.27594638941943,157.3532991905231,152.57024153973907
20230422,S36N1267,207.06365929296993,210.16321433265693,206.99999132473022
20230422,S36N1268,206.12321191594114,209.17147883703,206.2231318531558
20230422,S36N1270,205.90026728445702,207.93180946749635,205.66941286809742
20230422,S36N1272,201.143005595302,202.97313198936172,200.89255356416106
20230423,S36N1275,187.83758523395372,190.82437216793187,190.4090829291381
20230423,S36N1278,188.19804104432302,189.33676892449148,189.87189286900684
20230424,S36N1285,165.55195036562137,169.99792675976641,165.80577817512676
20230424,S36N1287,161.59366872929797,165.53511702944525,161.74792710551992
20230425,S36N1293,190.19379452687795,196.27891739387996,190.88015728956088
20230426,S36N1299,172.18084120656826,177.18800910306163,172.34296798380092
20230427,S36N1309,182.64555168270593,188.09709955495782,182.2933807899244
20230428,S36N1319,189.6229579025247,193.30371090699919,189.4297441272065
20230428,S36N1320,187.5254934524399,191.8161076635588,188.0991656705737
20230428,S36N1323,186.92837671592002,191.0723060418386,186.73966159531847
20230429,S36N1326,181.1165945220608,184.62602532026358,181.22726513212547
20230429,S36N1329,180.24504949592702,182.89048820291646,179.9710668376647
20230430,S36N1334,189.29490039880488,193.30371090699919,190.95866968296468
20230501,S36N1340,174.44631462558846,177.43594297696836,174.64462077990174
20230501,S36N1343,166.70911840205713,169.74999288585968,166.8718938329257
20230502,S36N1350,155.61910560472083,157.84916693833657,155.58677033893764
20230503,S36N1354,187.088624420779,189.83263667230494,187.0082566253841
20230503,S36N1355,192.3806802207989,195.53511577215977,193.4173472658731
20230503,S36N1357,193.49831990428405,196.5268512677867,193.3181737163104
20230504,S36N1365,194.25135052905293,195.28718189825304,193.9669340196997
20230505,S36N1377,188.60775911281752,191.8161076635588,188.355364006944
20230505,S36N1381,195.80180998385254,197.76652063732035,195.40081825712696
20230507,S36N1385,183.90382944189327,185.86569468979724,183.93387658894062
20230508,S36N1394,188.16685858683996,191.0723060418386,188.20660368259996
20230510,S36N1399,201.57526236429106,205.45247072842903,201.83470228500664
20230512,S36N1407,179.40146608088054,184.8739591941703,179.834703207016
20230512,S36N1408,176.76775096961862,181.40288495947607,177.90081899054348
20231120,S36N1439,157.24116143001538,160.82437342521735,158.69420822523534
20231120,S36N1440,166.4188925136107,169.25412513804622,167.53305083001032
20231120,S36N1442,162.3386592176298,166.0309847772587,161.73966264305636
20231120,S36N1443,164.09201486356307,166.52685252507217,164.04544767038897
20231120,S36N1444,165.0576732360058,167.5185880206991,165.22726580267772
20231120,S36N1445,166.17324057994796,169.0061912641395,167.69007561681792
20231121,S36N1448,166.56380317617257,168.75825739023276,166.62395995901898
20231121,S36N1450,171.14701914381936,172.72519937274046,171.20247216382995
20231121,S36N1452,172.6974464632338,175.20453811180778,173.93387700803578
20231121,S36N1453,176.72846459849313,178.4276784725953,176.6652818522416
20231122,S36N1456,166.73828632782266,168.2623896424193,166.59503434039652
20231122,S36N1457,166.05920283860752,168.01445576851256,166.06197651149705
20231122,S36N1461,154.65982895303176,155.8656959470827,154.4999935249798
20231122,S36N1462,154.1201351754399,155.61776207317598,154.09503486426547
20231123,S36N1465,177.6771271580759,179.17148009431548,177.59503387939185
20231123,S36N1467,183.78801802011859,186.3615624376107,184.04131460096687
20231123,S36N1468,184.1189331821202,186.85743018542416,184.33470301842317
20231123,S36N1469,184.09087671013438,186.11362856370397,183.86362865800038
20231123,S36N1470,183.4639476124317,185.86569468979724,183.43800884112716
20231124,S36N1470,183.46634406330736,185.86569468979724,183.43800884112716
20231124,S36N1472,171.4578743131461,173.96486874227412,171.47106719389558
20231124,S36N1473,176.3537981906476,178.92354622040875,176.12395956087857
20231124,S36N1475,179.35962154792324,181.40288495947607,180.60743044735864
20231124,S36N1477,174.22322732286716,176.1962736074347,173.9710670891218
20231124,S36N1478,174.77828736560997,176.9400752291549,174.63635631743819
20231124,S36N1479,179.8861449868156,181.15495108556934,179.62809164542705
20231126,S36N1492,125.2648032586458,129.8326391868759,126.76858972851187
20231126,S36N1494,124.08497428560001,127.60123432171531,124.79338319972157
20231126,S36N1495,125.76510625156287,129.0888375651557,126.21900297468528
20231126,S36N1496,126.51828549710251,130.08057306078263,126.62809386663139
20231126,S36N1497,127.18476956329583,130.82437468250282,127.06611037719995
20231127,S36N1501,155.71307515805537,158.8409024339635,155.46693563321605
20231127,S36N1502,153.62205686825183,157.3532991905231,153.0330514376983
20231127,S36N1507,152.82161946198198,155.8656959470827,152.8966878070496
20231128,S36N1513,125.05623241382774,128.09710206952877,126.26858974946663
20231128,S36N1514,124.92082051303923,127.10536657390185,125.0041269925423
20231128,S36N1515,123.91586447291975,127.10536657390185,124.91321790544316
20231129,S36N1527,138.05218894890407,145.20453936909325,179.54957925202325
20231129,S36N1528,188.0805309811238,190.82437216793187,187.99585988977924
20231130,S36N1533,162.33756895481292,164.54338153381832,162.44627418369055
20231130,S36N1535,167.71079086809192,170.24586063367315,167.76445577898994
20231130,S36N1536,169.77277640570193,172.47726549883373,169.95867056306452
20231130,S36N1537,166.75635310665484,169.25412513804622,166.21900129830465
20231201,S36N1539,180.64679112592415,183.88222369854338,180.8470998588018
20231201,S36N1540,180.12509890641232,184.37809144635685,181.58676924929023
20231201,S36N1542,179.15378522084623,182.64255432900973,179.66528172651306
20231201,S36N1545,179.1888109436151,182.14668658119626,179.54957925202325
20231201,S36N1546,178.17580393645542,181.6508188333828,178.2107363329269
20231202,S36N1552,157.412973139671,161.81610892084427,157.7437950419262
20231202,S36N1553,170.97322158681257,173.7169348683674,172.23966220300645
20231202,S36N1557,150.0120148637521,153.13842333410867,150.23139866255224
20231203,S36N1560,141.43173811377753,144.7086716212798,142.37602709094062
20231203,S36N1561,137.6551410480614,141.733465134399,137.69834133656695
20231204,S36N1570,145.6266520292594,149.17148135160096,145.93387818150222
20231204,S36N1573,152.65274793843733,156.6094975688029,155.99999346211553
20231204,S36N1574,154.7748572407089,158.59296856005676,155.8677620626986
20231204,S36N1575,122.06170738735335,124.13016008702107,122.0330527368933
20231204,S36N1577,105.64053869386593,108.51032603089698,105.88842531433329
20231205,S36N1579,189.5323599178612,191.56817378965206,189.39668627735227
20231205,S36N1584,180.6260562891162,183.38635595072992,180.87602547742426
20231205,S36N1585,179.95092237717282,182.394620455103,179.8925544442609
20231205,S36N1586,174.64983461315776,177.18800910306163,174.789248873014
20231205,S36N1587,174.16269644279106,177.18800910306163,175.01238935953006
20231206,S36N1589,157.29034991532694,160.5764395513106,157.53718348033726
20231206,S36N1590,159.47471435447636,162.064042794751,159.47519992804155
20231206,S36N1592,157.58000894038108,162.31197666865773,158.08263800293207
20231207,S36N1604,138.01406825387673,142.72520063002594,139.70660571521148
20231207,S36N1605,140.89152472098925,165.28718315553851,142.966936157085
20231207,S36N1610,158.3479678644298,162.064042794751,159.2520594415255
20231208,S36N1613,124.9019711553093,128.09710206952877,125.29338317876682
20231208,S36N1614,129.54182014820248,133.30371342157014,129.8140441463329
20231209,S36N1622,143.78184903339022,145.20453936909325,143.46693613613024
20231209,S36N1623,142.9481698351614,143.9648699995596,142.82230806397274
20231209,S36N1624,141.26332750024366,142.22933288221247,140.99586185952649
20231209,S36N1626,141.30188671990916,142.72520063002594,141.21900234604254
20231209,S36N1628,137.38990689373367,614.5433626745362,142.07850644225255
20231210,S36N1630,153.00820607767855,155.12189432536252,152.9173489632085
20231210,S36N1631,151.12275925389915,153.3863572080154,151.26858870172873
20231210,S36N1632,147.74031422794005,150.1632168472279,147.8347045481205
20231210,S36N1633,149.7076875595942,151.40288621676154,149.60329951532185
20231210,S36N1636,142.92752605360707,145.452473243,142.88429153244942
20231210,S36N1637,143.47388624437914,147.1880103603471,143.46280390489846
20231211,S36N1640,149.66929772489334,152.89048946020193,150.73139864159748
20231211,S36N1641,149.9528212474684,152.89048946020193,149.52478712191805
20231211,S36N1642,147.32941654610917,151.1549523428548,147.7190020736307
20231211,S36N1643,148.50568664730437,151.898753964575,148.76032434403896
20231211,S36N1644,146.65692572649772,150.65908459504135,149.69420860242099
20231211,S36N1645,143.4795344079055,147.43594423425384,143.6528865415603
20231211,S36N1646,142.289751830678,145.20453936909325,142.33470477862284
20231212,S36N1647,57.30444539968733,60.65908836689778,57.219005866441876
20231212,S36N1650,19.914957774847952,25.948346019955352,162.1446213037707
20231212,S36N1651,13.081332254547295,357.931803181069,27.421486454084516
20231212,S36N1652,13.494822632275897,416.69213129696436,13.537189515307546
20231212,S36N1653,18.06540275422661,427.3532878749538,25.34297414449975
20231213,S36N1656,96.04612898035074,99.58470657025464,97.23553311498836
20231213,S36N1657,87.29587498831984,91.65082260523923,87.71487235696986
20231213,S36N1659,89.72019924455086,97.60123557900079,108.8181772576645
20231213,S36N1660,89.99909251691531,98.84090494853444,91.03718626732007
20231213,S36N1661,90.04660801038884,95.86569846165366,93.14462419552729
20231214,S36N1665,72.94338895959584,75.53512080130167,72.90495562227443
20231214,S36N1666,72.06158652744513,74.29545143176802,72.03718706360087
20231214,S36N1667,72.35323811755366,74.29545143176802,72.49173249909654
20231214,S36N1668,76.35879781245747,79.50206278380938,76.31817861972377
20231214,S36N1669,79.85418597452282,81.9814015228767,79.4008231186308
20231215,S36N1673,130.88387895109216,136.27891990845092,131.91734984330833
20231215,S36N1674,133.02154820521417,137.51858927798457,133.04131673835218
20231215,S36N1678,137.16711373274427,142.72520063002594,137.36776283802465
20231215,S36N1679,139.93260927383713,143.46900225174613,139.92974620172754
20231215,S36N1681,141.34137743467772,145.452473243,141.30164697067812
20231216,S36N1686,142.88605016739567,146.19627486472018,145.6446219952777
20231216,S36N1690,139.35118352552655,143.2210683778394,143.15701879374683
20231217,S36N1694,158.24523940873172,161.56817504693754,158.1735470900312
20231217,S36N1695,155.1277588350969,157.3532991905231,155.0867703598924
20231217,S36N1697,156.34015841636312,158.0971008122433,157.77272066054866
20231218,S36N1705,153.94787348340833,156.11362982098944,153.7355307471007
20231218,S36N1706,154.3479362668193,156.85743144270964,154.30991088831797
20231218,S36N1707,153.77912092054814,156.11362982098944,153.66528281616047
20231219,S36N1710,158.14106437451053,160.32850567740388,157.93387767858803
20231219,S36N1711,160.22863369481232,163.30371216428466,160.07437345664948
20231219,S36N1712,160.15534612152692,161.81610892084427,159.96693544462323
20231219,S36N1713,159.06793645208896,162.064042794751,158.8594974745065
20231220,S36N1718,172.90220746471988,175.70040585962124,173.13222414907068
20231220,S36N1719,181.7197889354198,184.37809144635685,181.95867006015033
20231221,S36N1728,150.9607376489455,154.1301588297356,150.99172920919955
20231221,S36N1731,158.0580750111388,162.8078444164712,159.4256131532602
20231222,S36N1743,121.46923244941358,125.61776333046146,121.64875523233786
20231223,S36N1751,178.49365234263783,181.15495108556934,178.61156276240945
20231223,S36N1752,179.2552497273502,181.40288495947607,179.48759578354657
20231224,S36N1755,190.69887801886733,192.31197541137226,190.57023994717747
20231224,S36N1760,185.4560673569802,187.1053640593309,185.33470297651365
20231225,S36N1762,184.7657990807138,185.12189306807704,184.47933111153543
20231225,S36N1763,185.7610121465081,186.11362856370397,185.421479832381
20231225,S36N1765,184.03086438952224,184.37809144635685,183.69420717749745
20231225,S36N1766,183.18702710293698,183.88222369854338,182.90495101222768
20231225,S36N1767,180.80303360498075,181.15495108556934,180.47106681670994
20231226,S36N1770,185.0792215148379,185.36982694198377,184.69420713558793
20231226,S36N1771,183.30946568529657,183.63428982463665,182.93387663085014
20231226,S36N1775,186.78965450347266,187.1053640593309,186.43387648416683
20231226,S36N1776,185.9074381209121,186.3615624376107,185.55371123179793
20231227,S36N1779,184.54635405285794,184.8739591941703,184.1735460003838
20231227,S36N1781,183.1626245677871,183.38635595072992,182.77271961281076
20231227,S36N1782,184.53592954870496,185.36982694198377,184.21900054393336
20231227,S36N1783,184.4757700539266,184.8739591941703,184.0743724508211
20231227,S36N1784,184.68212625944284,185.12189306807704,184.3305707871914
20231227,S36N1785,185.43899220639017,185.6177608158905,185.04544679028913
20231228,S36N1787,182.35446402400854,182.64255432900973,181.96693452261388
20231228,S36N1789,184.50746617314687,184.8739591941703,188.81817390490323
20231228,S36N1790,182.63713518648345,182.89048820291646,182.26032294007018
20231228,S36N1791,182.0776727204022,182.64255432900973,181.7107361862436
20231228,S36N1794,178.4511320371165,178.92354622040875,178.1694140206091
20231228,S36N1796,181.34042277375445,181.89875270728953,181.0082568768412
20231229,S36N1800,182.4569372015286,182.89048820291646,182.08676922833547
20231229,S36N1802,180.80123191366135,181.15495108556934,180.45040566055104
20231229,S36N1804,178.05213429416997,178.67561234650202,177.70660412264988
20231229,S36N1805,177.77243916786446,178.67561234650202,179.66528172651306
20231229,S36N1807,178.5802909073674,178.92354622040875,9.987602887209505
20231230,S36N1809,184.3515318534424,185.12189306807704,184.15701707545668
20231230,S36N1810,179.9094135261351,182.89048820291646,179.871893288102
20231230,S36N1813,181.22724851057492,181.6508188333828,180.8677610149607
20231230,S36N1815,178.29290127145677,181.6508188333828,180.6322238347493
20231230,S36N1816,179.61115604266803,183.38635595072992,180.88015770865604
20231231,S36N1818,178.3247313060402,179.17148009431548,178.20247187046334
20231231,S36N1820,179.19446200096888,179.91528171603568,178.96280241711065
20231231,S36N1821,179.88745920807492,181.15495108556934,179.72726519498974
20231231,S36N1823,182.1404578714265,184.62602532026358,183.43387660989538
20240101,S36N1828,110.99066575839657,114.46073900465854,111.68594573251903
20240101,S36N1830,109.18758580620829,112.22933413949795,110.07850778335705
20240101,S36N1832,108.577663527999,111.98140026559122,109.46693756105378
20240101,S36N1837,107.77068830009416,109.99792927433737,107.54958226950839
20240102,S36N1839,124.43886880694171,126.36156495218165,124.40495346393436
20240102,S36N1841,124.36275362549395,126.85743269999512,124.25206090835854
20240102,S36N1842,118.24643957212751,121.15495360014029,118.31404462829232
20240102,S36N1843,114.27965875463215,117.43594549153931,115.41321830358356
20240102,S36N1844,116.0361307876693,118.67561486107297,116.18181331269443
20240102,S36N1845,113.50016372232504,117.18801161763258,113.7644580421038
20240103,S36N1847,115.16029519027751,119.91528423060663,116.27685463102534
20240103,S36N1848,112.61771428715736,117.68387936544605,115.57024309039116
20240103,S36N1851,111.2173850433633,114.70867287856527,112.50412751641124
20240103,S36N1852,114.19241635080279,118.9235487349797,114.4297472704202
20240103,S36N1853,114.05723421463776,118.42768098716624,114.3099125646986
20240104,S36N1855,120.24832099952391,123.38635846530087,120.3512346255593
20240104,S36N1857,123.12468717486132,128.59296981734224,123.24792871903628
20240104,S36N1861,104.61105797506112,108.75825990480371,105.03305344935507
20240105,S36N1864,130.24616273028,136.27891990845092,131.35949862701818
20240105,S36N1865,130.36050446077877,133.30371342157014,130.34710197523236
20240105,S36N1868,129.53869586582914,131.81611017812975,129.28925077989697
20240106,S36N1873,80.86102014947186,83.71693864022382,80.86363297468051
20240106,S36N1876,92.26193496964484,95.86569846165366,92.31817794917151
20240106,S36N1877,102.9056636329979,107.51859053527005,103.02065683947876
20240109,S36N1890,188.13502248893113,191.56817378965206,189.28924826532602
20240109,S36N1891,187.74736346202658,191.32023991574533,188.88842183584347
20240109,S36N1892,182.7896786590952,186.60949631151743,184.38015756197274
20240109,S36N1893,182.35721476593673,185.86569468979724,182.5495791262947
20240109,S36N1894,172.51779146079724,181.6508188333828,177.25619091838598
20240109,S36N1895,176.0250422906632,180.65908333775587,178.51652144407853
20240110,S36N1899,132.19778283467724,135.53511828673072,132.59916799655184
20240110,S36N1901,125.40872272043381,132.80784567375667,126.52478808583692
20240111,S36N1907,144.76701330708525,150.65908459504135,150.44214245537296
20240111,S36N1909,141.5008891091122,148.6756136037875,142.84296922013164
20240111,S36N1911,141.163307699146,148.17974585597403,141.41734944516793
20240112,S36N1915,137.76621597531002,142.97313450393267,139.12396111153066
20240113,S36N1923,158.14307798032308,161.56817504693754,75.66941831633449
20240113,S36N1925,154.1899731577948,163.5516460381914,154.02478693332523
20240113,S36N1926,151.37046162372897,156.36156369489618,152.5247869961895
20240113,S36N1927,148.96762026433674,153.63429108192213,149.08263838011771
20240114,S36N1934,155.93058342567883,158.8409024339635,155.92974553117529
20240114,S36N1935,155.53672775870692,157.84916693833657,155.3966877022758
20240114,S36N1936,152.97314793539292,157.3532991905231,152.8801588821225
20240115,S36N1939,129.83078853782717,134.5433827911038,68.20660871174186
20240115,S36N1940,137.06756100849373,144.46073774737306,138.83057269407436
20240115,S36N1941,133.12944997547382,138.26239089970477,136.202473630663
20240115,S36N1942,134.02839030857345,141.23759738658555,134.520655519329
20240115,S36N1943,122.10405150619934,197.02271901560016,135.36776292184368
20240118,S36N1952,150.32193601506935,153.3863572080154,139.02478756196797
20240118,S36N1953,156.85160613757049,160.32850567740388,157.56197686772794
20240118,S36N1954,159.24377267161623,162.8078444164712,159.58677017129958
20240118,S36N1955,159.20457276587987,164.04751378600486,159.6818114896305
20240118,S36N1956,160.06561170001092,165.53511702944525,161.71900148689747
20240118,S36N1957,160.5063604018304,165.53511702944525,160.68181144772097
20240118,S36N1959,162.6747384465789,167.27065414679237,162.6528857452795
20240119,S36N1961,135.31597350609144,138.75825864751823,135.5785067146644
20240119,S36N1962,139.9366852226446,146.94007648644038,141.45453952625394
20240119,S36N1963,138.10850576303093,144.21280387346633,138.40908510843292
20240119,S36N1964,136.48665263574966,139.50206026923843,136.4173496547155
20240119,S36N1965,139.45033416532894,144.46073774737306,139.49586192239076
20240119,S36N1967,141.1137318981312,148.6756136037875,143.91321710916236
20240120,S36N1969,138.83337111614145,142.22933288221247,140.65288666728884
20240120,S36N1970,142.77681771863175,150.41115072113462,142.91321715107188
20240120,S36N1973,132.59601911876453,140.74172963877209,135.70247365161777
20240120,S36N1974,135.2507578160984,142.4772667561192,143.17354771867394
20240120,S36N1975,134.76776743674586,143.46900225174613,134.77272162446752
20240120,S36N1976,132.73458207368517,214.13015631516464,132.67354815872386
20240121,S36N1978,141.37609499732628,146.19627486472018,149.33470448525622
20240121,S36N1979,141.15411140493393,151.1549523428548,144.9793327669613
20240121,S36N1981,138.62138213302956,283.30370713514276,140.02478752005845
20240121,S36N1983,134.76539089805462,142.22933288221247,140.49586188048124
20240121,S36N1984,134.8968490055921,141.98139900830574,134.91734971757978
20240121,S36N1985,133.6555323324505,140.49379576486535,133.61569687956944
20240122,S36N1987,137.48571998044633,142.22933288221247,147.55371282435954
20240122,S36N1990,144.89244597300788,151.65082009066828,147.66941529884934
20240122,S36N1991,145.91571958690577,152.39462171238847,150.6487540169619
20240122,S36N1993,142.9750741919978,146.69214261253364,144.36363031342626
20240123,S36N1995,133.40940562545038,136.52685378235765,135.54544886481017
20240123,S36N1996,143.07974368771065,146.69214261253364,143.55784522322938
20240123,S36N1997,148.0631331000416,151.898753964575,148.24792767129838
20240123,S36N1998,151.8676555300375,158.0971008122433,152.0950349480845
20240123,S36N2000,147.787633673274,152.39462171238847,147.9504070226103
20240124,S36N2004,147.05550160635494,147.43594423425384,146.73139880923554
20240124,S36N2010,156.3501149014981,157.10536531661637,156.04131577443331
20240124,S36N2011,158.04242154152868,158.34503468615003,157.69007603591308
20240125,S36N2013,172.91418849238747,175.20453811180778,172.8718935814686
20240125,S36N2014,166.94127307590327,169.0061912641395,166.8925549890846
20240125,S36N2015,162.44526076069522,164.79131540772505,162.32643947796896
20240125,S36N2021,146.16520292614706,148.17974585597403,146.09090296830982
20240126,S36N2024,185.3944717259351,186.60949631151743,185.45866991346702
20240126,S36N2025,185.16547816065915,187.1053640593309,185.2851162017323
20240126,S36N2026,186.95867311964955,189.33676892449148,186.8305706824176
20240126,S36N2027,184.97161333467497,186.60949631151743,184.95453770319
20240126,S36N2028,184.18136254690174,185.12189306807704,183.87602535169572
20240126,S36N2029,185.55564985973774,188.84090117667802,185.8553641117178
20240126,S36N2030,186.27591404753528,187.60123180714436,186.14048806671053
20240127,S36N2032,163.3098531040644,165.28718315553851,163.15288572432473
20240127,S36N2033,167.48168951035262,171.4855300032068,32.859502755105495
20240127,S36N2035,166.22371183966163,168.75825739023276,166.07850543642417
20240127,S36N2036,163.25380146371887,166.0309847772587,163.0619766372256
20240127,S36N2037,160.00923112636548,162.8078444164712,160.17354700621217
20240127,S36N2038,155.14051862374313,157.84916693833657,155.05371251003817
20240128,S36N2040,172.44922077376586,174.46073649008758,172.40908368350938
20240128,S36N2041,171.4862501586086,174.95660423790105,171.36362918186933
20240128,S36N2042,172.18234264601813,176.1962736074347,172.1322241909802
20240128,S36N2043,169.02369217371023,171.4855300032068,168.81817474309355
20240129,S36N2048,167.28454004951385,169.50205901195295,167.3223070371896
20240129,S36N2049,172.35901434774135,177.6838768508751,173.07437291182578
20240129,S36N2050,172.37905928165316,174.70867036399432,172.33883575256914
20240129,S36N2051,169.68353207791614,173.22106712055393,169.72313338285312
20240130,S36N2056,165.35616025778634,168.01445576851256,165.3305715834722
20240130,S36N2057,175.7970712894771,178.4276784725953,175.8636289932765
20240130,S36N2058,174.0139322007332,177.18800910306163,173.90495138941333
20240131,S36N2065,164.17689492686978,168.01445576851256,164.27685261936858
20240131,S36N2069,173.14210628289388,176.1962736074347,174.17767865071073
20240131,S36N2070,170.95767496463557,173.96486874227412,171.1322242328897
20240131,S36N2071,168.9011132499305,171.73346387711354,169.9999928753823
20240201,S36N2074,174.51056683822821,176.69214135524817,175.25205877097324
20240201,S36N2076,173.8031993903452,175.94833973352797,173.59090181579813
20240201,S36N2078,170.06846365645404,177.43594297696836,170.43800938595086
20240201,S36N2079,171.40170082462816,173.96486874227412,171.11156307673082
20240202,S36N2085,158.4895419196201,161.56817504693754,158.31817518314347
20240202,S36N2087,162.67555321017485,164.54338153381832,163.68181132199243
20240203,S36N2090,172.1565986522852,174.95660423790105,172.19420765945688
20240203,S36N2091,175.31944258512814,178.4276784725953,175.25619100220501
20240204,S36N2102,165.59701687516917,168.01445576851256,165.52065422013402
20240204,S36N2103,167.583082356043,174.46073649008758,117.34710252005607
20240204,S36N2104,168.81259036200882,171.73346387711354,168.8884226740338
20240204,S36N2105,168.7070389146213,123.6342923392076,170.58263747906312
20240205,S36N2108,182.25535290983152,186.85743018542416,183.8016451895237
20240205,S36N2109,180.71910483644137,187.8491656810511,27.65289140306413
20240205,S36N2110,180.66081670140295,183.63428982463665,183.8966865078546
20240206,S36N2117,178.09219102949945,181.15495108556934,180.24792633019388
20240207,S36N2126,176.5239404894676,179.17148009431548,179.76445527607575
20240207,S36N2129,158.1470794710824,161.07230729912408,159.6818114896305
20240207,S36N2130,165.47342709768503,167.76652189460583,165.35536497086287
20240208,S36N2135,151.30141333633108,155.12189432536252,154.26032411353663
20240208,S36N2136,149.65890844500004,154.1301588297356,150.02065486973152
20240208,S36N2137,147.94969214530397,153.63429108192213,148.3016466773115
20240208,S36N2138,143.93313652710603,148.42767972988077,145.69834100129083
20240208,S36N2139,142.54285171181556,145.94834099081345,143.59916753554717
20240208,S36N2140,144.2922148488302,149.91528297332115,145.16941540362313
20240209,S36N2144,186.86105822132112,189.83263667230494,187.76445494079962
20240209,S36N2148,186.46680456912864,188.34503342886455,186.31817400967702
20240209,S36N2149,187.1235613789414,189.5847027983982,187.0826367875561
20240209,S36N2150,187.5317067888906,189.83263667230494,187.50412437319756
20240210,S36N2153,190.14787149286713,191.8161076635588,189.9380085687153
20240210,S36N2155,188.21908064303454,190.3285044201184,188.0206532771699
20240210,S36N2157,186.769997921925,189.33676892449148,186.60329796466976
20240210,S36N2158,186.17262910867348,187.60123180714436,186.00412443606183
20240210,S36N2159,186.3653344491646,188.09709955495782,186.24792607873678
20240211,S36N2163,189.09772393040868,192.06404153746553,189.2727193403989
20240211,S36N2165,192.80510271037272,195.28718189825304,192.72726465016603
20240211,S36N2167,192.12093950155133,196.77478514169343,195.19007446430624
20240211,S36N2168,191.9191420872384,195.53511577215977,191.67354568606243
20240212,S36N2172,181.52505654011466,185.12189306807704,181.4751990060322
20240212,S36N2173,180.7877365304676,183.63428982463665,180.7148684593849
20240212,S36N2175,177.9985367952811,182.394620455103,178.3842900446616
20240212,S36N2178,164.98625021559565,167.76652189460583,164.79338152334094
20240213,S36N2181,172.83615457250022,176.44420748134144,176.32230666000396
20240213,S36N2183,174.40836794779224,180.9070172116626,184.79338068515062
20240213,S36N2186,167.52997744166225,171.4855300032068,169.22313340380788
20240213,S36N2187,161.19346843853256,169.0061912641395,162.75205929484218
20240214,S36N2190,173.55589394760167,177.18800910306163,173.73139767767861
20240214,S36N2192,174.30815274245793,180.1632155899424,177.10329836281016
20240214,S36N2193,175.88616284705145,179.41941396822222,176.85123225767165
20240214,S36N2194,177.93451329003133,181.89875270728953,177.96280245902017
20240214,S36N2195,175.16173706925298,181.15495108556934,176.078505017329
20240214,S36N2196,169.3892791689226,172.9731332466472,169.70247222669423
20240215,S36N2198,174.82546864216525,179.66734784212895,180.99586018314585
20240215,S36N2203,173.80358692356913,178.92354622040875,179.88842221302912
20240215,S36N2204,175.4653733082445,179.66734784212895,199.1818098342046
20240216,S36N2210,176.46576023107826,112.72520188731141,180.1859428617172
20240216,S36N2212,178.12766783690938,183.1384220768232,209.68594162538648
20240217,S36N2214,173.9579108441691,176.9400752291549,174.03305055759847
20240217,S36N2215,177.09576725335234,180.1632155899424,177.2355297622271
20240217,S36N2216,177.0877877056516,182.89048820291646,177.2148686060682
20240217,S36N2218,175.59108010346887,180.9070172116626,6.999999706633389
20240217,S36N2219,176.4012561896621,181.6508188333828,176.45867029065266
20240217,S36N2220,177.83113524817134,186.60949631151743,116.64875544188544
20240219,S36N2224,172.79243993906502,176.1962736074347,173.31404232326895
20240219,S36N2225,167.04944303491595,170.98966225539334,168.9462739112787
20240219,S36N2226,170.06529802250327,172.47726549883373,170.30577798653394
20240219,S36N2227,172.06131764333014,174.21280261618085,172.05784402880818
20240219,S36N2228,172.53310631117418,175.4524719857145,172.46693492075428
20240219,S36N2229,170.02206159466027,173.7169348683674,170.49586062319577
20240221,S36N2231,170.21465374439066,173.22106712055393,170.51238954812288
20240221,S36N2232,163.93872091929984,168.51032351632603,164.35949724400416
20240221,S36N2233,164.4439187583859,169.0061912641395,164.61156334914267
20240221,S36N2234,162.3783567650953,166.52685252507217,162.47106757108122
20240221,S36N2237,162.8630165080153,165.78305090335198,162.867761769332
20240222,S36N2240,180.82975302666063,182.394620455103,180.694207303226
20240222,S36N2241,178.10341407051257,180.41114946384914,178.08676939597353
20240222,S36N2242,175.38513762482162,177.43594297696836,175.4751992574893
20240222,S36N2243,173.14559115894147,175.4524719857145,173.1694142301567
20240222,S36N2244,175.70585343929773,177.6838768508751,175.6900752815418
20240222,S36N2245,178.5257748743895,181.15495108556934,178.54957929393277
20240223,S36N2249,120.82952728899272,127.35330044780858,121.92561472486705
20240223,S36N2250,121.16579082031666,124.62602783483453,121.51239160168916
20240223,S36N2252,112.8920885215564,117.43594549153931,113.49999524326995
20240223,S36N2253,112.36757809947431,120.65908585232683,112.68594569060951
20240223,S36N2254,113.07834502126747,117.18801161763258,113.31817706907168
20240224,S36N2257,137.21271079803364,139.2541263953317,137.3181760632433
20240226,S36N2274,148.58017278303183,150.41115072113462,151.4710680320859
20240227,S36N2282,132.07388225068183,136.03098603454418,144.65288649965078
20240227,S36N2285,132.85117889993543,136.77478765626438,134.02892000274733
20240228,S36N2290,135.61277881152247,139.2541263953317,136.48346535442397
20240228,S36N2292,136.9562553601993,140.49379576486535,138.85123385023326
20240301,S36N2306,141.49322730149308,145.452473243,142.574374190066
20240301,S36N2312,141.81746098153243,145.452473243,141.86776264943182
20240302,S36N2314,148.86044968978047,153.3863572080154,150.23553089378402
20240302,S36N2317,139.15874470004127,142.97313450393267,139.24379581725225
20240303,S36N2323,163.32883809163604,167.76652189460583,164.92148069152609
20240303,S36N2325,169.45568014926795,173.22106712055393,171.09090192057192
20240303,S36N2326,170.21875199636972,172.47726549883373,170.59916640399024
20240303,S36N2327,170.6411767201995,173.46900099446066,170.95453828992322
20240303,S36N2329,159.34665764628744,164.2954476599116,159.61156355869025
20240304,S36N2331,165.8563766718679,168.2623896424193,114.20247455267236
20240304,S36N2332,165.76925641031974,168.2623896424193,165.69007570063695
20240304,S36N2334,165.05089078992557,167.02272027288564,164.9380096164532
20240304,S36N2336,165.9735267991453,168.2623896424193,165.84296825621277
20240305,S36N2339,139.86843538117876,144.46073774737306,142.90495268860832
20240305,S36N2342,143.38769167275345,146.19627486472018,144.9008203735575
20240305,S36N2343,138.90244835999053,142.4772667561192,141.29751473944634
20240306,S36N2349,123.90607523222015,85.9483435053844,83.52892211917788
20240306,S36N2350,117.33205650800919,119.91528423060663,117.50825953809544
20240306,S36N2355,121.31017633134657,126.11363107827492,122.68181304028258
20240308,S36N2361,178.38339142663105,180.9070172116626,178.62809168733656
20240308,S36N2362,176.665414706615,179.17148009431548,176.54131491528824
20240308,S36N2363,175.73480751717156,178.92354622040875,177.39255454903468
20240308,S36N2364,172.86600937423447,174.95660423790105,172.90081920009106
20240308,S36N2365,173.84868196100774,176.44420748134144,173.79751337738708
20240310,S36N2376,181.37446257898648,183.38635595072992,181.1446205074899
20240310,S36N2377,180.70654066263586,182.14668658119626,180.47106681670994
20240310,S36N2378,179.00112891806887,180.41114946384914,178.8553644050844
20240310,S36N2379,176.84845160966344,178.17974459868856,176.62395953992382
20240310,S36N2380,179.86527217675712,181.15495108556934,179.56610817695037
20240310,S36N2381,173.30189550319272,174.70867036399432,173.05371175566688
20240310,S36N2382,170.27329862345087,171.98139775102027,170.0413151877001
20240316,S36N2387,139.73166451558512,144.7086716212798,143.29338242439553
20240316,S36N2389,114.90107298694524,117.68387936544605,116.18181331269443
20240316,S36N2390,84.20304737018982,87.18801287491806,85.01652536261827
20240316,S36N2391,86.04077446682219,91.89875647914596,109.13635906251147
20240316,S36N2392,69.24858637983894,72.80784818832763,86.11569887027144
20240317,S36N2394,182.3767046334414,182.14668658119626,183.87189312046394
20240317,S36N2395,178.77658276074578,182.64255432900973,179.69007511390373
20240317,S36N2396,178.6478657709982,182.394620455103,178.8181743239984
20240317,S36N2397,176.5888593767612,180.41114946384914,176.71486862702295
20240317,S36N2398,175.50542430665428,179.91528171603568,176.8801578762941
20240317,S36N2399,176.23944515638996,179.91528171603568,176.23966203536838
20240318,S36N2403,161.00733919486854,165.28718315553851,161.32643951987848
20240318,S36N2404,158.77396258330404,162.8078444164712,160.55371227953583
20240318,S36N2405,157.70870381004545,161.3202411730308,157.77685289178044
20240318,S36N2406,158.44338256641643,161.56817504693754,159.15701812319458
20240318,S36N2407,157.23521122707479,161.3202411730308,158.63222475675866
20240318,S36N2408,158.83386713999383,162.064042794751,160.02065445063636
20240319,S36N2411,84.62158046600786,88.17974837054498,84.7561947950162
20240319,S36N2412,82.20492030658606,85.2045418836642,82.23140151239932
20240319,S36N2414,87.26998159425399,90.41115323570557,87.36363270226866
20240319,S36N2415,86.69960906452215,92.14669035305269,87.07437651604414
20240319,S36N2416,89.20372530074833,92.89049197477289,89.16115328809246
20240320,S36N2418,148.93098864777266,152.14668783848174,149.02065491164103
20240320,S36N2419,152.93207360810104,158.59296856005676,152.8016464887187
20240320,S36N2420,134.35329977691316,136.52685378235765,134.1528869397007
20240320,S36N2421,129.95866070804072,132.55991179984994,129.85536645865068
20240320,S36N2423,119.33034084894,122.39462296967395,120.75619328627363
20240320,S36N2424,120.27380465673949,122.39462296967395,120.19834206998348
20240321,S36N2426,127.08771875681484,131.81611017812975,128.26445743441582
20240321,S36N2428,126.781124279051,130.08057306078263,126.5661103981547
20240321,S36N2429,124.2533329271625,128.09710206952877,123.97933364706114
20240321,S36N2430,117.6643323940496,120.4111519784201,118.03305290453136
20240321,S36N2431,125.42049235192951,128.84090369124897,125.68181291455403
20240321,S36N2432,118.31947691836814,121.89875522186048,118.50825949618593
20240321,S36N2433,113.65154488982861,117.68387936544605,114.7024745317176
20240322,S36N2435,171.596722103938,174.21280261618085,171.88842254830524
20240322,S36N2436,166.5919125457273,169.0061912641395,166.66528227133676
20240322,S36N2437,134.7080316709602,137.7665231518913,134.6776803061366
20240322,S36N2438,132.39556123934722,135.78305216063745,134.02065554028377
20240322,S36N2439,132.78601947631972,135.03925053891726,132.71900270227343
20240322,S36N2440,132.3273992452874,135.53511828673072,132.2933828854002
20240322,S36N2441,128.1569256861168,130.32850693468936,128.00412686681375
20240323,S36N2443,190.3155041092276,191.8161076635588,190.08263666182756
20240323,S36N2444,176.06660224676676,178.4276784725953,176.63635623361915
20240323,S36N2445,170.1149645114062,173.46900099446066,170.80991019681096
20240323,S36N2446,174.97409359425907,177.93181072478183,175.13222406525165
20240323,S36N2448,175.2036599588802,188.59296730277129,175.4751992574893
20240323,S36N2450,175.7199898323846,177.6838768508751,175.58676950074732
20240324,S36N2454,54.94404912309627,122.89049071748741,117.6942099435255
20240324,S36N2455,55.27332153091761,130.32850693468936,123.3801601184532
20240324,S36N2458,50.16484991309078,130.82437468250282,122.05784612428397
20240324,S36N2459,47.829870253294715,130.08057306078263,121.83883786899969
20240324,S36N2460,32.19844703056523,120.65908585232683,112.52065644133836
20240325,S36N2462,58.545716512986516,133.30371342157014,115.52478854684159
20240325,S36N2463,61.015847076193396,169.99792675976641,124.25619313959032
20240325,S36N2464,24.801081875906004,347.0227127291728,85.36776501731947
20240325,S36N2465,20.37925436911295,204.70866910670884,89.28512022504583
20240325,S36N2466,23.681084544436583,197.76652063732035,85.91321953991428
20240325,S36N2467,22.297299788406924,194.54338027653284,68.68594753462821
20240325,S36N2468,20.495683039326085,190.3285044201184,54.797518364619464
20240326,S36N2469,139.7054497755602,141.98139900830574,139.66941563412547
20240326,S36N2470,157.59682640868027,161.07230729912408,157.46280331816524
20240326,S36N2471,136.6777739456461,139.00619252142496,136.61156452260911
20240326,S36N2473,144.170572818422,147.9318119820673,144.34296915726736
20240326,S36N2474,143.9071729011592,145.94834099081345,143.57024191692472
20240326,S36N2475,139.03182472000867,140.98966351267882,138.76858922559768
20240327,S36N2477,148.20410211389975,150.90701846894808,148.19834089651704
20240327,S36N2478,152.4405411151881,155.61776207317598,152.55784484604374
20240327,S36N2480,140.97193421879857,142.72520063002594,140.94627508474514
20240327,S36N2483,118.2749720192602,121.15495360014029,118.30991239706054
20240327,S36N2484,115.3788076516633,117.18801161763258,115.61569763394073
20240328,S36N2486,153.3644912025284,155.8656959470827,153.37602662993595
20240328,S36N2488,151.85569554102156,154.37809270364232,151.6280928188935
20240328,S36N2489,149.32469121341504,151.65082009066828,149.33470448525622
20240328,S36N2490,145.4203760156893,148.42767972988077,145.6818120763637
20240329,S36N2496,173.86988837516125,176.69214135524817,173.71900098398328
20240329,S36N2497,174.48431368982065,176.9400752291549,174.6900753234513
20240329,S36N2498,176.15269776619024,179.66734784212895,176.83883556397632
20240329,S36N2499,176.27429948034018,178.92354622040875,176.3925545909442
20240329,S36N2501,170.46860477078997,172.9731332466472,170.5495796292089
20240329,S36N2502,172.668505313728,175.20453811180778,172.76032333821058
20240330,S36N2505,189.39572828977998,190.57643829402514,189.24379372177646
20240330,S36N2506,188.3951792250119,190.08057054621167,188.30164500093088
20240330,S36N2507,187.26802187307862,188.34503342886455,187.07437232509255
20240330,S36N2508,187.16716670882008,188.59296730277129,187.1239590998739
20240330,S36N2509,189.50424954847625,191.0723060418386,189.34709950257093
20240331,S36N2514,93.8949573104858,96.36156620946713,93.22726882016286
20240331,S36N2515,95.06996304289231,97.84916945290752,94.81817784439772
20240331,S36N2516,98.17325545066456,101.07230981369503,98.14875621721148
20240331,S36N2517,100.05573512613962,103.79958242666908,100.65702057490125
20240331,S36N2519,107.154053785045,110.49379702215083,107.52065665088594
20240331,S36N2520,113.56835985444334,116.19627612200566,113.57850763667375
20240331,S36N2521,108.80140761613846,111.98140026559122,109.51652433583513
20240401,S36N2524,126.00845993474223,128.84090369124897,126.00412695063278
20240401,S36N2525,127.21467559854005,131.32024243031628,127.48346573160961
20240401,S36N2528,138.67363318414948,141.23759738658555,138.82644046284258
20240401,S36N2530,141.4888626612286,144.46073774737306,141.68594447523355
20240402,S36N2532,135.96792078601405,139.50206026923843,137.6694157179445
20240402,S36N2533,134.26661380402598,137.7665231518913,134.92974641127512
20240402,S36N2534,133.965841415194,137.7665231518913,138.14875454083085
20240402,S36N2535,133.68754069033875,138.26239089970477,136.94214302115142
20240402,S36N2537,130.65570231581722,137.51858927798457,139.4462751476094
20240402,S36N2538,137.74236272289434,142.4772667561192,140.9710684721358
20240403,S36N2541,189.2902498183057,190.82437216793187,188.8057772112079
20240403,S36N2542,187.0065991606447,188.84090117667802,186.95866985060275
20240403,S36N2543,181.79246424619467,184.8739591941703,181.7313973424025
20240403,S36N2544,181.27609917469547,184.37809144635685,181.12809158256277
20240403,S36N2545,181.08784734806832,183.63428982463665,181.04957918915898
20240403,S36N2546,181.53641984436663,184.37809144635685,181.74379403609782
20240404,S36N2548,180.5607485004428,186.3615624376107,182.60329813230783
20240404,S36N2549,182.00094516928283,186.60949631151743,184.7561906040646
20240404,S36N2551,179.75482828043496,183.63428982463665,179.94214121904224
20240404,S36N2553,175.57864065706056,181.40288495947607,178.3884222758934
20240404,S36N2554,173.89279241338107,179.17148009431548,177.0165215069428
20240405,S36N2557,189.6417312634315,193.05577703309245,189.66114907618612
20240405,S36N2558,187.68796332162808,190.57643829402514,188.8842896046117
20240405,S36N2559,189.40455855821546,191.8161076635588,189.26032264670357
20240405,S36N2561,190.07627768556034,193.30371090699919,189.9751986498013
20240405,S36N2562,191.19647913651445,194.04751252871938,191.23552917549387
20240406,S36N2564,190.9274020503108,193.30371090699919,191.96693410351872
20240406,S36N2565,189.9715159785398,193.05577703309245,189.87189286900684
20240406,S36N2567,189.85174231138947,191.32023991574533,189.54131437046453
20240406,S36N2568,187.40232262408776,190.57643829402514,187.26858719298616
20240406,S36N2569,187.19238689066165,189.5847027983982,186.96280208183452
20240407,S36N2576,184.15866981180145,186.3615624376107,185.18594265216962
20240407,S36N2578,180.9534526151335,181.6508188333828,180.68181060953066
20240408,S36N2582,195.8078790198573,196.27891739387996,195.4504050319083
20240408,S36N2584,189.14977579130178,189.83263667230494,190.52065317239612
20240408,S36N2585,187.45583557377097,187.8491656810511,187.103297943715
20240408,S36N2586,187.12993371087265,187.8491656810511,188.28098384477198
20240408,S36N2587,182.62651588896316,183.63428982463665,182.42974442057312
20240408,S36N2588,183.50482264670822,184.62602532026358,183.16528157982975
20240409,S36N2591,186.86067596880162,187.8491656810511,187.8677607215941
20240409,S36N2592,185.61420980402468,186.11362856370397,185.31404182035476
20240410,S36N2600,165.33232122688884,168.75825739023276,165.59090215107426
20240410,S36N2601,160.69709419915165,169.99792675976641,4.13223123177886
20240410,S36N2602,158.58980067117582,169.0061912641395,4.13223123177886
20240410,S36N2603,156.5637766717561,159.5847040556837,156.6528859967366
20240411,S36N2609,163.8065180879402,169.0061912641395,166.62395995901898
20240411,S36N2610,158.4318415305453,170.7417283814866,160.9132163967006
20240411,S36N2611,157.21865774150825,161.07230729912408,157.3512330749072
20240411,S36N2612,160.72431487634023,164.2954476599116,160.8347040032968
20240411,S36N2614,143.34572828938573,147.1880103603471,143.90908487793058
20240412,S36N2617,189.0859220329492,191.56817378965206,189.214868103154
20240412,S36N2618,186.97268463109023,188.09709955495782,186.72313267039135
20240412,S36N2619,187.68267515733726,189.08883505058475,187.42147974856198
20240412,S36N2621,182.5969082501694,184.13015757245012,182.33057087101042
20240412,S36N2622,190.52839219587912,191.32023991574533,190.2685870672576
20240413,S36N2626,188.9089721440873,192.80784315918572,190.21900029247627
20240413,S36N2627,186.28635538496076,189.08883505058475,186.09503352316096
20240414,S36N2635,187.2158174764174,188.09709955495782,186.99172770045698
20240414,S36N2636,187.6354550172599,189.5847027983982,187.36776074254885
20240414,S36N2637,183.5927455779086,187.1053640593309,187.3966863611713
20240414,S36N2642,193.58810559857557,195.28718189825304,193.44627288449556
20240415,S36N2645,189.00911998484852,190.3285044201184,188.78924828628078
20240415,S36N2646,189.268876165196,191.0723060418386,188.97519869171083
20240415,S36N2647,183.78549066451544,184.37809144635685,183.51238900329918
20240415,S36N2648,188.0665263751937,188.59296730277129,187.70660370355472
20240415,S36N2649,187.60573030526956,189.5847027983982,187.30577727407217
20240415,S36N2650,182.5469469125592,184.37809144635685,182.46693450165913
20240416,S36N2658,187.10516300965807,187.35329793323763,186.76032275147736
20240416,S36N2659,193.4135063866752,197.02271901560016,40.442147065419704
20240417,S36N2663,164.41103328339972,168.01445576851256,164.57437326805666
20240417,S36N2664,158.0755233454946,161.56817504693754,158.18181155249476
20240417,S36N2665,155.21259942947952,158.8409024339635,155.2603240716271
20240417,S36N2666,153.11189756641292,156.85743144270964,153.41734894225374
20240417,S36N2667,150.4645818112776,155.12189432536252,150.50412592384964
20240417,S36N2668,148.7396952369189,152.39462171238847,149.97933255741373
20240417,S36N2669,149.66669211512465,152.6425555862952,149.70660529611632
20240418,S36N2673,111.93035215104072,119.91528423060663,113.5495820180513
20240419,S36N2680,150.61889573537886,156.11362982098944,153.42974563594908
20240419,S36N2683,155.16563989451572,161.56817504693754,153.94214230868965
20240420,S36N2693,155.99177586847384,164.2954476599116,50.70247721392661
20240421,S36N2698,132.95083204944655,142.72520063002594,190.3305705357343
20240421,S36N2701,133.23887260201118,194.04751252871938,160.6404891354032
20240422,S36N2704,128.82001742518926,133.30371342157014,129.07437475584447
20240422,S36N2705,131.05333599468204,135.53511828673072,131.045449053403
20240422,S36N2706,133.23835341840712,137.27065540407784,134.67354807490483
20240423,S36N2713,114.05446183373851,116.19627612200566,113.83057374181226
20240423,S36N2714,104.69442801141716,107.51859053527005,104.80578073160723
20240423,S36N2715,105.07767998672445,108.26239215699024,104.78098734421656
20240423,S36N2716,107.12574888570757,110.74173089605756,107.36776409531012
20240423,S36N2717,106.42305936967517,109.74999540043063,106.6487558609806
20240423,S36N2718,120.35310166666876,123.13842459139414,120.62809411808848
20240424,S36N2721,107.72765784040652,113.71693738293834,142.144622141961
20240425,S36E2727,139.63188582465594,144.7086716212798,140.84296930395067
20240425,S36E2728,141.30056247881322,145.70040711690672,141.58677092567086
20240425,S36E2729,136.44776725716414,140.74172963877209,152.84296880103648
20240425,S36E2730,134.89710873748817,139.50206026923843,136.42974634841084
20240425,S36E2731,133.20716650310243,138.01445702579804,136.50412651058286
20240425,S36E2732,131.9824973664821,136.52685378235765,154.29338196339086
20240425,S36E2733,132.0228790202061,135.287184412824,153.33057208638638
20240425,S36E2734,129.75528571051336,134.5433827911038,152.96280350675806
20241218,S36N3105,167.69970504435267,170.24586063367315,167.595034298487
20241218,S36N3106,171.47644964233942,174.70867036399432,172.54544731415808
20241218,S36N3107,170.1458783690419,173.22106712055393,170.14048873726279
20241218,S36N3109,169.86731954599284,173.7169348683674,171.55371181853116
20241218,S36N3110,170.3474243312,173.46900099446066,174.5950340051204
20241219,S36N3115,170.8938783978918,172.47726549883373,170.66941433493048
20241219,S36N3116,163.614609600968,164.79131540772505,163.34296836098656
20241219,S36N3117,161.1123036915078,163.05577829037793,160.91734862793237
20241219,S36N3118,160.4412000765602,161.3202411730308,163.20660473033786
20241219,S36N3119,160.44982385090876,161.81610892084427,160.23139824345708
20241219,S36N3120,160.54734308174577,161.56817504693754,163.65701793460175
20241220,S36N3123,141.43771892376003,144.21280387346633,142.38429155340418
20241220,S36N3124,125.86394886761585,129.0888375651557,125.85536662628874
20241220,S36N3125,129.87284210121936,133.0557795476634,131.8429696811363
20241220,S36N3126,135.13671613323223,139.00619252142496,140.80164699163288
20241220,S36N3127,139.4562925407001,141.733465134399,139.33470490435138
20241221,S36N3134,120.95897952402639,124.62602783483453,120.99999492894858
20241221,S36N3135,116.94039558169075,120.4111519784201,118.59916858328506
20241221,S36N3136,129.38992861303734,131.81611017812975,129.36776317330077
20241221,S36N3137,126.62602428021006,129.58470531296916,127.86363100493327
20241223,S36N3149,101.48388093923859,103.79958242666908,101.47933459002525
20241223,S36N3150,92.30314699318696,95.61776458774693,91.97107052570209
20241223,S36N3151,85.4083421063594,89.17148386617191,85.22726915543899
20241223,S36N3152,79.68845617586834,81.9814015228767,79.5165255931206
20241223,S36N3153,96.76830851159409,100.0805743180681,96.72313644224778
20241223,S36N3154,59.04785903530531,63.386360979871824,59.140493389219046
20241223,S36N3155,66.5898563647272,69.08884007972665,66.50412944424897
20241223,S36N3156,72.01557257050312,77.51859179255553,72.53305481141433
20241224,S36N3158,106.47172598634602,109.99792927433737,106.6694170171395
20241224,S36N3159,114.91771895410758,117.68387936544605,115.30578029155731
20241224,S36N3160,106.41531806851323,110.74173089605756,106.6280947048217
20241224,S36N3161,96.9739128272123,101.32024368760176,98.34297108510509
20241224,S36N3162,66.71728891350813,71.0723110709805,67.438013702631
20241224,S36N3163,52.692038164181895,55.948344762669876,52.91735315416008
20241224,S36N3165,34.798367953491656,39.83264295873232,35.037188614252955
20241225,S36N3168,138.2342077775891,143.9648699995596,138.28925040271133
20241225,S36N3169,138.7901326783273,145.452473243,138.6074322075583
20241225,S36N3170,125.12783177345935,131.81611017812975,125.19420962920412
20241225,S36N3171,93.23857598904843,98.84090494853444,93.36776468204334
20241225,S36N3172,120.24354742918518,124.3780939609278,120.4090858628042
20241225,S36N3173,124.4664983310343,128.3450359434355,125.9421434821561
20241225,S36N3174,125.0348742776642,128.09710206952877,124.82230881834403
20241225,S36N3175,114.7494076301961,119.17148260888644,116.04544968204573
20241226,S36N3177,135.15496589030926,137.7665231518913,135.26032490981743
20241226,S36N3178,135.117543462875,139.00619252142496,136.13635793095455
20241226,S36N3179,136.4505147951603,139.9979280170519,136.65701906615868
20241226,S36N3181,134.70135966856185,138.26239089970477,134.7768538556993
20241226,S36N3182,137.14390129085464,139.50206026923843,137.19420912628993
20241226,S36N3183,139.55646694618287,143.2210683778394,140.66941559221596
20241226,S36N3184,145.41555769439555,147.68387810816057,145.4504071273841
20241226,S36N3185,150.71381439108373,153.3863572080154,150.66528294188902
20241227,S36N3187,145.34755680503193,148.42767972988077,145.40082035260275
20241227,S36N3188,150.18297318167407,153.13842333410867,149.99172925110906
20241227,S36N3189,150.9590618568856,154.62602657754906,150.92974574072286
20241227,S36N3190,151.42815419556297,155.36982819926925,153.11982829356566
20241227,S36N3191,152.8794428223773,156.6094975688029,152.9752002004534
20241227,S36N3192,156.1917635530181,159.5847040556837,156.66528269043192
20241227,S36N3193,158.35138098211928,161.3202411730308,158.69834045646712
20241227,S36N3194,160.178401483152,163.5516460381914,160.4421420362778
20241228,S36N3198,156.28968851244082,160.82437342521735,159.2892495226115
20241228,S36N3199,156.9541220030533,159.5847040556837,156.85536532709375
20241228,S36N3200,156.53837893147926,160.08057180349715,158.12396031524986
20241228,S36N3201,154.57187275938418,157.60123306442983,154.61156376823783
20241228,S36N3202,153.63368151873132,156.6094975688029,153.49586133565754
20241229,S36N3204,157.25761210748388,160.32850567740388,158.8181751621887
20241229,S36N3205,157.39850053919102,160.08057180349715,158.74792723124847
20241229,S36N3206,156.87581520629595,159.83263792959042,158.2727206395939
20241229,S36N3208,160.29111544339818,163.05577829037793,162.20660477224737
20241229,S36N3209,160.22218799037134,162.064042794751,160.0702412254177
20241229,S36N3210,162.69746272273193,164.54338153381832,162.46280310861766
20241229,S36N3211,165.30850345440132,167.76652189460583,165.15701787173748
20241230,S36N3213,164.8196512754387,166.7747863989789,164.7231335924007
20241230,S36N3214,165.24278390543597,167.27065414679237,165.10329886572435
20241230,S36N3215,163.41100652339983,165.03924928163178,163.18594357417896
20241230,S36N3216,162.9703881679462,164.79131540772505,162.70247252006084
20241230,S36N3218,164.235838758827,165.53511702944525,164.02891874546185
20241230,S36N3219,167.38140196218254,170.98966225539334,169.91734825074673
20241231,S36N3221,171.08292025366381,172.47726549883373,170.84710027789697
20241231,S36N3222,170.51172222862454,171.98139775102027,170.28924906160682
20241231,S36N3223,171.74465073295613,173.46900099446066,171.6239597494714
20241231,S36N3224,172.83449034174433,174.21280261618085,172.58676962647587
20241231,S36N3225,173.99480456143948,175.20453811180778,173.72313321521506
20241231,S36N3226,173.697629914069,176.1962736074347,173.4421414914541
20241231,S36N3227,172.31629831426102,173.7169348683674,173.82230676477775
20250101,S36N3231,160.80560611508832,162.064042794751,160.5991668230854
20250101,S36N3232,162.08501545361034,163.30371216428466,161.83883619261906
20250101,S36N3233,163.39432390546034,164.04751378600486,163.13222456816584
20250101,S36N3234,165.09246998352802,167.02272027288564,166.35123269772157
20250101,S36N3235,169.73027201754067,170.7417283814866,169.61982760205865
20250102,S36N3238,149.87603106701175,152.14668783848174,149.85123338922858
20250102,S36N3239,148.17229118183494,149.91528297332115,147.97933264123276
20250102,S36N3240,146.9458978337782,148.17974585597403,146.71073765307665
20250102,S36N3241,147.03004538318626,148.42767972988077,149.35536564141512
20250102,S36N3242,148.9795378285235,149.91528297332115,148.71073756925762
20250102,S36N3243,151.01799627953287,151.898753964575,150.79751434130594
20250102,S36N3244,152.6242147944768,153.88222495582886,155.11982820974663
20250103,S36N3248,119.66387205550004,122.14668909576721,119.6487553161569
20250103,S36N3251,103.78797279411964,115.45247450028546,119.44214375456795
20250104,S36N3258,124.10751175574404,136.03098603454418,132.98346550110728
20250104,S36N3260,117.29653387557462,130.82437468250282,119.67354870354757
20250104,S36N3261,115.54619905303772,409.7499828275759,115.80578027060255
20250104,S36N3262,120.58887358180054,219.336767667206,126.35949883656576
20250104,S36N3263,117.14188901068744,170.24586063367315,129.19007723033428
20250105,S36N3265,106.00538419982686,108.26239215699024,106.57850793004036
20250105,S36N3266,94.85127686253217,98.59297107462771,95.02478940598667
20250105,S36N3267,97.16994349587135,101.07230981369503,97.21487195882946
20250105,S36N3268,99.6332864615098,103.05578080494888,99.50412806123495
20250105,S36N3269,103.84099820002936,107.27065666136332,103.82644192967564
20250105,S36N3270,107.40597197533944,111.23759864387102,93.99586382927373
20250106,S36N3274,159.63241637295872,162.064042794751,159.71486933948472
20250106,S36N3275,150.89211270597895,153.3863572080154,150.91321681579575
20250106,S36N3276,154.84725878331986,157.60123306442983,155.01652242895216
20250106,S36N3277,155.48463031546598,157.84916693833657,155.44214224582538
20250106,S36N3278,156.52531207348352,159.08883630787022,156.47106782253832
20250106,S36N3279,169.15629136253523,171.4855300032068,169.23553009750322
20250107,S36N3281,115.75766571806604,117.43594549153931,115.07850757380947
20250107,S36N3282,95.29626178762854,98.84090494853444,95.02065717475489
20250107,S36N3283,100.5962738384873,103.55164855276234,101.88429325073957
20250107,S36N3284,93.70813658981771,96.60950008337386,96.57024388667196
20250107,S36N3285,102.80472012865135,106.77478891354986,103.79338407982141
20250107,S36N3286,106.54782606055981,109.5020615265239,106.67354924837127
20250108,S36N3289,140.00277812258275,142.22933288221247,139.8388371146284
20250108,S36N3290,135.24887956394932,136.77478765626438,135.08263896685094
20250108,S36N3292,129.94592241308433,131.56817630422302,129.91734992712736
20250108,S36N3293,128.25178747678686,130.08057306078263,128.19420950347558
20250108,S36N3294,128.67723402090655,131.81611017812975,128.49586238339543
20250108,S36N3295,131.98315845650856,134.5433827911038,131.42974655795842
20250109,S36N3297,158.46952415177256,160.5764395513106,158.41321650147438
20250109,S36N3298,159.0351653322578,161.07230729912408,158.91321648051962
20250109,S36N3300,152.53518729354926,155.12189432536252,152.3512332844548
20250109,S36N3301,151.32946926652363,153.88222495582886,151.26858870172873
20250109,S36N3302,148.33209114446254,150.65908459504135,148.442142539192
20250109,S36N3303,147.25945385734286,149.4194152255077,147.2107376321219
20250110,S36N3305,125.2836363221743,128.09710206952877,125.3553666472435
20250110,S36N3306,127.1664171176474,129.58470531296916,127.34710210096091
20250110,S36N3307,131.40521950385394,136.27891990845092,131.38842424564064
20250110,S36N3308,136.3494207127844,141.23759738658555,136.34710172377527
20250110,S36N3309,138.39965845919383,142.72520063002594,138.39668841473758
20250110,S36N3310,132.81625668586696,138.26239089970477,132.83057294553146
20250111,S36N3313,102.41685852750994,107.27065666136332,113.81817704811692
20250111,S36N3314,96.63491031970354,99.33677269634791,96.82230999181047
20250111,S36N3315,92.96958197240133,97.35330170509405,94.43388033984229
20250111,S36N3316,86.22109566432306,90.6590871096123,86.26445919461548
20250111,S36N3317,78.4047056030055,81.9814015228767,79.49586443696171
20250111,S36N3318,70.22103222943284,75.53512080130167,71.42148461006582
20250111,S36N3319,62.83573053709857,66.60950134065934,63.84710476221517
20250112,S36N3321,134.34263083473934,138.5103247736115,135.80991166364402
20250112,S36N3322,131.78393869794292,136.27891990845092,133.3099117684178
20250112,S36N3323,127.8621044449648,133.55164729547687,129.66941605322063
20250112,S36N3324,126.55672986646697,136.77478765626438,128.22313512209803
20250112,S36N3325,116.90580357236423,122.89049071748741,118.376028096769
20250112,S36N3326,102.20359087711958,109.74999540043063,102.16941720573232
20250112,S36N3327,102.73259692736649,106.03098729182966,102.72726842202246
20250112,S36N3328,97.09948080973201,101.81611143541522,96.88429346028715
20250113,S36N3330,123.16427681257758,130.82437468250282,124.82230881834403
20250113,S36N3331,125.18167125965843,129.8326391868759,125.85949885752052
20250113,S36N3332,123.62905981739198,128.59296981734224,137.19420912628993
20250113,S36N3333,122.32984411916462,126.60949882608838,125.45867242803797
20250113,S36N3334,121.05241063195133,125.61776333046146,121.12396186590195
20250113,S36N3335,119.4465495838837,121.89875522186048,119.48759829811752
20250113,S36N3336,120.75669313346269,123.88222621311434,120.78511890489608
20250114,S36N3338,112.53010986758277,116.94007774372585,132.10743247997016
20250114,S36N3339,112.29557541722133,115.94834224809892,133.9752009967342
20250114,S36N3340,111.4472019054912,115.94834224809892,126.92974674655125
20250114,S36N3341,108.45497699847611,112.97313576121815,110.86776394862682
20250114,S36N3343,109.07817833881651,112.47726801340468,108.85949956998229
20250114,S36N3344,102.72170247500341,106.77478891354986,105.69834267767146
20250114,S36N3345,103.39063701536224,107.02272278745659,105.94214432034642
20250115,S36N3347,154.64272721164576,156.85743144270964,154.7520596301183
20250115,S36N3348,152.72357323132397,155.61776207317598,152.86776218842715
20250115,S36N3350,149.00971244957805,151.65082009066828,148.62396071339026
20250115,S36N3351,150.4105780373131,152.39462171238847,150.32230774965137
20250115,S36N3352,153.0302399520462,155.36982819926925,152.91321673197672
20250115,S36N3353,154.06006552037377,155.8656959470827,153.91734892129898
20250117,S36N3361,144.7089881191469,146.69214261253364,145.92974595027044
20250117,S36N3362,143.01024422215298,144.7086716212798,142.74379567056894
20250117,S36N3363,137.0068658312905,138.5103247736115,136.84296947158873
20250117,S36N3364,143.28910642720908,144.46073774737306,143.04131631925702
20250117,S36N3365,150.68674297771696,152.14668783848174,150.85949780978262
20250117,S36N3367,153.9355419409189,155.12189432536252,153.70247289724648
20250118,S36N3370,131.18932923717017,132.80784567375667,132.4917299845256
20250118,S36N3371,133.67408746967263,134.29544891719706,133.3512340807356
20250118,S36N3372,135.54931904882662,137.7665231518913,137.0041264896281
20250118,S36N3374,137.1976382360377,139.00619252142496,137.847101660911
20250118,S36N3375,142.11245187850326,142.72520063002594,141.82644033711404
20250118,S36N3376,146.9098204415966,148.42767972988077,146.797514508944
20250119,S36N3378,140.70278879690935,143.2210683778394,142.1487543731928
20250119,S36N3379,139.87835156030596,140.74172963877209,143.70660554757342
20250119,S36N3380,143.10289288855063,144.46073774737306,143.359498124104
20250119,S36N3381,144.05008630355184,145.20453936909325,143.76445678481832
20250119,S36N3382,144.86280044318787,146.19627486472018,144.58677079994231
20250119,S36N3383,147.30624042662745,148.6756136037875,147.02065499546006
20250119,S36N3384,148.41453431206708,150.41115072113462,149.80164661444724
20250119,S36N3385,148.48539082650368,151.65082009066828,150.63635732326657
20250120,S36N3391,144.1017578638303,145.20453936909325,143.9834650401026
20250120,S36N3392,145.1935013782271,147.1880103603471,145.01239061681554
20250120,S36N3393,145.30126741467546,147.1880103603471,145.14875424746424
20250120,S36N3394,145.19417122954385,147.68387810816057,146.68594426568598
20250120,S36N3395,148.6765915492769,150.65908459504135,147.98759710369632
20250121,S36N3397,156.23637692172284,160.08057180349715,155.88015875639394
20250121,S36N3398,155.90004253033248,158.59296856005676,157.06610911991447
20250121,S36N3400,156.29792980756253,158.8409024339635,156.24792733602226
20250121,S36N3401,155.18885793890857,157.3532991905231,155.97933230595663
20250121,S36N3402,157.30695697048571,158.8409024339635,157.40495208092034
20250121,S36N3403,155.8678170973483,158.59296856005676,157.0041256514378
20250121,S36N3404,154.08103373068005,156.36156369489618,154.028919164557
20250122,S36N3406,152.2416636333213,153.13842333410867,152.02891924837604
20250122,S36N3407,151.37297254193842,153.3863572080154,152.5454481523484
20250122,S36N3408,151.7049799890641,153.13842333410867,153.93801007745788
20250122,S36N3409,150.50647650879563,153.13842333410867,154.90495218569413
20250122,S36N3410,151.44613630844577,153.63429108192213,151.38429117621854
20250122,S36N3411,152.67171617107317,156.11362982098944,154.78924971120432
20250122,S36N3412,154.26338191764938,155.36982819926925,154.0123902396299
20250122,S36N3413,154.03396398547127,156.11362982098944,155.30577861517668
20250123,S36N3415,155.12973010311296,156.11362982098944,154.85949764214456
20250123,S36N3416,155.14615762212918,156.11362982098944,154.851233179681
20250123,S36N3417,155.27080866139212,156.6094975688029,157.6074314112775
20250123,S36N3418,154.94272313614326,155.8656959470827,154.5950348433107
20250123,S36N3419,153.0995619706296,153.63429108192213,152.75205971393734
20250123,S36N3420,156.44369737792115,157.84916693833657,156.23139841109514
20250123,S36N3421,141.71665129673744,142.97313450393267,141.4214816763997
20250123,S36N3422,145.08069189043132,146.19627486472018,144.8264402113855
20250124,S36N3424,155.7811133628979,159.33677018177696,157.09090250730515
20250124,S36N3425,155.2345781661544,158.8409024339635,157.09090250730515
20250124,S36N3426,154.301016203259,158.0971008122433,157.1363570508547
20250124,S36N3427,152.25736023475662,156.11362982098944,152.3512332844548
20250124,S36N3429,152.42238004538515,155.8656959470827,152.4875969151035
20250124,S36N3430,153.3621483332263,156.6094975688029,153.50825802935287
20250124,S36N3431,152.07869859511837,155.61776207317598,154.48346460005268
20250125,S36N3433,158.66918559572994,159.83263792959042,158.3925553453155
20250125,S36N3434,157.86950838783994,158.8409024339635,157.55784463649616
20250125,S36N3435,158.790351425889,159.83263792959042,158.5082578198053
20250125,S36N3436,159.08046534892858,160.08057180349715,158.79751400602981
20250125,S36N3438,152.42874701415622,155.12189432536252,152.49172914633527
20250125,S36N3439,153.64459939214262,156.36156369489618,153.60743157891557
20250125,S36N3441,157.04939814767917,159.5847040556837,157.19420828809962
20250126,S36N3443,130.28730690408784,134.5433827911038,131.69834158802405
20250126,S36N3444,126.88371585552086,130.82437468250282,126.9586723651737
20250126,S36N3445,122.27694073626763,125.61776333046146,122.42561470391229
20250126,S36N3447,106.32075762529908,110.74173089605756,106.53305338649079
20250126,S36N3448,107.03613458727476,110.49379702215083,106.921483122278
20250126,S36N3449,107.37466523105903,110.2458631482441,107.23140046466142
20250126,S36N3450,90.80155176021147,94.37809521821328,90.96693833637983
20250127,S36N3452,100.63513311687973,103.05578080494888,100.76032635569572
20250127,S36N3453,103.4568557356227,106.27892116573639,103.6570204491727
20250127,S36N3454,103.68108626173301,105.78305341792293,103.80578077351674
20250127,S36N3455,101.73765439689586,104.29545017448254,101.76859077624977
20250127,S36N3456,102.6412579515063,104.791317922296,102.52892132289708
20250127,S36N3457,102.25813772797818,104.791317922296,102.35536761116236
20250127,S36N3458,101.92462096629262,104.29545017448254,102.12396266218275
20250128,S36N3461,94.83208528981376,97.84916945290752,95.02478940598667
20250128,S36N3462,88.6425030178806,91.15495485742576,88.75619462737814
20250128,S36N3463,95.61368799989953,98.34503720072098,95.21073981141672
20250128,S36N3464,98.96111347022476,101.56817756150849,99.04958262573928
20250128,S36N3465,93.42255402981836,95.61776458774693,93.33057460095733
20250128,S36N3466,97.38539256949639,100.0805743180681,97.71073970664293
20250128,S36N3467,94.14993442084067,96.60950008337386,93.9421448232606
20250128,S36N3468,92.77165452251228,95.12189683993347,92.74792999727651
20250129,S36N3481,76.5450250315787,79.25412890990265,76.67355050565675
20250129,S36N3482,78.91927180967863,82.22933539678343,78.82644297741354
20250129,S36N3483,81.35520558491541,84.95660800975747,81.3553684912622
20250129,S36N3484,88.2374549234522,90.90702098351903,88.1570210987702
20250129,S36N3485,92.15166952235124,94.37809521821328,92.23553332453594
20250129,S36N3486,97.11469535396822,99.58470657025464,97.19834303390235
20250129,S36N3487,111.39439835794782,114.2128051307518,111.85536721302196
20250130,S36N3489,160.7103403233224,163.30371216428466,160.71900152880698
20250130,S36N3490,160.2372416235787,162.064042794751,160.0537123004906
20250130,S36N3491,156.68165627981182,158.8409024339635,156.53718352224678
20250130,S36N3493,135.6398512109503,137.7665231518913,135.59090340835974
20250130,S36N3494,144.94344222152134,146.94007648644038,145.0371840042062
20250130,S36N3495,150.4286732445866,152.89048946020193,150.4917292301543
20250131,S36N3498,165.19517722978017,167.76652189460583,165.12396002188325
20250131,S36N3499,164.31695346807126,167.02272027288564,164.1776790698059
20250131,S36N3500,169.6669686044435,171.4855300032068,169.7644556951709
20250131,S36N3501,161.47589987348735,163.30371216428466,161.3223072886467
20250131,S36N3502,164.02512867866216,166.52685252507217,163.87602618988603
20250131,S36N3503,169.29067490636103,171.98139775102027,169.29338133474812
20250201,S36N3505,150.33346299003898,155.8656959470827,152.12396056670696
20250201,S36N3507,157.44211968503265,161.3202411730308,159.58677017129958
20250201,S36N3508,156.65420044526726,163.79957991209812,156.53718352224678
20250201,S36N3509,158.13486493384096,163.05577829037793,161.61156347487122
20250201,S36N3510,147.06118875780862,153.13842333410867,153.18181176204234
20250201,S36N3511,163.44134641843544,166.52685252507217,163.80991049017757
20250202,S36N3513,159.13555009743033,162.064042794751,164.3884228626266
20250202,S36N3514,164.02846911425334,167.5185880206991,164.02891874546185
20250202,S36N3515,164.05070656617337,169.50205901195295,167.06197646958753
20250202,S36N3516,160.95492519999198,165.03924928163178,166.7190012773499
20250202,S36N3517,159.6057504138052,163.5516460381914,160.93387755285949
20250202,S36N3518,136.85905143977482,140.98966351267882,138.8636305439286
20250202,S36N3519,155.50198566949354,159.5847040556837,159.54958009021357
20250203,S36N3521,137.00201221370222,139.9979280170519,137.20660581998527
20250203,S36N3522,145.3979120779091,149.17148135160096,149.91321685770527
20250203,S36N3524,158.85906026654644,163.05577829037793,167.2231334876269
20250203,S36N3525,139.62386646242703,144.21280387346633,142.37602709094062
20250203,S36N3526,136.94518743920366,140.49379576486535,146.01239057490602
20250203,S36N3527,151.17038754219485,153.13842333410867,151.19007630832493
20250204,S36N3529,164.11239790133345,166.27891865116544,171.32230686955154
20250204,S36N3530,171.15171854847068,172.229331624927,170.89255482144654
20250204,S36N3531,143.73456108862928,145.20453936909325,144.18594437045977
20250204,S36N3532,130.3329726075456,132.80784567375667,130.46693668095395
20250204,S36N3533,159.7826304831854,163.30371216428466,162.62809235788882
20250204,S36N3534,162.07165150493915,169.25412513804622,166.26445584185421
20250204,S36N3535,160.241348485069,163.5516460381914,160.37189410533756
20250205,S36N3537,146.0064189096236,148.42767972988077,145.93387818150222
20250205,S36N3538,146.9674667188646,149.4194152255077,146.78925004648045
20250205,S36N3539,138.7188412576218,140.98966351267882,138.59503551386297
20250205,S36N3540,145.3245014480724,148.17974585597403,145.34710134658962
20250205,S36N3541,159.08812499389518,161.07230729912408,158.94214209914207
20250205,S36N3542,156.69530794163867,158.59296856005676,156.533051291015
20250205,S36N3543,167.41159843594258,170.49379450757988,167.47519959276542
20250206,S36N3545,146.7407047542702,149.17148135160096,146.9545392957516
20250206,S36N3547,153.93495189100003,156.85743144270964,156.97933226404712
20250206,S36N3548,162.78277881189118,165.28718315553851,165.5413153762929
20250206,S36N3549,164.75327753163123,166.0309847772587,164.49586087465286
20250206,S36N3550,173.00863247920427,175.4524719857145,172.86362911900505
20250206,S36N3551,161.61823211572366,163.5516460381914,161.4586709192954
20250206,S36N3552,158.25427237930688,160.82437342521735,159.55371232144535
20250207,S36N3554,146.8473125575832,149.91528297332115,147.1322252387181
20250207,S36N3555,157.25750357116053,160.82437342521735,157.2975140688941
20250207,S36N3556,153.94644847288134,156.11362982098944,154.17767948890105
20250207,S36N3557,155.02524781648572,156.85743144270964,154.97520011663437
20250207,S36N3558,154.4645037073504,156.6094975688029,154.5413158372976
20250207,S36N3559,155.29331997024792,157.3532991905231,155.07850589742884
20250207,S36N3560,159.8575874061745,161.81610892084427,159.8760263575241
20250207,S36N3561,164.06270072562467,166.0309847772587,163.83883610880002
20250208,S36N3563,180.42992547987453,183.1384220768232,180.62809160351753
20250208,S36N3564,182.31073346086967,184.8739591941703,182.75619068788365
20250208,S36N3565,179.70850538656268,181.40288495947607,179.53305032709613
20250208,S36N3567,172.95977495386052,174.21280261618085,172.8140423442237
20250208,S36N3568,172.58508563959188,173.96486874227412,172.603298551403
20250208,S36N3569,174.1781008281133,176.1962736074347,174.09916625730693
20250208,S36N3571,171.5836131295612,172.72519937274046,171.29751348216087
20250209,S36N3574,191.25059996902345,194.04751252871938,192.3801572266966
20250209,S36N3575,186.68215576257631,189.33676892449148,186.5206533400342
20250209,S36N3577,177.1946077960334,181.89875270728953,180.2851164112799
20250209,S36N3578,178.64407324263536,181.6508188333828,178.4834635942243
20250209,S36N3580,175.60599479065982,180.1632155899424,175.60329842567444
20250210,S36N3582,176.92212861280458,180.41114946384914,177.10743059404194
20250210,S36N3583,177.37158395724666,180.65908333775587,177.53305041091517
20250210,S36N3584,178.1030860726391,182.394620455103,181.69420726131648
20250210,S36N3585,175.51173422051247,179.41941396822222,175.63635627552867
20250210,S36N3586,173.63635452711875,177.43594297696836,175.07850505923852
20250210,S36N3587,176.73142217846916,180.65908333775587,180.84296762757003
20250210,S36N3588,178.5547034530196,182.14668658119626,182.7272650692612
20250210,S36N3589,169.10978707523307,172.9731332466472,171.10743084549904
20250211,S36N3592,182.93644638622072,185.6177608158905,182.8636286999099
20250211,S36N3593,182.26978512679565,185.12189306807704,182.0785047658719
20250211,S36N3594,182.53684534857803,186.60949631151743,185.71073601860553
20250211,S36N3595,182.4713351271673,185.86569468979724,183.67354602133855
20250211,S36N3596,179.41286723631652,183.63428982463665,182.12395930942148
20250211,S36N3597,178.82391888456658,182.394620455103,183.31817413540557
20250211,S36N3598,175.52398835111856,179.41941396822222,175.56610834458843
20250212,S36N3600,140.15804000468225,144.46073774737306,140.3842916372232
20250212,S36N3601,137.7075033597598,142.22933288221247,141.80164694972336
20250212,S36N3602,138.18583399204968,141.48553126049228,137.85123389214277
20250212,S36N3603,141.46961658537919,143.9648699995596,146.79338227771223
20250212,S36N3604,140.18637863551558,143.46900225174613,141.09916764032096
20250212,S36N3605,137.7275230767636,141.48553126049228,143.33057250548154
20250212,S36N3606,138.0560154677955,140.98966351267882,138.03305206634104
20250212,S36N3607,142.69779057347753,145.70040711690672,143.48346506105736
20250213,S36N3610,138.8963358922334,141.733465134399,139.94627512665465
20250213,S36N3611,140.21322767016326,142.4772667561192,141.27272135205567
20250213,S36N3612,141.22381257809377,143.9648699995596,141.5785064632073
20250213,S36N3613,133.86147934666883,137.27065540407784,153.41734894225374
20250213,S36N3614,142.97335505375798,145.452473243,143.09503532527015
20250213,S36N3615,144.2712484036605,146.69214261253364,144.57437410624698
20250213,S36N3616,144.6263090894205,147.68387810816057,145.9173492565751
20250214,S36N3618,113.5078655350211,116.19627612200566,116.70660667913035
20250214,S36N3619,118.57997682246008,123.13842459139414,118.46280495263636
20250214,S36N3620,118.75698650936727,123.6342923392076,118.66528428299353
20250214,S36N3621,118.44860628877777,122.89049071748741,123.65288737975061
20250214,S36N3622,116.53781831894113,121.65082134795375,118.04958182945848
20250214,S36N3623,116.84865040962313,122.64255684358068,124.91321790544316
20250214,S36N3624,116.16813823688004,121.65082134795375,118.57437519589439
20250214,S36N3625,121.40997113102455,126.60949882608838,121.63222630741075
20250215,S36N3628,119.71695808740529,123.6342923392076,119.73966440325603
20250215,S36N3629,117.55369143810562,121.40288747404702,117.5371851567179
20250215,S36N3630,115.34982300467762,119.17148260888644,115.3264414477162
20250215,S36N3631,114.73915320299082,117.93181323935278,114.8594993185252
20250215,S36N3632,112.44283928005774,115.20454062637873,112.50825974764302
20250215,S36N3633,109.51858451139164,112.22933413949795,109.57850780431181
20250215,S36N3634,110.00678577673997,112.97313576121815,110.08264001458883
20250216,S36N3637,120.48876340821272,124.62602783483453,121.81404448160902
20250216,S36N3638,122.98931501270565,126.60949882608838,123.028920463752
20250216,S36N3639,123.15889641801564,126.11363107827492,122.94214360788465
20250216,S36N3640,125.14761728760823,128.59296981734224,126.49173023598269
20250216,S36N3641,126.943349589757,130.32850693468936,126.96693682763726
20250216,S36N3642,127.77139771273718,130.82437468250282,127.97106901695952
20250216,S36N3644,127.7293150383934,131.56817630422302,129.363630942069
20250217,S36N3646,127.54457694048287,131.32024243031628,129.13222599308938
20250217,S36N3647,126.06147992469612,130.08057306078263,126.12396165635437
20250217,S36N3648,128.72685310530616,132.80784567375667,128.82644088193774
20250217,S36N3649,133.64901534692584,137.0227215301711,135.69007695792243
20250217,S36N3650,131.87978157075432,135.287184412824,131.95867215562612
20250217,S36N3651,133.58533503366206,136.52685378235765,133.73553158529103
20250217,S36N3652,135.266963717122,138.26239089970477,135.21487036626786
20250218,S36N3655,130.57213897542678,133.30371342157014,130.38842428755015
20250218,S36N3656,130.7660974866184,132.80784567375667,130.68181270500645
20250218,S36N3657,132.84956464460242,135.287184412824,132.63222584640607
20250218,S36N3658,136.66123756914678,139.00619252142496,136.60743229137734
20250218,S36N3659,137.4669361440182,139.00619252142496,139.8801594269462
20250218,S36N3660,139.4419103339294,141.733465134399,139.26858920464292
20250218,S36N3661,138.85614799747765,141.733465134399,138.69007683219388
20250219,S36N3663,134.53285604453905,137.51858927798457,134.28511833911762
20250219,S36N3664,136.55156825659705,137.7665231518913,136.38429180486128
20250219,S36N3665,138.7585110660301,139.74999414314516,138.51652312045917
20250219,S36N3666,139.8213957761192,141.23759738658555,139.59916770318523
20250219,S36N3667,140.5522847129953,141.733465134399,140.388423868455
20250219,S36N3668,142.56224693952768,143.9648699995596,142.29338246630505
20250219,S36N3669,143.9329937610145,145.452473243,143.78098570974544
20250220,S36N3671,128.88637178796574,130.82437468250282,128.68594502005726
20250220,S36N3672,128.04942462877048,129.8326391868759,129.26032516127452
20250220,S36N3673,131.51031785940398,133.0557795476634,131.28098623361439
20250220,S36N3674,130.87098242077317,132.55991179984994,131.4917300264351
20250220,S36N3675,133.05487467697043,134.29544891719706,132.8223084830679
20250220,S36N3676,130.91411627909906,133.30371342157014,131.93387876823545
20250220,S36N3677,131.41242206929022,133.0557795476634,131.21487053390592
20250221,S36N3679,161.60286444963404,163.79957991209812,161.39668745081872
20250221,S36N3680,160.23218107406566,161.81610892084427,160.14462138758972
20250221,S36N3681,155.3472962858308,158.59296856005676,158.1570181651041
20250221,S36N3683,153.15192009180439,156.11362982098944,154.09503486426547
20250221,S36N3684,151.891094790717,153.3863572080154,151.79751429939643
20250221,S36N3685,151.9334393176133,154.1301588297356,151.92561346758157
20250222,S36N3687,162.99321234150517,164.79131540772505,162.83057168824598
20250222,S36N3688,164.88036811821277,167.02272027288564,164.67767904885113
20250222,S36N3690,164.12542209119596,165.28718315553851,163.87602618988603
20250222,S36N3691,163.82961124456887,165.28718315553851,163.5702410787344
20250222,S36N3693,164.449791156927,167.02272027288564,164.34710055030882
20250223,S36N3695,169.41141817676296,170.98966225539334,170.43387715471908
20250223,S36N3696,178.2418789998947,179.66734784212895,178.1322239395231
20250223,S36N3697,176.06388166647673,177.93181072478183,176.04957939870656
20250223,S36N3699,176.0931965777973,178.17974459868856,180.6363560659811
20250223,S36N3700,174.33715236415634,178.92354622040875,179.7768519697711
20250223,S36N3701,178.61582580168582,181.6508188333828,178.53718260023743
20250224,S36N3703,168.96554463098224,174.46073649008758,174.96280258474872
20250224,S36N3704,166.7963784643398,171.73346387711354,176.49586037173867
20250224,S36N3705,170.91193338410702,174.95660423790105,178.84709994262084
20250224,S36N3706,178.67206159144035,181.89875270728953,184.89255423471332
20250224,S36N3707,178.83355023459862,183.63428982463665,183.4669344597496
20250224,S36N3708,170.08344356062344,172.47726549883373,169.98759618168697
20250225,S36N3711,176.2854827597618,181.40288495947607,176.36776120355353
20250225,S36N3712,175.2592785975672,178.67561234650202,175.39255463285372
20250225,S36N3713,172.547918782636,176.1962736074347,176.2355298041366
20250225,S36N3714,171.01268950217303,175.4524719857145,172.90081920009106
20250225,S36N3715,173.59719017788294,177.43594297696836,177.96280245902017
20250225,S36N3716,172.50774445997484,176.1962736074347,172.85949688777328
20250225,S36N3717,172.7242635656495,175.94833973352797,177.79338097851723
20250226,S36N3719,175.20575712894808,178.67561234650202,177.19833968114108
20250226,S36N3720,172.32435789600598,176.1962736074347,173.78924891492352
20250226,S36N3721,171.55396750406416,174.46073649008758,171.79338122997433
20250226,S36N3722,173.34483548874,177.93181072478183,175.70247197523713
20250226,S36N3723,173.09842597571574,177.18800910306163,174.92148027243093
20250226,S36N3724,175.9750679092957,179.17148009431548,177.0743727441877
20250226,S36N3725,173.59025413525796,176.9400752291549,174.6735463985242
20250227,S36N3727,169.3540625133249,170.7417283814866,169.0413152296096
20250227,S36N3728,169.06627909601002,170.98966225539334,168.884290442802
20250227,S36N3729,170.38055212030775,172.47726549883373,170.26445567421615
20250227,S36N3730,171.0236863482716,172.47726549883373,170.74792672833428
20250227,S36N3731,170.2383633827355,172.229331624927,170.13222427479923
20250227,S36N3733,168.04473940614247,170.49379450757988,167.95867064688355
20250228,S36N3735,140.5527338491778,143.46900225174613,140.84710153518245
20250228,S36N3736,143.9109045069789,181.40288495947607,144.13222536444664
20250228,S36N3737,143.21212786801075,149.66734909941442,143.71900224126875
20250228,S36N3738,138.95108329905662,145.70040711690672,140.42974618077278
20250228,S36N3739,138.7046254700803,144.46073774737306,142.5785064212978
20250228,S36N3740,138.47620761277847,146.69214261253364,140.58677096758038
20250228,S36N3741,140.23071981503287,149.66734909941442,146.76858889032155
20250301,S36N3743,110.83622512325994,121.65082134795375,115.57024309039116
20250301,S36N3744,121.83079065902702,127.84916819562204,121.89255687501281
20250301,S36N3745,123.54902389044004,130.32850693468936,123.73139977315441
20250301,S36N3746,129.23494189880375,138.75825864751823,136.50412651058286
20250301,S36N3747,131.52041163236947,138.26239089970477,131.59916803846136
20250301,S36N3748,134.5330606571518,141.48553126049228,137.79338265489787
20250301,S36N3749,140.7865379551174,146.69214261253364,150.46280361153185
20250302,S36N3751,149.1492799284563,154.8739604514558,149.2603243230842
20250302,S36N3752,153.97675177852727,170.24586063367315,155.82230751914904
20250302,S36N3754,146.74668950350417,152.39462171238847,147.8718946292065
20250302,S36N3755,148.2340802320719,153.88222495582886,149.62809290271252
20250303,S36N3759,148.00405797940974,150.90701846894808,148.10329957818612
20250303,S36N3760,146.08989537164922,148.6756136037875,148.89668797468767
20250303,S36N3761,149.38534790804073,151.1549523428548,149.338836716488
20250303,S36N3762,145.58676613595793,150.1632168472279,149.95453917002305
20250303,S36N3763,149.6843007803753,152.39462171238847,149.55784497177228
20250303,S36N3764,160.05653306324123,164.2954476599116,159.9751999070868
20250303,S36N3765,158.55521980186506,161.81610892084427,158.71073715016246
20250304,S36N3767,149.7364644837277,152.14668783848174,149.6900763711892
20250304,S36N3768,151.7973950024676,154.8739604514558,151.95040685497224
20250304,S36N3769,160.48066671542506,162.55991054256447,160.38842303026468
20250304,S36N3770,152.6967296179445,154.62602657754906,152.55371261481196
20250304,S36N3771,157.7079126186384,159.33677018177696,157.52065455541015
20250304,S36N3772,152.77390980652206,155.8656959470827,152.63222500821576
20250304,S36N3773,154.2330286618965,156.11362982098944,154.0867704018019
20250305,S36N3775,152.23144176135963,154.37809270364232,152.08677048562095
20250305,S36N3777,154.27014123684307,156.6094975688029,158.46280327625573
20250305,S36N3778,154.19663805341847,156.11362982098944,154.0123902396299
20250305,S36N3779,159.09812648403505,163.5516460381914,160.9297453216277
20250305,S36N3780,151.73813571478593,156.11362982098944,151.59916720027104
20250305,S36N3781,151.82132580287976,154.1301588297356,151.59090273780748
20250306,S36N3783,154.7003161144455,156.36156369489618,168.884290442802
20250306,S36N3784,154.49736192061897,156.6094975688029,154.53305137483403
20250306,S36N3786,152.37479566717627,154.8739604514558,161.10329903336242
20250306,S36N3787,149.46959792393594,150.65908459504135,149.2396631669253
20250306,S36N3788,150.0349759613749,151.898753964575,149.82230777060613
20250306,S36N3789,150.9137008616953,152.14668783848174,150.65701847942546
20250307,S36N3792,143.4571059723796,144.95660549518652,143.2396634183824
20250307,S36N3793,143.5206435733517,145.20453936909325,143.32230804301798
20250307,S36N3794,146.0172682566118,147.9318119820673,145.94214264396578
20250307,S36N3796,146.4246292183321,148.42767972988077,146.3512335359119
20250307,S36N3797,146.06163920425516,148.17974585597403,147.28098556306213
20250308,S36N3799,149.43306039570413,150.90701846894808,150.83057219116017
20250308,S36N3800,148.9715113037183,150.65908459504135,148.92561359331012
20250308,S36N3801,150.0730117425172,152.89048946020193,150.0454482571222
20250308,S36N3802,148.25987111572624,149.66734909941442,148.05371280340478
20250308,S36N3803,147.03781330535128,148.42767972988077,146.80991120263934
20250308,S36N3804,148.3642919018928,149.91528297332115,148.12396073434502
20250308,S36N3805,147.55152995624707,148.92354747769423,147.2892500255257
20250309,S36N3807,160.27435178633021,164.54338153381832,162.58263781433925
20250309,S36N3809,150.54756136671634,152.39462171238847,150.3760267556645
20250309,S36N3810,148.3185722207997,151.40288621676154,163.47519976040348
20250309,S36N3811,148.7169742341691,152.14668783848174,157.96693552844226
20250309,S36N3812,143.9394196177215,146.69214261253364,145.07024185406044
20250309,S36N3813,143.9089429549457,145.452473243,143.6487543103285
20250310,S36N3816,152.82933729483315,155.8656959470827,152.77685310132802
20250310,S36N3817,152.32695403169353,156.11362982098944,152.46280352771282
20250310,S36N3818,149.9131500642824,152.6425555862952,149.88015900785103
20250310,S36N3819,148.22059168053312,151.65082009066828,148.27272105868906
20250310,S36N3820,143.2043505157783,145.452473243,143.49172952352092
20250310,S36N3821,144.95196257127375,147.43594423425384,145.02891954174265
20250311,S36N3824,151.53509451562462,154.1301588297356,151.69007628737018
20250311,S36N3825,152.47711168132778,154.62602657754906,152.12809279793873
20250311,S36N3826,151.48118047106695,154.62602657754906,151.55784488795325
20250311,S36N3827,150.7565162573803,153.13842333410867,150.57437385478988
20250311,S36N3829,149.50428349204867,152.14668783848174,149.64048959640786
20250311,S36N3830,148.52122008159068,151.1549523428548,149.07024168642238
20250312,S36N3832,162.95435845510514,165.53511702944525,163.15288572432473
20250312,S36N3835,147.34350085972494,150.1632168472279,147.7148698423989
20250312,S36N3836,146.93653609675582,148.92354747769423,146.52891947887838
20250312,S36N3837,145.88932383997826,148.17974585597403,145.6032996829599
20250312,S36N3838,144.94863908431205,149.4194152255077,146.760324427858
20250313,S36N3840,114.49620727003534,118.9235487349797,116.57437527971342
20250313,S36N3841,117.13283813392964,120.16321810451336,117.40908598853275
20250313,S36N3842,111.44816010974088,115.45247450028546,113.14462335733697
20250313,S36N3843,110.13747115117025,115.94834224809892,110.36776396958157
20250313,S36N3844,106.13394763548827,110.98966476996429,107.12809468386695
20250313,S36N3845,91.21434887434768,95.86569846165366,94.01652498543262
20250313,S36N3846,88.6161576361403,93.38635972258635,89.21900452533737
20250314,S36N3848,108.21775833321138,112.72520188731141,127.13222607690841
20250314,S36N3849,105.59485285343254,108.01445828308351,108.71487147687003
20250314,S36N3850,100.75793093617824,106.03098729182966,128.7933830320835
20250314,S36N3853,103.58415039829413,106.77478891354986,123.49586259294301
20250314,S36N3854,103.60157832343667,107.27065666136332,105.99586332635954
20250314,S36N3855,103.80726643590208,108.26239215699024,117.49173061316833
20250315,S36N3858,143.35789975210446,147.9318119820673,144.4710683254525
20250315,S36N3859,148.34270751053137,151.898753964575,152.90082003828138
20250315,S36N3860,144.4530169887693,150.1632168472279,144.5330517939292
20250315,S36N3861,143.5025863875535,148.17974585597403,144.648754268419
20250315,S36N3862,140.23770017201988,143.46900225174613,140.63635774236172
20250315,S36N3863,139.11815743697588,142.4772667561192,139.53305200347677
20250315,S36N3864,139.5930613180341,143.71693612565286,139.96280405158177
20250315,S36N3865,137.53996747846168,140.98966351267882,138.8057793066837
20250315,S36N3866,135.93917701624778,140.24586189095862,137.454539693892
20250315,S36N3867,137.36620325202287,141.733465134399,137.6900768741034
20250316,S36N3870,173.99996715332765,176.44420748134144,174.12809187592939
20250316,S36N3871,172.74924960566838,175.4524719857145,172.9132158937864
20250316,S36N3872,171.65292606917015,174.95660423790105,171.95040601678193
20250316,S36N3873,170.5937412832902,174.21280261618085,170.8223068905063
20250316,S36N3874,169.24992354548598,172.229331624927,169.13222431670874
20250316,S36N3875,167.56178180505532,170.98966225539334,167.49172851769254
20250316,S36N3876,168.01961382619717,170.7417283814866,168.01238965289667
20250317,S36N3879,137.49322235765914,140.98966351267882,136.99172979593277
20250317,S36N3880,136.92021699371287,140.49379576486535,137.08677111426368
20250317,S36N3882,139.2769416130167,141.733465134399,139.65701894043013
20250317,S36N3883,138.1573582606523,141.23759738658555,139.49586192239076
20250317,S36N3884,138.71909057838474,141.733465134399,140.2479280065745
20250317,S36N3885,140.4607051848894,142.22933288221247,140.76858914177865
20250317,S36N3886,141.44386909358312,143.71693612565286,142.96280392585322
20250317,S36N3887,140.23063648923787,143.9648699995596,140.08263875730336
20250318,S36N3890,173.61463647110344,175.94833973352797,173.537182809785
20250318,S36N3891,171.8944573764643,173.46900099446066,171.99172832909971
20250318,S36N3892,169.35040869326554,170.49379450757988,169.20660447888076
20250318,S36N3893,170.4080526192073,173.7169348683674,170.32230691146106
20250318,S36N3894,170.2811305689697,172.47726549883373,170.23966228682548
20250318,S36N3897,168.1758167732409,170.49379450757988,169.40908380923793
20250319,S36N3907,173.15283019352609,175.70040585962124,173.10329853044823
20250319,S36N3908,172.29938288558563,173.96486874227412,172.12809195974842
20250319,S36N3910,170.56350519332102,173.96486874227412,172.74379441328347
20250319,S36N3911,171.42801223887656,174.70867036399432,172.3636291399598
20250319,S36N3912,172.81375293210945,174.46073649008758,172.64462086372077
20250319,S36N3913,172.79071294139777,175.94833973352797,172.9545382061042
20250319,S36N3915,169.23611715956665,171.4855300032068,169.03305076714605
20250319,S36N3917,166.08095485823196,168.01445576851256,165.86776164360344
20250319,S36N3918,163.22652852766197,167.27065414679237,165.34296827716753
20250320,S36N3922,169.72733619670234,172.72519937274046,169.6115631395951
20250320,S36N3923,168.32089257742166,170.7417283814866,168.17354667093605
20250320,S36N3924,168.85872844589625,169.74999288585968,168.68181111244485
20250320,S36N3926,167.6660867774379,169.50205901195295,167.49586074892431
20250321,S36N3930,181.70348754656968,183.1384220768232,181.590901480522
20250321,S36N3931,179.71240152833866,181.40288495947607,179.59090156434104
20250321,S36N3932,180.56205886772005,182.14668658119626,180.25619079265743
20250321,S36N3933,180.32466359201493,181.89875270728953,180.15701724309474
20250321,S36N3934,180.09880785585062,181.6508188333828,179.86362882563844
20250322,S36N3938,190.70222090434402,185.86569468979724,190.31817384203896
20250322,S36N3939,191.30135491243502,186.85743018542416,190.92974406434223
20250322,S36N3941,191.72320889845878,185.12189306807704,189.85123171284795
20250322,S36N3943,190.68223426148143,181.89875270728953,179.85949659440666
20250323,S36N3947,184.04216044977068,186.60949631151743,183.94627328263596
20250323,S36N3948,184.21899872021308,186.85743018542416,184.31404186226428
20250323,S36N3949,183.68430043177574,186.85743018542416,183.64875263394788
20250323,S36N3951,183.74019594612358,186.3615624376107,183.9008187390864
20250324,S36N3955,182.83171405164404,186.60949631151743,185.2892484329641
20250324,S36N3957,182.61580004711803,186.11362856370397,184.12395922560245
20250324,S36N3959,180.48756451454153,184.62602532026358,181.96693452261388
20250325,S36N3962,177.95490009733683,180.65908333775587,178.78511647414416
20250325,S36N3963,178.14753485060226,180.41114946384914,177.94214130286127
20250325,S36N3964,179.62154108760646,182.394620455103,180.90495109604672
20250325,S36N3965,178.92859820380818,181.6508188333828,178.95867018587887
20250325,S36N3967,177.88506355549777,181.40288495947607,179.61156272049993
20250326,S36N3969,152.98766285761215,157.60123306442983,154.83883648598567
20250326,S36N3971,153.62709952200098,157.60123306442983,154.71900178026408
20250326,S36N3973,143.85553881151455,148.17974585597403,145.88429140672088
20250326,S36N3974,136.66755967201453,140.49379576486535,136.62809344753623
20250326,S36N3975,133.47722794051393,137.0227215301711,133.51652333000675
20250326,S36N3976,130.1639359787227,133.30371342157014,131.1404903717339
20250327,S36N3978,157.43324931718558,159.5847040556837,157.355365306139
20250327,S36N3979,160.98064760578495,163.05577829037793,160.89668747177348
20250327,S36N3980,160.28171839468877,162.8078444164712,160.08677015034482
20250327,S36N3981,155.709109153822,157.84916693833657,155.47106786444783
20250327,S36N3982,153.27082072895948,155.61776207317598,153.33883654884994
20250327,S36N3983,153.40455713187544,155.8656959470827,153.33883654884994
20250329,S36N3987,165.34196700725238,168.2623896424193,165.38015835825354
20250329,S36N3989,171.47332856216983,174.46073649008758,171.5867696683854
20250329,S36N3990,167.95861652119433,170.49379450757988,167.9297450282611
20250329,S36N3991,169.06094425617812,171.4855300032068,168.9462739112787
20250329,S36N3992,166.33750577517398,169.50205901195295,166.49172855960205
20250329,S36N3993,156.3322622256229,159.5847040556837,156.30577857326716
20250330,S36N3995,186.75959747916943,189.5847027983982,186.70660374546424
20250330,S36N3996,180.34255620331456,182.64255432900973,180.31817426113412
20250330,S36N3997,162.9337785818647,163.79957991209812,162.7313981386833
20250330,S36N3998,167.1132293294618,167.76652189460583,166.90495168277994
20250330,S36N3999,171.26925888914218,171.73346387711354,170.95040605869144
20250330,S36N4000,173.2065651547981,173.7169348683674,172.90908366255462
20250330,S36N4001,175.56988134132976,175.94833973352797,175.34710008930415
20250331,S36N4005,146.2436640932138,148.92354747769423,146.4256136980839
20250331,S36N4006,148.29248651954435,151.65082009066828,148.3636301457882
20250331,S36N4007,151.02681994646986,154.37809270364232,151.01239036535844
20250331,S36N4009,156.7688605875305,160.32850567740388,156.93800995172933
20250331,S36N4011,157.36307924988523,160.5764395513106,157.42148100584745
20250401,S36N4015,157.30487499915782,160.32850567740388,157.18181159440428
20250401,S36N4016,153.90118283773262,158.8409024339635,153.77272082818672
20250401,S36N4017,152.7864104790319,156.85743144270964,152.39668782800436
20250401,S36N4018,147.277114587992,154.1301588297356,150.08677056943998
20250401,S36N4019,148.8392040833189,154.37809270364232,149.87189454538748
20250401,S36N4020,148.69736830646428,154.1301588297356,149.78511768952012
20250402,S36N4022,165.04727628258877,168.51032351632603,164.85123276058584
20250402,S36N4023,164.29173983037202,168.2623896424193,165.57850545737892
20250402,S36N4024,164.75468387878868,168.01445576851256,164.90495176659897
20250402,S36N4025,166.0097140943135,169.99792675976641,165.89255503099412
20250402,S36N4026,171.56112061882087,173.96486874227412,171.45453826896846
20250402,S36N4027,169.38735686818586,172.9731332466472,172.12395972851664
20250403,S36N4031,187.15666504798935,190.82437216793187,190.5247854036279
20250403,S36N4032,184.50506116032034,187.35329793323763,184.31404186226428
20250403,S36N4033,184.2075425626814,186.85743018542416,184.23966170009226
20250403,S36N4034,179.64940111791208,183.38635595072992,180.7107362281531
20250403,S36N4035,178.28808712104797,180.65908333775587,178.1694140206091
20250403,S36N4036,177.3889867270718,178.67561234650202,177.11156282527372
20250404,S36N4042,183.9019335288023,186.11362856370397,188.0413144333288
20250404,S36N4043,184.21294038070297,185.36982694198377,183.89255427662283
20250404,S36N4044,181.51558463937886,184.13015757245012,182.61569482600316
20250404,S36N4046,182.9089512527831,184.37809144635685,187.57024007290602
20250404,S36N4047,181.7095661207349,183.1384220768232,181.51652131835
20250405,S36N4049,190.2260673054722,191.0723060418386,189.94627303117886
20250405,S36N4050,192.89981665512587,196.03098351997323,198.52891729958355
20250405,S36N4051,188.02699700373108,189.5847027983982,188.02891773963347
20250405,S36N4053,186.0829257727771,187.35329793323763,185.95453766128048
20250405,S36N4054,186.82393360011312,188.09709955495782,186.50412441510707
20250405,S36N4055,189.93562030842276,192.06404153746553,189.73139700712636
