folder,profile_name_1,profile_name_2,similarity_before,similarity_after,lag,offset_mm
20151130,S36M0031,S36M0032,0.8553631567621959,0.9199527681452222,607,2.508264357689768
20151130,S36M0031,S36M0033,0.8804838946040776,0.8838745851729947,676,2.7933883126825094
20151130,S36M0032,S36M0033,0.8225764126814988,0.8224342640822627,-25,-0.1033057807944715
20151203,S36M0037,S36M0038,0.7386474087125835,0.7580336018824118,283,1.1694214385934174
20151203,S36M0037,S36M0039,0.7264527972512743,0.7481404167206953,96,0.39669419825077057
20151203,S36M0037,S36M0040,0.6276323786190521,0.6284712816196508,6,0.02479338739067316
20151203,S36M0038,S36M0039,0.6111557294067729,0.6123604305976598,-36,-0.14876032434403896
20151203,S36M0038,S36M0040,0.46474963677729475,0.4688981255820676,-126,-0.5206611352041364
20151203,S36M0039,S36M0040,0.5433745912628316,0.5504165039833047,-90,-0.3719008108600974
20151204,S36M0046,S36M0047,0.7410819407583351,0.7563338807330593,-313,-1.2933883755467832
20151204,S36M0046,S36M0048,0.6253204567086816,0.6361920131939304,-359,-1.4834710122086108
20151204,S36M0046,S36M0050,0.5374460476757333,0.5650113237231339,-270,-1.1157024325802922
20151204,S36M0047,S36M0048,0.6235360309622332,0.6304020065623483,-147,-0.6074379910714924
20151204,S36M0047,S36M0050,0.5182059315341309,0.5151326483014884,-489,-2.0206610723398626
20151204,S36M0048,S36M0050,0.7726620937735614,0.7685993500884846,-239,-0.9876032643951476
20151205,S36M0053,S36M0056,0.6200975703190893,0.6235409271899208,-24,-0.09917354956269264
20151205,S36M0053,S36M0057,0.5522029029555465,0.5626526873864492,-311,-1.2851239130832255
20151205,S36M0056,S36M0057,0.9009236975426115,0.8965570970879309,-272,-1.12396689504385
20151206,S36M0060,S36M0063,0.5092927521107319,0.7504203820532461,-573,-2.367768495809287
20151206,S36M0060,S36M0064,0.7547158121805863,0.7721468988262638,-84,-0.34710742346942425
20151206,S36M0063,S36M0064,0.5285787931170443,0.6011748931127104,442,1.8264462044462562
20151207,S36M0067,S36M0071,0.6967223203836569,0.6968002796342869,-1,-0.00413223123177886
20151207,S36M0067,S36M0072,0.722430819464874,0.7627992470556202,197,0.8140495526604354
20151207,S36M0071,S36M0072,0.7899511124184204,0.8183321954650379,299,1.2355371383018792
20151208,S36M0076,S36M0077,0.5842158851021765,0.6941468980737666,688,2.8429750874638557
20151208,S36M0076,S36M0078,0.5412395052529881,0.6929509688973758,495,2.0454544597305357
20151208,S36M0076,S36M0079,0.4827068723244552,0.5374744377500345,600,2.479338739067316
20151208,S36M0077,S36M0078,0.8017864517021657,0.8137267539953279,114,0.47107436042279005
20151208,S36M0077,S36M0079,0.7222419281975218,0.7151447402966133,-81,-0.33471072977408767
20151208,S36M0078,S36M0079,0.6676616457005909,0.6698289178751472,18,0.07438016217201948
20151209,S36M0082,S36M0083,0.5797695262325202,0.5859009203507485,41,0.16942148050293326
20151209,S36M0082,S36M0084,0.4993278406411159,0.5258758385909404,-378,-1.5619834056124091
20151209,S36M0082,S36M0085,0.5730245315725043,0.5805453104143868,-180,-0.7438016217201948
20151209,S36M0082,S36M0086,0.40386568848477933,0.4573815778057375,-462,-1.9090908290818334
20151209,S36M0083,S36M0084,0.6062541395079205,0.5988065069522815,-367,-1.5165288620628417
20151209,S36M0083,S36M0085,0.45672394904577657,0.46906820901728935,69,0.28512395499274135
20151209,S36M0083,S36M0086,0.5257244156145645,0.572668161967448,-553,-2.2851238711737096
20151209,S36M0084,S36M0085,0.6168529787059066,0.6399349932388361,207,0.855371864978224
20151209,S36M0084,S36M0086,0.5586889071236073,0.566111386476541,-260,-1.0743801202625036
20151209,S36M0085,S36M0086,0.5609367452995877,0.5515571369019963,-662,-2.7355370754376054
20151210,S36M0089,S36M0090,0.6511707311570261,0.6973219984268948,162,0.6694214595481753
20151210,S36M0089,S36M0091,0.5314215653448545,0.6396172125250932,659,2.723140381742269
20151210,S36M0089,S36M0093,0.31493667997491587,0.49999024741102754,1930,7.9752062773332
20151210,S36M0090,S36M0091,0.6809077453480057,0.7129556190325085,226,0.9338842583820224
20151210,S36M0090,S36M0093,0.4165039511444342,0.6502256660968175,1481,6.119834454264492
20151210,S36M0091,S36M0093,0.6165744164176057,0.8024449265319,1289,5.326446057762951
20151211,S36M0096,S36M0099,0.39405554492229233,0.5814177388373021,1586,6.553718733601272
20151211,S36M0096,S36M0100,0.39825695941124434,0.6689868755496,1911,7.896693883929402
20151211,S36M0099,S36M0100,0.5839696919924716,0.7346248413960599,404,1.6694214176386595
20151212,S36M0103,S36M0104,0.7388872628584905,0.8169173894225747,323,1.3347106878645718
20151212,S36M0103,S36M0105,0.6122464081158757,0.6742897405708193,257,1.061983426567167
20151212,S36M0103,S36M0106,0.5722475925289419,0.6790100851980762,579,2.39256188319996
20151212,S36M0103,S36M0107,0.5607948491636601,0.6892786025593507,597,2.4669420453719795
20151212,S36M0104,S36M0105,0.7927221830950116,0.8197577191362793,-121,-0.49999997904524207
20151212,S36M0104,S36M0106,0.6800762414981302,0.7069171426827722,108,0.4462809730321169
20151212,S36M0104,S36M0107,0.7228571699376556,0.83683892885457,278,1.148760282434523
20151212,S36M0105,S36M0106,0.6477101081518198,0.6885951347021864,291,1.2024792884476483
20151212,S36M0105,S36M0107,0.7035208342292161,0.8235434857193112,400,1.652892492711544
20151212,S36M0106,S36M0107,0.785930286881439,0.7883872786782126,108,0.4462809730321169
20151213,S36M0111,S36M0112,0.8129688999283279,0.8360099652772902,541,2.2355370963923633
20151213,S36M0111,S36M0113,0.6059380579885653,0.6159863621154075,-173,-0.7148760030977428
20151213,S36M0111,S36M0114,0.5666475448400369,0.602909300581655,-358,-1.479338780976832
20151213,S36M0112,S36M0113,0.5243634780864003,0.6866597020920583,-714,-2.950413099490106
20151213,S36M0112,S36M0114,0.4840230435515967,0.61936446517165,-911,-3.7644626521505415
20151213,S36M0113,S36M0114,0.7034793592359896,0.751123556207609,-194,-0.8016528589650989
20151214,S36M0118,S36M0119,0.7782446533070874,0.8254040962629001,-190,-0.7851239340379834
20151214,S36M0118,S36M0120,0.7431103760186257,0.8682859931953403,-571,-2.359504033345729
20151214,S36M0118,S36M0121,0.501096925621984,0.6005225698189565,-465,-1.92148752277717
20151214,S36M0119,S36M0120,0.7450341280368997,0.8415396433422069,-382,-1.5785123305395246
20151214,S36M0119,S36M0121,0.6219843998933606,0.7083838439837911,-302,-1.2479338319972157
20151214,S36M0120,S36M0121,0.7101337595661857,0.7258963607749235,109,0.45041320426389575
20151215,S36M0124,S36M0125,0.7938185763957042,0.794535097441316,-50,-0.206611561588943
20151215,S36M0124,S36M0126,0.8622666559053767,0.8632419043834222,365,1.508264399599284
20151215,S36M0124,S36M0127,0.7765678582822414,0.8033359222355427,-174,-0.7190082343295217
20151215,S36M0125,S36M0126,0.591474436356138,0.6171550913982469,369,1.5247933245263994
20151215,S36M0125,S36M0127,0.7882575875424621,0.8162036920970387,-208,-0.8595040962100029
20151215,S36M0126,S36M0127,0.6774397870680235,0.7076509327778885,-543,-2.243801558855921
20151216,S36M0133,S36M0134,0.7935221598264586,0.8275104165527374,-192,-0.7933883965015411
20151216,S36M0133,S36M0135,0.7967637522881471,0.7986207985354791,-188,-0.7768594715744257
20151216,S36M0134,S36M0135,0.7986719529368236,0.8172258588906481,127,0.5247933664359152
20151217,S36M0138,S36M0140,0.8515212830740447,0.9359156769789436,676,2.7933883126825094
20151217,S36M0138,S36M0141,0.8072997598950411,0.8255150066926773,86,0.35537188593298197
20151217,S36M0140,S36M0141,0.7525473332254953,0.8240225162416256,-581,-2.4008263456635177
20151218,S36M0145,S36M0146,0.7104746652574464,0.8540171612220713,246,1.0165288830175996
20151218,S36M0145,S36M0147,0.758197759594848,0.8050909606393155,189,0.7809917028062046
20151218,S36M0145,S36M0148,0.6973732188460006,0.8021967745902041,-534,-2.2066114777699113
20151218,S36M0146,S36M0147,0.9009483061069876,0.8925978351343014,-374,-1.5454544806852937
20151218,S36M0146,S36M0148,0.8941753612808307,0.8691663297651246,-782,-3.2314048232510686
20151218,S36M0147,S36M0148,0.9010113778617449,0.9223157854207946,-408,-1.685950342565775
20151219,S36M0154,S36M0157,0.8578520883989208,0.836302585310986,-465,-1.92148752277717
20151220,S36M0160,S36M0161,0.8327942314929762,0.8117116930725494,-688,-2.8429750874638557
20151220,S36M0160,S36M0162,0.6158745479942552,0.6705843870356988,-516,-2.132231315597892
20151220,S36M0160,S36M0163,0.7014302902347795,0.7165939131748511,-193,-0.79752062773332
20151220,S36M0161,S36M0162,0.6842029526983094,0.684531957696381,-60,-0.2479338739067316
20151220,S36M0161,S36M0163,0.7066103636508735,0.6948796008463725,376,1.5537189431488514
20151220,S36M0162,S36M0163,0.8702934918057251,0.7807856238284384,375,1.5495867119170725
20151221,S36M0167,S36M0168,0.8396529079408442,0.8511107825495319,174,0.7190082343295217
20151221,S36M0167,S36M0173,0.8664156847900574,0.8336051311633116,548,2.2644627150148153
20151221,S36M0168,S36M0173,0.8436917874211283,0.8380004010103316,519,2.1446280092932284
20151222,S36M0180,S36M0183,0.7058882387862682,0.6422394061760499,498,2.0578511534258723
20151222,S36M0180,S36M0184,0.5575607736497286,0.44859698485416977,870,3.5950411716476083
20151222,S36M0183,S36M0184,0.8609060206115048,0.8493825086796618,621,2.566115594934672
20151223,S36M0188,S36M0189,0.7966750550438509,0.7943840198161158,123,0.5082644415087998
20151223,S36M0188,S36M0190,0.8416424249025125,0.8309545643781022,308,1.272727219387889
20151223,S36M0188,S36M0191,0.7154239723383554,0.6893610800606332,153,0.6322313784621656
20151223,S36M0188,S36M0192,0.6178029404733484,0.679772214416587,-354,-1.4628098560497165
20151223,S36M0189,S36M0190,0.7678819411091309,0.7595169095254385,134,0.5537189850583673
20151223,S36M0189,S36M0191,0.6827654006437482,0.5980191545200465,816,3.37190068513155
20151223,S36M0189,S36M0192,0.47462497778532997,0.4753069767936069,-6,-0.02479338739067316
20151223,S36M0190,S36M0191,0.8263002980619991,0.8330913599252696,-282,-1.1652892073616385
20151223,S36M0190,S36M0192,0.711294477262084,0.7180745771043847,-110,-0.4545454354956746
20151223,S36M0191,S36M0192,0.795465336321631,0.7562472301617938,-636,-2.628099063411355
20151224,S36M0195,S36M0196,0.7227521361442887,0.7306593382960288,85,0.3512396547012031
20151224,S36M0195,S36M0197,0.7855154334118661,0.8470913726648338,344,1.4214875437319279
20151224,S36M0195,S36M0199,0.7309429549266679,0.7253671509488149,303,1.2520660632289946
20151224,S36M0196,S36M0197,0.8565543371889828,0.7803353307471131,545,2.2520660213194788
20151224,S36M0196,S36M0199,0.8416131825811607,0.8249716572180877,474,1.9586776038631797
20151224,S36M0197,S36M0199,0.8738352064798713,0.893632947855614,-336,-1.388429693877697
20151225,S36M0203,S36M0204,0.7809641271852018,0.7653763993793855,-123,-0.5082644415087998
20151225,S36M0203,S36M0206,0.8106660414290425,0.9029420507805561,985,4.070247763302177
20151225,S36M0204,S36M0206,0.7805813413850052,0.8651649107087351,978,4.041322144679725
20151226,S36M0209,S36M0211,0.7134650789892012,0.7131909987509688,5,0.0206611561588943
20151226,S36M0209,S36M0212,0.7075241779445115,0.7240469157033019,-254,-1.0495867328718305
20151226,S36M0209,S36M0213,0.558614540210735,0.478757930362375,1314,5.429751838557422
20151226,S36M0211,S36M0212,0.8473311255706198,0.8292079735209721,-173,-0.7148760030977428
20151226,S36M0211,S36M0213,0.7695665038361813,0.7395483591548805,1075,4.442148574162275
20151226,S36M0212,S36M0213,0.7518443204251558,0.6968536340251034,801,3.309917216654867
20151227,S36M0216,S36M0217,0.8285328641198223,0.7796589912617994,574,2.3719007270410657
20151227,S36M0216,S36M0218,0.7986265472975327,0.7791099148258729,299,1.2355371383018792
20151227,S36M0216,S36M0219,0.734136925682495,0.7211725395282108,870,3.5950411716476083
20151227,S36M0216,S36M0221,0.7667415160489912,0.6706573560099478,1196,4.942148553207517
20151227,S36M0217,S36M0218,0.9025510687101158,0.9177072192709669,-324,-1.3388429190963507
20151227,S36M0217,S36M0219,0.9219525913007766,0.910445336634708,281,1.1611569761298597
20151227,S36M0217,S36M0221,0.8877278695743693,0.8681892362928494,621,2.566115594934672
20151227,S36M0218,S36M0219,0.8759544493035988,0.9047024236032818,567,2.3429751084186137
20151227,S36M0218,S36M0221,0.8883048246377163,0.830710115105745,920,3.8016527332365513
20151227,S36M0219,S36M0221,0.8528925574048706,0.8603217519118468,413,1.7066114987246692
20151228,S36M0224,S36M0226,0.8156492625031307,0.8213229097495749,-115,-0.4752065916545689
20151228,S36M0224,S36M0227,0.6372594757732631,0.6779760578608894,502,2.0743800783529878
20151228,S36M0224,S36M0228,0.6167802705268506,0.721329726017298,752,3.107437886297703
20151228,S36M0224,S36M0229,0.7713644626176063,0.8343400509991294,706,2.9173552496358752
20151228,S36M0226,S36M0227,0.7002158242605323,0.7074514194858994,550,2.272727177478373
20151228,S36M0226,S36M0228,0.7589709322220316,0.7989569398907648,482,1.9917354537174106
20151228,S36M0226,S36M0229,0.7679085684670895,0.8303337612567008,764,3.157024661079049
20151228,S36M0227,S36M0228,0.8880625993619388,0.8853223022821168,-69,-0.28512395499274135
20151228,S36M0227,S36M0229,0.7858363776704892,0.7946419554442372,214,0.8842974836006761
20151228,S36M0228,S36M0229,0.898562040596406,0.8802844734128252,281,1.1611569761298597
20151229,S36M0232,S36M0233,0.8007412156336354,0.8330124487373703,357,1.475206549745053
20151229,S36M0232,S36M0234,0.81814338361708,0.8031810606040639,330,1.3636363064870238
20151229,S36M0232,S36M0236,0.8338339446265401,0.8489677961570872,722,2.983470949344337
20151229,S36M0233,S36M0234,0.7485580257330459,0.7724809260988249,-400,-1.652892492711544
20151229,S36M0233,S36M0236,0.8591209525637574,0.8558724838403128,178,0.7355371592566371
20151229,S36M0234,S36M0236,0.8482858515047601,0.8793119210077122,382,1.5785123305395246
20151230,S36M0242,S36M0243,0.8241915599080628,0.863957692210343,377,1.5578511743806303
20151230,S36M0242,S36M0244,0.7567673084192529,0.8104227006910348,510,2.1074379282072186
20151230,S36M0242,S36M0245,0.5240629887346122,0.6346592438235638,1409,5.822313805576414
20151230,S36M0242,S36M0246,0.8108696041505765,0.8558454362191461,1192,4.925619628280401
20151230,S36M0243,S36M0244,0.838964389144624,0.8382350710764137,140,0.5785123724490404
20151230,S36M0243,S36M0245,0.5954952524606176,0.6891727829123158,1061,4.384297336917371
20151230,S36M0243,S36M0246,0.8569718180961029,0.8710750517306228,774,3.1983469733968377
20151230,S36M0244,S36M0245,0.6448064696579411,0.7064701690288745,591,2.4421486579813063
20151230,S36M0244,S36M0246,0.7910407092855224,0.7612218481983604,894,3.694214721210301
20151230,S36M0245,S36M0246,0.6004250933176336,0.613016076956518,-217,-0.8966941772960126
20151231,S36M0250,S36M0251,0.747895921798133,0.7651935084873119,965,3.9876031386666
20151231,S36M0250,S36M0252,0.5735951914814715,0.7256611785403754,1038,4.289256018586457
20151231,S36M0250,S36M0253,0.6275540285840621,0.8079996943632111,1771,7.318181511480361
20151231,S36M0251,S36M0252,0.7041191776985035,0.7579422499700394,508,2.099173465743661
20151231,S36M0251,S36M0253,0.7400326613199496,0.8579932129562591,1280,5.289255976676941
20151231,S36M0252,S36M0253,0.7827737661692361,0.8133861528612201,797,3.2933882917277515
20160101,S36M0258,S36M0261,0.530578201279403,0.6756425466693972,-1430,-5.90909066144377
20160101,S36M0258,S36M0262,0.8141734324793944,0.8338885188619691,-1404,-5.80165264941752
20160101,S36M0258,S36M0264,0.7665362904855064,0.7430827185495824,-1612,-6.6611567456275225
20160101,S36M0261,S36M0262,0.7639745121350636,0.7765328954309424,79,0.32644626731052995
20160101,S36M0261,S36M0264,0.6634872713319538,0.6651906089956163,-272,-1.12396689504385
20160101,S36M0262,S36M0264,0.8357462062287117,0.8277076495741793,-195,-0.8057850901968777
20160102,S36M0267,S36M0268,0.7901109442640487,0.7901109442640488,0,0.0
20160102,S36M0267,S36M0269,0.7262493263130796,0.7728232078443147,-367,-1.5165288620628417
20160102,S36M0267,S36M0270,0.7186749861518654,0.7188946166521412,-651,-2.690082531888038
20160102,S36M0267,S36M0271,0.6978441270446233,0.6859070860189693,-492,-2.033057766035199
20160102,S36M0268,S36M0269,0.8840932096508188,0.8576378341032102,-494,-2.041322228498757
20160102,S36M0268,S36M0270,0.8018948860112026,0.8099816701301238,-714,-2.950413099490106
20160102,S36M0268,S36M0271,0.7899187418842695,0.7724140997212561,-429,-1.772727198433131
20160102,S36M0269,S36M0270,0.8279358817861157,0.8513530410253835,-426,-1.7603305047377944
20160102,S36M0269,S36M0271,0.8512497333863598,0.8525165238095569,-247,-1.0206611142493784
20160102,S36M0270,S36M0271,0.8776956083859173,0.8815916754563583,58,0.23966941144317389
20160103,S36M0274,S36M0275,0.6588142858559163,0.8536926913697429,-936,-3.867768432945013
20160103,S36M0274,S36M0278,0.24179414356863013,0.7758784842545041,-4406,-18.206610807217658
20160103,S36M0275,S36M0278,0.13022449945127598,0.6468508362568918,-3434,-14.190082049928606
20160104,S36M0281,S36M0282,0.7021747247579835,0.801149059161867,2390,9.876032643951476
20160104,S36M0281,S36M0284,0.6457228214695764,0.7673525992220407,5975,24.69008160987869
20160104,S36M0282,S36M0284,0.8907250583690494,0.8054316846344494,3566,14.735536572523415
20160105,S36M0288,S36M0290,0.2583705376824895,0.5436105445866488,2197,9.078512016218156
20160105,S36M0288,S36M0291,0.22294765040228726,0.8838768112339139,2788,11.520660674199462
20160105,S36M0290,S36M0291,0.6921123357077544,0.7895825693120047,960,3.9669419825077057
20160106,S36M0295,S36M0296,0.1493993896727818,0.8136006326907859,-6466,-26.71900714468211
20160106,S36M0295,S36M0297,0.15414160348265193,0.6110250139403027,-5563,-22.9876023423858
20160106,S36M0295,S36M0298,0.2215034484591694,0.8225169285672654,-3512,-14.512396086007357
20160106,S36M0295,S36M0299,0.6070381115412202,0.6773631094176445,-1203,-4.971074171829969
20160106,S36M0296,S36M0297,0.6635368064662127,0.7446229193105228,882,3.6446279464289546
20160106,S36M0296,S36M0298,0.31574185580286335,0.9249068849232258,3042,12.570247407071292
20160106,S36M0296,S36M0299,0.22812248211173278,0.7215906603018316,5214,21.545453642494977
20160106,S36M0297,S36M0298,0.28379620936379624,0.8653765961628197,2162,8.933883923105896
20160106,S36M0297,S36M0299,0.36391510466268623,0.6936471510374441,4381,18.103305026423186
20160106,S36M0298,S36M0299,0.5673586414935909,0.7518034954075695,2172,8.975206235423684
20160107,S36M0302,S36M0303,0.7516118926395565,0.9068723001902993,-1837,-7.590908772777766
20160107,S36M0302,S36M0304,0.14685246918026518,0.9233480911784078,-8904,-36.79338688775897
20160107,S36M0302,S36M0306,0.3395904690084679,0.7582003247991782,-4408,-18.214875269681215
20160107,S36M0303,S36M0304,0.16760411524079358,0.8943921917785522,-7011,-28.971073166001588
20160107,S36M0303,S36M0306,0.5126485929497064,0.9197069958319891,-2504,-10.347107004374266
20160107,S36M0304,S36M0306,0.1859561928895764,0.9192044236097855,4358,18.008263708092272
20160108,S36M0309,S36M0310,0.6487280419729303,0.4980028722958985,811,3.3512395289726555
20160108,S36M0309,S36M0312,0.658724931990029,0.8052020305519152,1185,4.896694009657949
20160108,S36M0309,S36M0313,0.8305847419442483,0.9299533861809745,1687,6.971074088010937
20160108,S36M0310,S36M0312,0.7054087811515225,0.7056176732015694,1,0.00413223123177886
20160108,S36M0310,S36M0313,0.5184562736547934,0.6651497084181967,901,3.723140339832753
20160108,S36M0312,S36M0313,0.7377521524547564,0.8859693741298413,631,2.6074379072524607
20160111,S36M0321,S36M0322,0.6651448188373416,0.6738954804646641,-192,-0.7933883965015411
20160111,S36M0321,S36M0323,0.7876803643660268,0.7818200380566024,146,0.6033057598397136
20160111,S36M0321,S36M0324,0.7975073338652426,0.8015988769596056,-27,-0.11157024325802922
20160111,S36M0321,S36M0325,0.7377866809077396,0.7445313323776408,430,1.7768594296649098
20160111,S36M0322,S36M0323,0.7151784887162356,0.7430434901853737,387,1.5991734866984189
20160111,S36M0322,S36M0324,0.8281693802390696,0.8215881385826145,192,0.7933883965015411
20160111,S36M0322,S36M0325,0.6731202676307534,0.6545479818689912,635,2.623966832179576
20160111,S36M0323,S36M0324,0.8745227733954655,0.8792257526149985,-70,-0.2892561862245202
20160111,S36M0323,S36M0325,0.770068016462256,0.7684915359635766,555,2.2933883336372674
20160111,S36M0324,S36M0325,0.7682429137032534,0.7815573905599101,445,1.8388428981415927
20160112,S36M0328,S36M0329,0.7679213481130317,0.7841887809832783,533,2.2024792465381324
20160112,S36M0328,S36M0330,0.6090758669785374,0.7463650648746781,1947,8.04545420827344
20160112,S36M0328,S36M0331,0.613516133808458,0.7788341971821442,3845,15.888429086189717
20160112,S36M0328,S36M0332,0.32099623288049783,0.7858041597851904,5137,21.227271837648004
20160112,S36M0329,S36M0330,0.7856879622895446,0.6585667078996311,1516,6.264462547376752
20160112,S36M0329,S36M0331,0.7890339375042732,0.8671842027816637,3308,13.66942091472447
20160112,S36M0329,S36M0332,0.5765765532623427,0.8090837815862862,4629,19.128098371904343
20160112,S36M0330,S36M0331,0.5701419130547216,0.8139802132755027,1918,7.925619502551854
20160112,S36M0330,S36M0332,0.40903527447618576,0.7765019041306167,3169,13.095040773507208
20160112,S36M0331,S36M0332,0.6981451928978394,0.7865449613805734,1273,5.260330358054489
20160113,S36M0335,S36M0336,0.6140421367283353,0.6993240226703685,-1355,-5.599173319060355
20160113,S36M0335,S36M0337,0.7669739714671173,0.7907560820729004,-1352,-5.586776625365019
20160113,S36M0335,S36M0338,0.4040801436645072,0.6499120677811777,9679,39.99586609238759
20160113,S36M0336,S36M0337,0.5885625026317999,0.5865804044769939,23,0.09504131833091378
20160113,S36M0336,S36M0338,0.3813582698720682,0.45156599213183735,10732,44.34710557945073
20160113,S36M0337,S36M0338,0.39402621209089966,0.7961624104246927,11038,45.61156833637506
20160114,S36M0347,S36M0348,0.7988755383326026,0.852095525956384,407,1.681818111333996
20160114,S36M0347,S36M0350,0.5359983285752622,0.5758187168341542,3640,15.04132168367505
20160114,S36M0347,S36M0351,0.6341924744574041,0.8059549307953292,6792,28.066114526242018
20160114,S36M0348,S36M0350,0.47526698325131544,0.5203025788012609,2938,12.140495358966291
20160114,S36M0348,S36M0351,0.7046249906057379,0.6338795828096316,3282,13.561982902698219
20160114,S36M0350,S36M0351,0.43690018675430875,0.5585124175890911,3267,13.499999434221536
20160115,S36M0354,S36M0355,0.6110277949765044,0.7007449205732774,727,3.0041321055032313
20160115,S36M0354,S36M0356,0.48477984801935065,0.5711298349466956,1509,6.2355369287543
20160115,S36M0355,S36M0356,0.428915984366257,0.4799663287754313,612,2.5289255138486624
20160116,S36M0361,S36M0362,0.5399451661401905,0.9028992541342367,913,3.7727271146140993
20160116,S36M0361,S36M0363,0.519574751122609,0.8586855132475355,2798,11.56198298651725
20160116,S36M0361,S36M0364,0.40448856713013465,0.8679951318637914,9717,40.15289087919518
20160116,S36M0361,S36M0365,0.34837603856093813,0.6010978526939158,1925,7.954545121174306
20160116,S36M0362,S36M0363,0.5302568060329785,0.8363724635416808,1885,7.789255871903151
20160116,S36M0362,S36M0364,0.366790335139861,0.8557475949263642,8900,36.776857962831855
20160116,S36M0362,S36M0365,0.5752991883458694,0.8109142095756726,954,3.9421485951170325
20160116,S36M0363,S36M0364,0.5572664289066519,0.907485902420039,6893,28.483469880651683
20160116,S36M0363,S36M0365,0.7443275977761228,0.8284061468515015,-927,-3.8305783518590033
20160116,S36M0364,S36M0365,0.6041098128570042,0.5885947446731121,-7777,-32.136362289544195
20160117,S36M0368,S36M0369,0.681872242234501,0.884803774889105,1220,5.041322102770209
20160117,S36M0368,S36M0370,0.4795404654872838,0.8381332406681551,3491,14.42561923014
20160117,S36M0368,S36M0372,0.5143261685154027,0.6759277835914963,4926,20.355371047742665
20160117,S36M0369,S36M0370,0.5228495384107285,0.8309882531758581,1932,7.983470739796758
20160117,S36M0369,S36M0372,0.4556831328529216,0.6968819035555063,3265,13.491734971757978
20160117,S36M0370,S36M0372,0.5984709704736975,0.7857533770423,1328,5.487603075802326
20160118,S36M0375,S36M0376,0.8526015398936515,0.8978859130296314,216,0.8925619460642338
20160118,S36M0375,S36M0377,0.6797992273815047,0.8956664875405496,1422,5.876032811589539
20160118,S36M0375,S36M0378,0.5479567740443632,0.8325280942697102,2448,10.11570205539465
20160118,S36M0375,S36M0379,0.5049659941575204,0.8441085972862225,3739,15.450412575621158
20160118,S36M0376,S36M0377,0.7003707878272523,0.9150116415065944,1219,5.0371898715384305
20160118,S36M0376,S36M0378,0.6122393629736061,0.8710752323891696,2523,10.425619397778064
20160118,S36M0376,S36M0379,0.57226474021175,0.8586053056810419,3523,14.557850629556924
20160118,S36M0377,S36M0378,0.6362091870224619,0.9246286956314602,1186,4.900826240889728
20160118,S36M0377,S36M0379,0.5797177279473611,0.8949127022114354,2219,9.16942110331729
20160118,S36M0378,S36M0379,0.8433497101340124,0.8808929025174324,1019,4.210743625182658
20160119,S36M0382,S36M0383,0.7043086260176211,0.7312038019221404,753,3.1115701175294816
20160119,S36M0382,S36M0384,0.7525650781073058,0.926720314510719,2038,8.421487250365317
20160119,S36M0382,S36M0385,0.5473215695158979,0.9101235386458482,2865,11.838842479046434
20160119,S36M0382,S36M0386,0.47468035164787314,0.8788585640145317,3860,15.9504125546664
20160119,S36M0383,S36M0384,0.8194868727764375,0.9180779642213452,1108,4.578512204810977
20160119,S36M0383,S36M0385,0.7288438594568204,0.9057824358707492,1951,8.061983133200556
20160119,S36M0383,S36M0386,0.776827813927345,0.8429473737168991,2662,10.999999538995326
20160119,S36M0384,S36M0385,0.7640201954035503,0.9284359643647891,888,3.6694213338196278
20160119,S36M0384,S36M0386,0.6345155500849317,0.9082472787236682,1413,5.838842730503529
20160119,S36M0385,S36M0386,0.8857261027346951,0.9433916843057716,475,1.9628098350949585
20160120,S36M0394,S36M0395,0.8563092059430757,0.8656006821050346,-420,-1.7355371173471212
20160120,S36M0394,S36M0396,0.6726090187763483,0.8871796956557504,1819,7.5165286106057465
20160120,S36M0394,S36M0397,0.6693875301422644,0.8298848061617308,2696,11.140495400875807
20160120,S36M0395,S36M0396,0.7214503628682679,0.8843219988567695,1892,7.818181490525603
20160120,S36M0395,S36M0397,0.7250037298348723,0.9028391633292355,3021,12.483470551203936
20160120,S36M0396,S36M0397,0.6738936418879287,0.791412320578939,866,3.578512246720493
20160121,S36M0400,S36M0401,0.7702208484014553,0.7964401132639857,193,0.79752062773332
20160121,S36M0400,S36M0402,0.6323676732103319,0.6497570244771557,479,1.979338760022074
20160121,S36M0400,S36M0403,0.7635940636881322,0.8717149426187747,1433,5.9214873551391065
20160121,S36M0400,S36M0404,0.5816811913510533,0.842105730651158,2120,8.760330211371183
20160121,S36M0401,S36M0402,0.7199051010277424,0.725982394878872,273,1.1280991262756288
20160121,S36M0401,S36M0403,0.8611196088618844,0.8326832024262739,1377,5.69008240615949
20160121,S36M0401,S36M0404,0.6837606994663294,0.8740941770872399,2043,8.442148406524211
20160121,S36M0402,S36M0403,0.8409130484131249,0.8594434666874194,1099,4.541322123724967
20160121,S36M0402,S36M0404,0.7566755256466061,0.7776567079723417,1618,6.685950133018196
20160121,S36M0403,S36M0404,0.7975476349165851,0.8642512810538452,669,2.7644626940600574
20160122,S36M0407,S36M0408,0.6263547853013193,0.9037065826127431,4266,17.628098434768617
20160122,S36M0407,S36M0409,0.7314983157065079,0.7840007254731275,2046,8.454545100219548
20160122,S36M0407,S36M0410,0.667557311376754,0.7468475757188269,2405,9.938016112428159
20160122,S36M0407,S36M0411,0.7289143317287766,0.8873113913641413,2508,10.363635929301381
20160122,S36M0408,S36M0409,0.8175663576778647,0.840338993606181,-2222,-9.181817797012627
20160122,S36M0408,S36M0410,0.8791499662206431,0.9362958912225627,-1818,-7.512396379373968
20160122,S36M0408,S36M0411,0.8426431670643765,0.8654873351614717,-1718,-7.099173256196082
20160122,S36M0409,S36M0410,0.8033521457132051,0.8284080504006109,465,1.92148752277717
20160122,S36M0409,S36M0411,0.801207494042953,0.831933837767618,461,1.9049585978500545
20160122,S36M0410,S36M0411,0.8388042621205081,0.8391882367851573,58,0.23966941144317389
20160123,S36M0414,S36M0415,0.58786680727099,0.9108475191284509,5319,21.979337921831757
20160123,S36M0414,S36M0416,0.5203333489953592,0.8948049434875772,7487,30.938015232328326
20160123,S36M0414,S36M0417,0.4182215598941249,0.9282577280657449,9162,37.859502545557916
20160123,S36M0415,S36M0416,0.6583587236852947,0.9080485361000113,2035,8.40909055666998
20160123,S36M0415,S36M0417,0.7115137272105806,0.9186110766999971,3840,15.867767930030823
20160123,S36M0416,S36M0417,0.67610842956141,0.9084141050256155,2144,8.859503760933876
20160124,S36M0421,S36M0422,0.7667846935234193,0.8139481515177758,711,2.9380164057947695
20160124,S36M0421,S36M0424,0.8789803563369997,0.9302476442089043,1901,7.855371571611613
20160124,S36M0421,S36M0425,0.821963962068683,0.872738150227318,3204,13.239668866619468
20160124,S36M0422,S36M0424,0.8564293146012217,0.796444530561664,1195,4.938016321975738
20160124,S36M0422,S36M0425,0.5897307395844157,0.6662795740941149,2588,10.69421442784369
20160124,S36M0424,S36M0425,0.7373095787112701,0.8129624870751296,1727,7.136363337282091
20160125,S36M0428,S36M0429,0.8805176690127254,0.8659780173811316,470,1.9421486789360642
20160125,S36M0428,S36M0430,0.8811404896643145,0.858281351320415,378,1.5619834056124091
20160125,S36M0428,S36M0431,0.7877146943102629,0.7966866451827956,-914,-3.776859345845878
20160125,S36M0428,S36M0432,0.6769990457385748,0.812934606416417,-2121,-8.764462442602962
20160125,S36M0429,S36M0430,0.8777213058712566,0.8461098854056409,-503,-2.0785123095847666
20160125,S36M0429,S36M0431,0.8598046775819697,0.804427771863671,-1546,-6.388429484330118
20160125,S36M0429,S36M0432,0.8447053713392683,0.8527599513006311,-2587,-10.690082196611911
20160125,S36M0430,S36M0431,0.7704104306125684,0.7939091450438563,-1432,-5.917355123907328
20160125,S36M0430,S36M0432,0.7101961060471083,0.8156769597640235,-2493,-10.301652460824698
20160125,S36M0431,S36M0432,0.6738749324621303,0.7717006228952044,-1039,-4.293388249818236
20160126,S36M0436,S36M0437,0.5657314090766482,0.5895987221577071,-288,-1.1900825947523117
20160126,S36M0436,S36M0438,0.6905267923046859,0.8761442562136923,-923,-3.814049426931888
20160126,S36M0437,S36M0438,0.8222370391836293,0.9222969189308404,-538,-2.2231404026970267
20160127,S36M0442,S36M0443,0.8165841404304227,0.9339015993627042,-657,-2.714875919278711
20160128,S36M0463,S36M0464,0.6798860723879562,0.7693265953751716,1277,5.276859282981604
20160128,S36M0463,S36M0465,0.6312892571769939,0.5197243013596251,-1054,-4.3553717182949185
20160128,S36M0463,S36M0466,0.8533049287895657,0.8016573834911704,-2286,-9.446280595846474
20160128,S36M0463,S36M0467,0.6186157221422828,0.8869346565771632,8316,34.363634923473
20160128,S36M0464,S36M0465,0.8467524752298494,0.6247561793605051,-2351,-9.7148756259121
20160128,S36M0464,S36M0466,0.5995842045280599,0.8616851079862827,-3278,-13.545453977771103
20160128,S36M0464,S36M0467,0.5956093550844352,0.8648138700987807,7119,29.417354139033705
20160128,S36M0465,S36M0466,0.579662123690399,0.6802076586923441,-1246,-5.14876011479646
20160128,S36M0465,S36M0467,0.6047766597321235,0.9053583694576786,9379,38.75619672285393
20160128,S36M0466,S36M0467,0.5988811135072826,0.9240993684222972,10575,43.698345276061445
20160129,S36M0477,S36M0478,0.6523135177205133,0.6945781178787369,-1507,-6.227272466290742
20160129,S36M0477,S36M0479,0.7831296662344671,0.6481178220658823,-3026,-12.50413170736283
20160129,S36M0477,S36M0481,0.3767079146611759,0.7285745412176031,7868,32.51239533163607
20160129,S36M0478,S36M0479,0.87483235702435,0.7604282853185217,-1224,-5.057851027697325
20160129,S36M0478,S36M0481,0.4027318807853616,0.779357194057788,9441,39.01239505922422
20160129,S36M0479,S36M0481,0.49697225745472934,0.7800184135108145,10788,44.57851052843034
20160201,S36M0486,S36M0487,0.7287985450532152,0.8627288386285158,1566,6.471074108965695
20160201,S36M0486,S36M0488,0.7963284265939675,0.8586535998180383,834,3.4462808473035693
20160201,S36M0486,S36M0490,0.6203654969525998,0.6943895361752217,2054,8.487602950073779
20160201,S36M0487,S36M0488,0.8918394809936264,0.9230423052796624,-328,-1.355371844023466
20160201,S36M0487,S36M0490,0.7136185478321319,0.690099776055567,846,3.4958676220849156
20160201,S36M0488,S36M0490,0.8141359720098957,0.8437020464008447,1171,4.838842772413045
20160203,S36M0511,S36M0514,0.5507869674346476,0.5729769251290968,-3414,-14.107437425293028
20160203,S36M0511,S36M0515,0.4826614722939852,0.4712290968871751,-3991,-16.49173484602943
20160203,S36M0514,S36M0515,0.7418481964876384,0.7954811808050426,-309,-1.2768594506196678
20160204,S36M0518,S36M0519,0.7981806043366135,0.8330813024991465,-201,-0.8305784775875509
20160204,S36M0518,S36M0521,0.7261088683392438,0.7197912242024217,-1419,-5.8636361178942025
20160204,S36M0518,S36M0522,0.7431254816465258,0.712996895865516,-4312,-17.818181071430445
20160204,S36M0519,S36M0521,0.6133932743124555,0.761408548893249,-1512,-6.2479336224496365
20160204,S36M0519,S36M0522,0.6443073897453874,0.5822070796374723,-4448,-18.38016451895237
20160204,S36M0521,S36M0522,0.8063239910797313,0.791254154382688,-2872,-11.867768097668886
20160205,S36M0525,S36M0526,0.8313270362389452,0.9064401872024768,-1680,-6.942148469388485
20160205,S36M0525,S36M0527,0.8969176778935832,0.8783138990914209,-302,-1.2479338319972157
20160205,S36M0525,S36M0529,0.8047262547154383,0.8482038271792555,418,1.7272726548835635
20160205,S36M0526,S36M0527,0.730729170025019,0.8070489623521199,1378,5.694214637391269
20160205,S36M0526,S36M0529,0.7596590000708515,0.9330218643891479,2086,8.619834349490702
20160205,S36M0527,S36M0529,0.7964954254000243,0.790361579996491,716,2.958677561953664
20160206,S36M0533,S36M0534,0.8755986260204307,0.8636591216787596,-272,-1.12396689504385
20160206,S36M0533,S36M0535,0.8139916324087825,0.6912017420049849,-2572,-10.628098728135228
20160206,S36M0533,S36M0536,0.8091759929178247,0.7563938120098508,-848,-3.5041320845484734
20160206,S36M0534,S36M0535,0.8578000921036008,0.7424461472218111,-1775,-7.334710436407477
20160206,S36M0534,S36M0536,0.8380169025256071,0.7566240705935274,-1039,-4.293388249818236
20160206,S36M0535,S36M0536,0.8747370511844513,0.8837277460435411,202,0.8347107088193297
20160207,S36M0539,S36M0540,0.7865512640606793,0.7796955759564663,-456,-1.8842974416911602
20160207,S36M0539,S36M0541,0.7649139589148826,0.7883139597116785,-1769,-7.3099170490168035
20160207,S36M0539,S36M0543,0.7408262323159144,0.7653458518915077,-2602,-10.752065665088594
20160207,S36M0540,S36M0541,0.8476394688013303,0.8441466190714249,-1098,-4.537189892493188
20160207,S36M0540,S36M0543,0.8496914208735308,0.8190747009713777,-2240,-9.256197959184647
20160207,S36M0541,S36M0543,0.7718893074595332,0.7939977353268107,-1177,-4.863636159803718
20160208,S36M0546,S36M0547,0.8803493028098722,0.8636596783711904,-359,-1.4834710122086108
20160208,S36M0546,S36M0548,0.8932644375142675,0.9240800599232525,528,2.181818090379238
20160208,S36M0546,S36M0549,0.7905773043323846,0.7868052987602189,282,1.1652892073616385
20160208,S36M0547,S36M0548,0.9278234596510669,0.9360842696636952,-962,-3.9752064449712634
20160208,S36M0547,S36M0549,0.8676133359766528,0.8517517670352719,-1075,-4.442148574162275
20160208,S36M0548,S36M0549,0.9354249886261331,0.9359559445159115,-255,-1.0537189641036093
20160209,S36M0553,S36M0554,0.8620239191674302,0.8596371248996231,156,0.6446280721575022
20160209,S36M0553,S36M0555,0.8514507144077937,0.8284391374091473,-319,-1.3181817629374564
20160209,S36M0553,S36M0556,0.9096051197018554,0.8600423574194277,-1799,-7.433883985970169
20160209,S36M0553,S36M0557,0.7689244954439494,0.7837559079591058,-2775,-11.466941668186337
20160209,S36M0554,S36M0555,0.761514433411364,0.7499793066797099,-477,-1.9710742975585163
20160209,S36M0554,S36M0556,0.8910075552735944,0.8784602783431055,-1957,-8.08677652059123
20160209,S36M0554,S36M0557,0.7612914442065031,0.810819606214954,-3105,-12.83057797467336
20160209,S36M0555,S36M0556,0.8454595482614704,0.9120983504423865,-1539,-6.359503865707666
20160209,S36M0555,S36M0557,0.7465898312275355,0.6954955536494041,-2564,-10.595040878280997
20160209,S36M0556,S36M0557,0.8017857425775441,0.8119319917256561,-920,-3.8016527332365513
20160210,S36M0560,S36M0561,0.863816539163319,0.7661648727830531,2795,11.549586292821914
20160210,S36M0560,S36M0564,0.8092704727845408,0.8246174002349916,2839,11.731404467020184
20160210,S36M0561,S36M0564,0.7907901114109263,0.7972258631693999,150,0.619834684766829
20160211,S36M0569,S36M0570,0.883005463237867,0.8873307394245692,65,0.2685950300656259
20160211,S36M0569,S36M0571,0.8606520070743272,0.8499437096509794,393,1.623966874089092
20160211,S36M0569,S36M0572,0.8664155553331827,0.8808372246275658,-257,-1.061983426567167
20160211,S36M0569,S36M0573,0.8552432998874923,0.8785071821551951,2063,8.524793031159788
20160211,S36M0570,S36M0571,0.850995237608508,0.8439482960424255,123,0.5082644415087998
20160211,S36M0570,S36M0572,0.8040711791485683,0.8190208364111122,-305,-1.2603305256925523
20160211,S36M0570,S36M0573,0.8908968780046963,0.8382310629493854,1802,7.446280679665506
20160211,S36M0571,S36M0572,0.8428269203334082,0.8240196897896018,-900,-3.719008108600974
20160211,S36M0571,S36M0573,0.8828737456823592,0.8418629374816138,1200,4.958677478134632
20160211,S36M0572,S36M0573,0.7761693459357175,0.8760864961764294,2360,9.75206570699811
20160212,S36M0577,S36M0578,0.8152853856170104,0.8274144898965782,341,1.4090908500365913
20160212,S36M0577,S36M0579,0.7878697635401232,0.7814989664350117,-318,-1.3140495317056775
20160212,S36M0577,S36M0580,0.8334947919494723,0.7938362021332236,-1587,-6.557850964833051
20160212,S36M0577,S36M0581,0.7230188424665637,0.7471252037486695,-1900,-7.851239340379834
20160212,S36M0578,S36M0579,0.7648988507243876,0.7638598596926715,-467,-1.9297519852407277
20160212,S36M0578,S36M0580,0.8424634201399446,0.8372241043330685,-2013,-8.318181469570845
20160212,S36M0578,S36M0581,0.7466823353633023,0.8741291374964496,-2202,-9.09917317237705
20160212,S36M0579,S36M0580,0.8566877977288629,0.9343334537844741,-1273,-5.260330358054489
20160212,S36M0579,S36M0581,0.7181831623763698,0.6991248607620171,-1142,-4.719008066691458
20160212,S36M0580,S36M0581,0.7304037662135594,0.7401948173238166,177,0.7314049280248582
20160213,S36M0584,S36M0585,0.890439282089269,0.9092887614716363,-2272,-9.38842935860157
20160213,S36M0584,S36M0586,0.9281424002339425,0.9297125319785556,-458,-1.892561904154718
20160213,S36M0584,S36M0587,0.9397970943668126,0.9363379420698928,-516,-2.132231315597892
20160213,S36M0584,S36M0588,0.9172336207652675,0.9042703353705079,-1602,-6.619834433309734
20160213,S36M0585,S36M0586,0.9038474680809931,0.9487411303496469,1117,4.615702285896987
20160213,S36M0585,S36M0587,0.9045888501327496,0.9272669797433687,920,3.8016527332365513
20160213,S36M0585,S36M0588,0.9196483922019633,0.9167902935675221,-475,-1.9628098350949585
20160213,S36M0586,S36M0587,0.9443353825569016,0.945614452154612,-235,-0.9710743394680321
20160213,S36M0586,S36M0588,0.9350148414008005,0.9471876605378163,-1581,-6.533057577442378
20160213,S36M0587,S36M0588,0.9179590516004278,0.9439598607370101,-1349,-5.574379931669682
20160214,S36M0591,S36M0592,0.7574849136906135,0.7570101513751955,-28,-0.11570247448980808
20160214,S36M0591,S36M0593,0.8175081495301523,0.8193512219518453,-79,-0.32644626731052995
20160214,S36M0591,S36M0594,0.7375534025052358,0.7351946898614641,-415,-1.714875961188227
20160214,S36M0591,S36M0595,0.7653575473741612,0.7425003991731399,-805,-3.3264461415819824
20160214,S36M0592,S36M0593,0.877903230769277,0.9071680387551218,-451,-1.863636285532266
20160214,S36M0592,S36M0594,0.9082008824512415,0.9039095731000967,-470,-1.9421486789360642
20160214,S36M0592,S36M0595,0.8885541623809378,0.9117212633903771,-826,-3.4132229974493384
20160214,S36M0593,S36M0594,0.8551596386109064,0.8548699561366959,-84,-0.34710742346942425
20160214,S36M0593,S36M0595,0.8657596446148234,0.8586125437474463,-406,-1.6776858801022172
20160214,S36M0594,S36M0595,0.8867865143789982,0.8882877804773334,-124,-0.5123966727405787
20160215,S36M0601,S36M0602,0.9094037655719008,0.8749826093205766,-449,-1.8553718230687082
20160216,S36M0605,S36M0606,0.8427987159203908,0.8231557346536911,-1005,-4.152892387937754
20160216,S36M0605,S36M0607,0.8963146267881903,0.8040909813385252,-2439,-10.07851197430864
20160216,S36M0605,S36M0608,0.8940410888189643,0.8934639542858887,-1887,-7.797520334366709
20160216,S36M0605,S36M0609,0.9368401767641239,0.92734802499549,-2348,-9.702478932216763
20160216,S36M0606,S36M0607,0.806535010061903,0.9378261261745477,-1571,-6.491735265124589
20160216,S36M0606,S36M0608,0.8983182914243105,0.9208758284703796,-790,-3.2644626731052995
20160216,S36M0606,S36M0609,0.9195525352310085,0.9392506195856528,-807,-3.33471060404554
20160216,S36M0607,S36M0608,0.8826387828767256,0.8854404998862666,-56,-0.23140494897961617
20160216,S36M0607,S36M0609,0.9582240841042909,0.9585450055163072,-14,-0.05785123724490404
20160216,S36M0608,S36M0609,0.968562383089913,0.969405933527785,-92,-0.38016527332365513
20160217,S36M0612,S36M0613,0.8905744852187292,0.8308480180150833,-654,-2.7024792255833745
20160217,S36M0612,S36M0614,0.7638667798103396,0.8450519938477442,-1235,-5.103305571246892
20160217,S36M0612,S36M0615,0.674165857416255,0.7179743193129486,-1422,-5.876032811589539
20160217,S36M0612,S36M0616,0.8695007206435394,0.8111958285224445,-2121,-8.764462442602962
20160217,S36M0613,S36M0614,0.8002286009412825,0.8474102305322233,-924,-3.8181816581636667
20160217,S36M0613,S36M0615,0.7496324015094726,0.7860396377761643,-1061,-4.384297336917371
20160217,S36M0613,S36M0616,0.9111111320980309,0.9308722008226176,-1354,-5.595041087828577
20160217,S36M0614,S36M0615,0.800595980951823,0.8356899735643563,-725,-2.9958676430396736
20160217,S36M0614,S36M0616,0.8908039924749903,0.8740207536232849,-1425,-5.888429505284876
20160217,S36M0615,S36M0616,0.8382050292660395,0.8438198434222529,-591,-2.4421486579813063
20160218,S36M0695,S36M0696,0.9328503737903112,0.940644045035575,-1572,-6.495867496356368
20160218,S36M0695,S36M0698,0.9210968261405599,0.9480085314250362,-1688,-6.975206319242716
20160218,S36M0696,S36M0698,0.8709630454568178,0.9039843329770689,-1572,-6.495867496356368
20160219,S36M0701,S36M0702,0.8570632291478231,0.869879718176388,-615,-2.541322207543999
20160219,S36M0701,S36M0703,0.7570910110479785,0.8578754428287941,-2054,-8.487602950073779
20160219,S36M0701,S36M0705,0.6524702214005054,0.9243527867493654,-4182,-17.280991011299193
20160219,S36M0702,S36M0703,0.9015066823465189,0.9227994210488286,-1035,-4.27685932489112
20160219,S36M0702,S36M0705,0.7859213400850401,0.8242016214153407,-2748,-11.355371424928308
20160219,S36M0703,S36M0705,0.8829185913734892,0.8157446594126608,-1938,-8.00826412718743
20160220,S36M0708,S36M0709,0.9644639669694869,0.965082116436356,41,0.16942148050293326
20160220,S36M0708,S36M0710,0.811734005029724,0.8108646061128971,-349,-1.4421486998908222
20160220,S36M0709,S36M0710,0.9670674151429117,0.9694471473252946,-407,-1.681818111333996
20160221,S36M0715,S36M0716,0.8358228116248684,0.9264190019208238,-1197,-4.9462807844392955
20160221,S36M0715,S36M0717,0.7869890316471903,0.8385319529927209,-1313,-5.425619607325643
20160221,S36M0715,S36M0718,0.8806329330213565,0.926171037923703,840,3.4710742346942425
20160221,S36M0715,S36M0719,0.9166966139725065,0.8711874607142945,-1280,-5.289255976676941
20160221,S36M0716,S36M0717,0.8875113069962718,0.9014931098436343,-385,-1.5909090242348611
20160221,S36M0716,S36M0718,0.7902498523266472,0.8766621505131837,2047,8.458677331451327
20160221,S36M0716,S36M0719,0.8192823701533601,0.8264651395297341,222,0.9173553334549069
20160221,S36M0717,S36M0718,0.8040295047114031,0.9021805309856001,2260,9.338842583820224
20160221,S36M0717,S36M0719,0.8543862046764108,0.867067553858057,662,2.7355370754376054
20160221,S36M0718,S36M0719,0.9027273737960096,0.9443490911968243,-2052,-8.479338487610221
20160222,S36M0722,S36M0723,0.8864159558924216,0.9405504278193696,-1124,-4.644627904519439
20160222,S36M0722,S36M0724,0.8986021114952764,0.8968069072633087,-118,-0.4876032853499055
20160222,S36M0722,S36M0726,0.9376627539049771,0.9371671313589598,45,0.1859504054300487
20160222,S36M0723,S36M0724,0.9103330782175351,0.909971234159881,342,1.4132230812683702
20160222,S36M0723,S36M0726,0.9460218924687175,0.9509324153531012,1027,4.243801475036889
20160222,S36M0724,S36M0726,0.945867372528589,0.9470708477810712,-676,-2.7933883126825094
20160223,S36M0729,S36M0730,0.9241862588610548,0.9250967634625655,-42,-0.17355371173471212
20160223,S36M0729,S36M0731,0.9142537467515298,0.9133536365570903,-297,-1.2272726758383214
20160223,S36M0729,S36M0732,0.9531049717301203,0.9369878190491377,-588,-2.4297519642859697
20160223,S36M0729,S36M0733,0.9324582165019201,0.9393827423707494,-253,-1.0454545016400516
20160223,S36M0730,S36M0731,0.961256632085794,0.9606781923981219,-54,-0.22314048651605844
20160223,S36M0730,S36M0732,0.9180337584608594,0.9178886005331669,-89,-0.36776857962831855
20160223,S36M0730,S36M0733,0.8983042252844473,0.9093298211580857,140,0.5785123724490404
20160223,S36M0731,S36M0732,0.9215586075649139,0.9221986441572352,18,0.07438016217201948
20160223,S36M0731,S36M0733,0.9039591693549744,0.9199958729309731,219,0.9049586397595704
20160223,S36M0732,S36M0733,0.9585403245951932,0.9588808456418804,-36,-0.14876032434403896
20160224,S36M0736,S36M0737,0.8784581492708002,0.8990233010879932,-782,-3.2314048232510686
20160224,S36M0736,S36M0738,0.8493680188975161,0.8594821603223682,-1259,-5.202479120809585
20160224,S36M0736,S36M0739,0.9145326236252763,0.9254536782534937,-1903,-7.863636034075171
20160224,S36M0736,S36M0740,0.919438247024655,0.9495908577427381,-2765,-11.425619355868548
20160224,S36M0737,S36M0738,0.9018264121240837,0.912715033266857,-491,-2.0289255348034203
20160224,S36M0737,S36M0739,0.9304184780270143,0.9248769982349073,-1023,-4.227272550109774
20160224,S36M0737,S36M0740,0.92775221366235,0.9390976483611725,-1993,-8.235536844935268
20160224,S36M0738,S36M0739,0.9430011056830281,0.9402674635513635,-1115,-4.607437823433429
20160224,S36M0738,S36M0740,0.9354270501736889,0.9505179193149724,-1914,-7.909090577624738
20160224,S36M0739,S36M0740,0.9165480679129916,0.95483762556145,-1046,-4.322313868440688
20160225,S36M0743,S36M0744,0.9387981723841585,0.9694521137544082,-876,-3.6198345590382814
20160225,S36M0743,S36M0747,0.8603357636519581,0.9510214006098732,-2425,-10.020660737063736
20160225,S36M0744,S36M0747,0.9511555344083177,0.9518364421391178,-1469,-6.0702476794831455
20160226,S36M0750,S36M0751,0.9515947811082467,0.9680041582021762,-734,-3.0330577241256833
20160226,S36M0750,S36M0752,0.8934025483773449,0.9123375412660205,-729,-3.012396567966789
20160226,S36M0750,S36M0753,0.8499346461853732,0.870175181240109,-945,-3.904958514031023
20160226,S36M0750,S36M0754,0.8666793825010064,0.8695129506174696,-113,-0.4669421291910112
20160226,S36M0751,S36M0752,0.9645920290592829,0.964642463740009,34,0.14049586188048124
20160226,S36M0751,S36M0753,0.9328560369509566,0.9345966364184438,-69,-0.28512395499274135
20160226,S36M0751,S36M0754,0.9478022596707919,0.949306926208467,245,1.0123966517858207
20160226,S36M0752,S36M0753,0.9150427807990921,0.9210624039920992,-212,-0.8760330211371183
20160226,S36M0752,S36M0754,0.9432413084567918,0.9368598431490627,379,1.566115636844188
20160226,S36M0753,S36M0754,0.8881406742091275,0.8943267534147135,564,2.330578414723277
20160227,S36M0757,S36M0758,0.8575543787139669,0.8730380502366839,-363,-1.4999999371357262
20160227,S36M0757,S36M0759,0.8630548769647953,0.8690816892726771,-963,-3.9793386762030423
20160227,S36M0757,S36M0760,0.8289531996372478,0.8541533732020405,-1213,-5.012396484147757
20160227,S36M0757,S36M0761,0.8838313618306807,0.9090116818077866,-1192,-4.925619628280401
20160227,S36M0758,S36M0759,0.9337712040928889,0.92883451333637,-234,-0.9669421082362533
20160227,S36M0758,S36M0760,0.8980189065342179,0.8978572944982091,-63,-0.2603305676020682
20160227,S36M0758,S36M0761,0.9458011426869003,0.9448295827294159,-699,-2.888429631013423
20160227,S36M0759,S36M0760,0.9259389264011366,0.9255173139393249,-114,-0.47107436042279005
20160227,S36M0759,S36M0761,0.9223020565588136,0.9286198713690873,-352,-1.4545453935861588
20160227,S36M0760,S36M0761,0.9443941894856392,0.9439849837188652,-223,-0.9214875646866858
20160228,S36M0765,S36M0766,0.9061737984173697,0.9215979614017934,475,1.9628098350949585
20160228,S36M0765,S36M0767,0.9327103693265268,0.946872263568291,867,3.5826444779522717
20160228,S36M0766,S36M0767,0.9149286437107197,0.9229894744675232,658,2.71900815051049
20160229,S36M0771,S36M0772,0.9009091781903783,0.9186815394698761,458,1.892561904154718
20160229,S36M0771,S36M0773,0.8799509327115042,0.8883756626316012,1648,6.809917069971561
20160229,S36M0771,S36M0774,0.7888724255960576,0.8698540065736362,1714,7.082644331268966
20160229,S36M0771,S36M0775,0.8533995138250727,0.897810229910397,1894,7.826445952989161
20160229,S36M0772,S36M0773,0.8666311845269795,0.8829083698090414,940,3.8842973578721285
20160229,S36M0772,S36M0774,0.9035234895239431,0.9111821032718447,798,3.2975205229595304
20160229,S36M0772,S36M0775,0.9159742183784522,0.9432104618119437,1053,4.35123948706314
20160229,S36M0773,S36M0774,0.8241966751064937,0.8211898656652709,-253,-1.0454545016400516
20160229,S36M0773,S36M0775,0.9358260358123689,0.936358438374921,17,0.07024793094024062
20160229,S36M0774,S36M0775,0.9075614039102161,0.9104891050007066,53,0.21900825528427958
20160301,S36M0778,S36M0779,0.9092936498045764,0.9519807440169983,4303,17.780990990344435
20160301,S36M0778,S36M0780,0.9015456397758491,0.9706957141289021,6616,27.33884182944894
20160301,S36M0778,S36M0781,0.9118944844936825,0.9702443607339712,5849,24.169420474674553
20160301,S36M0778,S36M0782,0.9151568009715755,0.9697122585520502,4380,18.099172795191407
20160301,S36M0779,S36M0780,0.9374875569863933,0.9754562374934911,1715,7.086776562500745
20160301,S36M0779,S36M0781,0.9523812162701689,0.9739621781734787,1101,4.549586586188525
20160301,S36M0779,S36M0782,0.9632764638912824,0.9700846588004014,427,1.7644627359695733
20160301,S36M0780,S36M0781,0.9674494235814489,0.9821681373484267,-811,-3.3512395289726555
20160301,S36M0780,S36M0782,0.9595657565212129,0.9763197858677016,-1132,-4.67768575437367
20160301,S36M0781,S36M0782,0.9733610810783735,0.9753503697683347,-558,-2.305785027332604
20160302,S36M0785,S36M0786,0.851238420662285,0.8623647273536406,-334,-1.3801652314141393
20160302,S36M0785,S36M0787,0.8019050961735126,0.843693738783815,-950,-3.925619670189917
20160302,S36M0785,S36M0788,0.8003029873324888,0.8376616179790152,-994,-4.107437844388187
20160302,S36M0785,S36M0789,0.9015542938854983,0.9542841012907265,-1290,-5.3305782889947295
20160302,S36M0786,S36M0787,0.8281298408010807,0.8449963134197532,-449,-1.8553718230687082
20160302,S36M0786,S36M0788,0.8063747522015939,0.8280047814491751,-504,-2.0826445408165455
20160302,S36M0786,S36M0789,0.9420591505833674,0.9300769502680262,-647,-2.6735536069609225
20160302,S36M0787,S36M0788,0.8912027991570135,0.892158063041949,16,0.06611569970846176
20160302,S36M0787,S36M0789,0.843524111747562,0.843368407251109,-6,-0.02479338739067316
20160302,S36M0788,S36M0789,0.8241703974585735,0.8219408448727731,-76,-0.31404957361519337
20160303,S36M0792,S36M0793,0.8649304349854359,0.9027982698185346,-747,-3.0867767301388085
20160303,S36M0792,S36M0794,0.7965661477128138,0.7978415734019256,-961,-3.9710742137394845
20160303,S36M0792,S36M0795,0.8788763022620943,0.873535513569864,142,0.5867768349125981
20160303,S36M0792,S36M0796,0.7819927146775475,0.8055549393065259,392,1.6198346428573132
20160303,S36M0793,S36M0794,0.849180834928467,0.8489469353807821,-26,-0.10743801202625036
20160303,S36M0793,S36M0795,0.8831349110600741,0.9160062643996986,1116,4.611570054665208
20160303,S36M0793,S36M0796,0.8087202015607924,0.8106851390134996,1394,5.760330337099731
20160303,S36M0794,S36M0795,0.9143362200042072,0.9260654182372163,1230,5.082644415087998
20160303,S36M0794,S36M0796,0.8657749257027622,0.8865356645628208,1436,5.933884048834443
20160303,S36M0795,S36M0796,0.8592609285456719,0.8595919840422994,114,0.47107436042279005
20160304,S36M0799,S36M0800,0.9245112531769488,0.9801453985542796,1788,7.388429442420602
20160304,S36M0799,S36M0801,0.8533077637434839,0.924899713588775,3015,12.458677163813263
20160304,S36M0799,S36M0802,0.7359697643193418,0.8767075081221686,3963,16.376032371539623
20160304,S36M0799,S36M0803,0.8468661566272995,0.9694139813328443,5914,24.43801550474018
20160304,S36M0800,S36M0801,0.9105065012893798,0.9414031608172384,1113,4.599173360969871
20160304,S36M0800,S36M0802,0.8341856551017635,0.896344472252347,2364,9.768594631925225
20160304,S36M0800,S36M0803,0.8670277923403029,0.9643441605731101,4058,16.768594338558614
20160304,S36M0801,S36M0802,0.8820067396178833,0.9182755862244355,1297,5.3595039076171815
20160304,S36M0801,S36M0803,0.8896286960200366,0.9675310307917274,3356,13.867768013849854
20160304,S36M0802,S36M0803,0.939852237166444,0.9684774521794755,2008,8.297520313411951
20160305,S36M0806,S36M0807,0.9734229408110123,0.9847711706555444,911,3.7644626521505415
20160305,S36M0806,S36M0808,0.9680292875624187,0.9800150866559835,893,3.690082489978522
20160305,S36M0806,S36M0809,0.9746088181761879,0.9767249374611072,282,1.1652892073616385
20160305,S36M0806,S36M0810,0.9756632880496158,0.9757991607827278,60,0.2479338739067316
20160305,S36M0807,S36M0808,0.983836727067203,0.9838378392631167,-2,-0.00826446246355772
20160305,S36M0807,S36M0809,0.9751507554305945,0.980176857690013,-632,-2.6115701384842396
20160305,S36M0807,S36M0810,0.9698794448491908,0.9799426896757669,-888,-3.6694213338196278
20160305,S36M0808,S36M0809,0.9766733622667483,0.9824992346289668,-589,-2.4338841955177486
20160305,S36M0808,S36M0810,0.9683144246541323,0.979484066896115,-812,-3.3553717602044344
20160305,S36M0809,S36M0810,0.978791589425188,0.9813442227711296,-471,-1.946280910167843
20160306,S36M0813,S36M0814,0.9706329406623927,0.9868059354697603,-1501,-6.202479078900069
20160306,S36M0813,S36M0815,0.9570742683715264,0.9846029877558828,-2363,-9.764462400693446
20160306,S36M0813,S36M0816,0.9440544872309782,0.9821314351439145,-3132,-12.94214821793139
20160306,S36M0813,S36M0817,0.9282836422448688,0.9787277623697775,-4555,-18.822313260752708
20160306,S36M0814,S36M0815,0.9810377573846067,0.9867721007221422,-631,-2.6074379072524607
20160306,S36M0814,S36M0816,0.9685372945873564,0.9847335862578757,-1424,-5.884297274053097
20160306,S36M0814,S36M0817,0.9449694134644359,0.9806519494126887,-2917,-12.053718503098935
20160306,S36M0815,S36M0816,0.9797476399584171,0.9872175544109403,-838,-3.4628097722306848
20160306,S36M0815,S36M0817,0.9555143673444126,0.9847150507640955,-2223,-9.185950028244406
20160306,S36M0816,S36M0817,0.968518499658571,0.9855472174703707,-1310,-5.413222913630307
20160307,S36M0820,S36M0821,0.947697557845104,0.9847680748901928,-2600,-10.743801202625036
20160307,S36M0820,S36M0822,0.9437736556251911,0.9809909729494171,-2841,-11.739668929483742
20160307,S36M0820,S36M0823,0.9267993606930511,0.9715490243160273,-3728,-15.40495803207159
20160307,S36M0820,S36M0824,0.923079968173001,0.9709700911346375,-4347,-17.962809164542705
20160307,S36M0821,S36M0822,0.981652639344803,0.9819826807992852,-57,-0.23553718021139503
20160307,S36M0821,S36M0823,0.9614550141173354,0.9715428036498568,-997,-4.1198345380835235
20160307,S36M0821,S36M0824,0.9571043429430697,0.9743221696391628,-1699,-7.020660862792283
20160307,S36M0822,S36M0823,0.9675990477607276,0.9797202691892055,-988,-4.082644456997514
20160307,S36M0822,S36M0824,0.9609193661866582,0.9797458554364424,-1540,-6.3636360969394445
20160307,S36M0823,S36M0824,0.9679999660561159,0.9749730489341037,-540,-2.2314048651605844
20160308,S36M0827,S36M0828,0.9288658858798617,0.9836704773763524,-3473,-14.351239067967981
20160308,S36M0827,S36M0829,0.9408472630983328,0.9769002324382553,-3001,-12.40082592656836
20160308,S36M0827,S36M0830,0.9560468263315355,0.9696815120724565,-1811,-7.483470760751516
20160308,S36M0827,S36M0831,0.944654111072531,0.9624163013557837,-2413,-9.97107396228239
20160308,S36M0828,S36M0829,0.9779540306804767,0.980394667473497,351,1.45041316235438
20160308,S36M0828,S36M0830,0.9603388823293179,0.9742633018004686,1862,7.6942145535722375
20160308,S36M0828,S36M0831,0.9595512597563712,0.9666753651953897,1055,4.359503949526697
20160308,S36M0829,S36M0830,0.9694090277147216,0.9769373923587481,1413,5.838842730503529
20160308,S36M0829,S36M0831,0.9651935145492988,0.9689836871252102,922,3.809917195700109
20160308,S36M0830,S36M0831,0.9732840469853263,0.9775501694141424,-699,-2.888429631013423
20160309,S36M0834,S36M0835,0.9801283924827641,0.9832723699918912,-432,-1.7851238921284676
20160309,S36M0834,S36M0836,0.9713168931496998,0.9810925674528548,-1043,-4.309917174745351
20160309,S36M0834,S36M0837,0.9551437409498078,0.9762755386982732,-2284,-9.438016133382916
20160309,S36M0834,S36M0838,0.9467010638524773,0.9705837577977194,-3105,-12.83057797467336
20160309,S36M0835,S36M0836,0.9785403560489819,0.9845631166153602,-452,-1.8677685167640448
20160309,S36M0835,S36M0837,0.9601689694704484,0.9755161837463668,-1644,-6.793388145044446
20160309,S36M0835,S36M0838,0.9514623134245219,0.9696620045930907,-2225,-9.194214490707964
20160309,S36M0836,S36M0837,0.9649702153183723,0.9742720414951958,-1125,-4.648760135751218
20160309,S36M0836,S36M0838,0.9553554502610018,0.969054105680753,-1398,-5.776859262026846
20160309,S36M0837,S36M0838,0.9749450685675964,0.9803367127951805,-817,-3.3760329163633287
20160310,S36M0842,S36M0843,0.9675405234436157,0.9674171054913052,-315,-1.301652838010341
20160310,S36M0842,S36M0844,0.9606738206669039,0.966823241048546,286,1.181818132288754
20160310,S36M0842,S36M0845,0.9691559711554526,0.9715428618359576,-139,-0.5743801412172616
20160310,S36M0842,S36M0846,0.8797281913933637,0.9667129615768479,-4134,-17.082643912173808
20160310,S36M0843,S36M0844,0.9567008614222288,0.981006205661978,760,3.1404957361519337
20160310,S36M0843,S36M0845,0.9718411690703415,0.9750656239530101,387,1.5991734866984189
20160310,S36M0843,S36M0846,0.9103316617709533,0.9769235757882837,-4054,-16.7520654136315
20160310,S36M0844,S36M0845,0.9718856798160833,0.9819741679643106,-536,-2.214875940233469
20160310,S36M0844,S36M0846,0.8890034607746427,0.9755387835923652,-4514,-18.652891780249774
20160310,S36M0845,S36M0846,0.8988066319657875,0.9748845734049331,-3978,-16.438015840016305
20160311,S36M0852,S36M0853,0.9153789880810083,0.9531378132998051,-2223,-9.185950028244406
20160311,S36M0852,S36M0854,0.9483198030311922,0.9746965439741192,2583,10.673553271684796
20160311,S36M0852,S36M0855,0.930089669924226,0.9644772385621729,-2412,-9.96694173105061
20160311,S36M0852,S36M0856,0.9249172584498269,0.9426532689217137,-1828,-7.553718691691756
20160311,S36M0853,S36M0854,0.8984992359723805,0.9850303233728201,4703,19.43388348305598
20160311,S36M0853,S36M0855,0.9055306730909837,0.8875573523415196,-322,-1.330578456632793
20160311,S36M0853,S36M0856,0.9131281355287756,0.9105020125206164,671,2.772727156523615
20160311,S36M0854,S36M0855,0.8974198024722383,0.9774586279162479,-4840,-19.999999161809683
20160311,S36M0854,S36M0856,0.9047306444500774,0.9636249980484437,-3984,-16.46280922740698
20160311,S36M0855,S36M0856,0.9401920728985066,0.9509638208732785,886,3.66115687135607
20160312,S36M0860,S36M0862,0.9563754034586768,0.9550987349626298,-126,-0.5206611352041364
20160312,S36M0860,S36M0863,0.8953601624817509,0.8999964447218771,-973,-4.020660988520831
20160312,S36M0862,S36M0863,0.9092940590655506,0.9104869219159131,-776,-3.2066114358603954
20160313,S36M0866,S36M0867,0.9600288188991161,0.9649339995402398,-322,-1.330578456632793
20160313,S36M0866,S36M0868,0.9531142117657698,0.9587249523443646,-1409,-5.822313805576414
20160313,S36M0866,S36M0869,0.9366389085737786,0.9175054648958523,-1402,-5.793388186953962
20160313,S36M0866,S36M0870,0.9477771859318846,0.9470921559041303,-1007,-4.161156850401312
20160313,S36M0867,S36M0868,0.9510834803545168,0.9589472164784258,-999,-4.128099000547081
20160313,S36M0867,S36M0869,0.9186839622401624,0.9179265975247102,-1084,-4.479338655248284
20160313,S36M0867,S36M0870,0.9449600726035967,0.9450443959159682,-573,-2.367768495809287
20160313,S36M0868,S36M0869,0.9371384922184073,0.9379404935465497,-69,-0.28512395499274135
20160313,S36M0868,S36M0870,0.955326989820366,0.9601021372357271,446,1.8429751293733716
20160313,S36M0869,S36M0870,0.9430287356113387,0.9490878111586716,470,1.9421486789360642
20160314,S36M0873,S36M0874,0.9583605474597818,0.9584231550065697,314,1.297520606778562
20160314,S36M0873,S36M0875,0.9188527479645715,0.9531437534952518,-1798,-7.4297517547383904
20160314,S36M0873,S36M0876,0.9358450918188396,0.9492678274405021,-969,-4.004132063593715
20160314,S36M0873,S36M0877,0.9611236355833473,0.9635161654552546,-889,-3.6735535650514066
20160314,S36M0874,S36M0875,0.9160581582371629,0.9478908582017306,-2086,-8.619834349490702
20160314,S36M0874,S36M0876,0.9026957919083309,0.9146016964309714,-1129,-4.665289060678333
20160314,S36M0874,S36M0877,0.9470350330690777,0.9561809670155844,-1028,-4.247933706268668
20160314,S36M0875,S36M0876,0.9489839436689802,0.9629547407009614,1016,4.198346931487322
20160314,S36M0875,S36M0877,0.9316334527501305,0.9537506319621553,1025,4.235537012573332
20160314,S36M0876,S36M0877,0.9385524821367262,0.938345208716664,-87,-0.35950411716476083
20160315,S36M0882,S36M0883,0.9354056012230145,0.9502933953239783,997,4.1198345380835235
20160315,S36M0882,S36M0884,0.9058276881347165,0.9358480560824306,2702,11.16528878826648
20160315,S36M0883,S36M0884,0.9465209504019217,0.9588135982883231,1779,7.351239361334592
20161201,S37M0565,S37M0566,0.49809252370705326,0.7243058135049615,2728,11.27272680029273
20161201,S37M0565,S37M0567,0.4038691423923782,0.7411681834325138,2796,11.553718524053693
20161201,S37M0565,S37M0569,0.5576685210402665,0.6552668435468956,2176,8.9917351603508
20161201,S37M0565,S37M0570,0.5332398120652645,0.6794536677932619,1346,5.561983237974346
20161201,S37M0565,S37M0571,0.31725560253126506,0.7871440570568613,2654,10.966941689141095
20161201,S37M0566,S37M0567,0.8236278100906348,0.8554333656846889,158,0.6528925346210599
20161201,S37M0566,S37M0569,0.6938051382987165,0.7696421849940076,1170,4.834710541181266
20161201,S37M0566,S37M0570,0.6445279714701776,0.6646797904554756,-713,-2.9462808682583272
20161201,S37M0566,S37M0571,0.6973287035934521,0.7273952107520626,808,3.338842835277319
20161201,S37M0567,S37M0569,0.6916614226707167,0.8336143868093614,620,2.5619833637028933
20161201,S37M0567,S37M0570,0.6212264679870145,0.7145515743162044,-1360,-5.61983447521925
20161201,S37M0567,S37M0571,0.7676195307557818,0.7887310188056135,-408,-1.685950342565775
20161201,S37M0569,S37M0570,0.6899670288506992,0.7312565280072872,-2013,-8.318181469570845
20161201,S37M0569,S37M0571,0.5581803763135471,0.711584424720237,-1072,-4.429751880466938
20161201,S37M0570,S37M0571,0.5325883234959629,0.7445015497992835,954,3.9421485951170325
20161206,S37M0574,S37M0575,0.6032336297464954,0.7842315550831915,1145,4.731404760386795
20161206,S37M0574,S37M0576,0.5162564314781223,0.5806476984508663,921,3.80578496446833
20161206,S37M0574,S37M0577,0.566023430852919,0.6122517346413606,-533,-2.2024792465381324
20161206,S37M0575,S37M0576,0.5653628319408005,0.6961804567129657,-430,-1.7768594296649098
20161206,S37M0575,S37M0577,0.5398650495038249,0.5725421959104418,-403,-1.6652891864068806
20161206,S37M0576,S37M0577,0.45682746962391096,0.631518724135685,2488,10.280991304665804
20161209,S37M0581,S37M0582,0.2813866970903462,0.14126160364107015,-23176,-95.76859102770686
20161209,S37M0581,S37M0583,0.27966066584457855,0.23288056359696255,-23120,-95.53718607872725
20161209,S37M0581,S37M0584,0.36828702590219603,0.10125639998100813,-22213,-91.78925235150382
20161209,S37M0581,S37M0585,0.3707453743739983,0.20639921059860655,-22312,-92.19834324344993
20161209,S37M0581,S37M0586,0.33486298048536883,0.2322755198099313,-22209,-91.7727234265767
20161209,S37M0581,S37M0588,0.3419894115022483,0.07896587720169959,-22247,-91.9297482133843
20161209,S37M0581,S37M0589,0.25707947630606703,0.1508250885442847,-23647,-97.7148719378747
20161209,S37M0581,S37M0590,0.22856062986264697,0.1946388164540881,-24200,-99.99999580904841
20161209,S37M0582,S37M0583,0.5127906749022533,0.30040470336908,-24197,-99.98759911535308
20161209,S37M0582,S37M0584,0.24540232266088519,0.6264356084914598,1416,5.851239424198866
20161209,S37M0582,S37M0585,0.5433464062091488,0.6604173267297343,5316,21.96694122813642
20161209,S37M0582,S37M0586,0.4944970854919689,0.6979690697057318,5214,21.545453642494977
20161209,S37M0582,S37M0588,0.3323806958310249,0.5733915168356444,2630,10.867768139578402
20161209,S37M0582,S37M0589,0.24470831286223266,0.6985387130804727,-15300,-63.22313784621656
20161209,S37M0582,S37M0590,0.18245034596167425,0.5894320129640767,-12777,-52.797518448438495
20161209,S37M0583,S37M0584,0.2734003053006804,0.1408260300319085,-24190,-99.95867349673063
20161209,S37M0583,S37M0585,0.5729476379816054,0.250727272903327,-24200,-99.99999580904841
20161209,S37M0583,S37M0586,0.5083437404520674,0.2668975244387902,-24200,-99.99999580904841
20161209,S37M0583,S37M0588,0.4257363070813614,0.10661651786534444,-24200,-99.99999580904841
20161209,S37M0583,S37M0589,0.2730270317536761,0.15854233088589045,-24200,-99.99999580904841
20161209,S37M0583,S37M0590,0.22764476911766188,0.1274147535420544,-24198,-99.99173134658486
20161209,S37M0584,S37M0585,0.3432081430954896,0.5476583080489279,3808,15.7355365306139
20161209,S37M0584,S37M0586,0.33933827909821684,0.5798097864908072,3760,15.537189431488514
20161209,S37M0584,S37M0588,0.13585081649279643,0.6400685748483271,18498,76.43801332544535
20161209,S37M0584,S37M0589,0.4310587715707268,0.679096404641604,636,2.628099063411355
20161209,S37M0584,S37M0590,0.1260970870709659,0.6646683810931755,3014,12.454544932581484
20161209,S37M0585,S37M0586,0.8629190874152508,0.8785451601979438,-51,-0.21074379282072186
20161209,S37M0585,S37M0588,0.3336283870283639,0.7447305197617985,-1740,-7.190082343295217
20161209,S37M0585,S37M0589,0.3621147718654738,0.7092753885143475,-19794,-81.79338500183076
20161209,S37M0585,S37M0590,0.2652303038806197,0.6689071324463046,-17246,-71.26445982325822
20161209,S37M0586,S37M0588,0.284055918740019,0.7096294341762153,-2155,-8.904958304483443
20161209,S37M0586,S37M0589,0.38992346602351524,0.754783452502715,-20514,-84.76859148871154
20161209,S37M0586,S37M0590,0.30641012321247413,0.6860591689260884,-17494,-72.28925316873938
20161209,S37M0588,S37M0589,0.18581545169805314,0.8300974224359435,-17931,-74.09503821702674
20161209,S37M0588,S37M0590,0.10202799988121873,0.8218897917390074,-15422,-63.72727005649358
20161209,S37M0589,S37M0590,0.15311231421234722,0.9105739682816676,2524,10.429751629009843
20161210,S37M0591,S37M0592,0.7102881883917673,0.753232736997939,573,2.367768495809287
20161210,S37M0591,S37M0594,0.2029282950450708,0.5513432438772599,3018,12.4710738575086
20161210,S37M0591,S37M0595,0.218560358859851,0.7648485039470776,4136,17.090908374637365
20161210,S37M0591,S37M0596,0.28661849028494213,0.7183020348223215,4946,20.438015672378242
20161210,S37M0591,S37M0597,0.40287109078917344,0.717244343232865,-24200,-99.99999580904841
20161210,S37M0592,S37M0594,0.10914956448803988,0.5812081783198138,2385,9.855371487792581
20161210,S37M0592,S37M0595,0.10717735915003325,0.7734989171270243,3954,16.338842290453613
20161210,S37M0592,S37M0596,0.25495965891044486,0.8203303793941221,4424,18.280990969389677
20161210,S37M0592,S37M0597,0.2034167585293156,0.7294989627107029,-24200,-99.99999580904841
20161210,S37M0594,S37M0595,0.2540922437997764,0.6410202446544456,931,3.8471072767861187
20161210,S37M0594,S37M0596,0.14161233418094302,0.6166986794464931,1377,5.69008240615949
20161210,S37M0594,S37M0597,0.08361973994112631,0.5581499717141974,-24200,-99.99999580904841
20161210,S37M0595,S37M0596,0.5564844791141181,0.856592984597359,478,1.9752065287902951
20161210,S37M0595,S37M0597,0.5682698814974696,0.4617025623384583,-24200,-99.99999580904841
20161210,S37M0596,S37M0597,0.8789599059111397,0.35207693011396823,-24200,-99.99999580904841
20161211,S37M0598,S37M0600,0.2399771714542722,0.6037796255938046,1731,7.152892262209207
20161211,S37M0598,S37M0601,0.15508356115463576,0.44548579928083054,-5762,-23.809916357509792
20161211,S37M0598,S37M0602,0.12113816448969468,0.5066518644450563,-13350,-55.16528694424778
20161211,S37M0598,S37M0603,0.23009539946971386,0.6288628196500408,5001,20.66528839012608
20161211,S37M0598,S37M0604,0.303802069787281,0.3917429483234937,-20095,-83.0371866025962
20161211,S37M0600,S37M0601,0.5015452104836794,0.7206770397970608,-7605,-31.42561851767823
20161211,S37M0600,S37M0602,0.15018992371935438,0.850112924689157,-15194,-62.785121335648
20161211,S37M0600,S37M0603,0.23506279223933763,0.7850521068345888,3186,13.165288704447448
20161211,S37M0600,S37M0604,0.2836952190788646,0.21446470337760806,-20573,-85.01239313138649
20161211,S37M0601,S37M0602,0.09113597344241467,0.7671924601837853,-7589,-31.35950281796977
20161211,S37M0601,S37M0603,0.1583590451891876,0.6399767897960142,10341,42.73140316782519
20161211,S37M0601,S37M0604,0.3239013584875176,0.2846047936245318,-20647,-85.31817824253812
20161211,S37M0602,S37M0603,0.1708396532198246,0.7116648761350269,18377,75.93801334640011
20161211,S37M0602,S37M0604,0.77704760732352,0.468636721136372,-19346,-79.94214540999383
20161211,S37M0603,S37M0604,0.3287493593220488,0.25617991151786385,-20454,-84.5206576148048
20161213,S37M0618,S37M0619,0.478428842805136,0.21157251060689156,-23182,-95.79338441509753
20161213,S37M0618,S37M0620,0.290212006060061,0.4529722795985367,-21829,-90.20247555850074
20161213,S37M0618,S37M0621,0.39521360866193844,0.3286185899021993,-24084,-99.52065698616207
20161213,S37M0618,S37M0622,0.30431304249220537,0.682183259148798,-6421,-26.53305673925206
20161213,S37M0618,S37M0623,0.282941822915626,0.6578857427408366,-4328,-17.884296771138906
20161213,S37M0618,S37M0624,0.25446307203587276,0.6505255089401696,-4307,-17.79751991527155
20161213,S37M0619,S37M0620,0.3356342707913472,0.22092645687587023,-21414,-88.48759959731251
20161213,S37M0619,S37M0621,0.7627819890789347,0.19396052658337426,-21688,-89.61983095481992
20161213,S37M0619,S37M0622,0.3007992396083949,0.23709817222390436,-21511,-88.88842602679506
20161213,S37M0619,S37M0623,0.18206869757400546,0.2082698568284106,-22450,-92.76859115343541
20161213,S37M0619,S37M0624,0.15935380065993607,0.22318282965622807,-21075,-87.08677320973948
20161213,S37M0620,S37M0621,0.3529524263631648,0.2127481790641627,-24198,-99.99173134658486
20161213,S37M0620,S37M0622,0.18716054967481724,0.7874228129930759,18412,76.08264143951237
20161213,S37M0620,S37M0623,0.1557247013755742,0.7387526421330359,20915,86.42561621265486
20161213,S37M0620,S37M0624,0.13703101263657091,0.4363899988727468,20321,83.97107086097822
20161213,S37M0621,S37M0622,0.1298983850162814,0.1556842933865954,-24161,-99.83883879100904
20161213,S37M0621,S37M0623,0.134814719535202,0.11077855440948878,-24193,-99.97107019042596
20161213,S37M0621,S37M0624,0.12605583772564333,0.10491063915136344,-24176,-99.90082225948572
20161213,S37M0622,S37M0623,0.26399033213801265,0.859745946822941,2293,9.475206214468926
20161213,S37M0622,S37M0624,0.26345811083225973,0.8145347128290841,2315,9.566115301568061
20161213,S37M0623,S37M0624,0.8212713872725961,0.8499931970752561,21,0.08677685586735606
20161214,S37M0626,S37M0627,0.3631074100651762,0.6349409922570658,-5205,-21.508263561408967
20161214,S37M0626,S37M0628,0.23641599269764274,0.56006015816408,8280,34.21487459912896
20161214,S37M0626,S37M0629,0.24364508220839592,0.5896997285564778,7955,32.87189944880083
20161214,S37M0626,S37M0630,0.1793584199930078,0.5667138292584734,5375,22.210742870811373
20161214,S37M0626,S37M0631,0.20952377061386476,0.6806616966397362,8293,34.26859360514209
20161214,S37M0626,S37M0632,0.289490199553614,0.6130567577238605,8451,34.92148613976315
20161214,S37M0627,S37M0628,0.19563503086631318,0.6421034583901678,12975,53.61570023233071
20161214,S37M0627,S37M0629,0.22462086102905046,0.6842830574101696,12583,51.9958655894734
20161214,S37M0627,S37M0630,0.22033678621122638,0.6479725922717485,10518,43.46280809585005
20161214,S37M0627,S37M0631,0.20398910151703628,0.8432580351241599,13548,55.98346872814
20161214,S37M0627,S37M0632,0.26031473518389986,0.721687134138059,13629,56.318179457914084
20161214,S37M0628,S37M0629,0.7918016580482297,0.8630616971993105,-392,-1.6198346428573132
20161214,S37M0628,S37M0630,0.6200308661891274,0.6649060932226796,-327,-1.3512396127916873
20161214,S37M0628,S37M0631,0.7663059226574805,0.7852571957042597,163,0.6735536907799542
20161214,S37M0628,S37M0632,0.7613125852623431,0.7945721708368413,1015,4.194214700255543
20161214,S37M0629,S37M0630,0.6743301767032329,0.6998787750457633,279,1.152892513666302
20161214,S37M0629,S37M0631,0.7733131141063521,0.8588610641917814,406,1.6776858801022172
20161214,S37M0629,S37M0632,0.806605058414225,0.8520850544295242,560,2.3140494897961617
20161214,S37M0630,S37M0631,0.665215911269488,0.7232449090139511,3130,12.933883755467832
20161214,S37M0630,S37M0632,0.6524927177724221,0.6777994270779344,275,1.1363635887391865
20161214,S37M0631,S37M0632,0.8613227962054913,0.8657894985676589,28,0.11570247448980808
20161215,S37M0634,S37M0635,0.8088541803554185,0.8750899776119037,200,0.826446246355772
20161215,S37M0634,S37M0636,0.37383564768133987,0.6688514311574766,-12030,-49.71074171829969
20161215,S37M0634,S37M0637,0.5330095994146955,0.28864029458894747,-24196,-99.9834668841213
20161215,S37M0634,S37M0638,0.6348592974956364,0.827820974859405,769,3.1776858172379434
20161215,S37M0634,S37M0639,0.6842598362079803,0.8451759913735645,840,3.4710742346942425
20161215,S37M0634,S37M0640,0.4036372958118385,0.8839789526652203,2763,11.41735489340499
20161215,S37M0635,S37M0636,0.4532518923492788,0.6389001818989366,-12283,-50.75619621993974
20161215,S37M0635,S37M0637,0.5673501416515202,0.286439166189255,-24200,-99.99999580904841
20161215,S37M0635,S37M0638,0.4954657789920353,0.6367722853996951,569,2.3512395708821714
20161215,S37M0635,S37M0639,0.7310683466692125,0.8302005629794628,599,2.475206507835537
20161215,S37M0635,S37M0640,0.46162289986665717,0.8530991666525995,2413,9.97107396228239
20161215,S37M0636,S37M0637,0.8225051688935134,0.2780161520420636,-24150,-99.79338424745947
20161215,S37M0636,S37M0638,0.47442105050025546,0.6316547776097399,12677,52.38429532526061
20161215,S37M0636,S37M0639,0.45730218715189125,0.6477261814961517,12444,51.421485448256135
20161215,S37M0636,S37M0640,0.3336289518177409,0.6497526160661983,14663,60.590906551573426
20161215,S37M0637,S37M0638,0.7892965075385677,0.25458932747111723,-22074,-91.21487221028656
20161215,S37M0637,S37M0639,0.769175961736223,0.23074715440308866,-23801,-98.35123554756865
20161215,S37M0637,S37M0640,0.4143157574608244,0.1906043563115584,-24088,-99.53718591108918
20161215,S37M0638,S37M0639,0.5710688823026003,0.5868274354855259,-93,-0.384297504555434
20161215,S37M0638,S37M0640,0.5364218374562867,0.8073112437594242,1972,8.148759989067912
20161215,S37M0639,S37M0640,0.512388701470219,0.8420133227201256,1839,7.599173235241324
20161216,S37M0643,S37M0644,0.749789641516286,0.8679901347138124,763,3.1528924298472703
20161216,S37M0643,S37M0645,0.8261954773677203,0.8674144361577276,142,0.5867768349125981
20161216,S37M0643,S37M0646,0.3503577555579692,0.7098844552378827,-22325,-92.25206224946305
20161216,S37M0643,S37M0647,0.8162505670633541,0.8187152460365904,-59,-0.24380164267495275
20161216,S37M0643,S37M0648,0.7188094246838387,0.8427973206618822,1004,4.1487601567059755
20161216,S37M0644,S37M0645,0.7234159877908269,0.8772728678565757,-746,-3.0826444989070296
20161216,S37M0644,S37M0646,0.17482152930849698,0.4150850094743061,-22648,-93.58677293732762
20161216,S37M0644,S37M0647,0.7247859999769871,0.771597627589889,-476,-1.9669420663267374
20161216,S37M0644,S37M0648,0.7705204663868198,0.8317926077915372,762,3.1487601986154914
20161216,S37M0645,S37M0646,0.18661440272453259,0.2777512774202123,-22638,-93.54545062500983
20161216,S37M0645,S37M0647,0.736829045155509,0.7483607367382352,-230,-0.9504131833091378
20161216,S37M0645,S37M0648,0.7020889826067775,0.7091264687381833,1508,6.231404697522521
20161216,S37M0646,S37M0647,0.37746038109540303,0.33593291853550106,-22709,-93.83883904246613
20161216,S37M0646,S37M0648,0.2501105911943366,0.2079634463136244,-22648,-93.58677293732762
20161216,S37M0647,S37M0648,0.7273962338814843,0.7871914156062025,879,3.632231252733618
20161217,S37M0650,S37M0652,0.6906135649195565,0.8325329839164389,1598,6.603305508382618
20161217,S37M0650,S37M0653,0.43996411949952946,0.6504885982716383,-11753,-48.56611366709694
20161217,S37M0650,S37M0654,0.6944739998969311,0.8009369725834303,2756,11.388429274782538
20161217,S37M0650,S37M0655,0.5312854419119569,0.5638320707964659,-329,-1.359504075255245
20161217,S37M0652,S37M0653,0.4791707763486653,0.7226533216629125,-13390,-55.33057619351894
20161217,S37M0652,S37M0654,0.7177454855799985,0.8061843673161324,1270,5.247933664359152
20161217,S37M0652,S37M0655,0.4487966496709143,0.5224864929019991,-5609,-23.177684979047626
20161217,S37M0653,S37M0654,0.4485747301258485,0.7025752498656266,14636,60.479336308315396
20161217,S37M0653,S37M0655,0.6938477605002221,0.7000218996463675,42,0.17355371173471212
20161217,S37M0654,S37M0655,0.39179894250589437,0.5581869750105192,-6863,-28.359502943698317
20161218,S37M0658,S37M0659,0.4182926152292167,0.6453577933108509,-6090,-25.165288201533258
20161218,S37M0658,S37M0660,0.5688993192674088,0.8097425324483737,2626,10.851239214651287
20161218,S37M0658,S37M0661,0.7053601113878126,0.8141487130760618,2017,8.33471039449796
20161218,S37M0658,S37M0662,0.5528346960748737,0.7799732025473548,3344,13.818181239068508
20161218,S37M0658,S37M0663,0.7616963296543964,0.870932538801676,1428,5.900826198980212
20161218,S37M0658,S37M0664,0.7580880665972057,0.877302186156397,2349,9.706611163448542
20161218,S37M0659,S37M0660,0.2763359372459948,0.7252853345898093,8713,36.00413072248921
20161218,S37M0659,S37M0661,0.32365227281843767,0.6230113303182431,6941,28.681816979777068
20161218,S37M0659,S37M0662,0.25421419508192816,0.7454951610517228,9460,39.09090745262802
20161218,S37M0659,S37M0663,0.3459432018172114,0.676330087144638,7220,29.83470949344337
20161218,S37M0659,S37M0664,0.34966731862922096,0.6063464732946586,8485,35.06198200164363
20161218,S37M0660,S37M0661,0.7790469194022016,0.834521585210516,-142,-0.5867768349125981
20161218,S37M0660,S37M0662,0.622391481244563,0.8130166964368407,797,3.2933882917277515
20161218,S37M0660,S37M0663,0.7630292646215363,0.8195786825913027,-1181,-4.880165084730834
20161218,S37M0660,S37M0664,0.820633293734285,0.8275977531407954,-251,-1.0371900391764939
20161218,S37M0661,S37M0662,0.5606510547413863,0.7295959382741625,1054,4.3553717182949185
20161218,S37M0661,S37M0663,0.8208333468239382,0.8557371607756352,584,2.4132230393588543
20161218,S37M0661,S37M0664,0.8430832443701253,0.8620925291236463,391,1.6157024116255343
20161218,S37M0662,S37M0663,0.6245111541517858,0.8052940829441501,-1928,-7.966941814869642
20161218,S37M0662,S37M0664,0.6805738979954329,0.8035415609947476,-996,-4.115702306851745
20161218,S37M0663,S37M0664,0.8521550680144911,0.88986711267967,816,3.37190068513155
20161219,S37M0666,S37M0667,0.807562235606255,0.9083434815131607,1820,7.520660841837525
20161220,S37M0683,S37M0684,0.6548699186716673,0.7413038426720164,-1097,-4.5330576612614095
20161220,S37M0683,S37M0686,0.7235044472642989,0.8000825718739603,1408,5.818181574344635
20161220,S37M0683,S37M0687,0.8170644390216584,0.8226545488465578,140,0.5785123724490404
20161220,S37M0684,S37M0686,0.5149736296772928,0.8007261959510684,2507,10.359503698069602
20161220,S37M0684,S37M0687,0.5345530408539413,0.7639409032342754,1213,5.012396484147757
20161220,S37M0686,S37M0687,0.7958851360739505,0.8082073939911972,-195,-0.8057850901968777
20161221,S37M0689,S37M0691,0.8597450459055752,0.8806568554172548,344,1.4214875437319279
20161221,S37M0689,S37M0693,0.7451685166220514,0.7655635950654728,-169,-0.6983470781706274
20161221,S37M0689,S37M0694,0.346783896853288,0.714830719151833,-15520,-64.13222871720791
20161221,S37M0689,S37M0695,0.6460431209705492,0.2004659733138994,-24200,-99.99999580904841
20161221,S37M0689,S37M0696,0.6735834815096045,0.8660853449389335,3320,13.719007689505816
20161221,S37M0689,S37M0697,0.47231999620317755,0.7111759531035318,2440,10.082644205540419
20161221,S37M0691,S37M0693,0.6740300738109047,0.7216992039874023,815,3.367768453899771
20161221,S37M0691,S37M0694,0.38193299443410067,0.6005297669633849,-14169,-58.54958432307467
20161221,S37M0691,S37M0695,0.6791771423558073,0.2284014500315188,-24200,-99.99999580904841
20161221,S37M0691,S37M0696,0.7285952931721107,0.858990989468238,2973,12.285123452078551
20161221,S37M0691,S37M0697,0.51001469734093,0.6599427858522303,2321,9.590908688958734
20161221,S37M0693,S37M0694,0.40099285124826195,0.7520421334941562,-15387,-63.58264196338132
20161221,S37M0693,S37M0695,0.4381209731299548,0.3747742566439064,-24200,-99.99999580904841
20161221,S37M0693,S37M0696,0.5773558993927052,0.7334050602411647,3509,14.49999939231202
20161221,S37M0693,S37M0697,0.4176475919312323,0.6328376181855645,2681,11.078511932399124
20161221,S37M0694,S37M0695,0.43303361111058697,0.2111594459911465,-24200,-99.99999580904841
20161221,S37M0694,S37M0696,0.3632088563183132,0.6848829083714829,18894,78.07437689322978
20161221,S37M0694,S37M0697,0.2540766718710937,0.6343793685343732,17837,73.70660848123953
20161221,S37M0695,S37M0696,0.34779641671685657,0.23138024184118622,-24198,-99.99173134658486
20161221,S37M0695,S37M0697,0.20756142020863821,0.5764988102726852,-24056,-99.40495451167226
20161221,S37M0696,S37M0697,0.6210614058416463,0.7069351573965649,-996,-4.115702306851745
20161222,S37M0700,S37M0701,0.6026395647363284,0.7208758528463024,881,3.6404957151971757
20161222,S37M0700,S37M0702,0.39737401031783104,0.2733731664560896,-24200,-99.99999580904841
20161222,S37M0700,S37M0703,0.6198236205013963,0.7250646216494034,1542,6.371900559403002
20161222,S37M0700,S37M0704,0.4956355521699144,0.8157279714655074,3029,12.516528401058167
20161222,S37M0700,S37M0705,0.5724227155668845,0.7924025681128747,20663,85.38429394224659
20161222,S37M0700,S37M0706,0.5630346537784482,0.7670254580546816,21675,89.56611194880679
20161222,S37M0701,S37M0702,0.3173210413405695,0.25691754391671595,-24200,-99.99999580904841
20161222,S37M0701,S37M0703,0.4836246266911946,0.6678859188240862,18144,74.97520346939564
20161222,S37M0701,S37M0704,0.3607272319485152,0.6688711201954203,1168,4.826446078717709
20161222,S37M0701,S37M0705,0.37407750200107776,0.6955051443577559,19666,81.26445940416306
20161222,S37M0701,S37M0706,0.3678455488262455,0.7153108821057504,20396,84.28098820336163
20161222,S37M0702,S37M0703,0.17705762851817647,0.2640446679509706,-24184,-99.93388010933995
20161222,S37M0702,S37M0704,0.23964657395964092,0.16797559140631105,-24200,-99.99999580904841
20161222,S37M0702,S37M0705,0.22262019103912667,0.27264697669192556,-24200,-99.99999580904841
20161222,S37M0702,S37M0706,0.2395020782315961,0.28714125828748205,-24200,-99.99999580904841
20161222,S37M0703,S37M0704,0.7032988596167947,0.7219176719423133,253,1.0454545016400516
20161222,S37M0703,S37M0705,0.7231583870040287,0.8421165384404327,1377,5.69008240615949
20161222,S37M0703,S37M0706,0.7044053447318764,0.8494947321495852,2258,9.330578121356666
20161222,S37M0704,S37M0705,0.7074872297519857,0.7611949280994661,1137,4.698346910532564
20161222,S37M0704,S37M0706,0.6887572904696917,0.7669425883359501,1976,8.165288913995028
20161222,S37M0705,S37M0706,0.8570434127350789,0.9007837369909677,882,3.6446279464289546
20161223,S37M0709,S37M0710,0.6356169348069562,0.8102406438199109,1003,4.144627925474197
20161223,S37M0709,S37M0711,0.5350589167790466,0.8047479639344751,1765,7.293388124089688
20161223,S37M0709,S37M0712,0.4892383797698018,0.6809828821679614,16362,67.61156741436571
20161223,S37M0709,S37M0713,0.5925696810311273,0.7564809975605407,2822,11.661156536079943
20161223,S37M0709,S37M0714,0.4934297739404727,0.7939358603435819,5641,23.30991637846455
20161223,S37M0709,S37M0715,0.41404278668972594,0.7224134965634454,5812,24.016527919098735
20161223,S37M0709,S37M0716,0.4853111662080846,0.7639263142465221,4835,19.97933800565079
20161223,S37M0710,S37M0711,0.7681261548532817,0.8601309318188605,789,3.2603304418735206
20161223,S37M0710,S37M0712,0.6047707736855485,0.8052119959003611,-16677,-68.91322025237605
20161223,S37M0710,S37M0713,0.7336125372145063,0.8286731376907241,1557,6.433884027879685
20161223,S37M0710,S37M0714,0.5718788567994448,0.9072939811896584,4771,19.71487520681694
20161223,S37M0710,S37M0715,0.4825592632456123,0.8272508466965518,4730,19.54545372631401
20161223,S37M0710,S37M0716,0.5729063134771453,0.8668464409969978,3485,14.400825842749327
20161223,S37M0711,S37M0712,0.5843677152718959,0.7821219122946823,-17770,-73.42974898871034
20161223,S37M0711,S37M0713,0.7585661458087845,0.8153166081053164,961,3.9710742137394845
20161223,S37M0711,S37M0714,0.5583141091605607,0.8840312446087921,3606,14.90082582179457
20161223,S37M0711,S37M0715,0.4675778317281941,0.8479060011193676,4042,16.702478638850152
20161223,S37M0711,S37M0716,0.5592143497032899,0.8882621443383247,2695,11.136363169644028
20161223,S37M0712,S37M0713,0.6454859685947195,0.6500453783899919,600,2.479338739067316
20161223,S37M0712,S37M0714,0.5163955260307422,0.8053945535953135,21614,89.31404584366828
20161223,S37M0712,S37M0715,0.42920038292234375,0.7205466680943816,21410,88.4710706723854
20161223,S37M0712,S37M0716,0.5174122134172586,0.774918794639286,20467,84.57437662081793
20161223,S37M0713,S37M0714,0.7080316586670308,0.8471258264012843,2606,10.76859459001571
20161223,S37M0713,S37M0715,0.6153093706666249,0.7652458767056222,3231,13.351239109877497
20161223,S37M0713,S37M0716,0.7061223991869361,0.8689006487498089,1869,7.7231401721946895
20161223,S37M0714,S37M0715,0.8261006319059947,0.8578704315591241,88,0.3636363483965397
20161223,S37M0714,S37M0716,0.7711484112697679,0.8094626619082139,-907,-3.747933727223426
20161223,S37M0715,S37M0716,0.7581922335158285,0.8452747374462655,-1361,-5.623966706451029
20161224,S37M0718,S37M0719,0.3479067146134358,0.5894382405125126,1522,6.289255934767425
20161224,S37M0718,S37M0720,0.537882748917894,0.44781105842859237,-324,-1.3388429190963507
20161224,S37M0718,S37M0721,0.26349455217904194,0.2709432032827107,1203,4.971074171829969
20161224,S37M0718,S37M0722,0.37420827115917427,0.3649305245948694,944,3.900826282799244
20161224,S37M0718,S37M0723,0.27976874027203297,0.2794997883553293,-4652,-19.223139690235257
20161224,S37M0719,S37M0720,0.5915334320069632,0.7147738296632759,-1111,-4.590908898506314
20161224,S37M0719,S37M0721,0.45613207930848093,0.6291021655948905,3473,14.351239067967981
20161224,S37M0719,S37M0722,0.5384662725674202,0.6234040005943667,2398,9.909090493805707
20161224,S37M0719,S37M0723,0.4267144300763069,0.6612239194634956,5936,24.528924591839314
20161224,S37M0720,S37M0721,0.27469467469766196,0.18041399827089716,-7731,-31.946279652882367
20161224,S37M0720,S37M0722,0.2586387018495167,0.4403203098932785,1251,5.169421270955354
20161224,S37M0720,S37M0723,0.21727768157542515,0.2543736978221427,-7926,-32.752064743079245
20161224,S37M0721,S37M0722,0.7561316427882175,0.7698408623119586,171,0.7066115406341851
20161224,S37M0721,S37M0723,0.5892762952343381,0.750485481251615,4167,17.21900754282251
20161224,S37M0722,S37M0723,0.7170925283664514,0.8527405058892866,2618,10.818181364797056
20161225,S37M0725,S37M0727,0.24796521729993695,0.8646401916684079,2910,12.024792884476483
20161225,S37M0725,S37M0728,0.29258840424275956,0.4033408223510703,-11848,-48.958675634115934
20161225,S37M0725,S37M0730,0.3190852894068643,0.4790339814617295,22977,94.94627701258287
20161225,S37M0727,S37M0728,0.4494905069824043,0.845327138393325,1415,5.847107192967087
20161225,S37M0727,S37M0730,0.41292960754128477,0.4915776354133027,3393,14.020660569425672
20161225,S37M0728,S37M0730,0.6263000788611218,0.753431373336722,2408,9.950412806123495
20161226,S37M0733,S37M0734,0.7015654555353821,0.7346025048704806,279,1.152892513666302
20161226,S37M0733,S37M0735,0.4582929914190047,0.4612788649049572,-6,-0.02479338739067316
20161226,S37M0733,S37M0736,0.23444059094399083,0.37966672530599294,2879,11.896693716291338
20161226,S37M0733,S37M0737,0.43006045121253683,0.46008604992342783,1221,5.045454334001988
20161226,S37M0733,S37M0738,0.23439693185297736,0.3663817104143043,944,3.900826282799244
20161226,S37M0733,S37M0739,0.7332045884441459,0.41605646797619117,-23910,-98.80164875183254
20161226,S37M0734,S37M0735,0.6283101924522662,0.6479219904126695,-101,-0.41735535440966487
20161226,S37M0734,S37M0736,0.37656132467131026,0.7813931399280358,7195,29.7314037126489
20161226,S37M0734,S37M0737,0.5924747917252944,0.6390525093772231,936,3.867768432945013
20161226,S37M0734,S37M0738,0.44543164121246065,0.7310357708095168,888,3.6694213338196278
20161226,S37M0734,S37M0739,0.7534813646433246,0.47134612548036364,-24189,-99.95454126549885
20161226,S37M0735,S37M0736,0.336214104230663,0.36815806066093765,332,1.3719007689505816
20161226,S37M0735,S37M0737,0.37484271210908804,0.38676948531795713,-356,-1.4710743185132742
20161226,S37M0735,S37M0738,0.24156530229515077,0.23388522443367418,587,2.425619733054191
20161226,S37M0735,S37M0739,0.6632757998774133,0.3779897174331292,-22970,-94.91735139396042
20161226,S37M0736,S37M0737,0.5535145861760136,0.6343520974281903,2041,8.433883944060653
20161226,S37M0736,S37M0738,0.23982190282198027,0.36961039147550134,-6326,-26.14049477223307
20161226,S37M0736,S37M0739,0.7225435121113628,0.4177655042044956,-24200,-99.99999580904841
20161226,S37M0737,S37M0738,0.4976325568168163,0.5144017494843469,-319,-1.3181817629374564
20161226,S37M0737,S37M0739,0.6193840556489708,0.36399241434219437,-22457,-92.79751677205786
20161226,S37M0738,S37M0739,0.6652277050689286,0.3871182099758816,-23541,-97.27685542730615
20161227,S37M0742,S37M0743,0.44362315280880865,0.7019531060169205,2027,8.37603270681575
20161227,S37M0742,S37M0745,0.38275500478139196,0.40965458698583673,-4536,-18.74380086734891
20161227,S37M0742,S37M0746,0.48129289765918437,0.6991440544366315,7122,29.42975083272904
20161227,S37M0742,S37M0747,0.41090616221949794,0.5373290317791337,8844,36.54545301385224
20161227,S37M0743,S37M0745,0.4671091564122626,0.5219718672212011,-8760,-36.198345590382814
20161227,S37M0743,S37M0746,0.613984902892407,0.7570514201215726,4080,16.85950342565775
20161227,S37M0743,S37M0747,0.5284316031265632,0.6660914076284271,4636,19.157023990526795
20161227,S37M0745,S37M0746,0.6758063736730714,0.705689892629388,1272,5.25619812682271
20161227,S37M0745,S37M0747,0.5505019677040265,0.6340839371521058,13402,55.38016296830028
20161227,S37M0746,S37M0747,0.7950286200503838,0.8259443951402279,498,2.0578511534258723
20161228,S37M0749,S37M0750,0.6908415266588664,0.8115148792210168,343,1.417355312500149
20161228,S37M0749,S37M0751,0.49198951083608455,0.6825434493585146,-17424,-71.99999698251486
20161228,S37M0749,S37M0755,0.5957186247839092,0.7622608003095083,12247,50.6074358955957
20161228,S37M0750,S37M0751,0.23564776345464786,0.2296896832583158,417,1.7231404236517847
20161228,S37M0750,S37M0755,0.2321358154716542,0.23006386218193658,2462,10.173553292639554
20161228,S37M0751,S37M0755,0.5478396038593807,0.7236905778252634,5393,22.285123032983392
20161229,S37M0757,S37M0758,0.6849131877135032,0.7538305553236166,1052,4.347107255831361
20161229,S37M0757,S37M0759,0.6103652950663475,0.7685890258617778,1565,6.466941877733916
20161229,S37M0757,S37M0760,0.37900896497661685,0.6572127802791721,3053,12.61570195062086
20161229,S37M0757,S37M0761,0.361608775179301,0.3603513774693556,-8,-0.03305784985423088
20161229,S37M0757,S37M0762,0.650306464999174,0.7726162077644022,2657,10.979338382836431
20161229,S37M0757,S37M0763,0.23837653010166784,0.48542533657222653,-8772,-36.24793236516416
20161229,S37M0758,S37M0759,0.8163693485424043,0.8448924814460854,285,1.1776859010569751
20161229,S37M0758,S37M0760,0.4460830101459418,0.735431760573913,1519,6.2768592410720885
20161229,S37M0758,S37M0761,0.6256412581188688,0.5987262021445741,-64,-0.26446279883384705
20161229,S37M0758,S37M0762,0.7201603823552756,0.8567753366041981,1355,5.599173319060355
20161229,S37M0758,S37M0763,0.27249725293410304,0.6259198050148127,-10165,-42.00413047103211
20161229,S37M0759,S37M0760,0.565492100744538,0.6479814590429556,1005,4.152892387937754
20161229,S37M0759,S37M0761,0.7721637531121075,0.7690385109499134,-34,-0.14049586188048124
20161229,S37M0759,S37M0762,0.7995305100158119,0.8665771869388333,1124,4.644627904519439
20161229,S37M0759,S37M0763,0.2465170544459831,0.5734281521220371,-10330,-42.685948624275625
20161229,S37M0760,S37M0761,0.6727469687680273,0.8195136199151759,-575,-2.3760329582728446
20161229,S37M0760,S37M0762,0.7441542984165002,0.7528274014439231,75,0.3099173423834145
20161229,S37M0760,S37M0763,0.2459441548259259,0.8222628535118608,-11564,-47.78512196429074
20161229,S37M0761,S37M0762,0.7558791166138396,0.7440410856844896,197,0.8140495526604354
20161229,S37M0761,S37M0763,0.2191583926307265,0.22827404276797011,217,0.8966941772960126
20161229,S37M0762,S37M0763,0.35337555272151583,0.6088589216459304,-11516,-47.58677486516535
20161230,S37M0765,S37M0766,0.20772228766652123,0.6846969731628626,2388,9.867768181487918
20161230,S37M0765,S37M0767,0.40744976076889605,0.5551519307362709,6552,27.07437903061509
20161230,S37M0765,S37M0768,0.417589007145479,0.579530419961038,8409,34.747932428028435
20161230,S37M0765,S37M0769,0.34540796182658867,0.6208459393916752,7862,32.4876019442454
20161230,S37M0765,S37M0770,0.43728695856890104,0.5799695482242948,9339,38.590907473582774
20161230,S37M0766,S37M0767,0.463885204626747,0.6222381199133838,2330,9.628098770044744
20161230,S37M0766,S37M0768,0.41793267567619,0.5339047802195674,4086,16.884296813048422
20161230,S37M0766,S37M0769,0.35258276095407276,0.555367961366413,3936,16.264462128281593
20161230,S37M0766,S37M0770,0.44111144871704533,0.5995546817236288,5117,21.144627213012427
20161230,S37M0767,S37M0768,0.7997084830476265,0.861530149280924,1808,7.471074067056179
20161230,S37M0767,S37M0769,0.7015963385727041,0.7874393658782222,1400,5.785123724490404
20161230,S37M0767,S37M0770,0.7288584061505322,0.8509883891871062,2878,11.89256148505956
20161230,S37M0768,S37M0769,0.819869685649128,0.8228792905458184,-139,-0.5743801412172616
20161230,S37M0768,S37M0770,0.8305326650353595,0.8602759107136396,1035,4.27685932489112
20161230,S37M0769,S37M0770,0.7990471982026457,0.8326322816098225,1046,4.322313868440688
20161231,S37M0773,S37M0774,0.4122724311028198,0.6076411742385862,-20737,-85.69007905339822
20161231,S37M0773,S37M0775,0.3976168554599511,0.6716709452395881,-19620,-81.07437676750124
20161231,S37M0773,S37M0776,0.3543495043492349,0.6232398378479151,-17796,-73.5371870007366
20161231,S37M0773,S37M0777,0.3879958788333127,0.5455115068532009,17806,73.57850931305438
20161231,S37M0773,S37M0778,0.21545690321492494,0.6032533948212692,17656,72.95867462828755
20161231,S37M0773,S37M0779,0.29855233567697564,0.6670268707393162,5806,23.99173453170806
20161231,S37M0774,S37M0775,0.6028372715061326,0.8324574836471643,1271,5.252065895590931
20161231,S37M0774,S37M0776,0.5088590530879024,0.5694631925578886,-21505,-88.86363263940439
20161231,S37M0774,S37M0777,0.5619283696063786,0.6385035595018466,4162,17.198346386663616
20161231,S37M0774,S37M0778,0.27516445282913327,0.503456175087959,4007,16.557850545737892
20161231,S37M0774,S37M0779,0.39838380686165153,0.5926983296250723,2024,8.363636013120413
20161231,S37M0775,S37M0776,0.6107057395817854,0.8182655390191133,1581,6.533057577442378
20161231,S37M0775,S37M0777,0.6651898381258752,0.6655255875396273,-12,-0.04958677478134632
20161231,S37M0775,S37M0778,0.336586554248296,0.4795165251193204,2424,10.016528505831957
20161231,S37M0775,S37M0779,0.43117176651067407,0.46477607349682576,-9534,-39.39669256377965
20161231,S37M0776,S37M0777,0.6972421680253412,0.7157672862307674,264,1.090909045189619
20161231,S37M0776,S37M0778,0.43481973908499805,0.4890339233622045,393,1.623966874089092
20161231,S37M0776,S37M0779,0.45580028867596506,0.7651910399308063,23659,97.76445871265605
20161231,S37M0777,S37M0778,0.6786002794019554,0.6880021034920788,-152,-0.6280991472303867
20161231,S37M0777,S37M0779,0.5343997242766046,0.6609103047684435,-12654,-52.289254006929696
20161231,S37M0778,S37M0779,0.40102298356762,0.8257185163850893,-11939,-49.33470867620781
20170101,S37M0781,S37M0782,0.4385088113736128,0.6860004983350572,2069,8.549586418550462
20170101,S37M0781,S37M0783,0.3155884680642916,0.3555802893848963,1299,5.367768370080739
20170101,S37M0781,S37M0784,0.23895325458118757,0.2513224195757501,604,2.4958676639944315
20170101,S37M0781,S37M0785,0.24055020511979355,0.3394160795598983,-6549,-27.061982336919755
20170101,S37M0781,S37M0786,0.2640796617395879,0.37259801146158233,4122,17.03305713739246
20170101,S37M0781,S37M0787,0.363949036251976,0.47125360249086845,4234,17.495867035351694
20170101,S37M0782,S37M0783,0.5477871071117576,0.6697016618466758,2110,8.719007899053395
20170101,S37M0782,S37M0784,0.4479298452052766,0.4599216932499666,20,0.0826446246355772
20170101,S37M0782,S37M0785,0.38249794873307724,0.7535160673836108,-11033,-45.59090718021616
20170101,S37M0782,S37M0786,0.6352134002734507,0.688123167454461,-352,-1.4545453935861588
20170101,S37M0782,S37M0787,0.7757830657733579,0.7772149546719115,-19,-0.07851239340379834
20170101,S37M0783,S37M0784,0.6324178321299748,0.5677129009417253,-375,-1.5495867119170725
20170101,S37M0783,S37M0785,0.3837220322199115,0.687936344596664,1556,6.429751796647906
20170101,S37M0783,S37M0786,0.5048973529589295,0.5605598727348107,1222,5.049586565233767
20170101,S37M0783,S37M0787,0.5635149567567954,0.5941058522232929,-940,-3.8842973578721285
20170101,S37M0784,S37M0785,0.6435519390756095,0.644314368618258,-8,-0.03305784985423088
20170101,S37M0784,S37M0786,0.5231155567219617,0.4868021785655483,118,0.4876032853499055
20170101,S37M0784,S37M0787,0.5358953611720764,0.53033708255836,53,0.21900825528427958
20170101,S37M0785,S37M0786,0.5110741333431728,0.7170231408392672,10678,44.12396509293467
20170101,S37M0785,S37M0787,0.4170222126239641,0.6873749771188792,10852,44.84297332726419
20170101,S37M0786,S37M0787,0.7647228430302424,0.8063970023902743,-276,-1.1404958199709654
20170102,S37M0789,S37M0790,0.4892386928351655,0.7589471487556376,911,3.7644626521505415
20170102,S37M0789,S37M0791,0.13391171011942568,0.2694754694766656,2873,11.871900328900665
20170102,S37M0789,S37M0792,0.21572056355695488,0.25222588224985004,-22282,-92.07437630649656
20170102,S37M0789,S37M0793,0.333487359348757,0.21856825021519577,-3627,-14.987602677661926
20170102,S37M0789,S37M0794,0.562461712133982,0.2628783144688886,-22193,-91.70660772686824
20170102,S37M0789,S37M0795,0.5492385396067962,0.1697066338034306,-21522,-88.93388057034463
20170102,S37M0790,S37M0791,0.2284634789031629,0.27737153062930997,1633,6.7479336014948785
20170102,S37M0790,S37M0792,0.3045517073526717,0.22202614837721532,-22448,-92.76032669097185
20170102,S37M0790,S37M0793,0.5935968773437801,0.5949089367014149,-17,-0.07024793094024062
20170102,S37M0790,S37M0794,0.48351155317214556,0.5721016158986836,-1233,-5.0950411087833345
20170102,S37M0790,S37M0795,0.35531704320749913,0.15941196629586743,-22616,-93.4545415379107
20170102,S37M0791,S37M0792,0.2539320056689774,0.21855266736023274,-707,-2.921487480867654
20170102,S37M0791,S37M0793,0.21759766995774582,0.21135590670447868,-1835,-7.582644310314208
20170102,S37M0791,S37M0794,0.19757786632640423,0.3734832298605982,-3139,-12.971073836553842
20170102,S37M0791,S37M0795,0.12954049073479718,0.1291940858781997,-26,-0.10743801202625036
20170102,S37M0792,S37M0793,0.6192647541892433,0.7224977954004292,-1319,-5.4504129947163165
20170102,S37M0792,S37M0794,0.6130294855281375,0.6948419958232375,-2328,-9.619834307581186
20170102,S37M0792,S37M0795,0.5467643608497091,0.6053984243691614,-2904,-11.99999949708581
20170102,S37M0793,S37M0794,0.6089809694884666,0.7896842419780802,-1062,-4.388429568149149
20170102,S37M0793,S37M0795,0.5229981059979056,0.7533881937766411,-1378,-5.694214637391269
20170102,S37M0794,S37M0795,0.6640584697148557,0.707329167307093,-421,-1.7396693485789
20170103,S37M0797,S37M0798,0.299458505630163,0.6684092560805223,-18777,-77.59090583911166
20170103,S37M0797,S37M0799,0.5087090240725649,0.4943616092087116,-443,-1.830578435678035
20170103,S37M0797,S37M0800,0.38722604054930565,0.4463753548239275,11786,48.702477297745645
20170103,S37M0797,S37M0801,0.3404951582988573,0.5756959833706439,-17033,-70.38429457088932
20170103,S37M0797,S37M0802,0.42013799624525316,0.5427711386001475,-9533,-39.39256033254787
20170103,S37M0797,S37M0803,0.22665657867227135,0.2883997706821363,1301,5.376032832544297
20170103,S37M0797,S37M0804,0.13618205297660968,0.13668379219374766,-1806,-7.462809604592621
20170103,S37M0797,S37M0805,0.45949268499283497,0.6865232539155397,-2158,-8.91735499817878
20170103,S37M0798,S37M0799,0.607184041255479,0.6291786978147543,-447,-1.8471073606051505
20170103,S37M0798,S37M0800,0.4066106608010564,0.5435314902957867,11773,48.64875829173252
20170103,S37M0798,S37M0801,0.15339682925113488,0.6441268376586011,1714,7.082644331268966
20170103,S37M0798,S37M0802,0.21753396538499453,0.5765305181028734,3394,14.024792800657451
20170103,S37M0798,S37M0803,0.31424865907255634,0.2826538976916765,-1016,-4.198346931487322
20170103,S37M0798,S37M0804,0.2142820731008167,0.3133836251964132,6617,27.342974060680717
20170103,S37M0798,S37M0805,0.25214367595042175,0.6680931030771458,16607,68.62396406615153
20170103,S37M0799,S37M0800,0.3870386433504926,0.5547979918739079,-6641,-27.44214761024341
20170103,S37M0799,S37M0801,0.20503156300606235,0.2600142844979592,-6699,-27.681817021686584
20170103,S37M0799,S37M0802,0.30901639039848433,0.3101623925507181,35,0.1446280931122601
20170103,S37M0799,S37M0803,0.3673456489032488,0.4943027826817794,1695,7.004131937865168
20170103,S37M0799,S37M0804,0.25538560035265584,0.22499682553610187,-1307,-5.40082621993497
20170103,S37M0799,S37M0805,0.29832671584146636,0.34300778854553055,-7901,-32.648758962284774
20170103,S37M0800,S37M0801,0.5567210718963433,0.5574086537623392,25,0.1033057807944715
20170103,S37M0800,S37M0802,0.42803839395771853,0.39459669153688026,-8195,-33.86363494442776
20170103,S37M0800,S37M0803,0.2796631551226582,0.4049501134834492,-3123,-12.90495813684538
20170103,S37M0800,S37M0804,0.3756701409884406,0.40342335391487677,5586,23.082643660716712
20170103,S37M0800,S37M0805,0.3056637153291436,0.3186844646918815,-1083,-4.4752064240165055
20170103,S37M0801,S37M0802,0.47761660194500466,0.7196730816670698,7726,31.925618496723473
20170103,S37M0801,S37M0803,0.2689591133099483,0.24959762498626795,-3147,-13.004131686408073
20170103,S37M0801,S37M0804,0.22114578311446673,0.4418573649554906,5358,22.140494939871132
20170103,S37M0801,S37M0805,0.3374644878868387,0.6472761962827399,14996,61.966939551755786
20170103,S37M0802,S37M0803,0.6312731800953778,0.5824391762517938,1200,4.958677478134632
20170103,S37M0802,S37M0804,0.2997789231672055,0.25009912509167265,-1242,-5.132231189869344
20170103,S37M0802,S37M0805,0.42645588879339863,0.6507750337656381,7248,29.950411967933178
20170103,S37M0803,S37M0804,0.25847876909389217,0.168262935424179,-2766,-11.429751587100327
20170103,S37M0803,S37M0805,0.1878107497561,0.20732010673723672,1853,7.657024472486228
20170103,S37M0804,S37M0805,0.12543903623734987,0.23137235829659983,-6542,-27.033056718297303
20170104,S37M0807,S37M0808,0.6572875210328978,0.8107137840857153,-1515,-6.260330316144973
20170104,S37M0807,S37M0809,0.7883663653197109,0.8507044339671224,1236,5.107437802478671
20170104,S37M0807,S37M0810,0.6193626385240176,0.6319346418525889,844,3.487603159621358
20170104,S37M0807,S37M0811,0.5430431589579557,0.7992147205888707,2203,9.103305403608829
20170104,S37M0807,S37M0812,0.5562378565368451,0.7410574901394535,-13993,-57.82231162628159
20170104,S37M0808,S37M0809,0.5009353743269723,0.6873334166908754,1846,7.628098853863776
20170104,S37M0808,S37M0810,0.4281737290868502,0.5245941845710747,17211,71.11983173014596
20170104,S37M0808,S37M0811,0.3362536857762118,0.6807520724239741,3383,13.979338257107884
20170104,S37M0808,S37M0812,0.4435279491588069,0.6790398205821224,8381,34.632229953538626
20170104,S37M0809,S37M0810,0.5575094852696101,0.6651190106129664,-600,-2.479338739067316
20170104,S37M0809,S37M0811,0.6637781794893186,0.8512380867831983,1756,7.256198043003678
20170104,S37M0809,S37M0812,0.6213488424023256,0.801288500984023,-14986,-61.925617239438
20170104,S37M0810,S37M0811,0.39287770094859725,0.6570103286134881,2682,11.082644163630903
20170104,S37M0810,S37M0812,0.37763166464238135,0.5683023832147732,-14386,-59.44627850037068
20170104,S37M0811,S37M0812,0.6005092823606529,0.700887880554544,1204,4.9752064030617476
20170105,S37M0815,S37M0816,0.79325987487106,0.8253006247744357,715,2.954545330721885
20170105,S37M0815,S37M0817,0.8619958480405739,0.8752377415601521,333,1.3760330001823604
20170105,S37M0815,S37M0818,0.714508080289694,0.8500237670335746,2508,10.363635929301381
20170105,S37M0815,S37M0819,0.7965959553072226,0.850411793716631,1150,4.752065916545689
20170105,S37M0815,S37M0820,0.7942952731037741,0.8320013813575566,1248,5.157024577260017
20170105,S37M0816,S37M0817,0.8272215184004462,0.8341188185549971,101,0.41735535440966487
20170105,S37M0816,S37M0818,0.5914900131270381,0.794445610211319,1748,7.223140193149447
20170105,S37M0816,S37M0819,0.7714380489880478,0.7871903537788651,859,3.549586628098041
20170105,S37M0816,S37M0820,0.6666125420109942,0.6991532492373567,524,2.1652891654521227
20170105,S37M0817,S37M0818,0.7571790403936731,0.8567146004738602,1274,5.264462589286268
20170105,S37M0817,S37M0819,0.8297336212521087,0.8250141827215571,-345,-1.4256197749637067
20170105,S37M0817,S37M0820,0.8332090650792021,0.8515432360206376,418,1.7272726548835635
20170105,S37M0818,S37M0819,0.7591549711301527,0.8283428917666725,-1890,-7.809917028062046
20170105,S37M0818,S37M0820,0.8100943309084586,0.8672971852515661,-786,-3.247933748178184
20170105,S37M0819,S37M0820,0.8535785780012158,0.8633329931940527,714,2.950413099490106
20170106,S37M0821,S37M0822,0.7185888470812507,0.7347021625413445,515,2.128099084366113
20170106,S37M0821,S37M0823,0.653810600906499,0.6754901765839143,256,1.0578511953353882
20170106,S37M0821,S37M0824,0.6834900841448874,0.7354964205302627,957,3.954545288812369
20170106,S37M0821,S37M0825,0.41277940515730854,0.6479253049811627,-15846,-65.47933609876782
20170106,S37M0821,S37M0827,0.7176215345525386,0.8251095830841249,1265,5.227272508200258
20170106,S37M0822,S37M0823,0.6750604017418503,0.7188236320259542,439,1.8140495107509196
20170106,S37M0822,S37M0824,0.6893035909307861,0.7970377275735001,507,2.095041234511882
20170106,S37M0822,S37M0825,0.34577425705605813,0.7733787900105886,1602,6.619834433309734
20170106,S37M0822,S37M0827,0.5528338464024021,0.6853212490155194,20154,83.28098824527115
20170106,S37M0823,S37M0824,0.7737384188733197,0.7851041785251474,59,0.24380164267495275
20170106,S37M0823,S37M0825,0.4360166667828809,0.6580203719022676,-6179,-25.533056781161577
20170106,S37M0823,S37M0827,0.5134028581320854,0.6530319144494681,12386,51.18181603681296
20170106,S37M0824,S37M0825,0.37132266977921685,0.7227917580873311,925,3.8223138893954456
20170106,S37M0824,S37M0827,0.5702518351153606,0.6588917853105116,1491,6.16115676658228
20170106,S37M0825,S37M0827,0.4591212485583874,0.734175593547381,18530,76.57024472486228
20170107,S37M0830,S37M0831,0.7210639408735579,0.8014943404896568,-1984,-8.198346763849258
20170107,S37M0830,S37M0832,0.4195496280226294,0.5909723634126054,-873,-3.607437865342945
20170107,S37M0830,S37M0833,0.6107924711721984,0.7000089124737093,-831,-3.4338841536082327
20170107,S37M0830,S37M0834,0.8155980634928056,0.8240099082638019,-123,-0.5082644415087998
20170107,S37M0830,S37M0835,0.7890910615795577,0.8075683255359443,913,3.7727271146140993
20170107,S37M0830,S37M0836,0.7663213488756223,0.7854152610684138,621,2.566115594934672
20170107,S37M0831,S37M0832,0.42003012506714504,0.5817057178796099,487,2.012396609876305
20170107,S37M0831,S37M0833,0.5539188897596553,0.784159025435767,1113,4.599173360969871
20170107,S37M0831,S37M0834,0.691888389686811,0.8030737708374664,2326,9.611569845117629
20170107,S37M0831,S37M0835,0.6670318816525636,0.7906220261206922,2568,10.611569803208113
20170107,S37M0831,S37M0836,0.6484631673110135,0.8099872143447563,2310,9.545454145409167
20170107,S37M0832,S37M0833,0.7512117232322166,0.7620781053925384,132,0.5454545225948095
20170107,S37M0832,S37M0834,0.4157797767965957,0.5804946618734466,18910,78.14049259293824
20170107,S37M0832,S37M0835,0.3655473670524901,0.5145256929331045,19177,79.2437983318232
20170107,S37M0832,S37M0836,0.3602826047396487,0.6129011596280816,18989,78.46693886024877
20170107,S37M0833,S37M0834,0.6519841524076,0.7732918666468122,18881,78.02065788721666
20170107,S37M0833,S37M0835,0.585362430375619,0.6231277192359698,1085,4.483470886480063
20170107,S37M0833,S37M0836,0.5700066376911895,0.7467766838109586,18961,78.35123638575897
20170107,S37M0834,S37M0835,0.8711612217958381,0.8851451587095772,270,1.1157024325802922
20170107,S37M0834,S37M0836,0.8363724343073847,0.8376824424390542,24,0.09917354956269264
20170107,S37M0835,S37M0836,0.818874259145815,0.8437000994364348,-244,-1.0082644205540419
20170108,S37M0840,S37M0842,0.3693525361090374,0.5710083399414265,-14479,-59.830576004926115
20170108,S37M0840,S37M0843,0.311860200025006,0.6065159052452005,-13952,-57.652890145778656
20170108,S37M0840,S37M0844,0.3354248392026405,0.6501669080787631,-13730,-56.73553481232375
20170108,S37M0842,S37M0843,0.7404510591720069,0.7898550831474739,638,2.6363635258749127
20170108,S37M0842,S37M0844,0.7806255664454073,0.866483749589158,522,2.157024702988565
20170108,S37M0843,S37M0844,0.781451337083028,0.7904737834769208,58,0.23966941144317389
20170109,S37M0847,S37M0848,0.6462441663959948,0.748215671884303,600,2.479338739067316
20170109,S37M0847,S37M0849,0.47060111563499585,0.5130195828665692,-388,-1.6033057179301977
20170109,S37M0847,S37M0850,0.2623995259430709,0.27758212353677114,-575,-2.3760329582728446
20170109,S37M0847,S37M0851,0.36645120414467425,0.3901720164470965,-561,-2.3181817210279405
20170109,S37M0847,S37M0852,0.6007656984169885,0.7388942619618944,-1251,-5.169421270955354
20170109,S37M0847,S37M0853,0.46028156161703865,0.7234597313349855,-1388,-5.735536949709058
20170109,S37M0847,S37M0854,0.7064614288350483,0.7248193090980345,416,1.7190081924200058
20170109,S37M0848,S37M0849,0.4044385585476568,0.4283619422941066,-82,-0.3388429610058665
20170109,S37M0848,S37M0850,0.25896521527668764,0.266614546036805,-244,-1.0082644205540419
20170109,S37M0848,S37M0851,0.3554285493566311,0.3633583724937038,-296,-1.2231404446065426
20170109,S37M0848,S37M0852,0.4699058454051839,0.7054165075177956,-871,-3.599173402879387
20170109,S37M0848,S37M0853,0.4621260453297455,0.638435326025475,-980,-4.049586607143283
20170109,S37M0848,S37M0854,0.4696072082544817,0.8134764377407473,17542,72.48760026786476
20170109,S37M0849,S37M0850,0.5274063503164671,0.41964731359199353,-117,-0.48347105411812663
20170109,S37M0849,S37M0851,0.6025948995299412,0.6565844948885161,-254,-1.0495867328718305
20170109,S37M0849,S37M0852,0.5547651554828822,0.593032892137026,-876,-3.6198345590382814
20170109,S37M0849,S37M0853,0.5125164786083202,0.43002151657722204,-988,-4.082644456997514
20170109,S37M0849,S37M0854,0.25869760093151284,0.4638413784521917,1534,6.338842709548771
20170109,S37M0850,S37M0851,0.879674083449673,0.8965722526406829,-204,-0.8429751712828875
20170109,S37M0850,S37M0852,0.4097195178209832,0.3882220936532694,-708,-2.925619712099433
20170109,S37M0850,S37M0853,0.3310945022500034,0.1743170226943429,-916,-3.785123808309436
20170109,S37M0850,S37M0854,0.14022307480109178,0.18267068190012367,1583,6.5413220399059355
20170109,S37M0851,S37M0852,0.688199176915783,0.6352634459286338,-566,-2.338842877186835
20170109,S37M0851,S37M0853,0.5333804473024599,0.3140472097177943,-732,-3.0247932616621256
20170109,S37M0851,S37M0854,0.2262899505058122,0.26421324249063854,1579,6.52479311497882
20170109,S37M0852,S37M0853,0.713779860842704,0.6683084008669592,-148,-0.6115702223032713
20170109,S37M0852,S37M0854,0.3434927394613556,0.6600202907031653,2411,9.962809499818832
20170109,S37M0853,S37M0854,0.3059720512292295,0.7570623821244967,2652,10.958677226677537
20170110,S37M0857,S37M0858,0.19643205103738037,0.18116708973838,-257,-1.061983426567167
20170110,S37M0857,S37M0859,0.10818613978286656,0.10963348074952436,-159,-0.6570247658528388
20170110,S37M0857,S37M0860,0.25684446279046486,0.2504927731974271,-493,-2.037189997266978
20170110,S37M0857,S37M0861,0.25364839144663026,0.23416547993186107,-2062,-8.52066079992801
20170110,S37M0857,S37M0862,0.06636957788582734,0.04959417852555746,-2812,-11.619834223762155
20170110,S37M0858,S37M0859,0.26084789063182157,0.2706472871598821,269,1.1115702013485134
20170110,S37M0858,S37M0860,0.47587904792082364,0.4751246161124243,-86,-0.35537188593298197
20170110,S37M0858,S37M0861,0.494475807320443,0.4897266472188087,-1656,-6.842974919825792
20170110,S37M0858,S37M0862,0.21816926429607852,0.13305306177022555,-2337,-9.657024388667196
20170110,S37M0859,S37M0860,0.6373853370182884,0.694088512492557,419,1.7314048861153424
20170110,S37M0859,S37M0861,0.5326367580515122,0.6220058025649243,1436,5.933884048834443
20170110,S37M0859,S37M0862,0.6409019588637148,0.8176399453179006,-687,-2.838842856232077
20170110,S37M0860,S37M0861,0.7265759889678399,0.748326253323612,868,3.5867767091840506
20170110,S37M0860,S37M0862,0.46378115341571496,0.5006313766227365,708,2.925619712099433
20170110,S37M0861,S37M0862,0.4099097732551617,0.48103027555319694,-2220,-9.17355333454907
20170111,S37M0866,S37M0867,0.5368817235222658,0.5923661802762921,549,2.268594946246594
20170111,S37M0866,S37M0868,0.4919991557538853,0.5096551277105739,130,0.5371900601312518
20170111,S37M0866,S37M0869,0.6565629229537242,0.7569116775486148,341,1.4090908500365913
20170111,S37M0866,S37M0870,0.5449386812649212,0.8947502116453899,-1013,-4.185950237791985
20170111,S37M0866,S37M0871,0.4599157354021243,0.8013163492330492,-1061,-4.384297336917371
20170111,S37M0867,S37M0868,0.6561660467126634,0.8389960879617672,549,2.268594946246594
20170111,S37M0867,S37M0869,0.7098638626873074,0.7170470617115815,-100,-0.413223123177886
20170111,S37M0867,S37M0870,0.4605307208140809,0.5871989644410806,-1646,-6.801652607508004
20170111,S37M0867,S37M0871,0.4733454875260303,0.5890622013746369,-1210,-4.999999790452421
20170111,S37M0868,S37M0869,0.6161890630172293,0.6365210486442413,268,1.1074379701167345
20170111,S37M0868,S37M0870,0.4413053549498199,0.5639734845232441,-1153,-4.764462610241026
20170111,S37M0868,S37M0871,0.4396218240740582,0.5621336138384433,-793,-3.276859366800636
20170111,S37M0869,S37M0870,0.5676541454411854,0.830701384301889,-1371,-5.665289018768817
20170111,S37M0869,S37M0871,0.5620881722392005,0.8200985764973904,-1402,-5.793388186953962
20170111,S37M0870,S37M0871,0.8181360031265147,0.8529126503758223,455,1.8801652104593813
20170112,S37M0874,S37M0875,0.7211834621675277,0.8126301282785708,746,3.0826444989070296
20170112,S37M0874,S37M0876,0.6285698607984576,0.6919401158509727,1214,5.016528715379536
20170112,S37M0874,S37M0877,0.7985208338873976,0.8426653769588389,-772,-3.19008251093328
20170112,S37M0874,S37M0878,0.5056035156828613,0.6390473161733111,16320,67.438013702631
20170112,S37M0874,S37M0879,0.6206965605728222,0.7574976555627114,-1202,-4.96694194059819
20170112,S37M0874,S37M0880,0.4942029094222018,0.583133944280698,-713,-2.9462808682583272
20170112,S37M0875,S37M0876,0.6487547588607954,0.7072469449018258,831,3.4338841536082327
20170112,S37M0875,S37M0877,0.7380921007628873,0.8180761889191405,-653,-2.6983469943515956
20170112,S37M0875,S37M0878,0.508212355927661,0.6127521392699863,15362,63.47933618258685
20170112,S37M0875,S37M0879,0.642143011334131,0.7506469704567766,-1766,-7.297520355321467
20170112,S37M0875,S37M0880,0.5008294541637259,0.6065060533691335,21405,88.4504095162265
20170112,S37M0876,S37M0877,0.5125441059170616,0.7737128686341617,-1402,-5.793388186953962
20170112,S37M0876,S37M0878,0.4124614250890152,0.683819004491865,-2830,-11.694214385934174
20170112,S37M0876,S37M0879,0.5382088707193451,0.8099633424921859,-2110,-8.719007899053395
20170112,S37M0876,S37M0880,0.4326988393000894,0.6605197218856663,-1815,-7.499999685678631
20170112,S37M0877,S37M0878,0.8288903528079414,0.9028854774851842,-1440,-5.9504129737615585
20170112,S37M0877,S37M0879,0.8481245882737156,0.7029952672883928,-1720,-7.107437718659639
20170112,S37M0877,S37M0880,0.8694130250555232,0.5188513402912179,-2365,-9.772726863157004
20170112,S37M0878,S37M0879,0.6450600886354274,0.7520290227020185,1383,5.7148757935501635
20170112,S37M0878,S37M0880,0.4571949289157536,0.7128644505327684,1936,7.999999664723873
20170112,S37M0879,S37M0880,0.6579641270096295,0.7095983945501317,365,1.508264399599284
20170113,S37M0884,S37M0885,0.48288993148222153,0.8715412895963985,5561,22.97933787992224
20170113,S37M0884,S37M0887,0.23344210951923683,0.6863396048420924,-2588,-10.69421442784369
20170113,S37M0884,S37M0888,0.19250999681965583,0.8094888295426528,16776,69.32231114432216
20170113,S37M0884,S37M0889,0.3220572659738691,0.4956121224876321,24199,99.99586357781664
20170113,S37M0885,S37M0887,0.3556956375394598,0.6206321508166972,-7360,-30.41322186589241
20170113,S37M0885,S37M0888,0.26626129895408857,0.8577670907018998,12010,49.62809709366411
20170113,S37M0885,S37M0889,0.34963611234489905,0.8013843740734273,21229,87.72313681943342
20170113,S37M0887,S37M0888,0.1129617747730343,0.6133707406764561,19397,80.15288920281455
20170113,S37M0887,S37M0889,0.2106992964627042,0.3875833937146713,19987,82.59090562956408
20170113,S37M0888,S37M0889,0.3800601525569511,0.8641959531977468,9303,38.442147149238735
20170116,S37M0893,S37M0894,0.42990552192726356,0.44302231794116803,353,1.4586776248179376
20170116,S37M0893,S37M0895,0.4167901385388928,0.42265511862601896,833,3.4421486160717905
20170116,S37M0893,S37M0896,0.3965668908397391,0.419674749028007,1146,4.735536991618574
20170116,S37M0893,S37M0897,0.34469968500370346,0.3869680146984811,-6065,-25.061982420738786
20170116,S37M0893,S37M0898,0.25600616613574817,0.2569999314293422,880,3.636363483965397
20170116,S37M0894,S37M0895,0.8744846680622576,0.8925559285010636,4006,16.553718314506114
20170116,S37M0894,S37M0896,0.8376803625129217,0.8480329816077202,555,2.2933883336372674
20170116,S37M0894,S37M0897,0.8288318939312121,0.8340652527220852,65,0.2685950300656259
20170116,S37M0894,S37M0898,0.5895251604796978,0.6543235903165232,7221,29.83884172467515
20170116,S37M0895,S37M0896,0.8672674025220231,0.9048275636697911,1956,8.08264428935945
20170116,S37M0895,S37M0897,0.7602028785862476,0.8719123661714301,-3531,-14.590908479411155
20170116,S37M0895,S37M0898,0.550198799446319,0.6943186805513362,3337,13.789255620446056
20170116,S37M0896,S37M0897,0.720777938950153,0.8696226468851473,-5699,-23.549585789907724
20170116,S37M0896,S37M0898,0.5777038726225469,0.6701148807073651,1398,5.776859262026846
20170116,S37M0897,S37M0898,0.5516816050449883,0.7388104896036003,6854,28.322312862612307
20170117,S37M0903,S37M0904,0.6542843560875544,0.8139006643186941,1714,7.082644331268966
20170117,S37M0903,S37M0905,0.7404422453996243,0.7696133481150579,662,2.7355370754376054
20170117,S37M0903,S37M0906,0.6706452711015233,0.7200360366528261,-5639,-23.301651916000992
20170117,S37M0903,S37M0907,0.6561771553193809,0.7411773053022886,5655,23.367767615709454
20170117,S37M0904,S37M0905,0.687302070361235,0.6950548101352961,1048,4.330578330904245
20170117,S37M0904,S37M0906,0.6054250468313991,0.6315467226672612,-7444,-30.760329289361835
20170117,S37M0904,S37M0907,0.5995171139786833,0.6555212100442112,3249,13.425619272049516
20170117,S37M0905,S37M0906,0.7603875267505549,0.8209203703616182,-8497,-35.111568776424974
20170117,S37M0905,S37M0907,0.808018829759449,0.8732913539836459,1673,6.913222850766033
20170117,S37M0906,S37M0907,0.8125529514612072,0.8252358615249444,629,2.599173444788903
20170118,S37M0911,S37M0912,0.8939971718505897,0.8939971718505897,0,0.0
20170118,S37M0911,S37M0913,0.667932656838763,0.6909620544533985,1108,4.578512204810977
20170118,S37M0911,S37M0914,0.5867874734098715,0.5908315173739432,-622,-2.570247826166451
20170118,S37M0911,S37M0915,0.8303423934005371,0.8356831648696055,-1460,-6.033057598397136
20170118,S37M0911,S37M0916,0.5947284903915226,0.5966548781208713,-508,-2.099173465743661
20170118,S37M0911,S37M0917,0.8401166028211331,0.8470406731111929,-1112,-4.595041129738092
20170118,S37M0912,S37M0913,0.6460419851590844,0.6606196805037079,-853,-3.5247932407073677
20170118,S37M0912,S37M0914,0.5281744842574972,0.637617701544511,-13072,-54.01652666181326
20170118,S37M0912,S37M0915,0.82676213232449,0.8156086186446854,-1114,-4.60330559220165
20170118,S37M0912,S37M0916,0.5421787768563316,0.6649884503255558,-12009,-49.62396486243233
20170118,S37M0912,S37M0917,0.7765734157629592,0.7841687188454334,-943,-3.896694051567465
20170118,S37M0913,S37M0914,0.6611658034459444,0.6611658034459444,0,0.0
20170118,S37M0913,S37M0915,0.628778699839825,0.5911190827267241,-1125,-4.648760135751218
20170118,S37M0913,S37M0916,0.4751095712645384,0.5277133269202838,-24200,-99.99999580904841
20170118,S37M0913,S37M0917,0.5865899838165971,0.6556280634106596,2508,10.363635929301381
20170118,S37M0914,S37M0915,0.8453645396591322,0.865165132488719,-527,-2.1776858591474593
20170118,S37M0914,S37M0916,0.662420272738017,0.9270009661272361,1012,4.181818006560206
20170118,S37M0914,S37M0917,0.6718793769789921,0.6416318238390485,-213,-0.8801652523688972
20170118,S37M0915,S37M0916,0.8702036217809891,0.867291055698181,-129,-0.533057828899473
20170118,S37M0915,S37M0917,0.8696419385101787,0.8689160224651852,-498,-2.0578511534258723
20170118,S37M0916,S37M0917,0.8221829035126558,0.8221829035126558,0,0.0
20170119,S37M0924,S37M0925,0.801426157917889,0.8058935091406016,481,1.9876032224856317
20170119,S37M0924,S37M0926,0.7481555544941321,0.7563627888921544,-1205,-4.979338634293526
20170119,S37M0924,S37M0928,0.7160091505160165,0.7402217678233619,-2836,-11.719007773324847
20170119,S37M0924,S37M0929,0.6525548633075015,0.7596561651393621,-5858,-24.206610555760562
20170119,S37M0924,S37M0930,0.6457832480692338,0.7809692640154079,-9295,-38.409089299384505
20170119,S37M0925,S37M0926,0.9107365785069397,0.9164887467309152,-944,-3.900826282799244
20170119,S37M0925,S37M0928,0.8649286661078547,0.8814281301078457,-2029,-8.384297169279307
20170119,S37M0925,S37M0929,0.7820336806342854,0.7938934632847513,802,3.314049447886646
20170119,S37M0925,S37M0930,0.7819018888538669,0.7822421418423235,-119,-0.49173551658168435
20170119,S37M0926,S37M0928,0.8857839468707521,0.8910926117923312,-889,-3.6735535650514066
20170119,S37M0926,S37M0929,0.8007687810701631,0.8022660759855675,167,0.6900826157070696
20170119,S37M0926,S37M0930,0.788035856925041,0.8214713240059004,2118,8.752065748907626
20170119,S37M0928,S37M0929,0.8470824616103753,0.8569077572445356,-308,-1.272727219387889
20170119,S37M0928,S37M0930,0.8392514725877811,0.8381133905843411,-36,-0.14876032434403896
20170119,S37M0929,S37M0930,0.7683431249547804,0.8207615159537045,1033,4.2685948624275625
20170120,S37M0933,S37M0934,0.7892983366408063,0.7869304225955207,52,0.21487602405250072
20170120,S37M0933,S37M0935,0.8358580647400364,0.8369389735487867,-128,-0.5289255976676941
20170120,S37M0933,S37M0936,0.7679073383743032,0.8085811369248486,2873,11.871900328900665
20170120,S37M0933,S37M0937,0.8436415694839404,0.8648822903749869,-1672,-6.909090619534254
20170120,S37M0933,S37M0940,0.8308231786924009,0.8441032143380952,-2888,-11.933883797377348
20170120,S37M0933,S37M0941,0.8159921007381155,0.8509250069896754,-4342,-17.94214800838381
20170120,S37M0934,S37M0935,0.8663586444017365,0.9079497694984383,1621,6.698346826713532
20170120,S37M0934,S37M0936,0.8007376408924339,0.8504836990529945,1346,5.561983237974346
20170120,S37M0934,S37M0937,0.8648424295892931,0.8865900189571259,-1324,-5.471074150875211
20170120,S37M0934,S37M0940,0.8555562536321937,0.8909235780936253,-2146,-8.867768223397434
20170120,S37M0934,S37M0941,0.8402009625044256,0.8699338341987742,2097,8.66528889304027
20170120,S37M0935,S37M0936,0.8697697074587399,0.907179240693345,-487,-2.012396609876305
20170120,S37M0935,S37M0937,0.8622552544960308,0.8718897136153428,364,1.504132168367505
20170120,S37M0935,S37M0940,0.8529681216477397,0.8799797052214581,-3732,-15.421486956998706
20170120,S37M0935,S37M0941,0.8716805778356493,0.8804878544428744,396,1.6363635677844286
20170120,S37M0936,S37M0937,0.8279884401564017,0.8496215095732497,1158,4.78512376639992
20170120,S37M0936,S37M0940,0.8097308877593464,0.8364176263266503,1270,5.247933664359152
20170120,S37M0936,S37M0941,0.811740005341423,0.8487525893206705,773,3.194214742165059
20170120,S37M0937,S37M0940,0.9162250149388417,0.9177129955622081,-93,-0.384297504555434
20170120,S37M0937,S37M0941,0.9156839802054385,0.9178665518532081,-51,-0.21074379282072186
20170120,S37M0940,S37M0941,0.9121016072474658,0.9245232003506685,-545,-2.2520660213194788
20170121,S37M0944,S37M0945,0.7189513821814529,0.790042045344751,1829,7.557850922923535
20170121,S37M0944,S37M0946,0.6960551733671848,0.717157590770028,-1826,-7.5454542292281985
20170121,S37M0944,S37M0947,0.6395524957968006,0.6547173073181403,-2937,-12.136363127734512
20170121,S37M0944,S37M0948,0.6757252336581318,0.7059912438558487,-3373,-13.938015944790095
20170121,S37M0944,S37M0949,0.4678381940344895,0.6074519731292152,4378,18.09090833272785
20170121,S37M0944,S37M0950,0.6734636050384645,0.7144070478708835,-4699,-19.417354558128864
20170121,S37M0945,S37M0946,0.8549422602838623,0.8678688049933184,859,3.549586628098041
20170121,S37M0945,S37M0947,0.7777808430984051,0.8422798182064132,2399,9.913222725037485
20170121,S37M0945,S37M0948,0.8006793485578306,0.8399702951113455,3279,13.549586209002882
20170121,S37M0945,S37M0949,0.5590927005822638,0.7219387828229644,-7260,-29.999998742714524
20170121,S37M0945,S37M0950,0.7839327649616546,0.8199536174410488,-3919,-16.194214197341353
20170121,S37M0946,S37M0947,0.9040897920351588,0.9092693950658512,275,1.1363635887391865
20170121,S37M0946,S37M0948,0.8939469661382694,0.901169467837395,748,3.0909089613705873
20170121,S37M0946,S37M0949,0.6130072253791983,0.6797654610208128,-9404,-38.8595025036484
20170121,S37M0946,S37M0950,0.871688218711285,0.8874641941235013,-2300,-9.504131833091378
20170121,S37M0947,S37M0948,0.9103683273000468,0.9126484925158304,70,0.2892561862245202
20170121,S37M0947,S37M0949,0.6099085421664853,0.6812177243507588,-9655,-39.896692542824894
20170121,S37M0947,S37M0950,0.870142537757322,0.8765583668563504,-1238,-5.115702264942229
20170121,S37M0948,S37M0949,0.6745455576857862,0.6809376153623894,-299,-1.2355371383018792
20170121,S37M0948,S37M0950,0.9252292520713545,0.9286026333717222,-575,-2.3760329582728446
20170121,S37M0949,S37M0950,0.6729849942283497,0.6752393692027439,110,0.4545454354956746
20170122,S37M0952,S37M0953,0.8891500033285843,0.87750007770795,-200,-0.826446246355772
20170122,S37M0952,S37M0954,0.8633983547135113,0.869489411246391,-1823,-7.533057535532862
20170122,S37M0952,S37M0955,0.5943884375517592,0.5517400782867201,-2887,-11.929751566145569
20170122,S37M0952,S37M0956,0.7516632666343799,0.7844263685276737,-4341,-17.93801577715203
20170122,S37M0953,S37M0954,0.6409125716995515,0.6449425933035412,92,0.38016527332365513
20170122,S37M0953,S37M0955,0.5330038007039076,0.5457438326311266,-289,-1.1942148259840906
20170122,S37M0953,S37M0956,0.5693805929238661,0.6096129771445056,2785,11.508263980504125
20170122,S37M0954,S37M0955,0.6503777877098502,0.7434151727932744,-2286,-9.446280595846474
20170122,S37M0954,S37M0956,0.8469964529621063,0.8593675266150682,856,3.5371899344027042
20170122,S37M0955,S37M0956,0.5623943807719257,0.8133623821982279,2904,11.99999949708581
20170123,S37M0961,S37M0962,0.8649630984945984,0.8734145188968023,600,2.479338739067316
20170123,S37M0961,S37M0963,0.8823867198311921,0.8936393914816049,-1418,-5.859503886662424
20170123,S37M0961,S37M0964,0.8606352961026855,0.8734371161458603,-1556,-6.429751796647906
20170123,S37M0961,S37M0965,0.7828509167562545,0.8231731567041375,-2168,-8.958677310496569
20170123,S37M0961,S37M0966,0.768478104783799,0.821040979344122,-3317,-13.706610995810479
20170123,S37M0961,S37M0967,0.8587291547402185,0.8876201919695794,-3115,-12.87190028699115
20170123,S37M0962,S37M0963,0.8700779241479777,0.8813700822673831,1077,4.450413036625832
20170123,S37M0962,S37M0964,0.8395081091412643,0.8631875054313218,3243,13.400825884658843
20170123,S37M0962,S37M0965,0.7677898434099375,0.8561341063618535,3849,15.904958011116832
20170123,S37M0962,S37M0966,0.7712138944872192,0.8241126328039666,-5524,-22.826445324346423
20170123,S37M0962,S37M0967,0.8270810269416998,0.8543521986638676,-2873,-11.871900328900665
20170123,S37M0963,S37M0964,0.9208259073512851,0.9235219221977605,-431,-1.7809916608966887
20170123,S37M0963,S37M0965,0.8443678949654213,0.8510257777058939,854,3.5289254719391465
20170123,S37M0963,S37M0966,0.8095150484154149,0.8212311034397934,-1014,-4.190082469023764
20170123,S37M0963,S37M0967,0.8912835299152234,0.9080095367804364,-1919,-7.9297517337836325
20170123,S37M0964,S37M0965,0.8965373865446663,0.9008172711751383,67,0.2768594925291836
20170123,S37M0964,S37M0966,0.810296206657095,0.8130655368800999,-797,-3.2933882917277515
20170123,S37M0964,S37M0967,0.8898862639246858,0.8947319720820868,-1420,-5.867768349125981
20170123,S37M0965,S37M0966,0.7958405192601906,0.8356338051693583,794,3.280991598032415
20170123,S37M0965,S37M0967,0.8503644429611298,0.8674083957018419,1844,7.619834391400218
20170123,S37M0966,S37M0967,0.8174867534960565,0.8229187592614947,685,2.830578393768519
20170124,S37M0968,S37M0973,0.8002961391318356,0.8712193552420465,4394,18.15702403243631
20170124,S37M0968,S37M0974,0.7994397067768437,0.8126149659368685,1674,6.917355081997812
20170124,S37M0968,S37M0975,0.7917099051794665,0.8334979057650806,1669,6.8966939258389175
20170124,S37M0968,S37M0976,0.8716583506894559,0.8739451847993231,-272,-1.12396689504385
20170124,S37M0968,S37M0977,0.8424734175214166,0.8575948536285729,-1259,-5.202479120809585
20170124,S37M0968,S37M0978,0.8303452513882037,0.8625292396839572,-2947,-12.1776854400523
20170124,S37M0973,S37M0974,0.7999014663102783,0.8658744648492332,-4133,-17.07851168094203
20170124,S37M0973,S37M0975,0.7474920027964949,0.857397844315404,-3847,-15.896693548653275
20170124,S37M0973,S37M0976,0.8303084003369352,0.8774179150298488,-1758,-7.264462505467236
20170124,S37M0973,S37M0977,0.847338161528,0.8595488082021919,-526,-2.1735536279156804
20170124,S37M0973,S37M0978,0.8190497722544524,0.8639097001179105,-7351,-30.3760317848064
20170124,S37M0974,S37M0975,0.8517726428646946,0.8551938331010851,-52,-0.21487602405250072
20170124,S37M0974,S37M0976,0.8339296822741866,0.8400476241797824,811,3.3512395289726555
20170124,S37M0974,S37M0977,0.7984068549231841,0.8285804147005943,2609,10.780991283711046
20170124,S37M0974,S37M0978,0.78687809042417,0.8076318779183846,1913,7.904958346392959
20170124,S37M0975,S37M0976,0.8441576393133229,0.8622726897077536,900,3.719008108600974
20170124,S37M0975,S37M0977,0.7898491048961979,0.855216573038703,3149,13.01239614887163
20170124,S37M0975,S37M0978,0.7775144759312498,0.82947874936116,3211,13.26859448524192
20170124,S37M0976,S37M0977,0.9083362380905258,0.9187110156677218,863,3.5661155530251563
20170124,S37M0976,S37M0978,0.8871981731817921,0.8911154588019587,780,3.223140360787511
20170124,S37M0977,S37M0978,0.9215704636542136,0.9253707864721504,-167,-0.6900826157070696
20170125,S37M0980,S37M0981,0.9602413909707668,0.9605433994415173,-194,-0.8016528589650989
20170125,S37M0980,S37M0982,0.8731673669170021,0.8742030478452114,53,0.21900825528427958
20170125,S37M0980,S37M0983,0.8282650943859883,0.8288760693158351,-12,-0.04958677478134632
20170125,S37M0980,S37M0984,0.8465933158185122,0.8521087273751725,-798,-3.2975205229595304
20170125,S37M0980,S37M0985,0.8407689812496109,0.84193337198406,-85,-0.3512396547012031
20170125,S37M0980,S37M0986,0.8087170871098315,0.8267765338091405,-975,-4.028925450984389
20170125,S37M0981,S37M0982,0.9418160419929346,0.9448853207849176,-368,-1.5206610932946205
20170125,S37M0981,S37M0983,0.9403293483226343,0.9359778690951589,-320,-1.3223139941692352
20170125,S37M0981,S37M0984,0.9068478279842762,0.9118126394626173,-1203,-4.971074171829969
20170125,S37M0981,S37M0985,0.9047631571870809,0.9213308627500071,-2536,-10.47933840379119
20170125,S37M0981,S37M0986,0.9012332534698473,0.8801420503244092,-2866,-11.842974710278213
20170125,S37M0982,S37M0983,0.8894896244388633,0.8909272083068781,40,0.1652892492711544
20170125,S37M0982,S37M0984,0.9195374393505068,0.9211322493558577,-629,-2.599173444788903
20170125,S37M0982,S37M0985,0.8884689456534147,0.9196692493078369,-1306,-5.396693988703191
20170125,S37M0982,S37M0986,0.8518691258262292,0.9115413614519589,-1864,-7.702479016035795
20170125,S37M0983,S37M0984,0.8891369309425103,0.8917547985230793,-178,-0.7355371592566371
20170125,S37M0983,S37M0985,0.8589716601042854,0.8825054519688483,-1256,-5.190082427114248
20170125,S37M0983,S37M0986,0.8478264458173159,0.8718820265524587,-1856,-7.669421166181564
20170125,S37M0984,S37M0985,0.9130107359209917,0.9298161704018939,-1189,-4.913222934585065
20170125,S37M0984,S37M0986,0.8720257515190015,0.9227525724139389,-1749,-7.227272424381226
20170125,S37M0985,S37M0986,0.9052851526329674,0.9183352642754276,-548,-2.2644627150148153
20170126,S37M0990,S37M0991,0.9126094996371948,0.9165067841919847,147,0.6074379910714924
20170126,S37M0990,S37M0992,0.819833260690644,0.8918211528468581,2198,9.082644247449934
20170126,S37M0990,S37M0993,0.6339113702850069,0.8276760182328972,7852,32.44627963192761
20170126,S37M0990,S37M0994,0.616055209091521,0.8875127856008014,8133,33.60743660805747
20170126,S37M0990,S37M0995,0.4979879910172749,0.8672388950195763,6858,28.338841787539423
20170126,S37M0991,S37M0992,0.7909066879705866,0.885622177843556,2052,8.479338487610221
20170126,S37M0991,S37M0993,0.6461275413505346,0.844564771294208,7399,30.574378883931786
20170126,S37M0991,S37M0994,0.5808355588103802,0.9228589701051099,7697,31.805783791001886
20170126,S37M0991,S37M0995,0.4504588281174292,0.8322148637735011,6906,28.537188886664808
20170126,S37M0992,S37M0993,0.6544084031519973,0.7849235066337441,5513,22.780990780796856
20170126,S37M0992,S37M0994,0.6816858526841771,0.8301592375984761,5705,23.574379177298397
20170126,S37M0992,S37M0995,0.6137558298126594,0.9164413249194877,5562,22.98347011115402
20170126,S37M0993,S37M0994,0.840091615657724,0.8882578339999052,301,1.2438016007654369
20170126,S37M0993,S37M0995,0.7300868294147853,0.7441820785490216,-684,-2.8264461625367403
20170126,S37M0994,S37M0995,0.7757142388872513,0.7961381621928217,-723,-2.987603180576116
20170127,S37M0998,S37M0999,0.769871941211266,0.6181876736372438,-520,-2.1487602405250072
20170127,S37M0998,S37M1003,0.7764680859829213,0.8665257324503078,4344,17.95041247084737
20170127,S37M0998,S37M1004,0.6480335279036649,0.8788130203885764,14337,59.24379917001352
20170127,S37M0999,S37M1003,0.4806261417842544,0.6418267196965574,5453,22.533056906890124
20170127,S37M0999,S37M1004,0.5304880584858261,0.8293591184264579,15439,63.79751798743382
20170127,S37M1003,S37M1004,0.6591863925692303,0.9491414432578469,9998,41.31404785532504
20170128,S37M1007,S37M1008,0.9192363130373028,0.9268361773327203,247,1.0206611142493784
20170128,S37M1007,S37M1009,0.8597538496839732,0.9147632616569304,686,2.834710625000298
20170128,S37M1007,S37M1010,0.8520160592924716,0.8698863178318545,-938,-3.8760328954085708
20170128,S37M1007,S37M1011,0.7357413536498453,0.7567691763204231,-600,-2.479338739067316
20170128,S37M1007,S37M1013,0.5663833472379316,0.6493353541879792,-1848,-7.6363633163273335
20170128,S37M1008,S37M1009,0.914569280085376,0.9207021134570046,181,0.7479338529519737
20170128,S37M1008,S37M1010,0.8125802572096327,0.889822085336427,-1717,-7.095041024964303
20170128,S37M1008,S37M1011,0.7185236706416239,0.8164244569719216,-1256,-5.190082427114248
20170128,S37M1008,S37M1013,0.5419825397855788,0.7401965408534549,-2566,-10.603305340744555
20170128,S37M1009,S37M1010,0.7897024772724018,0.9107980413066895,-1748,-7.223140193149447
20170128,S37M1009,S37M1011,0.6643215917658205,0.8223717768216449,-1238,-5.115702264942229
20170128,S37M1009,S37M1013,0.5124677098901393,0.7570841385807697,-2705,-11.177685481961817
20170128,S37M1010,S37M1011,0.801527561376425,0.8671313777661462,675,2.7892560814507306
20170128,S37M1010,S37M1013,0.6120130527833806,0.8324990165884798,-777,-3.2107436670921743
20170128,S37M1011,S37M1013,0.5199152200834656,0.8452617135587693,-1516,-6.264462547376752
20170129,S37M1015,S37M1016,0.7681344829906642,0.771913017607547,80,0.3305784985423088
20170129,S37M1015,S37M1017,0.8735801982436369,0.9034265485285115,-2454,-10.140495442785323
20170129,S37M1015,S37M1018,0.6933144411094183,0.755007491831289,-3637,-15.028924989979714
20170129,S37M1015,S37M1019,0.6939229942181925,0.8243861323997496,-12309,-50.86363423196599
20170129,S37M1015,S37M1020,0.853090482970044,0.8948638003087203,-2223,-9.185950028244406
20170129,S37M1015,S37M1021,0.8653872259549946,0.9118637103541041,-2940,-12.148759821429849
20170129,S37M1016,S37M1017,0.7041532369166347,0.742159129923694,-2640,-10.90909045189619
20170129,S37M1016,S37M1018,0.5580759458596298,0.6495842568033728,-3039,-12.557850713375956
20170129,S37M1016,S37M1019,0.5405971296093708,0.6941835808009658,-12397,-51.22727058036253
20170129,S37M1016,S37M1020,0.6804403291440656,0.7503275008859167,-2541,-10.499999559950083
20170129,S37M1016,S37M1021,0.6991331329997181,0.7618165537426212,-2951,-12.194214364979416
20170129,S37M1017,S37M1018,0.611658245659026,0.6594006901843127,-263,-1.0867768139578402
20170129,S37M1017,S37M1019,0.5244044551233201,0.8703774729566626,-9428,-38.95867605321109
20170129,S37M1017,S37M1020,0.8662596916915646,0.9071273097134379,-2104,-8.694214511662722
20170129,S37M1017,S37M1021,0.8748708161352141,0.9090158542419766,-2447,-10.11156982416287
20170129,S37M1018,S37M1019,0.5472845366006814,0.8888879537115321,-8538,-35.28099025692791
20170129,S37M1018,S37M1020,0.7261122519275638,0.8197220847326367,-1323,-5.466941919643432
20170129,S37M1018,S37M1021,0.7158186455788663,0.7796389177939053,-1342,-5.54545431304723
20170129,S37M1019,S37M1020,0.6977326502719545,0.8864122967613425,7210,29.79338718112558
20170129,S37M1019,S37M1021,0.7203367573681116,0.8522526524104282,7185,29.69008140033111
20170129,S37M1020,S37M1021,0.9331590936834028,0.9378374474586194,-168,-0.6942148469388485
20170130,S37M1024,S37M1025,0.9518929059317836,0.9824501809861879,1669,6.8966939258389175
20170130,S37M1024,S37M1026,0.6740696704857123,0.920029625160816,11735,48.49173350492492
20170130,S37M1024,S37M1027,0.6900783963172654,0.7991636703906391,1482,6.123966685496271
20170130,S37M1024,S37M1028,0.6900735264014887,0.8864385365636767,9428,38.95867605321109
20170130,S37M1024,S37M1029,0.570842287532042,0.8148194008593461,8322,34.388428310863674
20170130,S37M1025,S37M1026,0.7784465258890938,0.975179498599421,10796,44.611568378284574
20170130,S37M1025,S37M1027,0.8004404079227937,0.9673796891212919,11236,46.42975012026727
20170130,S37M1025,S37M1028,0.8032589307384291,0.9663458186830605,11180,46.198345171287656
20170130,S37M1025,S37M1029,0.6149974612105561,0.9649861429307617,11339,46.855369937140495
20170130,S37M1026,S37M1027,0.8375948226786877,0.8397416084363938,-199,-0.8223140151239932
20170130,S37M1026,S37M1028,0.8861069937196409,0.9035648319951365,-2316,-9.57024753279984
20170130,S37M1026,S37M1029,0.6548513628305719,0.7680622222273373,-3352,-13.851239088922739
20170130,S37M1027,S37M1028,0.881374793220644,0.8829314878721176,391,1.6157024116255343
20170130,S37M1027,S37M1029,0.7722317192575502,0.8256999435660773,-286,-1.181818132288754
20170130,S37M1028,S37M1029,0.7420102517454378,0.7862824047909958,-1034,-4.272727093659341
20170131,S37M1030,S37M1031,0.8764171847320352,0.8918619402427815,-866,-3.578512246720493
20170131,S37M1030,S37M1033,0.8721417995350186,0.8991095524949162,-1361,-5.623966706451029
20170131,S37M1030,S37M1034,0.863039520498115,0.9239715706950016,-3066,-12.669420956633985
20170131,S37M1030,S37M1035,0.8505892967841365,0.9095119017975839,-3539,-14.623966329265386
20170131,S37M1030,S37M1036,0.8594483580284299,0.9263648236026054,-4932,-20.380164435133338
20170131,S37M1031,S37M1033,0.8737830439108879,0.8745970971879549,-24,-0.09917354956269264
20170131,S37M1031,S37M1034,0.8011966949625515,0.8945682825418821,-1907,-7.880164959002286
20170131,S37M1031,S37M1035,0.7678341726036626,0.8494398766118848,-2037,-8.417355019133538
20170131,S37M1031,S37M1036,0.7735222476102153,0.8828425988599687,-3798,-15.69421421829611
20170131,S37M1033,S37M1034,0.832794438505361,0.9276326180852423,-1571,-6.491735265124589
20170131,S37M1033,S37M1035,0.8196730406033785,0.91567754152016,-2139,-8.838842604774982
20170131,S37M1033,S37M1036,0.8176467221213284,0.9021982865702752,-3358,-13.876032476313412
20170131,S37M1034,S37M1035,0.903152953599627,0.9288935874530929,-793,-3.276859366800636
20170131,S37M1034,S37M1036,0.8897992492265291,0.9309315798819547,-1556,-6.429751796647906
20170131,S37M1035,S37M1036,0.8998831087517579,0.91631660534949,-987,-4.078512225765735
20170201,S37M1040,S37M1041,0.6578362353717987,0.7093523601245406,-1723,-7.119834412354976
20170201,S37M1040,S37M1042,0.6697949110858733,0.7074592826111787,12587,52.01239451440051
20170201,S37M1040,S37M1043,0.6266065168906686,0.7039553607369626,1491,6.16115676658228
20170201,S37M1040,S37M1045,0.6025088147355365,0.6600490968307735,-4892,-20.214875185862184
20170201,S37M1040,S37M1046,0.6201596146516833,0.7327985924013486,8216,33.950411800295115
20170201,S37M1041,S37M1042,0.8767321649048705,0.9066332477167383,1057,4.367768411990255
20170201,S37M1041,S37M1043,0.8871310544218143,0.8905548430852411,74,0.30578511115163565
20170201,S37M1041,S37M1045,0.8281385748834847,0.8602101422502111,-2046,-8.454545100219548
20170201,S37M1041,S37M1046,0.8414310290249255,0.9040614673659295,-3332,-13.768594464287162
20170201,S37M1042,S37M1043,0.8581141648464782,0.8886916255589344,-1121,-4.632231210824102
20170201,S37M1042,S37M1045,0.7900103662557845,0.8449273562601037,-4946,-20.438015672378242
20170201,S37M1042,S37M1046,0.798352318549526,0.8811985897634967,-4599,-19.004131434950978
20170201,S37M1043,S37M1045,0.8081250169287407,0.8400415026176483,-1663,-6.871900538448244
20170201,S37M1043,S37M1046,0.8095444503619271,0.8774708383192836,-3443,-14.227272131014615
20170201,S37M1045,S37M1046,0.8740385458907856,0.8771535274838378,703,2.9049585559405386
20170202,S37M1048,S37M1049,0.853393993052693,0.8769725786141062,-1250,-5.165289039723575
20170202,S37M1048,S37M1051,0.8564080314310495,0.8849799593032521,975,4.028925450984389
20170202,S37M1048,S37M1052,0.9225842711810612,0.925093053804761,-277,-1.1446280512027442
20170202,S37M1048,S37M1053,0.9009422718050002,0.9051355605587218,290,1.1983470572158694
20170202,S37M1048,S37M1054,0.862092108617853,0.8631389986014686,-51,-0.21074379282072186
20170202,S37M1048,S37M1055,0.8544997997001678,0.8958389261525882,-1030,-4.256198168732226
20170202,S37M1049,S37M1051,0.8001980501744653,0.8213853162561806,1153,4.764462610241026
20170202,S37M1049,S37M1052,0.6483905046583036,0.8682070156183305,1759,7.268594736699015
20170202,S37M1049,S37M1053,0.8304532200569001,0.8557789586420234,1033,4.2685948624275625
20170202,S37M1049,S37M1054,0.8660022101331615,0.8893871233458216,204,0.8429751712828875
20170202,S37M1049,S37M1055,0.9079921688355814,0.9153794689027407,-165,-0.6818181532435119
20170202,S37M1051,S37M1052,0.6719167353707761,0.6772317911143687,-707,-2.921487480867654
20170202,S37M1051,S37M1053,0.8665503836859724,0.8869730925863494,-511,-2.1115701594389975
20170202,S37M1051,S37M1054,0.8021629673073171,0.8156410024095793,-924,-3.8181816581636667
20170202,S37M1051,S37M1055,0.7959920606701831,0.8351226722276056,-1216,-5.024793177843094
20170202,S37M1052,S37M1053,0.9292617444668054,0.9308947581452831,90,0.3719008108600974
20170202,S37M1052,S37M1054,0.6818162196580263,0.6826072984737938,38,0.15702478680759668
20170202,S37M1052,S37M1055,0.7619712252873473,0.8835986268351367,-1778,-7.347107130102813
20170202,S37M1053,S37M1054,0.8458947917302108,0.853943777036465,-515,-2.128099084366113
20170202,S37M1053,S37M1055,0.8291934378043057,0.869557490712047,-1638,-6.768594757653773
20170202,S37M1054,S37M1055,0.8624491309512465,0.8785547628667507,-421,-1.7396693485789
20170203,S37M1057,S37M1058,0.6065806475740386,0.6186758727549291,-359,-1.4834710122086108
20170203,S37M1057,S37M1059,0.8606480119886395,0.8857933389116104,555,2.2933883336372674
20170203,S37M1057,S37M1061,0.45327717279222807,0.5299102145693062,896,3.7024791836738586
20170203,S37M1057,S37M1062,0.8787389563819954,0.9231554279537109,1813,7.491735223215073
20170203,S37M1057,S37M1063,0.8502670755564954,0.9137182681347119,2592,10.710743352770805
20170203,S37M1058,S37M1059,0.566351994702332,0.5748360266919793,675,2.7892560814507306
20170203,S37M1058,S37M1061,0.47038695321742546,0.6656905367789594,1433,5.9214873551391065
20170203,S37M1058,S37M1062,0.8539706722786191,0.904315612781098,1968,8.132231064140797
20170203,S37M1058,S37M1063,0.8232859287287551,0.9063824274486113,3031,12.524792863521725
20170203,S37M1059,S37M1061,0.46058256241432827,0.7135440662568765,1684,6.9586773943156
20170203,S37M1059,S37M1062,0.8259111779687837,0.8863119604042579,2595,10.723140046466142
20170203,S37M1059,S37M1063,0.7949720606021417,0.8911115051325975,2839,11.731404467020184
20170203,S37M1061,S37M1062,0.48523865038756625,0.5581426308696534,1161,4.797520460095257
20170203,S37M1061,S37M1063,0.45493870374264755,0.6325780536639944,1688,6.975206319242716
20170203,S37M1062,S37M1063,0.9220944779477365,0.9343447873418356,429,1.772727198433131
20170204,S37M1065,S37M1067,0.9089038268920457,0.9239587794764279,360,1.4876032434403896
20170204,S37M1065,S37M1068,0.5119973111271819,0.9032630313790594,2147,8.871900454629213
20170204,S37M1065,S37M1069,0.871756934543825,0.9120693230445265,1414,5.842974961735308
20170204,S37M1065,S37M1070,0.897860800640348,0.9038732423480018,250,1.033057807944715
20170204,S37M1065,S37M1071,0.8682485030548222,0.9046876214157774,1715,7.086776562500745
20170204,S37M1067,S37M1068,0.4843993025224823,0.9196604223066975,1397,5.7727270307950675
20170204,S37M1067,S37M1069,0.8989039374124902,0.9269393502865583,978,4.041322144679725
20170204,S37M1067,S37M1070,0.9121440866148761,0.9201032677719895,445,1.8388428981415927
20170204,S37M1067,S37M1071,0.8943202893543231,0.9218154877609029,1577,6.516528652515262
20170204,S37M1068,S37M1069,0.921621144973399,0.9318624084150696,-793,-3.276859366800636
20170204,S37M1068,S37M1070,0.561019160648674,0.9194232711170058,-566,-2.338842877186835
20170204,S37M1068,S37M1071,0.918002523633349,0.9195313794584453,247,1.0206611142493784
20170204,S37M1069,S37M1070,0.9196530707549294,0.9240429960266934,-600,-2.479338739067316
20170204,S37M1069,S37M1071,0.9128320089056484,0.9159525602437407,402,1.6611569551751018
20170204,S37M1070,S37M1071,0.9128079842095965,0.9185325158069951,284,1.1735536698251963
20170205,S37M1073,S37M1074,0.6172836066076038,0.6691396191155172,-657,-2.714875919278711
20170205,S37M1073,S37M1075,0.7591906502554917,0.7833431298751373,-659,-2.723140381742269
20170205,S37M1073,S37M1076,0.804828381187607,0.8196163722268579,-441,-1.8223139732144773
20170205,S37M1073,S37M1077,0.8630657972727177,0.8535032907951036,180,0.7438016217201948
20170205,S37M1073,S37M1078,0.8634304094447127,0.8764164411987906,447,1.8471073606051505
20170205,S37M1074,S37M1075,0.7752078823821442,0.7777997221071042,75,0.3099173423834145
20170205,S37M1074,S37M1076,0.6215286535686559,0.6323495296242481,303,1.2520660632289946
20170205,S37M1074,S37M1077,0.9095922729135024,0.9001191366374223,1279,5.285123745445162
20170205,S37M1074,S37M1078,0.6159124978854934,0.6650387307765961,1021,4.219008087646216
20170205,S37M1075,S37M1076,0.7888020242562557,0.8853994079244087,772,3.19008251093328
20170205,S37M1075,S37M1077,0.9469065825903765,0.9532374939624466,1432,5.917355123907328
20170205,S37M1075,S37M1078,0.8051223224752253,0.8328594741934816,1272,5.25619812682271
20170205,S37M1076,S37M1077,0.9495003781393383,0.9485101379121581,950,3.925619670189917
20170205,S37M1076,S37M1078,0.8306495653206635,0.8620578442949993,1344,5.553718775510788
20170205,S37M1077,S37M1078,0.9493923296006916,0.9595338101805105,468,1.9338842164725065
20170207,S37M1085,S37M1087,0.8131276836132789,0.8895880973283193,-2612,-10.793387977406383
20170207,S37M1085,S37M1088,0.7869540906870911,0.8823916087720471,-2849,-11.772726779337972
20170207,S37M1085,S37M1089,0.808132282705261,0.8763169477444451,-3350,-13.842974626459181
20170207,S37M1085,S37M1090,0.8050226257853029,0.8917006348937561,-3723,-15.384296875912696
20170207,S37M1087,S37M1088,0.8590164795175482,0.8787938026118713,-647,-2.6735536069609225
20170207,S37M1087,S37M1089,0.87014201017265,0.8927073598209427,-824,-3.4049585349857807
20170207,S37M1087,S37M1090,0.8681642375371044,0.9061162258541686,-1285,-5.309917132835835
20170207,S37M1088,S37M1089,0.8586954459444537,0.8839279077340464,-493,-2.037189997266978
20170207,S37M1088,S37M1090,0.8735105637905044,0.9078628204944413,-669,-2.7644626940600574
20170207,S37M1089,S37M1090,0.9264600348156834,0.9271119719853581,-321,-1.326446225401014
20170208,S37M1092,S37M1093,0.8803348740448521,0.8931937417543655,491,2.0289255348034203
20170208,S37M1092,S37M1094,0.8028054003005021,0.9132591295772687,2453,10.136363211553544
20170208,S37M1092,S37M1095,0.8760990711984404,0.9034462070604404,1303,5.384297295007855
20170208,S37M1092,S37M1096,0.8618407074725806,0.8817763837240574,1283,5.3016526703722775
20170208,S37M1092,S37M1097,0.862680873018856,0.8865067679926494,1372,5.669421250000596
20170208,S37M1092,S37M1098,0.8247619826613571,0.8749669874790073,2085,8.615702118258923
20170208,S37M1093,S37M1094,0.8705471401781055,0.9153117565895432,1399,5.780991493258625
20170208,S37M1093,S37M1095,0.8793832566732384,0.8828363844467839,-665,-2.747933769132942
20170208,S37M1093,S37M1096,0.8749647334817022,0.8831895702845315,-810,-3.3471072977408767
20170208,S37M1093,S37M1097,0.9278480721769715,0.9310222281315426,335,1.3842974626459181
20170208,S37M1093,S37M1098,0.9072947397993377,0.9145169792183507,770,3.1818180484697223
20170208,S37M1094,S37M1095,0.8171642963333166,0.9105432082946268,-1850,-7.644627778790891
20170208,S37M1094,S37M1096,0.8117057510868301,0.9017617035423243,-2029,-8.384297169279307
20170208,S37M1094,S37M1097,0.8839013614389474,0.9099241181713832,-1351,-5.58264439413324
20170208,S37M1094,S37M1098,0.8841296429965885,0.9054463784256863,-549,-2.268594946246594
20170208,S37M1095,S37M1096,0.894873731649935,0.9012185168066484,-61,-0.25206610513851047
20170208,S37M1095,S37M1097,0.8642756603642527,0.8816732345712123,311,1.2851239130832255
20170208,S37M1095,S37M1098,0.8528084690095402,0.8897076792040396,781,3.2272725920192897
20170208,S37M1096,S37M1097,0.8864802663408837,0.8816028781740815,852,3.520661009475589
20170208,S37M1096,S37M1098,0.8323066932201063,0.8908566075100738,879,3.632231252733618
20170208,S37M1097,S37M1098,0.9142308570644926,0.9191395227648756,252,1.0413222704082727
20170209,S37M1101,S37M1102,0.7171790025278755,0.7319287789974991,-4813,-19.888428918551654
20170209,S37M1101,S37M1105,0.6906094333818809,0.8122681915421708,3250,13.429751503281295
20170209,S37M1102,S37M1105,0.5400515892274946,0.8247181829167235,7776,32.132230058312416
20170211,S37M1119,S37M1120,0.8661103900548709,0.9289454207889456,3165,13.078511848580092
20170211,S37M1119,S37M1121,0.779577278416619,0.9160829798834377,6874,28.404957487247884
20170211,S37M1119,S37M1122,0.3752605219061791,0.5750003839914516,7092,29.305783895775676
20170211,S37M1119,S37M1123,0.6717220798398259,0.7285452767039196,-694,-2.867768474854529
20170211,S37M1119,S37M1124,0.5791867600059086,0.6944659998315034,3517,14.533057242166251
20170211,S37M1119,S37M1125,0.7931993988995231,0.8834805113669341,3764,15.55371835641563
20170211,S37M1120,S37M1121,0.8375230927068253,0.9149606623613881,2757,11.392561506014317
20170211,S37M1120,S37M1122,0.42123606070334524,0.5147753276288729,2390,9.876032643951476
20170211,S37M1120,S37M1123,0.6676363349689797,0.7290459288245184,2732,11.289255725219846
20170211,S37M1120,S37M1124,0.6626282714806888,0.6700515058118968,-657,-2.714875919278711
20170211,S37M1120,S37M1125,0.8665895503303418,0.8671954585325097,-374,-1.5454544806852937
20170211,S37M1121,S37M1122,0.6447611562483572,0.6683066249022569,208,0.8595040962100029
20170211,S37M1121,S37M1123,0.7481314196505587,0.7589402297400256,372,1.537190018221736
20170211,S37M1121,S37M1124,0.5628745616081758,0.7350886899033958,-3341,-13.805784545373172
20170211,S37M1121,S37M1125,0.7827363538288108,0.8750236014177113,-3104,-12.826445743441582
20170211,S37M1122,S37M1123,0.5448840350748915,0.6970598950500116,-7731,-31.946279652882367
20170211,S37M1122,S37M1124,0.30426975278532675,0.6427082280138423,-10732,-44.34710557945073
20170211,S37M1122,S37M1125,0.38355008844160293,0.5803000811984552,-3316,-13.7024787645787
20170211,S37M1123,S37M1124,0.4752272620968741,0.8489862804512466,-2964,-12.247933370992541
20170211,S37M1123,S37M1125,0.6408874724765115,0.8129365197248631,-2370,-9.793388019315898
20170211,S37M1124,S37M1125,0.7117049909647248,0.791749757294199,460,1.9008263666182756
20170212,S37M1127,S37M1128,0.7697819038166066,0.8974924676852672,640,2.6446279883384705
20170212,S37M1127,S37M1129,0.7015629403616109,0.841399745278431,1801,7.442148448433727
20170212,S37M1127,S37M1130,0.6775789321764328,0.8304110251777036,2029,8.384297169279307
20170212,S37M1127,S37M1131,0.605121967816632,0.9049003046461489,2546,10.520660716108978
20170212,S37M1127,S37M1132,0.739974331486895,0.8602530362871844,1114,4.60330559220165
20170212,S37M1127,S37M1133,0.802486719696324,0.9138298646716578,-423,-1.7479338110424578
20170212,S37M1128,S37M1129,0.8644162112343093,0.9092245017575092,1086,4.487603117711842
20170212,S37M1128,S37M1130,0.8403267042542003,0.9103597622786979,1300,5.371900601312518
20170212,S37M1128,S37M1131,0.7508976165578872,0.8859268831136117,1138,4.702479141764343
20170212,S37M1128,S37M1132,0.8878078303429985,0.9106023205405174,359,1.4834710122086108
20170212,S37M1128,S37M1133,0.725529489366668,0.9166263861805892,-1109,-4.582644436042756
20170212,S37M1129,S37M1130,0.9388054130478609,0.9416180548739221,221,0.9132231022231281
20170212,S37M1129,S37M1131,0.8652853247016502,0.881819194965336,747,3.0867767301388085
20170212,S37M1129,S37M1132,0.9045380041698297,0.9147918192975132,-696,-2.8760329373180866
20170212,S37M1129,S37M1133,0.7409698726018085,0.8686560939051994,-2193,-9.06198309129104
20170212,S37M1130,S37M1131,0.8499331363641662,0.8634631237412105,528,2.181818090379238
20170212,S37M1130,S37M1132,0.8802007589495855,0.9139416992937947,-901,-3.723140339832753
20170212,S37M1130,S37M1133,0.7220611995319264,0.8529965329869551,-2422,-10.0082640433684
20170212,S37M1131,S37M1132,0.83734805574489,0.89650966131355,-1445,-5.971074129920453
20170212,S37M1131,S37M1133,0.6451803740290248,0.8917331913512413,-2939,-12.14462759019807
20170212,S37M1132,S37M1133,0.7358997537341351,0.8896185901946142,-1493,-6.169421229045838
20170213,S37M1135,S37M1136,0.7464448874272601,0.7532287496261038,97,0.40082642948254943
20170213,S37M1135,S37M1137,0.830246071138033,0.8551002318367432,714,2.950413099490106
20170213,S37M1135,S37M1138,0.5220102755131476,0.561629063224822,758,3.132231273688376
20170213,S37M1135,S37M1139,0.8099716815383965,0.8163524918894838,177,0.7314049280248582
20170213,S37M1135,S37M1140,0.6214106056411881,0.6214667512553397,-6,-0.02479338739067316
20170213,S37M1135,S37M1141,0.7724973342104744,0.7892122853961949,-512,-2.1157023906707764
20170213,S37M1136,S37M1137,0.7625455109215855,0.8047732827701929,582,2.4049585768952966
20170213,S37M1136,S37M1138,0.6715777705222371,0.8622225562639418,631,2.6074379072524607
20170213,S37M1136,S37M1139,0.8253648683412311,0.8354480762172366,-254,-1.0495867328718305
20170213,S37M1136,S37M1140,0.8517318672292187,0.8768745242822616,-109,-0.45041320426389575
20170213,S37M1136,S37M1141,0.7509680152055469,0.8285524195095451,-608,-2.512396588921547
20170213,S37M1137,S37M1138,0.7131673408967927,0.7199229437139801,65,0.2685950300656259
20170213,S37M1137,S37M1139,0.8833991705943812,0.9266687941579674,-554,-2.2892561024054885
20170213,S37M1137,S37M1140,0.7317858595217704,0.7899657865359107,-554,-2.2892561024054885
20170213,S37M1137,S37M1141,0.7962988376922574,0.896754032837786,-1368,-5.652892325073481
20170213,S37M1138,S37M1139,0.6440558127364008,0.7684688679813212,-744,-3.074380036443472
20170213,S37M1138,S37M1140,0.6353622835766386,0.9175576250046429,-728,-3.00826433673501
20170213,S37M1138,S37M1141,0.5290272056333152,0.7639369566658555,-1246,-5.14876011479646
20170213,S37M1139,S37M1140,0.8319269885455318,0.8329222190273904,103,0.4256198168732226
20170213,S37M1139,S37M1141,0.861364493180588,0.9161662725988512,-795,-3.2851238292641938
20170213,S37M1140,S37M1141,0.712041959572507,0.8410951848419357,-1172,-4.842975003644824
20170214,S37M1143,S37M1144,0.8270627117210961,0.8868923913727256,1592,6.578512120991945
20170214,S37M1143,S37M1145,0.8424255119753967,0.9176824975593628,1231,5.086776646319777
20170214,S37M1143,S37M1146,0.7955354557701849,0.8588279792890906,1852,7.652892241254449
20170214,S37M1143,S37M1147,0.7723822102246606,0.8557511063507606,2331,9.632231001276523
20170214,S37M1143,S37M1148,0.7345315720454317,0.7855192418148944,2728,11.27272680029273
20170214,S37M1143,S37M1149,0.7852842616075527,0.8792966639987688,1708,7.057850943878293
20170214,S37M1144,S37M1145,0.8007008759146216,0.8165533045104058,-168,-0.6942148469388485
20170214,S37M1144,S37M1146,0.9051501109922532,0.9073072110183623,213,0.8801652523688972
20170214,S37M1144,S37M1147,0.9063139215575177,0.9168123125524851,793,3.276859366800636
20170214,S37M1144,S37M1148,0.8603131623283564,0.865139334970521,375,1.5495867119170725
20170214,S37M1144,S37M1149,0.7751316015953281,0.7832957469534875,305,1.2603305256925523
20170214,S37M1145,S37M1146,0.7595584083610258,0.7818121926427613,375,1.5495867119170725
20170214,S37M1145,S37M1147,0.730572822947325,0.7725509996373363,1617,6.681817901786417
20170214,S37M1145,S37M1148,0.6620614391215675,0.6870252544490413,1450,5.991735286079347
20170214,S37M1145,S37M1149,0.8621592563942015,0.909353607617048,469,1.9380164477042854
20170214,S37M1146,S37M1147,0.919236984682063,0.9261094289179628,556,2.297520564869046
20170214,S37M1146,S37M1148,0.8967674413514851,0.9193972114418077,680,2.809917237609625
20170214,S37M1146,S37M1149,0.7888887073810797,0.7911997856487523,100,0.413223123177886
20170214,S37M1147,S37M1148,0.9001046363486209,0.9008477176326856,18,0.07438016217201948
20170214,S37M1147,S37M1149,0.7432150644614972,0.7768135751048941,-1022,-4.223140318877995
20170214,S37M1148,S37M1149,0.7105311531276148,0.7252304947891681,-280,-1.1570247448980808
20170215,S37M1151,S37M1152,0.922321862986977,0.9267708874375393,-754,-3.1157023487612605
20170215,S37M1151,S37M1153,0.7998153680129896,0.8004845924413921,-91,-0.37603304209187627
20170215,S37M1151,S37M1154,0.9120191847341801,0.9193897759656275,522,2.157024702988565
20170215,S37M1151,S37M1155,0.7912441692106507,0.7977224960807271,371,1.533057786989957
20170215,S37M1151,S37M1156,0.9215765974805958,0.9257965945751994,-550,-2.272727177478373
20170215,S37M1151,S37M1157,0.7687788925132094,0.7904254517122534,-1243,-5.136363421101123
20170215,S37M1152,S37M1153,0.9140698564704569,0.9179744026959411,157,0.648760303389281
20170215,S37M1152,S37M1154,0.8989914525895842,0.9160956728076534,910,3.7603304209187627
20170215,S37M1152,S37M1155,0.8955329883030618,0.9279541280980808,1200,4.958677478134632
20170215,S37M1152,S37M1156,0.9249280151601871,0.9238758295880434,116,0.47933882288634777
20170215,S37M1152,S37M1157,0.9012385599328996,0.9228122868279365,-414,-1.710743729956448
20170215,S37M1153,S37M1154,0.9067814435910545,0.9252461762091451,614,2.53718997631222
20170215,S37M1153,S37M1155,0.8739154337076709,0.8920321787564109,928,3.834710583090782
20170215,S37M1153,S37M1156,0.9114156506717367,0.9132653999398234,242,0.9999999580904841
20170215,S37M1153,S37M1157,0.8850587972290459,0.8957498979215184,-497,-2.0537189221940935
20170215,S37M1154,S37M1155,0.9030963862092789,0.9057243084097836,158,0.6528925346210599
20170215,S37M1154,S37M1156,0.9223793134452694,0.9227928962218469,-161,-0.6652892283163965
20170215,S37M1154,S37M1157,0.8719235565629425,0.8949676676142618,-1238,-5.115702264942229
20170215,S37M1155,S37M1156,0.9100420111670776,0.9268250681215492,-879,-3.632231252733618
20170215,S37M1155,S37M1157,0.8478189610569918,0.9265546544100874,-1590,-6.5702476585283875
20170215,S37M1156,S37M1157,0.9098862159678005,0.9224858880451198,-703,-2.9049585559405386
20170216,S37M1161,S37M1162,0.9367265087346007,0.9405030196106406,-450,-1.859504054300487
20170217,S37M1167,S37M1168,0.7109923105190429,0.8620571281750424,-160,-0.6611569970846176
20170217,S37M1167,S37M1169,0.5132851504171285,0.5568171777102418,2107,8.706611205358058
20170217,S37M1167,S37M1170,0.5098574607049822,0.5453834155032964,-10720,-44.29751880466938
20170217,S37M1167,S37M1171,0.5049103742668598,0.5262890729734395,784,3.2396692857146263
20170217,S37M1167,S37M1172,0.5065940942679753,0.5210127430073362,-1106,-4.570247742347419
20170217,S37M1167,S37M1173,0.5342549960179409,0.617286101537372,-755,-3.1198345799930394
20170217,S37M1168,S37M1169,0.7133785541483562,0.7321099886611753,1094,4.520660967566073
20170217,S37M1168,S37M1170,0.7097183653905514,0.7230888651556472,642,2.652892450802028
20170217,S37M1168,S37M1171,0.703065164334661,0.7237082184718324,971,4.012396526057273
20170217,S37M1168,S37M1172,0.6994514371763005,0.7189918850614028,-943,-3.896694051567465
20170217,S37M1168,S37M1173,0.690421005443749,0.7762744697256707,-611,-2.5247932826168835
20170217,S37M1169,S37M1170,0.927111203579737,0.9288627276469958,129,0.533057828899473
20170217,S37M1169,S37M1171,0.9369975299617546,0.9395545775135056,-460,-1.9008263666182756
20170217,S37M1169,S37M1172,0.9302290889491744,0.9370511048119209,-1093,-4.516528736334294
20170217,S37M1169,S37M1173,0.8868745530194574,0.9100766563649563,-2046,-8.454545100219548
20170217,S37M1170,S37M1171,0.9190076841211408,0.9271111656571434,-514,-2.123966853134334
20170217,S37M1170,S37M1172,0.9106085847309181,0.9289530256164081,-1242,-5.132231189869344
20170217,S37M1170,S37M1173,0.8686336543727673,0.8961392145254998,-2185,-9.02892524143681
20170217,S37M1171,S37M1172,0.9357750095852992,0.9418470195945867,-529,-2.185950321611017
20170217,S37M1171,S37M1173,0.8947572303553899,0.9129406356817712,-1218,-5.033057640306652
20170217,S37M1172,S37M1173,0.9147342805571058,0.9229067173319292,-852,-3.520661009475589
20170218,S37M1175,S37M1177,0.9080976139385232,0.9120384482010852,-295,-1.2190082133747637
20170218,S37M1175,S37M1178,0.7186604671964393,0.733263126085871,-267,-1.1033057388849556
20170218,S37M1175,S37M1179,0.6441742028594005,0.8555636785321271,-1612,-6.6611567456275225
20170218,S37M1175,S37M1180,0.7157696985818733,0.9145167219725049,-2032,-8.396693862974644
20170218,S37M1175,S37M1181,0.5986741189625386,0.8947374604120201,-4564,-18.859503341838717
20170218,S37M1177,S37M1178,0.7706425225466377,0.7396920108873086,-194,-0.8016528589650989
20170218,S37M1177,S37M1179,0.9231854256791822,0.928992979825478,-1341,-5.541322081815451
20170218,S37M1177,S37M1180,0.9177252533378975,0.9406904268802448,-1844,-7.619834391400218
20170218,S37M1177,S37M1181,0.9222785232642989,0.9386119228101573,-1983,-8.19421453261748
20170218,S37M1178,S37M1179,0.62467548676532,0.7654568816209403,-1209,-4.995867559220642
20170218,S37M1178,S37M1180,0.6442406543594459,0.7046729486539179,-1352,-5.586776625365019
20170218,S37M1178,S37M1181,0.5367908793019975,0.6926995322847025,-12545,-51.8388408026658
20170218,S37M1179,S37M1180,0.7634980380000621,0.9066838511838111,-516,-2.132231315597892
20170218,S37M1179,S37M1181,0.5670910112272097,0.7658444823771784,-2951,-12.194214364979416
20170218,S37M1180,S37M1181,0.9577760856653623,0.9602025164592563,-131,-0.5413222913630307
20170219,S37M1183,S37M1184,0.8920887876725595,0.9045892328854421,-339,-1.4008263875730336
20170219,S37M1183,S37M1185,0.8692754568955243,0.894069932179197,-472,-1.950413141399622
20170219,S37M1183,S37M1186,0.8445094579809632,0.8527460582947024,-1195,-4.938016321975738
20170219,S37M1183,S37M1187,0.9028384876370272,0.9056861621245661,-323,-1.3347106878645718
20170219,S37M1183,S37M1188,0.8637576960608523,0.8734954774582304,-911,-3.7644626521505415
20170219,S37M1183,S37M1189,0.8161088375389738,0.8341077212228503,-961,-3.9710742137394845
20170219,S37M1184,S37M1185,0.8803248039943039,0.9038377005091107,-135,-0.5578512162901461
20170219,S37M1184,S37M1186,0.8198952980962926,0.846407615272832,-819,-3.3842973788268864
20170219,S37M1184,S37M1187,0.8685294482748795,0.8945228235836342,-2272,-9.38842935860157
20170219,S37M1184,S37M1188,0.8289076718734829,0.8616147469927874,-2534,-10.471073941327631
20170219,S37M1184,S37M1189,0.759610823892945,0.8913092289988893,-2556,-10.561983028426766
20170219,S37M1185,S37M1186,0.8561683062039814,0.9071688604729197,-695,-2.8719007060863078
20170219,S37M1185,S37M1187,0.8721431389347154,0.9006568573634764,-2068,-8.545454187318683
20170219,S37M1185,S37M1188,0.847055624622949,0.9028542052611025,-2402,-9.925619418732822
20170219,S37M1185,S37M1189,0.7636469295979483,0.888643755460237,-2696,-11.140495400875807
20170219,S37M1186,S37M1187,0.8787002382833987,0.8925417718867745,-594,-2.454545351676643
20170219,S37M1186,S37M1188,0.875035846891794,0.9106903418303162,-1233,-5.0950411087833345
20170219,S37M1186,S37M1189,0.7883404929057954,0.8462496851222684,-1958,-8.090908751823008
20170219,S37M1187,S37M1188,0.9201724258269659,0.9235033755043188,-147,-0.6074379910714924
20170219,S37M1187,S37M1189,0.8695623253013152,0.8784890048873424,-196,-0.8099173214286566
20170219,S37M1188,S37M1189,0.8617856964771073,0.8678339223958841,-86,-0.35537188593298197
20170220,S37M1193,S37M1194,0.9047056190569472,0.9068153831491896,114,0.47107436042279005
20170220,S37M1193,S37M1195,0.905044459287706,0.9074076685045065,571,2.359504033345729
20170220,S37M1193,S37M1196,0.8599383997169276,0.8770246280562267,-4613,-19.06198267219588
20170220,S37M1193,S37M1198,0.8321221375384166,0.8664719626181182,-2741,-11.326445806305856
20170220,S37M1194,S37M1195,0.9395876806473501,0.9398005974410212,322,1.330578456632793
20170220,S37M1194,S37M1196,0.8793466513733023,0.8834095515491085,434,1.7933883545920253
20170220,S37M1194,S37M1198,0.8781772966510523,0.8865708175877903,-873,-3.607437865342945
20170220,S37M1195,S37M1196,0.881858799704173,0.8863284022738747,156,0.6446280721575022
20170220,S37M1195,S37M1198,0.8880755449226237,0.8904811091318637,-273,-1.1280991262756288
20170220,S37M1196,S37M1198,0.8411783099884566,0.896660183376212,-1701,-7.028925325255841
20170221,S37M1201,S37M1202,0.6385714645462487,0.954903871887805,24062,99.42974789906293
20170221,S37M1201,S37M1203,0.8869760023365052,0.9234939251354224,1792,7.404958367347717
20170221,S37M1201,S37M1204,0.8711709850707434,0.9196895619051102,-1230,-5.082644415087998
20170221,S37M1201,S37M1205,0.8271964988196144,0.9040186447448882,-2368,-9.78512355685234
20170221,S37M1201,S37M1206,0.8473887819400774,0.8491932544381426,-280,-1.1570247448980808
20170221,S37M1202,S37M1203,0.6663580688095985,0.9152763542512137,-22635,-93.5330539313145
20170221,S37M1202,S37M1204,0.6538499289503227,0.8747846553299716,-24200,-99.99999580904841
20170221,S37M1202,S37M1205,0.6530637807639595,0.8466473323080219,-24200,-99.99999580904841
20170221,S37M1202,S37M1206,0.6368887513840523,0.8355301241874152,-24178,-99.90908672194928
20170221,S37M1203,S37M1204,0.8941972414554035,0.9341758752012473,-2329,-9.623966538812965
20170221,S37M1203,S37M1205,0.8921232354682341,0.9420526585116193,-3846,-15.892561317421496
20170221,S37M1203,S37M1206,0.894974012384082,0.908127141388969,-1158,-4.78512376639992
20170221,S37M1204,S37M1205,0.9148284763641464,0.9339374483186791,-1164,-4.809917153790593
20170221,S37M1204,S37M1206,0.920736247972878,0.9238160710704792,386,1.59504125546664
20170221,S37M1205,S37M1206,0.9155496421035219,0.9512669030131812,1601,6.615702202077955
20170222,S37M1208,S37M1209,0.7673090674096095,0.9109624043612216,-6159,-25.450412156526
20170222,S37M1208,S37M1211,0.8348792481405086,0.8604956947687108,-1308,-5.404958451166749
20170222,S37M1208,S37M1212,0.4736449760080445,0.6047256533528071,-7541,-31.161155718844384
20170222,S37M1208,S37M1213,0.8510767211864392,0.9088486227679066,-3475,-14.359503530431539
20170222,S37M1208,S37M1214,0.7926409909241111,0.8706276352841885,-5061,-20.91322226403281
20170222,S37M1209,S37M1211,0.8297657991987434,0.8826260862922696,4152,17.157024074345827
20170222,S37M1209,S37M1212,0.5899456994078602,0.6382643606086361,-1978,-8.173553376458585
20170222,S37M1209,S37M1213,0.859508914094832,0.9059877001407483,2088,8.62809881195426
20170222,S37M1209,S37M1214,0.863953007986502,0.8703410380520427,1179,4.871900622267276
20170222,S37M1211,S37M1212,0.6230326390184333,0.7088238956017939,-412,-1.7024792674928904
20170222,S37M1211,S37M1213,0.8638848435453133,0.8928498793114041,-1979,-8.177685607690364
20170222,S37M1211,S37M1214,0.8182488154625299,0.8993090807557393,-4289,-17.72313975309953
20170222,S37M1212,S37M1213,0.5272134729270501,0.5664561115200852,3896,16.09917287901044
20170222,S37M1212,S37M1214,0.5143902212147298,0.6938454259183824,-3483,-14.39256138028577
20170222,S37M1213,S37M1214,0.893857440083125,0.9067230779538076,-1173,-4.847107234876603
20170223,S37M1217,S37M1218,0.8149683491144938,0.8158496712318731,-726,-2.9999998742714524
20170223,S37M1217,S37M1219,0.7976553262097059,0.9211656631700357,1083,4.4752064240165055
20170223,S37M1217,S37M1220,0.8893883482763054,0.9186746439968202,-271,-1.119834663812071
20170223,S37M1217,S37M1221,0.6543412202163973,0.8191209061387025,-19857,-82.05371556943282
20170223,S37M1217,S37M1222,0.8010379526251529,0.8072140420145358,-913,-3.7727271146140993
20170223,S37M1218,S37M1219,0.870042544455463,0.8696729763009403,639,2.6404957571066916
20170223,S37M1218,S37M1220,0.8599911550386582,0.8667130668417148,-637,-2.632231294643134
20170223,S37M1218,S37M1221,0.7800010039126423,0.9310007305459467,-20569,-84.99586420645937
20170223,S37M1218,S37M1222,0.931501481797939,0.9399537906292293,-798,-3.2975205229595304
20170223,S37M1219,S37M1220,0.8166864420774017,0.9229088502165305,-1316,-5.43801630102098
20170223,S37M1219,S37M1221,0.703444839340769,0.867268768940637,-20933,-86.49999637482688
20170223,S37M1219,S37M1222,0.849442564395118,0.8646034267535763,-741,-3.0619833427481353
20170223,S37M1220,S37M1221,0.7018071059305039,0.8819662054981777,-19776,-81.71900483965874
20170223,S37M1220,S37M1222,0.8650169444856758,0.865425610979759,36,0.14876032434403896
20170223,S37M1221,S37M1222,0.773702004002857,0.9490272691749145,19602,80.99999660532922
20170224,S37M1225,S37M1227,0.9172642670340381,0.8724300815279737,-2109,-8.714875667821616
20170224,S37M1225,S37M1228,0.9060090094570612,0.9396301672325763,-3275,-13.533057284075767
20170224,S37M1225,S37M1229,0.8616705592919689,0.8651323250482916,-2150,-8.88429714832455
20170224,S37M1225,S37M1230,0.9329445995121735,0.9299287359250112,-1312,-5.421487376093864
20170224,S37M1227,S37M1228,0.8467382437776118,0.8708983773294036,-972,-4.016528757289052
20170224,S37M1227,S37M1229,0.8017182761750444,0.8198425349956173,12032,49.719006180763245
20170224,S37M1227,S37M1230,0.5825681830440028,0.8419831196715634,1143,4.723140297923237
20170224,S37M1228,S37M1229,0.8464232470536823,0.8704409600961357,1051,4.342975024599582
20170224,S37M1228,S37M1230,0.6195959027903488,0.9280728762036591,2508,10.363635929301381
20170224,S37M1229,S37M1230,0.5947696630113009,0.8910499646863563,941,3.8884295891039073
20170225,S37M1233,S37M1234,0.9059310990007098,0.9166441292482279,-678,-2.801652775146067
20170225,S37M1233,S37M1235,0.8957930031783171,0.8972562620262217,40,0.1652892492711544
20170225,S37M1233,S37M1236,0.8919149671105893,0.9060147252142573,-1304,-5.388429526239634
20170225,S37M1233,S37M1237,0.6152267855616699,0.6157548550046394,-51,-0.21074379282072186
20170225,S37M1233,S37M1238,0.890586790354448,0.9050147389951614,-1639,-6.772726988885552
20170225,S37M1234,S37M1235,0.9066748680014568,0.9175358030077142,887,3.665289102587849
20170225,S37M1234,S37M1236,0.9177488864569397,0.9180031505446712,-64,-0.26446279883384705
20170225,S37M1234,S37M1237,0.6706726147054524,0.6788488421547485,235,0.9710743394680321
20170225,S37M1234,S37M1238,0.9134935783267084,0.9141554513358792,-101,-0.41735535440966487
20170225,S37M1235,S37M1236,0.9091426674457447,0.9151468055980728,-584,-2.4132230393588543
20170225,S37M1235,S37M1237,0.6185028001305243,0.6183179174725584,-47,-0.19421486789360642
20170225,S37M1235,S37M1238,0.9319136259437114,0.9408448486676306,-662,-2.7355370754376054
20170225,S37M1236,S37M1237,0.7036463018365432,0.7487677248974336,451,1.863636285532266
20170225,S37M1236,S37M1238,0.9194815446266013,0.9193249735957637,-307,-1.26859498815611
20170225,S37M1237,S37M1238,0.6366289944144085,0.6211687926223031,-745,-3.0785122676752508
20170226,S37M1241,S37M1242,0.7307519073211808,0.9497118666601981,22405,92.58264074800536
20170226,S37M1241,S37M1243,0.9224771777406648,0.946218401317889,1394,5.760330337099731
20170226,S37M1241,S37M1244,0.9342537609958982,0.9360430479192232,-450,-1.859504054300487
20170226,S37M1241,S37M1246,0.5884437925955867,0.709132824370219,12708,52.512394493445754
20170226,S37M1242,S37M1243,0.7287445826322284,0.9497196170520432,-20678,-85.44627741072327
20170226,S37M1242,S37M1244,0.7128548301611137,0.9398746358955437,-22476,-92.87602916546166
20170226,S37M1242,S37M1246,0.6739371825850647,0.6815089334290556,-10972,-45.33884107507765
20170226,S37M1243,S37M1244,0.9133758013512162,0.9490115693610893,-1860,-7.68595009110868
20170226,S37M1243,S37M1246,0.5554354097143602,0.7007153219474168,19647,81.18594701075926
20170226,S37M1244,S37M1246,0.5620666359911032,0.6798952398833915,11972,49.47107230685651
20170227,S37M1248,S37M1249,0.9090764363981259,0.9327898145471409,942,3.892561820335686
20170227,S37M1248,S37M1250,0.9230495420264124,0.9248134909362468,-304,-1.2561982944607735
20170227,S37M1248,S37M1251,0.9076281194192676,0.9261751468676347,823,3.400826303754002
20170227,S37M1248,S37M1252,0.9104373543099571,0.9125055483854249,207,0.855371864978224
20170227,S37M1248,S37M1254,0.9135899549117771,0.920620301724048,-512,-2.1157023906707764
20170227,S37M1249,S37M1250,0.9238798235548538,0.9438338149191816,-1275,-5.268594820518047
20170227,S37M1249,S37M1251,0.9172242395927587,0.923438269322746,-550,-2.272727177478373
20170227,S37M1249,S37M1252,0.9163981612131475,0.9235646306230874,-921,-3.80578496446833
20170227,S37M1249,S37M1254,0.9142978391360078,0.9235637858997376,-1192,-4.925619628280401
20170227,S37M1250,S37M1251,0.921201737171067,0.9396839131758523,587,2.425619733054191
20170227,S37M1250,S37M1252,0.9226837676585175,0.928938096271697,525,2.1694213966839015
20170227,S37M1250,S37M1254,0.9308739565448618,0.9336100183944996,-160,-0.6611569970846176
20170227,S37M1251,S37M1252,0.9319594396603904,0.9331944948232802,-194,-0.8016528589650989
20170227,S37M1251,S37M1254,0.9076164975699514,0.9269192281973619,-1298,-5.36363613884896
20170227,S37M1252,S37M1254,0.9219276263056296,0.9337709650505037,-798,-3.2975205229595304
20170228,S37M1257,S37M1258,0.6535676528132152,0.8193251147654097,24199,99.99586357781664
20170228,S37M1257,S37M1259,0.6550611853969432,0.8307817463613074,24198,99.99173134658486
20170228,S37M1257,S37M1260,0.6388685663868047,0.7733338646815516,23777,98.25206199800596
20170228,S37M1257,S37M1261,0.8421144472601889,0.9293796409046599,6071,25.08677580812946
20170228,S37M1258,S37M1259,0.9398451484085748,0.9412598673175817,41,0.16942148050293326
20170228,S37M1258,S37M1260,0.8656802047315058,0.9312712685618352,2122,8.768594673834741
20170228,S37M1258,S37M1261,0.7158716432927632,0.9256626340594013,-24200,-99.99999580904841
20170228,S37M1259,S37M1260,0.8739846232139227,0.9182304230361163,1616,6.677685670554638
20170228,S37M1259,S37M1261,0.723934321406321,0.930551889990921,-24200,-99.99999580904841
20170228,S37M1260,S37M1261,0.6908607231398612,0.8426687234410893,-24200,-99.99999580904841
20170302,S37M1265,S37M1266,0.8431069673275634,0.9306744472907111,-2265,-9.359503739979118
20170302,S37M1265,S37M1267,0.862167593517198,0.9385290068550786,-1518,-6.27272700984031
20170302,S37M1265,S37M1268,0.8449751129812424,0.8780133639529597,-1760,-7.272726967930794
20170302,S37M1265,S37M1269,0.9056831271049381,0.9256553777757615,-1547,-6.392561715561897
20170302,S37M1265,S37M1270,0.8927173061346844,0.912583025138869,-590,-2.4380164267495275
20170302,S37M1265,S37M1271,0.8290787870894835,0.8712770946508187,-1130,-4.669421291910112
20170302,S37M1266,S37M1267,0.9091625720192126,0.9169228322893592,611,2.5247932826168835
20170302,S37M1266,S37M1268,0.9114393387740646,0.9134038042857658,399,1.6487602614797652
20170302,S37M1266,S37M1269,0.9028638656729793,0.9243720658658766,628,2.595041213557124
20170302,S37M1266,S37M1270,0.8859718665166479,0.9204024771198263,844,3.487603159621358
20170302,S37M1266,S37M1271,0.8754040751488327,0.8901938604333123,250,1.033057807944715
20170302,S37M1267,S37M1268,0.9401816892604806,0.9414188776987567,-23,-0.09504131833091378
20170302,S37M1267,S37M1269,0.9258942426846877,0.9271384884001761,110,0.4545454354956746
20170302,S37M1267,S37M1270,0.9054914355015137,0.9050460212211607,220,0.9090908709913492
20170302,S37M1267,S37M1271,0.8425385096016907,0.8460260287234098,483,1.9958676849491894
20170302,S37M1268,S37M1269,0.9241333622542767,0.9292594711206006,212,0.8760330211371183
20170302,S37M1268,S37M1270,0.8982815356848405,0.9118351699338657,1151,4.756198147777468
20170302,S37M1268,S37M1271,0.8490993764152233,0.8686035988484628,510,2.1074379282072186
20170302,S37M1269,S37M1270,0.921751383748683,0.9246600583338183,168,0.6942148469388485
20170302,S37M1269,S37M1271,0.8649950733665102,0.8725722595610188,-426,-1.7603305047377944
20170302,S37M1270,S37M1271,0.8590131427407295,0.9017793407513838,-631,-2.6074379072524607
20170305,S37M1291,S37M1292,0.9096262228825945,0.9573076523867202,3120,12.892561443150043
20170305,S37M1291,S37M1293,0.8688802271482496,0.9349768394399203,3739,15.450412575621158
20170305,S37M1291,S37M1294,0.8828834797232835,0.9352950077415534,4141,17.11156953079626
20170305,S37M1291,S37M1295,0.9126248176727401,0.9264192656376808,1480,6.115702223032713
20170305,S37M1291,S37M1297,0.8883684001426564,0.8976158846807404,1159,4.789255997631699
20170305,S37M1292,S37M1293,0.9225281423996666,0.9359052972857377,978,4.041322144679725
20170305,S37M1292,S37M1294,0.925479788813571,0.9380741660922102,1186,4.900826240889728
20170305,S37M1292,S37M1295,0.9318032609558211,0.9437178990497143,-1281,-5.29338820790872
20170305,S37M1292,S37M1297,0.9064216623208251,0.9084382899475436,-606,-2.504132126457989
20170305,S37M1293,S37M1294,0.9435784597106638,0.9445887974474544,93,0.384297504555434
20170305,S37M1293,S37M1295,0.8919677550253385,0.9326688024317102,-2321,-9.590908688958734
20170305,S37M1293,S37M1297,0.8730659159074706,0.8832736636897822,-1095,-4.524793198797852
20170305,S37M1294,S37M1295,0.9050041871280945,0.9354270887936058,-2183,-9.020660778973252
20170305,S37M1294,S37M1297,0.8816267605293879,0.8922023906376195,-1295,-5.351239445153624
20170305,S37M1295,S37M1297,0.9116587897661296,0.916990665759037,745,3.0785122676752508
20170306,S37M1302,S37M1303,0.8823253816391192,0.9446848092689649,2349,9.706611163448542
20170306,S37M1302,S37M1304,0.8561556526676701,0.897944518810684,2433,10.053718586917967
20170306,S37M1303,S37M1304,0.913651551029448,0.923506529824277,-628,-2.595041213557124
20170307,S37M1310,S37M1312,0.3601900647623857,0.9435389306953759,2968,12.264462295919657
20170308,S37M1314,S37M1316,0.9389086401384666,0.9400370162252137,-56,-0.23140494897961617
20170308,S37M1314,S37M1317,0.9096908826760106,0.9237513997260706,-780,-3.223140360787511
20170308,S37M1314,S37M1318,0.9082254896219168,0.9118932779005388,333,1.3760330001823604
20170308,S37M1316,S37M1317,0.9167680088632929,0.9307393511602994,-635,-2.623966832179576
20170308,S37M1316,S37M1318,0.9038225335169986,0.9069250013777379,119,0.49173551658168435
20170308,S37M1317,S37M1318,0.8974875659358389,0.920611945611313,628,2.595041213557124
20170309,S37M1326,S37M1327,0.850017331458992,0.8860673539752997,149,0.6157024535350502
20170309,S37M1326,S37M1328,0.7497634270218329,0.8052122241755838,156,0.6446280721575022
20170309,S37M1326,S37M1330,0.75990685001207,0.7675222138311403,1632,6.7438013702631
20170309,S37M1326,S37M1331,0.7542444346510551,0.7543491712534176,-1073,-4.433884111698717
20170309,S37M1327,S37M1328,0.7982259592676794,0.6435253219948924,946,3.9090907452628016
20170309,S37M1327,S37M1330,0.7030857284584313,0.7034220814153691,-54,-0.22314048651605844
20170309,S37M1327,S37M1331,0.6854178708626456,0.6946051637216268,-963,-3.9793386762030423
20170309,S37M1328,S37M1330,0.6950469795447045,0.6953191593118274,86,0.35537188593298197
20170309,S37M1328,S37M1331,0.6621556687833557,0.6752921906451897,-660,-2.7272726129740477
20170309,S37M1330,S37M1331,0.9158582947426752,0.9249560875417613,-1049,-4.334710562136024
20170310,S36M5030,S36M5031,0.968019989119208,0.9684449609402777,-46,-0.19008263666182756
20170310,S36M5030,S36M5032,0.9492941778676085,0.9589215135344428,809,3.342975066509098
20170310,S36M5030,S36M5033,0.8525366746841203,0.8658621450616387,1606,6.636363358236849
20170310,S36M5030,S36M5035,0.7343813257723616,0.7566204675380431,-6334,-26.1735526220873
20170310,S36M5030,S36M5036,0.9007247503788365,0.9193078103683351,3626,14.983470446430147
20170310,S36M5031,S36M5032,0.9482681642246589,0.9615008691196609,1076,4.4462808053940535
20170310,S36M5031,S36M5033,0.8493907255712705,0.8635621938830971,2038,8.421487250365317
20170310,S36M5031,S36M5035,0.7198372438739068,0.7492674666862189,-6332,-26.165288159623742
20170310,S36M5031,S36M5036,0.900691990243036,0.9098833773507407,3699,15.285123326350003
20170310,S36M5032,S36M5033,0.8788733305064252,0.8874175568656927,1086,4.487603117711842
20170310,S36M5032,S36M5035,0.7356775033650594,0.7470873366063053,1758,7.264462505467236
20170310,S36M5032,S36M5036,0.9208630100196301,0.9212906589684909,1170,4.834710541181266
20170310,S36M5033,S36M5035,0.6791625168097469,0.861668746423107,3276,13.537189515307546
20170310,S36M5033,S36M5036,0.8408327014662369,0.8414666118645207,-156,-0.6446280721575022
20170310,S36M5035,S36M5036,0.7349091601091379,0.7547670511126158,4087,16.8884290442802
20170311,S36M5046,S36M5047,0.9417628946973551,0.9503794773923789,676,2.7933883126825094
20170311,S36M5046,S36M5049,0.47110933549373324,0.5713588955223067,996,4.115702306851745
20170311,S36M5046,S36M5050,0.9092070431367011,0.9419724401233809,2680,11.074379701167345
20170311,S36M5046,S36M5051,0.5541888429708332,0.5692394011759098,-7955,-32.87189944880083
20170311,S36M5047,S36M5049,0.45282864584217075,0.47966985516291294,-6463,-26.706610450986773
20170311,S36M5047,S36M5050,0.9042262218886516,0.9279166787004325,2683,11.086776394862682
20170311,S36M5047,S36M5051,0.5437731305491847,0.60166535329853,-9922,-40.99999828170985
20170311,S36M5049,S36M5050,0.45319396055597855,0.47110872194488873,867,3.5826444779522717
20170311,S36M5049,S36M5051,0.29112582297015516,0.8494665450397771,-3135,-12.954544911626726
20170311,S36M5050,S36M5051,0.5755838697163401,0.5777353963135162,314,1.297520606778562
20170312,S36M5054,S36M5055,0.9638227169470356,0.9644399820873178,168,0.6942148469388485
20170312,S36M5054,S36M5056,0.9202378521513752,0.9276507016767643,513,2.1198346219025552
20170312,S36M5054,S36M5057,0.8909523149247232,0.9218004729251752,1990,8.223140151239932
20170312,S36M5054,S36M5058,0.8145939383009343,0.8392390639484871,1850,7.644627778790891
20170312,S36M5054,S36M5059,0.8949288822984687,0.9019635286300792,1949,8.053718670736998
20170312,S36M5055,S36M5056,0.9279888435157905,0.9366688609960697,570,2.3553718021139503
20170312,S36M5055,S36M5057,0.9010742925625669,0.9172128495404536,1723,7.119834412354976
20170312,S36M5055,S36M5058,0.819247972429355,0.8361575484057717,1697,7.012396400328726
20170312,S36M5055,S36M5059,0.9012164902672858,0.9067804761030095,1158,4.78512376639992
20170312,S36M5056,S36M5057,0.8990220873429692,0.8998940042974305,66,0.27272726129740477
20170312,S36M5056,S36M5058,0.8090638272983361,0.8358396155655684,4321,17.855371152516454
20170312,S36M5056,S36M5059,0.8749326456396661,0.8789345625866241,619,2.5578511324711144
20170312,S36M5057,S36M5058,0.8735483975204608,0.8751819136416839,-170,-0.7024793094024062
20170312,S36M5057,S36M5059,0.9404332362627404,0.9407208250147953,-143,-0.590909066144377
20170312,S36M5058,S36M5059,0.8821237006272113,0.8841837789699073,-258,-1.066115657798946
20170313,S36M5061,S36M5062,0.9576945982989657,0.9580217844941705,273,1.1280991262756288
20170313,S36M5061,S36M5063,0.9252093185219613,0.9253833663163997,-62,-0.2561983363702893
20170313,S36M5061,S36M5064,0.9192486628253098,0.9192856761623355,5,0.0206611561588943
20170313,S36M5061,S36M5065,0.9155324967172797,0.9156761454903136,-13,-0.05371900601312518
20170313,S36M5061,S36M5066,0.9202649515814953,0.9213023922654028,-346,-1.4297520061954856
20170313,S36M5061,S36M5067,0.9258201745546555,0.927028151591107,-303,-1.2520660632289946
20170313,S36M5062,S36M5063,0.9543425679813932,0.9545320318070536,-20,-0.0826446246355772
20170313,S36M5062,S36M5064,0.9485127218726835,0.948568954055015,15,0.0619834684766829
20170313,S36M5062,S36M5065,0.9329625739736643,0.9404742076400271,-1045,-4.318181637208909
20170313,S36M5062,S36M5066,0.92971432399513,0.9346924579874512,-545,-2.2520660213194788
20170313,S36M5062,S36M5067,0.9379054519517942,0.9428532725444881,-915,-3.780991577077657
20170313,S36M5063,S36M5064,0.9694607519963102,0.9700740681575459,80,0.3305784985423088
20170313,S36M5063,S36M5065,0.9478287650566153,0.9506928484742809,-158,-0.6528925346210599
20170313,S36M5063,S36M5066,0.9259530254038016,0.9162070587311251,-439,-1.8140495107509196
20170313,S36M5063,S36M5067,0.9431118565548293,0.9456370015621274,-351,-1.45041316235438
20170313,S36M5064,S36M5065,0.9502967727882977,0.9623460032093377,-736,-3.041322186589241
20170313,S36M5064,S36M5066,0.924488516732761,0.9079103993778531,-421,-1.7396693485789
20170313,S36M5064,S36M5067,0.9423257944547018,0.9479114659173971,-687,-2.838842856232077
20170313,S36M5065,S36M5066,0.9326251655636507,0.9335850511126302,1344,5.553718775510788
20170313,S36M5065,S36M5067,0.9477794892192949,0.9481513292610521,-64,-0.26446279883384705
20170313,S36M5066,S36M5067,0.6896719384962615,0.6785997630415007,-73,-0.3016528799198568
20170314,S36M5069,S36M5070,0.9147164363321125,0.9298436268235308,250,1.033057807944715
20170314,S36M5069,S36M5071,0.8177527518960899,0.8178267359582917,245,1.0123966517858207
20170314,S36M5069,S36M5072,0.824560927667829,0.831312254358078,-506,-2.090909003280103
20170314,S36M5069,S36M5073,0.822517116198249,0.8378827912642894,-1376,-5.6859501749277115
20170314,S36M5069,S36M5074,0.8372959174107384,0.83811108731256,52,0.21487602405250072
20170314,S36M5069,S36M5075,0.8266740034621861,0.8361133653771847,-1192,-4.925619628280401
20170314,S36M5070,S36M5071,0.7575679338286718,0.7618323711493334,631,2.6074379072524607
20170314,S36M5070,S36M5072,0.77189988195472,0.7802352052014588,-1121,-4.632231210824102
20170314,S36M5070,S36M5073,0.7633657161706177,0.786700206628209,-1323,-5.466941919643432
20170314,S36M5070,S36M5074,0.7824024864546356,0.7840999480892121,-472,-1.950413141399622
20170314,S36M5070,S36M5075,0.7651046724023826,0.7829003661390257,-1588,-6.56198319606483
20170314,S36M5071,S36M5072,0.9534359370837792,0.9547132500280073,349,1.4421486998908222
20170314,S36M5071,S36M5073,0.9392184310705581,0.9397661559509863,-185,-0.7644627778790891
20170314,S36M5071,S36M5074,0.9376128097088512,0.9385186751872578,238,0.9834710331633687
20170314,S36M5071,S36M5075,0.9331268870086702,0.9332061088037323,30,0.1239669369533658
20170314,S36M5072,S36M5073,0.9340899740912836,0.9472202830166503,-1008,-4.165289081633091
20170314,S36M5072,S36M5074,0.9316683150589766,0.9324728449808775,-270,-1.1157024325802922
20170314,S36M5072,S36M5075,0.9221051811137435,0.92741143958004,-604,-2.4958676639944315
20170314,S36M5073,S36M5074,0.9541394621711209,0.95818167503215,433,1.7892561233602464
20170314,S36M5073,S36M5075,0.9548703607661868,0.955247209909801,80,0.3305784985423088
20170314,S36M5074,S36M5075,0.9619192853089661,0.9671146301410761,-696,-2.8760329373180866
20170315,S36M5077,S36M5078,0.9719352734874861,0.9741349815249585,-412,-1.7024792674928904
20170315,S36M5077,S36M5079,0.8830261065133893,0.8858011900336986,377,1.5578511743806303
20170315,S36M5077,S36M5080,0.44444881638710126,0.6821619923454892,4088,16.89256127551198
20170315,S36M5077,S36M5081,0.8683586909326811,0.8736193831972701,1081,4.466941961552948
20170315,S36M5077,S36M5082,0.8678238686720865,0.8772175721414854,1247,5.1528923460282385
20170315,S36M5077,S36M5083,0.8554262646264329,0.9002907608150318,1686,6.966941856779158
20170315,S36M5078,S36M5079,0.9669190987893324,0.9739047306494125,789,3.2603304418735206
20170315,S36M5078,S36M5080,0.9578526762116536,0.9658620791727118,993,4.103305613156408
20170315,S36M5078,S36M5081,0.9540673116242042,0.9627762136715879,1270,5.247933664359152
20170315,S36M5078,S36M5082,0.9474722258672026,0.9520761087498806,1131,4.673553523141891
20170315,S36M5078,S36M5083,0.9488077387270728,0.9538436697351257,988,4.082644456997514
20170315,S36M5079,S36M5080,0.5085873321468318,0.5123064930547581,-1591,-6.574379889760166
20170315,S36M5079,S36M5081,0.9591040628345128,0.9600912344823793,168,0.6942148469388485
20170315,S36M5079,S36M5082,0.9481067455488539,0.9483953372026712,-165,-0.6818181532435119
20170315,S36M5079,S36M5083,0.9296443309859084,0.930003349089468,-428,-1.7685949672013521
20170315,S36M5080,S36M5081,0.5069560121470832,0.5010324312048372,1347,5.5661154692061245
20170315,S36M5080,S36M5082,0.5199592403681254,0.5252269340618873,-261,-1.0785123514942825
20170315,S36M5080,S36M5083,0.5663082826014382,0.6091575710410119,-2371,-9.797520250547677
20170315,S36M5081,S36M5082,0.9501936097930476,0.9511774974185147,-227,-0.9380164896138012
20170315,S36M5081,S36M5083,0.9322406248348908,0.932830035599591,-155,-0.6404958409257233
20170315,S36M5082,S36M5083,0.9569088824666763,0.9569144015458725,1,0.00413223123177886
20170316,S36M5085,S36M5086,0.9568221327706791,0.9601836010512793,-285,-1.1776859010569751
20170316,S36M5085,S36M5087,0.954529873275178,0.9555634051262667,-180,-0.7438016217201948
20170316,S36M5085,S36M5088,0.9459069477124731,0.9565964417587636,-782,-3.2314048232510686
20170316,S36M5085,S36M5089,0.9398063928805086,0.9502474614922346,-908,-3.752065958455205
20170316,S36M5085,S36M5090,0.9215652019029882,0.9264364299536044,-1285,-5.309917132835835
20170316,S36M5085,S36M5091,0.9347385045935136,0.935102223811374,130,0.5371900601312518
20170316,S36M5086,S36M5087,0.9679280749077825,0.9693709254039095,165,0.6818181532435119
20170316,S36M5086,S36M5088,0.962709736191932,0.9629752764286225,-214,-0.8842974836006761
20170316,S36M5086,S36M5089,0.9468379022170378,0.9473675446715987,-295,-1.2190082133747637
20170316,S36M5086,S36M5090,0.9381857950812783,0.9405568633334132,-698,-2.8842973997816443
20170316,S36M5086,S36M5091,0.9420477848798804,0.9433613043286662,-258,-1.066115657798946
20170316,S36M5087,S36M5088,0.974964241178825,0.9782903508182396,-405,-1.6735536488704383
20170316,S36M5087,S36M5089,0.9477774198787061,0.95038323384703,-413,-1.7066114987246692
20170316,S36M5087,S36M5090,0.9532656597571584,0.9575426108629124,-943,-3.896694051567465
20170316,S36M5087,S36M5091,0.9620461860324498,0.9621865111572718,-193,-0.79752062773332
20170316,S36M5088,S36M5089,0.9715299088476735,0.9716599463879244,25,0.1033057807944715
20170316,S36M5088,S36M5090,0.9566924052025018,0.9580638882572609,-564,-2.330578414723277
20170316,S36M5088,S36M5091,0.960691380961279,0.96188019751897,233,0.9628098770044744
20170316,S36M5089,S36M5090,0.9637497453449904,0.9645748022863145,-242,-0.9999999580904841
20170316,S36M5089,S36M5091,0.9665879938087614,0.968960847436307,501,2.070247847121209
20170316,S36M5090,S36M5091,0.9666630404368877,0.9684388676360369,343,1.417355312500149
20170317,S36M5094,S36M5095,0.9704433429928498,0.9756239510108249,-420,-1.7355371173471212
20170317,S36M5094,S36M5096,0.9640290085112849,0.9666290229925794,-317,-1.3099173004738986
20170317,S36M5094,S36M5097,0.9449672304194773,0.961513660747502,-881,-3.6404957151971757
20170317,S36M5094,S36M5098,0.9546417568080341,0.9548013412215354,16,0.06611569970846176
20170317,S36M5094,S36M5099,0.8048290795851062,0.8052453200265431,50,0.206611561588943
20170317,S36M5095,S36M5096,0.9753511766269223,0.9757481048093789,20,0.0826446246355772
20170317,S36M5095,S36M5097,0.961683219613346,0.9705577870969253,-582,-2.4049585768952966
20170317,S36M5095,S36M5098,0.9623972222499083,0.965303115935088,293,1.210743750911206
20170317,S36M5095,S36M5099,0.8134912144221988,0.8152957786421533,256,1.0578511953353882
20170317,S36M5096,S36M5097,0.9618065994789878,0.9749082852331631,-707,-2.921487480867654
20170317,S36M5096,S36M5098,0.965179672912568,0.9663738487324834,105,0.4338842793367803
20170317,S36M5096,S36M5099,0.8216511171008614,0.8221968151541383,168,0.6942148469388485
20170317,S36M5097,S36M5098,0.9576034688289877,0.9741261081932195,844,3.487603159621358
20170317,S36M5097,S36M5099,0.8153578599173321,0.8243638287049687,768,3.1735535860061646
20170317,S36M5098,S36M5099,0.8315429254148742,0.8343382261499432,-355,-1.4669420872814953
20170318,S36M5102,S36M5103,0.966563340804095,0.9679577748222491,240,0.9917354956269264
20170318,S36M5102,S36M5104,0.9628268535213711,0.9704962065654336,-223,-0.9214875646866858
20170318,S36M5102,S36M5105,0.91989887229411,0.9350303239723622,-568,-2.3471073396503925
20170318,S36M5102,S36M5106,0.9243205158301546,0.9402126757380276,-741,-3.0619833427481353
20170318,S36M5102,S36M5107,0.8520333230904669,0.8545362678822933,-66,-0.27272726129740477
20170318,S36M5103,S36M5104,0.9578249674308692,0.9708112142107789,-486,-2.008264378644526
20170318,S36M5103,S36M5105,0.9246574218869594,0.9467051294249126,-726,-2.9999998742714524
20170318,S36M5103,S36M5106,0.9291595167555665,0.9515711435454385,-790,-3.2644626731052995
20170318,S36M5103,S36M5107,0.8522780564070043,0.8630405407030275,-526,-2.1735536279156804
20170318,S36M5104,S36M5105,0.9423425419942925,0.9482220678042312,-192,-0.7933883965015411
20170318,S36M5104,S36M5106,0.9505340595096362,0.9549295520559726,-266,-1.0991735076531768
20170318,S36M5104,S36M5107,0.8645644798121023,0.8674776085478326,156,0.6446280721575022
20170318,S36M5105,S36M5106,0.942489958849045,0.9425090983287011,6,0.02479338739067316
20170318,S36M5105,S36M5107,0.8527948970041278,0.859235857107192,301,1.2438016007654369
20170318,S36M5106,S36M5107,0.8655465699448442,0.8715353861528875,250,1.033057807944715
20170319,S36M5109,S36M5110,0.7006928034063585,0.8059259738317225,24199,99.99586357781664
20170319,S36M5109,S36M5111,0.5091496127813944,0.8060645367745312,24142,99.76032639760524
20170319,S36M5109,S36M5112,0.7237694092854515,0.8220221529895827,24199,99.99586357781664
20170319,S36M5109,S36M5113,0.7273069812546471,0.8244550963836915,24199,99.99586357781664
20170319,S36M5109,S36M5114,0.7278643030904256,0.8416044318845356,24199,99.99586357781664
20170319,S36M5109,S36M5115,0.6548015429036246,0.7716754248978861,24199,99.99586357781664
20170319,S36M5110,S36M5111,0.899930133378821,0.9725344380600196,1301,5.376032832544297
20170319,S36M5110,S36M5112,0.9234773617247002,0.9667506398918132,1011,4.1776857753284276
20170319,S36M5110,S36M5113,0.9282096988920447,0.9645748894920331,1022,4.223140318877995
20170319,S36M5110,S36M5114,0.9534760519754065,0.9573375708221841,399,1.6487602614797652
20170319,S36M5110,S36M5115,0.8569360549136021,0.944273871852199,-1160,-4.793388228863478
20170319,S36M5111,S36M5112,0.8537699698092306,0.8933307369575719,-423,-1.7479338110424578
20170319,S36M5111,S36M5113,0.9550273584902261,0.9644233592057468,-369,-1.5247933245263994
20170319,S36M5111,S36M5114,0.8797181629325392,0.9636750048954582,-929,-3.838842814322561
20170319,S36M5111,S36M5115,0.5822897658280993,0.6905884675345267,-2497,-10.318181385751814
20170319,S36M5112,S36M5113,0.9706158219931252,0.9706314473239129,-4,-0.01652892492711544
20170319,S36M5112,S36M5114,0.9588451498653968,0.9700402294262275,-642,-2.652892450802028
20170319,S36M5112,S36M5115,0.831226922997988,0.9264747228076752,-2077,-8.582644268404692
20170319,S36M5113,S36M5114,0.9624849415684886,0.9740704916997907,-619,-2.5578511324711144
20170319,S36M5113,S36M5115,0.8391913254726802,0.9232030630210752,-2149,-8.88016491709277
20170319,S36M5114,S36M5115,0.8649231929911756,0.9256942599526283,-1656,-6.842974919825792
20170320,S36M5118,S36M5119,0.9103621886103568,0.9352659845480098,-625,-2.5826445198617876
20170320,S36M5118,S36M5120,0.8822329361540676,0.9287923614278734,-1057,-4.367768411990255
20170320,S36M5118,S36M5121,0.8023326034934467,0.9132955601566279,-1919,-7.9297517337836325
20170320,S36M5118,S36M5122,0.8576611954426189,0.9239468806422462,-1533,-6.3347104783169925
20170320,S36M5118,S36M5123,0.8278760815653712,0.9018480501624656,-2078,-8.586776499636471
20170320,S36M5119,S36M5120,0.9435278184038809,0.9706648961107696,-398,-1.6446280302479863
20170320,S36M5119,S36M5121,0.819674907506887,0.9558232642785999,-1195,-4.938016321975738
20170320,S36M5119,S36M5122,0.8638045522904286,0.9333322915686019,-928,-3.834710583090782
20170320,S36M5119,S36M5123,0.8263513414298198,0.9071532883943485,-1330,-5.495867538265884
20170320,S36M5120,S36M5121,0.8449338257168894,0.9597343275163032,-791,-3.2685949043370783
20170320,S36M5120,S36M5122,0.8880929378055443,0.9392445996134908,-699,-2.888429631013423
20170320,S36M5120,S36M5123,0.8463282099043694,0.910258345034541,-925,-3.8223138893954456
20170320,S36M5121,S36M5122,0.934923597561969,0.947207224790656,397,1.6404957990162075
20170320,S36M5121,S36M5123,0.915692073089895,0.9302899367287483,-131,-0.5413222913630307
20170320,S36M5122,S36M5123,0.9437046458241959,0.964534871111675,-549,-2.268594946246594
20170321,S36M5125,S36M5126,0.576159011194489,0.8206479847677762,-7484,-30.92561853863299
20170321,S36M5125,S36M5127,0.5356737938482704,0.9061823806639411,17236,71.22313751094043
20170321,S36M5125,S36M5128,0.5495536182290465,0.8863771041559303,17756,73.37189775146544
20170321,S36M5125,S36M5129,0.5403096633144933,0.8815546061704319,17259,71.31817882927135
20170321,S36M5125,S36M5130,0.5665753032759592,0.8751422969850902,17161,70.91322016855702
20170321,S36M5125,S36M5131,0.5170546887070097,0.8768772026491062,17727,73.25206304574385
20170321,S36M5126,S36M5127,0.6577808515669505,0.8723446604964951,24199,99.99586357781664
20170321,S36M5126,S36M5128,0.6754282886862294,0.8398306139045596,24199,99.99586357781664
20170321,S36M5126,S36M5129,0.6568449511362926,0.860032059664751,24199,99.99586357781664
20170321,S36M5126,S36M5130,0.6759779683319559,0.8566313993949377,24199,99.99586357781664
20170321,S36M5126,S36M5131,0.6587485652791131,0.8240061257572056,24199,99.99586357781664
20170321,S36M5127,S36M5128,0.909220093563354,0.9469837599422137,522,2.157024702988565
20170321,S36M5127,S36M5129,0.9342418753723569,0.9365111688784672,38,0.15702478680759668
20170321,S36M5127,S36M5130,0.9004754933237856,0.9007949008721793,28,0.11570247448980808
20170321,S36M5127,S36M5131,0.8554276773010304,0.8762179973137149,405,1.6735536488704383
20170321,S36M5128,S36M5129,0.9173575663926379,0.9384360678850114,-503,-2.0785123095847666
20170321,S36M5128,S36M5130,0.8837432817801939,0.926889058777485,-599,-2.475206507835537
20170321,S36M5128,S36M5131,0.8952130050872089,0.8995240375906155,-126,-0.5206611352041364
20170321,S36M5129,S36M5130,0.9197290611276197,0.9243634596935757,-93,-0.384297504555434
20170321,S36M5129,S36M5131,0.9034033331016428,0.9097327745805247,224,0.9256197959184647
20170321,S36M5130,S36M5131,0.8926936963067305,0.8997818390468632,163,0.6735536907799542
20170322,S36M5134,S36M5135,0.9500321927914069,0.9507657297024812,-71,-0.29338841745629907
20170322,S36M5134,S36M5136,0.8454611177139584,0.941064077471811,-587,-2.425619733054191
20170322,S36M5134,S36M5137,0.7946702403784195,0.938802120490937,-1116,-4.611570054665208
20170322,S36M5134,S36M5138,0.7292986486694301,0.8970964628317148,-1114,-4.60330559220165
20170322,S36M5134,S36M5139,0.7960457088998061,0.89123523128397,-1254,-5.1818179646506906
20170322,S36M5135,S36M5136,0.8804906751761623,0.9302587638221704,-622,-2.570247826166451
20170322,S36M5135,S36M5137,0.8063383466421222,0.9430991811215859,-1121,-4.632231210824102
20170322,S36M5135,S36M5138,0.7429472824728901,0.8979798769732129,-1130,-4.669421291910112
20170322,S36M5135,S36M5139,0.8051418710482243,0.902220939711616,-835,-3.450413078535348
20170322,S36M5136,S36M5137,0.8194711112312534,0.9206724016047476,-531,-2.1942147840745747
20170322,S36M5136,S36M5138,0.7962969178877816,0.8792551010242572,-503,-2.0785123095847666
20170322,S36M5136,S36M5139,0.8418648658199337,0.8716338156006049,-637,-2.632231294643134
20170322,S36M5137,S36M5138,0.9362891068971215,0.9379597588938212,24,0.09917354956269264
20170322,S36M5137,S36M5139,0.8622707506043377,0.9228614299664789,386,1.59504125546664
20170322,S36M5138,S36M5139,0.867520386546489,0.9448536296273953,361,1.4917354746721685
20170323,S36M5141,S36M5142,0.8981532432959323,0.8982350894628153,3,0.01239669369533658
20170323,S36M5141,S36M5143,0.8344284264554632,0.8572081590466154,278,1.148760282434523
20170323,S36M5141,S36M5144,0.7745065771194607,0.7855075122478742,-201,-0.8305784775875509
20170323,S36M5141,S36M5145,0.6894025366902072,0.7489660657443842,-621,-2.566115594934672
20170323,S36M5141,S36M5146,0.7334221160218902,0.7613981169101718,310,1.2809916818514466
20170323,S36M5142,S36M5143,0.8669120950898743,0.9125237525185986,258,1.066115657798946
20170323,S36M5142,S36M5144,0.8295664276422082,0.8365115618586321,-150,-0.619834684766829
20170323,S36M5142,S36M5145,0.7183484426046811,0.7547539060787659,-642,-2.652892450802028
20170323,S36M5142,S36M5146,0.7424545951848488,0.7801760432350686,402,1.6611569551751018
20170323,S36M5143,S36M5144,0.7909314406667135,0.8667061307266357,-282,-1.1652892073616385
20170323,S36M5143,S36M5145,0.645384983979078,0.7109977018810855,-1035,-4.27685932489112
20170323,S36M5143,S36M5146,0.7413971471667669,0.746264789369562,137,0.5661156787537038
20170323,S36M5144,S36M5145,0.6360625174418724,0.6677492468689792,-369,-1.5247933245263994
20170323,S36M5144,S36M5146,0.6579419931374363,0.7006296495790597,530,2.190082552842796
20170323,S36M5145,S36M5146,0.6282942976814717,0.8959323897622566,1181,4.880165084730834
20170324,S36M5148,S36M5149,0.7848316092172396,0.8603262945650705,-1044,-4.31404940597713
20170324,S36M5148,S36M5150,0.8027156754412876,0.8417855693711209,-445,-1.8388428981415927
20170324,S36M5148,S36M5152,0.7281627309086955,0.7658235364248529,438,1.8099172795191407
20170324,S36M5149,S36M5150,0.7900084515160782,0.8574862556844354,695,2.8719007060863078
20170324,S36M5149,S36M5152,0.6473362768122817,0.7685483220080673,1628,6.727272445335984
20170324,S36M5150,S36M5152,0.7179564165617974,0.8275160328159809,920,3.8016527332365513
20170329,S36M5181,S36M5182,0.906091078826451,0.9462035501250228,336,1.388429693877697
20170329,S36M5181,S36M5183,0.838067159221421,0.8795117568292532,461,1.9049585978500545
20170329,S36M5181,S36M5184,0.7850164990248186,0.8157394017729247,-499,-2.061983384657651
20170329,S36M5181,S36M5185,0.7444809250152951,0.7722633175972895,734,3.0330577241256833
20170329,S36M5182,S36M5183,0.9119653506300156,0.9190096819013548,101,0.41735535440966487
20170329,S36M5182,S36M5184,0.8050285554423742,0.825953849422396,-1170,-4.834710541181266
20170329,S36M5182,S36M5185,0.7633760364114749,0.7842986046461704,402,1.6611569551751018
20170329,S36M5183,S36M5184,0.8665262275818228,0.8771112557896161,403,1.6652891864068806
20170329,S36M5183,S36M5185,0.8359168351460097,0.8455734353809393,277,1.1446280512027442
20170329,S36M5184,S36M5185,0.8630803366085169,0.8759523045068056,-340,-1.4049586188048124
20170330,S36M5187,S36M5188,0.5979565938213541,nan,-24185,-99.93801234057173
20170330,S36M5187,S36M5189,0.6816823278765352,0.8709579091976988,16291,67.31817899690941
20170330,S36M5187,S36M5190,0.6628726449512339,0.884444744901395,16514,68.2396665615961
20170330,S36M5187,S36M5191,0.6520741419018095,nan,-24200,-99.99999580904841
20170330,S36M5187,S36M5192,0.6692591165595593,0.8660512936975049,16731,69.13636073889211
20170330,S36M5187,S36M5193,0.7058889962726683,0.8800347046219427,16158,66.76859224308282
20170330,S36M5188,S36M5189,0.45365782618358125,0.5603186971954615,-20435,-84.442145221401
20170330,S36M5188,S36M5190,0.7743414575790714,0.5168339897575976,-24200,-99.99999580904841
20170330,S36M5188,S36M5191,0.7220115577982059,nan,-24200,-99.99999580904841
20170330,S36M5188,S36M5192,0.6373431564878833,0.37207349710453275,-24183,-99.92974787810817
20170330,S36M5188,S36M5193,0.6049279820474366,0.4869374049595144,-24200,-99.99999580904841
20170330,S36M5189,S36M5190,0.8746454026058711,0.9312208060077586,347,1.4338842374272645
20170330,S36M5189,S36M5191,0.38908810858142806,nan,-24200,-99.99999580904841
20170330,S36M5189,S36M5192,0.7938477200131928,0.8314257091414049,-1361,-5.623966706451029
20170330,S36M5189,S36M5193,0.8629503252097348,0.8644611290598042,-11,-0.04545454354956746
20170330,S36M5190,S36M5191,0.714176112421523,nan,-24200,-99.99999580904841
20170330,S36M5190,S36M5192,0.831475901501507,0.8656590593577651,-1359,-5.615702243987471
20170330,S36M5190,S36M5193,0.8490343246764188,0.8952041156462112,-355,-1.4669420872814953
20170330,S36M5191,S36M5192,0.596488773046841,0.7232049030660577,-21363,-88.27685580449179
20170330,S36M5191,S36M5193,0.5925242209680087,0.6757853043727435,-21511,-88.88842602679506
20170330,S36M5192,S36M5193,0.8677861692045,0.8769889234619379,497,2.0537189221940935
20170331,S36M5198,S36M5199,0.3949848183697959,nan,-17753,-73.3595010577701
20170331,S36M5198,S36M5200,0.40981333934056285,0.08226156903486437,-19752,-81.61983129009604
20170331,S36M5198,S36M5201,0.33864994737177995,0.24767303912478802,-18449,-76.23553399508819
20170331,S36M5198,S36M5202,0.7801649704909055,0.11311596523133086,-17269,-71.35950114158913
20170331,S36M5199,S36M5200,0.6392440037193565,0.566454363877031,-24112,-99.63635946065187
20170331,S36M5199,S36M5201,0.41372281792891497,0.27363383839186395,-24159,-99.83057432854548
20170331,S36M5199,S36M5202,0.5028781308079615,0.5854019796136473,-24200,-99.99999580904841
20170331,S36M5200,S36M5201,0.6280426049640739,0.7433650005546895,6098,25.19834605138749
20170331,S36M5200,S36M5202,0.6363167249331726,0.7582686952605088,2701,11.161156557034701
20170331,S36M5201,S36M5202,0.7091809373198357,0.7854210925009874,1149,4.74793368531391
20170401,S36M5205,S36M5206,0.7862572770233734,0.7923753050236892,396,1.6363635677844286
20170401,S36M5205,S36M5207,0.7889665234683826,0.8448478931909851,-822,-3.396694072522223
20170401,S36M5206,S36M5207,0.8405524550720945,0.8512519842826316,-468,-1.9338842164725065
20170402,S36M5212,S36M5213,0.7738507081701759,0.9104268965232021,6007,24.822313009295613
20170402,S36M5212,S36M5214,0.6366925323154531,0.864796031264913,-9940,-41.07437844388187
20170402,S36M5212,S36M5215,0.6466479948071391,0.8562843667097831,-11094,-45.842973285354674
20170402,S36M5212,S36M5216,0.7478547607222864,0.8357275574594701,-1100,-4.545454354956746
20170402,S36M5212,S36M5217,0.7409467459747907,0.848117285286638,5504,22.743800699710846
20170402,S36M5213,S36M5214,0.6380222495352654,0.9116867719637894,-15142,-62.5702453115955
20170402,S36M5213,S36M5215,0.6476521381821767,0.8934001329743656,-16566,-68.4545425856486
20170402,S36M5213,S36M5216,0.6919560996160292,0.8513464407610767,-6546,-27.049585643224418
20170402,S36M5213,S36M5217,0.8738481500296874,0.8782560477666206,109,0.45041320426389575
20170402,S36M5214,S36M5215,0.7926635356245618,0.8781635016807011,-1339,-5.533057619351894
20170402,S36M5214,S36M5216,0.6318878002392245,0.8344783606945279,8576,35.438015043735504
20170402,S36M5214,S36M5217,0.640005431233402,0.8559232748982482,15177,62.71487340470776
20170402,S36M5215,S36M5216,0.6523799484458304,0.8221149466707104,9924,41.00826274417341
20170402,S36M5215,S36M5217,0.6724330170647993,0.8595423851889372,16618,68.6694186097011
20170402,S36M5216,S36M5217,0.7028290877981972,0.8750911711532185,6978,28.834709535352886
20170403,S36M5220,S36M5221,0.6087152628546393,0.8068390514195822,12963,53.56611345754936
20170403,S36M5220,S36M5222,0.7782619637756408,0.9371703116466928,13539,55.94627864705399
20170403,S36M5220,S36M5223,0.7424842317900749,0.8975014560850539,-9171,-37.896692626643926
20170403,S36M5220,S36M5224,0.7465930847550256,0.8949545532217132,14152,58.47933639213443
20170403,S36M5221,S36M5222,0.7665472092918314,0.7909428835285893,742,3.066115573979914
20170403,S36M5221,S36M5223,0.6118700165602151,0.8427195137838532,-22018,-90.98346726130694
20170403,S36M5221,S36M5224,0.7561797977558167,0.8395206616444721,1261,5.210743583273143
20170403,S36M5222,S36M5223,0.7685006383636885,0.9012486700474006,-22596,-93.37189691327512
20170403,S36M5222,S36M5224,0.8826716194107583,0.9035962687091761,548,2.2644627150148153
20170403,S36M5223,S36M5224,0.7094416699074697,0.9118218811933197,22827,94.32644232781604
20170404,S36M5229,S36M5231,0.6667960966852694,0.758512316861046,-1843,-7.615702160168439
20170404,S36M5229,S36M5234,0.5757429220580125,0.7695880750495567,3912,16.1652885787189
20170404,S36M5231,S36M5234,0.5673072763127911,0.7072971169391894,-8234,-34.024791962467134
20170406,S36M5246,S36M5248,0.6661339460342507,0.7282925155498484,3920,16.19834642857313
20170406,S36M5246,S36M5250,0.739507746859454,0.7649997542391159,1096,4.528925430029631
20170406,S36M5246,S36M5252,0.7434973830058311,0.7891910696713968,-14799,-61.15288999909535
20170406,S36M5248,S36M5250,0.6524208471993816,0.8697046815036442,-2685,-11.09504085732624
20170406,S36M5248,S36M5252,0.6606804851026183,0.798001356414117,-17058,-70.4876003516838
20170406,S36M5250,S36M5252,0.7517838066340613,0.8893667771822871,-13931,-57.5661132899113
20170408,S36M5255,S36M5262,0.7154898680101464,0.8804291130033074,22372,92.44627711735666
20170408,S36M5255,S36M5264,0.6832808948168753,0.8777833293467318,23020,95.12396295554936
20170408,S36M5255,S36M5267,0.7173145127505355,0.8853962059626063,23830,98.47107025329024
20170408,S36M5255,S36M5268,0.725916407399063,0.8665946496800129,22395,92.54131843568757
20170408,S36M5262,S36M5264,0.9041238232417766,0.9279325317189713,650,2.685950300656259
20170408,S36M5262,S36M5267,0.8723988941821234,0.9076553083829765,1146,4.735536991618574
20170408,S36M5262,S36M5268,0.8683486810993681,0.8714808330076079,2493,10.301652460824698
20170408,S36M5264,S36M5267,0.890172533409167,0.907555100496653,610,2.5206610513851047
20170408,S36M5264,S36M5268,0.8609690878083129,0.8683214941026979,-561,-2.3181817210279405
20170408,S36M5267,S36M5268,0.9096713379444762,0.9221653582134591,1015,4.194214700255543
20170409,S36M5270,S36M5271,0.6784024094495351,0.8481886244919088,-9710,-40.12396526057273
20170409,S36M5270,S36M5272,0.7221657019386825,0.8390193042585831,-4499,-18.59090831177309
20170409,S36M5270,S36M5275,0.7488459733234245,0.8080530767814349,-3666,-15.148759695701301
20170409,S36M5270,S36M5277,0.6358348670939409,0.837960505085913,10338,42.719006474129856
20170409,S36M5270,S36M5278,0.7005280705061435,0.8204190215706192,-3465,-14.31818121811375
20170409,S36M5271,S36M5272,0.7333924509383084,0.8920813964925935,5208,21.520660255104303
20170409,S36M5271,S36M5275,0.7115023057303492,0.8562241121007269,6566,27.132230267859995
20170409,S36M5271,S36M5277,0.6679710102231025,0.8542347431079476,20153,83.27685601403937
20170409,S36M5271,S36M5278,0.7772075095521886,0.8276609845021923,6435,26.590907976496965
20170409,S36M5272,S36M5275,0.8143139320147664,0.8691749741545677,1117,4.615702285896987
20170409,S36M5272,S36M5277,0.715144190016935,0.8409987752756806,14845,61.34297263575718
20170409,S36M5272,S36M5278,0.8309268345936027,0.8423621358237036,695,2.8719007060863078
20170409,S36M5275,S36M5277,0.6907377907139918,0.8518712398883198,13767,56.88842736789957
20170409,S36M5275,S36M5278,0.8386905383392398,0.8515628350809294,-3334,-13.77685892675072
20170409,S36M5277,S36M5278,0.745114618001354,0.8897424458443647,-13739,-56.77272489340976
20170410,S36M5280,S36M5281,0.6319679095539362,0.7460325293994636,8312,34.347105998545885
20170410,S36M5280,S36M5283,0.5752992725312757,0.7761287725407316,8926,36.884295974858105
20170410,S36M5280,S36M5284,0.6150060060968068,0.8006898548566808,9310,38.47107276786119
20170410,S36M5280,S36M5286,0.7626947579604152,0.7668572816313239,130,0.5371900601312518
20170410,S36M5281,S36M5283,0.8526148744445976,0.8600410032581188,283,1.1694214385934174
20170410,S36M5281,S36M5284,0.8758726922550597,0.9009067355349606,614,2.53718997631222
20170410,S36M5281,S36M5286,0.7213384926566837,0.8793490632461264,-8055,-33.28512257197872
20170410,S36M5283,S36M5284,0.8858350149987452,0.8970813060791278,197,0.8140495526604354
20170410,S36M5283,S36M5286,0.699933548238904,0.8737245332139928,-8899,-36.772725731600076
20170410,S36M5284,S36M5286,0.74256290695343,0.9061296868246922,-8731,-36.07851088466123
20201216,S36M9000,S36M9001,0.6649323060732067,0.6734685592781245,-223,-0.9214875646866858
20201216,S36M9000,S36M9002,0.6468574387045425,0.7328520918529693,-2607,-10.772726821247488
20201216,S36M9000,S36M9004,0.7306047424840064,0.7611087704792684,2691,11.119834244716913
20201216,S36M9000,S36M9005,0.6709732953199634,0.6303105630621683,4950,20.454544597305357
20201216,S36M9001,S36M9002,0.6449349788995978,0.6473904858852327,-2350,-9.710743394680321
20201216,S36M9001,S36M9004,0.5678975699012998,0.6474462943618358,3171,13.103305235970765
20201216,S36M9001,S36M9005,0.6401660987375448,0.48947680811963495,4889,20.202478492166847
20201216,S36M9002,S36M9004,0.7041997272002224,0.8204356382453669,6594,27.247932742349803
20201216,S36M9002,S36M9005,0.7250163068842513,0.7686175885450491,7658,31.64462677296251
20201216,S36M9004,S36M9005,0.7296763816730574,0.8043920400171973,2092,8.644627736881375
20201220,S36M9028,S36M9030,0.6644900501841824,0.6933076499653783,-1541,-6.367768328171223
20201220,S36M9028,S36M9032,0.6791719300948559,0.6971387803942105,695,2.8719007060863078
20201220,S36M9030,S36M9032,0.9018725169842718,0.9126997563682313,751,3.103305655065924
20210109,S36E0181,S36E0182,0.6335092079191841,0.8001732749934508,2436,10.066115280613303
20210109,S36E0181,S36E0186,0.6580101026535654,0.7030092279566411,1522,6.289255934767425
20210109,S36E0182,S36E0186,0.7374795015887053,0.8243145314794312,-2826,-11.677685461007059
20221206,S36N0023,S36N0024,0.9364186347938155,0.9364186347938154,0,0.0
20221206,S36N0023,S36N0025,0.9114013355856003,0.9112326036389162,10,0.0413223123177886
20221206,S36N0024,S36N0025,0.9476735461154474,0.9477113656906235,1,0.00413223123177886
20221207,S36N0032,S36N0033,0.9567962147196459,0.9568179741211639,-20,-0.0826446246355772
20221207,S36N0032,S36N0034,0.9002520334490669,0.9002456827037495,-2,-0.00826446246355772
20221207,S36N0032,S36N0035,0.952980850219116,0.952980850219116,0,0.0
20221207,S36N0032,S36N0036,0.9395418976554422,0.9418997346311404,66,0.27272726129740477
20221207,S36N0032,S36N0037,0.9081414879638317,0.9081414879638317,0,0.0
20221207,S36N0033,S36N0034,0.9064489304171874,0.9059061297511813,16,0.06611569970846176
20221207,S36N0033,S36N0035,0.9456003882433494,0.9466744705451416,29,0.11983470572158694
20221207,S36N0033,S36N0036,0.935937233585311,0.9405207043546119,151,0.6239669159986079
20221207,S36N0033,S36N0037,0.9200322773490676,0.9200322773490676,0,0.0
20221207,S36N0034,S36N0035,0.6642618613241399,0.7010741124136605,138,0.5702479099854827
20221207,S36N0034,S36N0036,0.9070801134682678,0.907689160201711,-15,-0.0619834684766829
20221207,S36N0034,S36N0037,0.9545626742951727,0.9545626742951727,0,0.0
20221207,S36N0035,S36N0036,0.9586453376161369,0.9593579652239491,14,0.05785123724490404
20221207,S36N0035,S36N0037,0.8871823681200017,0.9072215418531244,-65,-0.2685950300656259
20221207,S36N0036,S36N0037,0.9154111610119154,0.9159760081676391,-17,-0.07024793094024062
20221208,S36N0041,S36N0042,0.8825950470809405,0.8825950470809405,0,0.0
20221208,S36N0041,S36N0043,0.46972276003164903,0.46866364489480583,-18,-0.07438016217201948
20221208,S36N0041,S36N0044,0.8861221639718408,0.8855612199409583,-28,-0.11570247448980808
20221208,S36N0041,S36N0045,0.8986332546517342,0.8995430532371779,-102,-0.42148758564144373
20221208,S36N0042,S36N0043,0.6549412483038272,0.5989536432253155,-54,-0.22314048651605844
20221208,S36N0042,S36N0044,0.8796071554798991,0.8816098124197641,-51,-0.21074379282072186
20221208,S36N0042,S36N0045,0.9205079414773331,0.9208881280291513,5,0.0206611561588943
20221208,S36N0043,S36N0044,0.9214325123541288,0.9210493893247709,-20,-0.0826446246355772
20221208,S36N0043,S36N0045,0.4713429701813663,0.4734134530994737,-12,-0.04958677478134632
20221208,S36N0044,S36N0045,0.896545697660847,0.896545697660847,0,0.0
20221209,S36N0048,S36N0049,0.9135357561874318,0.9135357561874318,0,0.0
20221209,S36N0048,S36N0050,0.8180474293869727,0.7986817996899795,231,0.9545454145409167
20221209,S36N0048,S36N0051,0.6415781338368919,0.6475022531626198,-9,-0.03719008108600974
20221209,S36N0048,S36N0052,0.815702030970098,0.8151907944159358,364,1.504132168367505
20221209,S36N0049,S36N0050,0.8949989489838828,0.8956471190707046,33,0.13636363064870238
20221209,S36N0049,S36N0051,0.8879549808904578,0.8879549808904578,0,0.0
20221209,S36N0049,S36N0052,0.7901883986170452,0.8598373772276067,-5522,-22.818180861882865
20221209,S36N0050,S36N0051,0.8234960866685646,0.8380999262700194,76,0.31404957361519337
20221209,S36N0050,S36N0052,0.8251814540486795,0.8300326417187494,494,2.041322228498757
20221209,S36N0051,S36N0052,0.8757701982613156,0.8762239776634225,12,0.04958677478134632
20221210,S36N0056,S36N0057,0.8126450460805,0.9048928955745995,-4382,-18.107437257654965
20221210,S36N0056,S36N0058,0.8407036579351138,0.8941498530782983,-5983,-24.72313945973292
20221210,S36N0056,S36N0059,0.8101307324868916,0.895223871809531,-6509,-26.8966930876486
20221210,S36N0056,S36N0060,0.7942977613975587,0.8733677189837883,-3201,-13.227272172924131
20221210,S36N0057,S36N0058,0.9446059440604748,0.9460782343004884,36,0.14876032434403896
20221210,S36N0057,S36N0059,0.9463033474012795,0.9497415857147948,469,1.9380164477042854
20221210,S36N0057,S36N0060,0.9376312677329107,0.9478218750886286,476,1.9669420663267374
20221210,S36N0058,S36N0059,0.9452114484220513,0.9485784476776971,-410,-1.6942148050293326
20221210,S36N0058,S36N0060,0.8970723018745917,0.924175541990388,-1802,-7.446280679665506
20221210,S36N0059,S36N0060,0.9374079707473593,0.9374079707473593,0,0.0
20221211,S36N0065,S36N0073,0.42127111172770804,0.41906750885701727,194,0.8016528589650989
20221211,S36N0065,S36N0078,0.9292851356501244,0.929507911115511,-18,-0.07438016217201948
20221211,S36N0073,S36N0078,0.9558751974462212,0.9558751974462208,0,0.0
20221213,S36N0089,S36N0090,0.9331369390591358,0.9330638903962323,76,0.31404957361519337
20221213,S36N0089,S36N0091,0.604893282153521,0.6089616029859347,-9,-0.03719008108600974
20221213,S36N0089,S36N0092,0.8812196188325957,0.880083971311335,-20,-0.0826446246355772
20221213,S36N0089,S36N0093,0.8827832932954784,0.8793951732074664,-308,-1.272727219387889
20221213,S36N0089,S36N0094,0.8765282732488402,0.8772160995857649,115,0.4752065916545689
20221213,S36N0089,S36N0095,0.8064477332827078,0.8209174202645414,-2548,-10.528925178572536
20221213,S36N0090,S36N0091,0.8794056898877943,0.8671454096935857,120,0.4958677478134632
20221213,S36N0090,S36N0092,0.8940855134629844,0.8943042802517985,-119,-0.49173551658168435
20221213,S36N0090,S36N0093,0.9034831943958526,0.9028905085220147,-11,-0.04545454354956746
20221213,S36N0090,S36N0094,0.8936484943571084,0.8928978489482595,-103,-0.4256198168732226
20221213,S36N0090,S36N0095,0.8095231179783616,0.8187126058197841,-1466,-6.057850985787809
20221213,S36N0091,S36N0092,0.9097004132437202,0.9054806153436463,-232,-0.9586776457726955
20221213,S36N0091,S36N0093,0.9150478623814842,0.908452028971635,-563,-2.3264461834914982
20221213,S36N0091,S36N0094,0.9058194064811195,0.9042234323785622,-773,-3.194214742165059
20221213,S36N0091,S36N0095,0.8094967182364674,0.8194329414374276,-1350,-5.578512162901461
20221213,S36N0092,S36N0093,0.9302579062398556,0.9342454708307696,-189,-0.7809917028062046
20221213,S36N0092,S36N0094,0.9088715641640529,0.894196160839626,561,2.3181817210279405
20221213,S36N0092,S36N0095,0.8867255088907142,0.8926779827708192,234,0.9669421082362533
20221213,S36N0093,S36N0094,0.9211442740958337,0.9211852319222832,906,3.7438014959916472
20221213,S36N0093,S36N0095,0.849067192347584,0.8738692366861742,520,2.1487602405250072
20221213,S36N0094,S36N0095,0.8553534303268083,0.862356285305155,-546,-2.2561982525512576
20221214,S36N0098,S36N0099,0.8802942525083829,0.8861890299657147,-115,-0.4752065916545689
20221214,S36N0098,S36N0100,0.9249525214049107,0.9274579841930394,-146,-0.6033057598397136
20221214,S36N0098,S36N0101,0.8396175325578861,0.8374137574604795,-468,-1.9338842164725065
20221214,S36N0098,S36N0102,0.7621009482071602,0.762082507252269,1,0.00413223123177886
20221214,S36N0099,S36N0100,0.8723360982724521,0.8776913207287651,87,0.35950411716476083
20221214,S36N0099,S36N0101,0.7957872652105581,0.8074389394262582,56,0.23140494897961617
20221214,S36N0099,S36N0102,0.8869739655701564,0.8849526825162568,-42,-0.17355371173471212
20221214,S36N0100,S36N0101,0.9334698521600301,0.9354328867407723,-130,-0.5371900601312518
20221214,S36N0100,S36N0102,0.9401384270334138,0.9401113246710293,6,0.02479338739067316
20221214,S36N0101,S36N0102,0.8372596984010136,0.8370920277406947,-7,-0.02892561862245202
20221215,S36N0103,S36N0105,0.8447286611923499,0.880943553666801,181,0.7479338529519737
20221215,S36N0103,S36N0106,0.8255299099217026,0.8172609677301887,61,0.25206610513851047
20221215,S36N0103,S36N0107,0.8225099771882153,0.8457113956957171,80,0.3305784985423088
20221215,S36N0103,S36N0109,0.7909051262293536,0.7950815522567303,115,0.4752065916545689
20221215,S36N0103,S36N0110,0.8144089185795639,0.8166299607770455,112,0.46280989795923233
20221215,S36N0105,S36N0106,0.8834085667519876,0.8797467514924375,-119,-0.49173551658168435
20221215,S36N0105,S36N0107,0.7508988161638352,0.8240032119260928,-262,-1.0826445827260613
20221215,S36N0105,S36N0109,0.8889029874177554,0.8887238982414211,23,0.09504131833091378
20221215,S36N0105,S36N0110,0.8720185298342683,0.8726019697406394,-59,-0.24380164267495275
20221215,S36N0106,S36N0107,0.8338974186130358,0.850168582387736,-114,-0.47107436042279005
20221215,S36N0106,S36N0109,0.820615008913815,0.8270968966695763,112,0.46280989795923233
20221215,S36N0106,S36N0110,0.7913408601768167,0.7942104663696185,-39,-0.16115701803937554
20221215,S36N0107,S36N0109,0.8225953473134046,0.8398157899377641,476,1.9669420663267374
20221215,S36N0107,S36N0110,0.8362920513697265,0.8364861549318013,3,0.01239669369533658
20221215,S36N0109,S36N0110,0.9041273911269488,0.9220030851435611,-626,-2.5867767510935664
20221216,S36N0112,S36N0113,0.8140175412089973,0.8207652329767471,164,0.677685922011733
20221216,S36N0112,S36N0114,0.7061981827108953,0.7052291110226289,-69,-0.28512395499274135
20221216,S36N0112,S36N0115,0.8167636775478889,0.8167032642241225,-1,-0.00413223123177886
20221216,S36N0112,S36N0116,0.7856520898105114,0.7688169292936772,-573,-2.367768495809287
20221216,S36N0112,S36N0117,0.4538709843474484,0.4997731134010053,1796,7.421487292274833
20221216,S36N0112,S36N0118,0.7591677911186653,0.8599659238573341,2612,10.793387977406383
20221216,S36N0113,S36N0114,0.8004649807437232,0.7964406686246389,-115,-0.4752065916545689
20221216,S36N0113,S36N0115,0.9072140177316321,0.9134660485177476,-428,-1.7685949672013521
20221216,S36N0113,S36N0116,0.8686850685115773,0.8630109298309343,-156,-0.6446280721575022
20221216,S36N0113,S36N0117,0.4974785798826557,0.47508206569241423,-3474,-14.35537129919976
20221216,S36N0113,S36N0118,0.8173337610728567,0.8089227264159341,-549,-2.268594946246594
20221216,S36N0114,S36N0115,0.8118369171150019,0.8116672067966226,7,0.02892561862245202
20221216,S36N0114,S36N0116,0.8303209954659384,0.8291446384145454,52,0.21487602405250072
20221216,S36N0114,S36N0117,0.6578879987913655,0.7640897419169785,210,0.8677685586735606
20221216,S36N0114,S36N0118,0.86897588884173,0.8699151659574978,-25,-0.1033057807944715
20221216,S36N0115,S36N0116,0.9074673323441345,0.9173996167003342,367,1.5165288620628417
20221216,S36N0115,S36N0117,0.5195799876654605,0.5716597413983655,1794,7.413222829811275
20221216,S36N0115,S36N0118,0.8637134728967314,0.8701234364133011,203,0.8388429400511086
20221216,S36N0116,S36N0117,0.5472464037933545,0.5412086380001253,-38,-0.15702478680759668
20221216,S36N0116,S36N0118,0.9024564864150599,0.8988875485530629,-206,-0.8512396337464452
20221216,S36N0117,S36N0118,0.6530131397364651,0.6891956156061251,-408,-1.685950342565775
20221218,S36N0129,S36N0135,0.7652594733519783,0.8272247675741886,-6115,-25.26859398232773
20221219,S36N0137,S36N0138,0.7254012912680465,0.7619304095969688,678,2.801652775146067
20221220,S36N0145,S36N0146,0.9228843449811281,0.9264998802317284,-61,-0.25206610513851047
20221220,S36N0145,S36N0147,0.9143928422400427,0.9162421454129945,118,0.4876032853499055
20221220,S36N0145,S36N0148,0.9119306846524062,0.9117337684261201,564,2.330578414723277
20221220,S36N0145,S36N0149,0.8252694594116896,0.8238200618397985,-765,-3.161156892310828
20221220,S36N0145,S36N0150,0.8208219491574662,0.8205875761042347,-532,-2.1983470153063536
20221220,S36N0145,S36N0151,0.876538973275993,0.8810006588307951,876,3.6198345590382814
20221220,S36N0146,S36N0147,0.9342990678773694,0.9350887399045698,312,1.2892561443150043
20221220,S36N0146,S36N0148,0.93359164928894,0.9381511718075151,922,3.809917195700109
20221220,S36N0146,S36N0149,0.8512743123181156,0.8521126006480471,-21,-0.08677685586735606
20221220,S36N0146,S36N0150,0.8381252763997227,0.8394602530683352,-52,-0.21487602405250072
20221220,S36N0146,S36N0151,0.9091226756907268,0.9100720551464233,890,3.6776857962831855
20221220,S36N0147,S36N0148,0.9293485057505394,0.9252330604221747,580,2.396694114431739
20221220,S36N0147,S36N0149,0.8225595172361102,0.8223135342849559,-19,-0.07851239340379834
20221220,S36N0147,S36N0150,0.8085003146598253,0.8089590986468047,16,0.06611569970846176
20221220,S36N0147,S36N0151,0.8830169474699744,0.8833622846321093,665,2.747933769132942
20221220,S36N0148,S36N0149,0.8363683498178092,0.8362614342041814,-580,-2.396694114431739
20221220,S36N0148,S36N0150,0.8240241574770215,0.8243476835551677,6,0.02479338739067316
20221220,S36N0148,S36N0151,0.9075598704168999,0.9074349429362429,-11,-0.04545454354956746
20221220,S36N0149,S36N0150,0.9098469092375747,0.9330065779872281,-2118,-8.752065748907626
20221220,S36N0149,S36N0151,0.8141156082925208,0.8143678085974727,9,0.03719008108600974
20221220,S36N0150,S36N0151,0.8070253843791964,0.80793149128081,-41,-0.16942148050293326
20221221,S36N0153,S36N0154,0.9236696479682939,0.9266925453301866,88,0.3636363483965397
20221221,S36N0153,S36N0155,0.8999481425519464,0.9252496427084586,770,3.1818180484697223
20221221,S36N0153,S36N0156,0.9397587828490406,0.9399851612021282,-95,-0.3925619670189917
20221221,S36N0153,S36N0157,0.8375036794390284,0.8328477218377798,1269,5.2438014331273735
20221221,S36N0153,S36N0160,0.9045397572065871,0.9181754596055843,714,2.950413099490106
20221221,S36N0153,S36N0161,0.9101127729342952,0.9144902847754383,514,2.123966853134334
20221221,S36N0153,S36N0162,0.9076368758422936,0.9205843207370145,942,3.892561820335686
20221221,S36N0153,S36N0163,0.8546435077522226,0.8614722617112633,834,3.4462808473035693
20221221,S36N0154,S36N0155,0.908080798981096,0.9337625145951818,598,2.4710742766037583
20221221,S36N0154,S36N0156,0.9244169491082562,0.9272969214556567,-150,-0.619834684766829
20221221,S36N0154,S36N0157,0.7990524762864704,0.7791444775738382,1089,4.499999811407179
20221221,S36N0154,S36N0160,0.8732769499947355,0.8865563946132684,501,2.070247847121209
20221221,S36N0154,S36N0161,0.8821412758536014,0.8807552910576543,532,2.1983470153063536
20221221,S36N0154,S36N0162,0.8819493861382112,0.8968946098886617,862,3.5619833217933774
20221221,S36N0154,S36N0163,0.8284513063777289,0.8281834604325505,523,2.161156934220344
20221221,S36N0155,S36N0156,0.9114000920853013,0.9314456391512543,-588,-2.4297519642859697
20221221,S36N0155,S36N0157,0.8119799392308217,0.810606032510035,406,1.6776858801022172
20221221,S36N0155,S36N0160,0.913569100290913,0.9132069414264739,57,0.23553718021139503
20221221,S36N0155,S36N0161,0.9124759940921461,0.9128640768064481,19,0.07851239340379834
20221221,S36N0155,S36N0162,0.9287177416776239,0.9278156242708675,288,1.1900825947523117
20221221,S36N0155,S36N0163,0.8604460149508388,0.8597275396865259,70,0.2892561862245202
20221221,S36N0156,S36N0157,0.8487181893928641,0.8486453969089702,1099,4.541322123724967
20221221,S36N0156,S36N0160,0.9079277454882052,0.9193115466816549,637,2.632231294643134
20221221,S36N0156,S36N0161,0.9210577692727644,0.9190164090741757,655,2.7066114568151534
20221221,S36N0156,S36N0162,0.9203100040339784,0.926589445731781,1076,4.4462808053940535
20221221,S36N0156,S36N0163,0.8801434681248919,0.8740059170652965,874,3.6115700965747237
20221221,S36N0157,S36N0160,0.8535053176821668,0.8574887870913939,-391,-1.6157024116255343
20221221,S36N0157,S36N0161,0.8803520294489895,0.8778065327831547,-440,-1.8181817419826984
20221221,S36N0157,S36N0162,0.875889402138153,0.8757889848899016,-147,-0.6074379910714924
20221221,S36N0157,S36N0163,0.887653067350007,0.9086426114502936,-441,-1.8223139732144773
20221221,S36N0160,S36N0161,0.9395941668714761,0.9401071677480515,13,0.05371900601312518
20221221,S36N0160,S36N0162,0.9448451649496897,0.9433112065682839,216,0.8925619460642338
20221221,S36N0160,S36N0163,0.8920684015554697,0.8941243273861228,-50,-0.206611561588943
20221221,S36N0161,S36N0162,0.9455478146465515,0.9492826766334863,275,1.1363635887391865
20221221,S36N0161,S36N0163,0.906784030022419,0.9061831448152273,17,0.07024793094024062
20221221,S36N0162,S36N0163,0.9154484772629149,0.9230538960112847,-226,-0.9338842583820224
20221222,S36N0165,S36N0166,0.9106047139968543,0.9041959531790982,-402,-1.6611569551751018
20221222,S36N0165,S36N0167,0.6581267167580697,0.6724749147591553,142,0.5867768349125981
20221222,S36N0165,S36N0168,0.7263425747510054,0.7099624324977071,-128,-0.5289255976676941
20221222,S36N0165,S36N0169,0.8743211352363001,0.8900334142795157,-545,-2.2520660213194788
20221222,S36N0165,S36N0170,0.9335302366277191,0.9335302366277191,0,0.0
20221222,S36N0165,S36N0171,0.6473757944691232,0.6213716093709847,-145,-0.5991735286079347
20221222,S36N0166,S36N0167,0.7150045564520073,0.7436624079478205,314,1.297520606778562
20221222,S36N0166,S36N0168,0.8259820535055259,0.8259820535055259,0,0.0
20221222,S36N0166,S36N0169,0.8456374934530838,0.8456374934530838,0,0.0
20221222,S36N0166,S36N0170,0.9303695434124273,0.9188487168285676,792,3.272727135568857
20221222,S36N0166,S36N0171,0.751510384574718,0.751510384574718,0,0.0
20221222,S36N0167,S36N0168,0.6660849265247831,0.6966004634155536,-58,-0.23966941144317389
20221222,S36N0167,S36N0169,0.6145794822488185,0.5589632696665973,-526,-2.1735536279156804
20221222,S36N0167,S36N0170,0.8904090362461272,0.8904767250072596,4,0.01652892492711544
20221222,S36N0167,S36N0171,0.5110601599411861,0.591514255664303,-470,-1.9421486789360642
20221222,S36N0168,S36N0169,0.6909860989878395,0.6932555536259222,-280,-1.1570247448980808
20221222,S36N0168,S36N0170,0.9338801482325416,0.950226256699488,598,2.4710742766037583
20221222,S36N0168,S36N0171,0.9135156988136078,0.9135156988136078,0,0.0
20221222,S36N0169,S36N0170,0.9056719778493517,0.9395680535141158,914,3.776859345845878
20221222,S36N0169,S36N0171,0.5626746920775858,0.5663819784201195,57,0.23553718021139503
20221222,S36N0170,S36N0171,0.9446604052250349,0.9491410409694864,-560,-2.3140494897961617
20221223,S36N0173,S36N0174,0.9371308844000019,0.9486352157741896,-334,-1.3801652314141393
20221223,S36N0173,S36N0175,0.9062985930555099,0.9113234937826902,-270,-1.1157024325802922
20221223,S36N0173,S36N0176,0.6232752008223824,0.627910190698573,52,0.21487602405250072
20221223,S36N0173,S36N0177,0.8923780278235796,0.9110331960060603,-859,-3.549586628098041
20221223,S36N0173,S36N0178,0.8991231595026783,0.9132241588544353,-493,-2.037189997266978
20221223,S36N0173,S36N0179,0.9217227987569298,0.9234853644929345,-90,-0.3719008108600974
20221223,S36N0173,S36N0180,0.9115992104755686,0.9132772147614058,-34,-0.14049586188048124
20221223,S36N0173,S36N0181,0.8976798290095542,0.9011803503650125,-87,-0.35950411716476083
20221223,S36N0174,S36N0175,0.9113911618010802,0.9202206292048836,246,1.0165288830175996
20221223,S36N0174,S36N0176,0.5902140068727856,0.90189433306517,5654,23.363635384477675
20221223,S36N0174,S36N0177,0.9212676881116403,0.9209777717555572,-25,-0.1033057807944715
20221223,S36N0174,S36N0178,0.9151880069459903,0.9167936012233723,-20,-0.0826446246355772
20221223,S36N0174,S36N0179,0.9258986115770429,0.9300278552076824,460,1.9008263666182756
20221223,S36N0174,S36N0180,0.9181283202786803,0.9206987598315276,479,1.979338760022074
20221223,S36N0174,S36N0181,0.9035567702858832,0.921813708475633,489,2.0206610723398626
20221223,S36N0175,S36N0176,0.8055343960760994,0.9146146448749926,5326,22.00826354045421
20221223,S36N0175,S36N0177,0.918655996726883,0.928499140052204,-519,-2.1446280092932284
20221223,S36N0175,S36N0178,0.9085228632828922,0.9162466903385886,-602,-2.4876032015308738
20221223,S36N0175,S36N0179,0.9279690050258962,0.9297345043564202,279,1.152892513666302
20221223,S36N0175,S36N0180,0.9184670828767809,0.9213251806496106,187,0.7727272403426468
20221223,S36N0175,S36N0181,0.9402012588252882,0.9395891486005215,49,0.20247933035716414
20221223,S36N0176,S36N0177,0.7948613400667391,0.929249158734379,-5833,-24.10330477496609
20221223,S36N0176,S36N0178,0.6214788317454307,0.9219710395793421,-5761,-23.805784126278013
20221223,S36N0176,S36N0179,0.606240443644549,0.9313390092456255,-5060,-20.909090032801032
20221223,S36N0176,S36N0180,0.6194779126184824,0.9466746332686371,-5022,-20.752065245993435
20221223,S36N0176,S36N0181,0.7248119914538244,0.8969839214528855,-5183,-21.417354474309832
20221223,S36N0177,S36N0178,0.9217594659977791,0.9212375739763166,32,0.13223139941692352
20221223,S36N0177,S36N0179,0.9258815316186019,0.9422123950055691,752,3.107437886297703
20221223,S36N0177,S36N0180,0.930185015804326,0.9392270716480694,735,3.037189955357462
20221223,S36N0177,S36N0181,0.9265043557959055,0.9397971978248488,589,2.4338841955177486
20221223,S36N0178,S36N0179,0.9201653883678882,0.9328905950615467,725,2.9958676430396736
20221223,S36N0178,S36N0180,0.9309052658825734,0.9346754145826556,691,2.8553717811591923
20221223,S36N0178,S36N0181,0.907930814500617,0.9240467245175162,653,2.6983469943515956
20221223,S36N0179,S36N0180,0.9465350590084937,0.9431191766186593,70,0.2892561862245202
20221223,S36N0179,S36N0181,0.918225725671656,0.9192979426533017,-189,-0.7809917028062046
20221223,S36N0180,S36N0181,0.9221673301294457,0.9193740893724285,-167,-0.6900826157070696
20221224,S36N0183,S36N0184,0.6261249571651233,0.6275678598365971,-23083,-95.38429352315143
20221224,S36N0183,S36N0185,0.6604414135671955,0.6547180778331938,-24189,-99.95454126549885
20221224,S36N0183,S36N0186,0.5418605455415042,0.5622665913786195,-1988,-8.214875688776374
20221224,S36N0183,S36N0187,0.6382025759544988,0.6611699060244629,-13353,-55.17768363794312
20221224,S36N0183,S36N0188,0.6247894785513297,0.6291591113328786,-766,-3.165289123542607
20221224,S36N0183,S36N0189,0.6500108718948531,0.6292991320581408,-22998,-95.03305386845022
20221224,S36N0184,S36N0185,0.9408545056889978,0.9408451443697194,19,0.07851239340379834
20221224,S36N0184,S36N0186,0.9268418720209376,0.9331145275876277,83,0.3429751922376454
20221224,S36N0184,S36N0187,0.93336584268995,0.9336219075880076,-201,-0.8305784775875509
20221224,S36N0184,S36N0188,0.9123758841675382,0.9162004854011231,138,0.5702479099854827
20221224,S36N0184,S36N0189,0.9023022289029471,0.9008801573450416,-99,-0.40909089194610715
20221224,S36N0185,S36N0186,0.9449898693607086,0.9456108618195739,-248,-1.0247933454811573
20221224,S36N0185,S36N0187,0.9344358346820566,0.9482710410893107,-800,-3.305784985423088
20221224,S36N0185,S36N0188,0.9347683176185058,0.9380703193007296,-624,-2.5785122886300087
20221224,S36N0185,S36N0189,0.9241501167038589,0.925145600986934,-652,-2.694214763119817
20221224,S36N0186,S36N0187,0.9442756328834438,0.9488813287474737,-611,-2.5247932826168835
20221224,S36N0186,S36N0188,0.9327541019744209,0.9326887994643438,-41,-0.16942148050293326
20221224,S36N0186,S36N0189,0.9321688307076338,0.9332491490606293,-502,-2.0743800783529878
20221224,S36N0187,S36N0188,0.9525194775714176,0.9536017425020303,172,0.7107437718659639
20221224,S36N0187,S36N0189,0.9448840590304249,0.9458651133863475,56,0.23140494897961617
20221224,S36N0188,S36N0189,0.9523094025981396,0.9535465833033283,29,0.11983470572158694
20221225,S36N0191,S36N0192,0.7937427215306365,0.7937790426347607,-2,-0.00826446246355772
20221225,S36N0191,S36N0193,0.9318693621873523,0.935648624257764,410,1.6942148050293326
20221225,S36N0191,S36N0194,0.9526749320035979,0.9525311584640955,5,0.0206611561588943
20221225,S36N0191,S36N0196,0.9527333661697646,0.959124889238976,499,2.061983384657651
20221225,S36N0191,S36N0197,0.9422928743078676,0.9592991160864915,919,3.7975205020047724
20221225,S36N0192,S36N0193,0.7952235217799546,0.791011897407673,69,0.28512395499274135
20221225,S36N0192,S36N0194,0.7743862081424872,0.7743862081424872,0,0.0
20221225,S36N0192,S36N0196,0.7960571858159619,0.8018151624498424,199,0.8223140151239932
20221225,S36N0192,S36N0197,0.7763063496461271,0.7863061536571213,764,3.157024661079049
20221225,S36N0193,S36N0194,0.9360732623724266,0.9452279597982518,-409,-1.6900825737975538
20221225,S36N0193,S36N0196,0.9241186443633328,0.9222197086194457,-127,-0.5247933664359152
20221225,S36N0193,S36N0197,0.9161311822962673,0.9252670086006345,392,1.6198346428573132
20221225,S36N0194,S36N0196,0.9346432006706927,0.9491261706047145,454,1.8760329792276025
20221225,S36N0194,S36N0197,0.9276181846119558,0.9516324429379932,1010,4.173553544096649
20221225,S36N0196,S36N0197,0.9574338122804836,0.9672632722271597,535,2.21074370900169
20221226,S36N0199,S36N0200,0.955540741718229,0.9556024142522913,3,0.01239669369533658
20221226,S36N0199,S36N0202,0.806671756306424,0.8128592214517867,165,0.6818181532435119
20221226,S36N0199,S36N0203,0.9363575260363243,0.9401804023323556,398,1.6446280302479863
20221226,S36N0199,S36N0204,0.9457398990089927,0.9618315816578419,928,3.834710583090782
20221226,S36N0199,S36N0205,0.9355552564082715,0.9533265098571486,733,3.0289254928939044
20221226,S36N0200,S36N0202,0.8171925439574458,0.8265760404157335,296,1.2231404446065426
20221226,S36N0200,S36N0203,0.9605886465716734,0.9617541497599,212,0.8760330211371183
20221226,S36N0200,S36N0204,0.952965564055867,0.9664399384212123,829,3.425619691144675
20221226,S36N0200,S36N0205,0.9426775761185144,0.9568421595117389,569,2.3512395708821714
20221226,S36N0202,S36N0203,0.7862780084601213,0.7817800652292601,-223,-0.9214875646866858
20221226,S36N0202,S36N0204,0.8099350091779736,0.8037582989053633,417,1.7231404236517847
20221226,S36N0202,S36N0205,0.8003492687449997,0.798563725262483,281,1.1611569761298597
20221226,S36N0203,S36N0204,0.9582842708718289,0.9637470221097341,466,1.9256197540089488
20221226,S36N0203,S36N0205,0.9484280146159475,0.9571368717166763,491,2.0289255348034203
20221226,S36N0204,S36N0205,0.9634953513420085,0.9633688040544424,40,0.1652892492711544
20221227,S36N0207,S36N0208,0.9375412154577397,0.9413135930538453,144,0.5950412973761559
20221227,S36N0207,S36N0211,0.8760561913081377,0.8460772846866303,-853,-3.5247932407073677
20221227,S36N0207,S36N0212,0.9156876782541741,0.9299116047197242,-1036,-4.280991556122899
20221227,S36N0207,S36N0213,0.8915572300378408,0.8910407543679101,-1355,-5.599173319060355
20221227,S36N0208,S36N0211,0.8604948478507313,0.8517836132325574,-1090,-4.5041320426389575
20221227,S36N0208,S36N0212,0.9456736346789255,0.9615684031159087,-1388,-5.735536949709058
20221227,S36N0208,S36N0213,0.9197833285598158,0.926697142028391,-1660,-6.859503844752908
20221227,S36N0211,S36N0212,0.8586620393508424,0.8639949179423355,-352,-1.4545453935861588
20221227,S36N0211,S36N0213,0.8785444381917488,0.8681788479904553,-400,-1.652892492711544
20221227,S36N0212,S36N0213,0.9428365314924761,0.9441882339404759,-62,-0.2561983363702893
20221229,S36N0224,S36N0225,0.9467135180128914,0.9512296335108491,-230,-0.9504131833091378
20221229,S36N0224,S36N0226,0.9382478999088208,0.9394864196926129,-192,-0.7933883965015411
20221229,S36N0224,S36N0227,0.9461985070835263,0.9480584123102461,-346,-1.4297520061954856
20221229,S36N0224,S36N0228,0.9464184768587758,0.9469267287065167,-584,-2.4132230393588543
20221229,S36N0224,S36N0229,0.927470859800161,0.927424885270648,-29,-0.11983470572158694
20221229,S36N0225,S36N0226,0.9608784294452652,0.9613179284220169,26,0.10743801202625036
20221229,S36N0225,S36N0227,0.9522886107782162,0.9524290739092985,-24,-0.09917354956269264
20221229,S36N0225,S36N0228,0.9480044982345457,0.9486092981862895,-401,-1.657024723943323
20221229,S36N0225,S36N0229,0.9259144353565986,0.9353966725993289,164,0.677685922011733
20221229,S36N0226,S36N0227,0.9532640716422509,0.9551261199468662,-108,-0.4462809730321169
20221229,S36N0226,S36N0228,0.9515077977265449,0.9525911769745093,-392,-1.6198346428573132
20221229,S36N0226,S36N0229,0.9292506644745832,0.940604301210629,178,0.7355371592566371
20221229,S36N0227,S36N0228,0.9617990289270818,0.9621195516216414,-109,-0.45041320426389575
20221229,S36N0227,S36N0229,0.9397414563774599,0.9522527792998017,368,1.5206610932946205
20221229,S36N0228,S36N0229,0.9515043716449707,0.9585636510471787,649,2.68181806942448
20221230,S36N0232,S36N0233,0.9034395746489363,0.9424366430245407,-549,-2.268594946246594
20221230,S36N0232,S36N0234,0.8870974468745487,0.9060436100743007,-763,-3.1528924298472703
20221230,S36N0232,S36N0235,0.8965100105168787,0.9182041635460395,-955,-3.9462808263488114
20221230,S36N0232,S36N0236,0.9427870345159269,0.945045747429008,101,0.41735535440966487
20221230,S36N0232,S36N0237,0.9164348669976233,0.9473067243926839,1747,7.219007961917669
20221230,S36N0232,S36N0238,0.362229917384496,0.9014898106977516,2601,10.747933433856815
20221230,S36N0233,S36N0234,0.9498020524119822,0.9531233225729804,-83,-0.3429751922376454
20221230,S36N0233,S36N0235,0.9487119346949284,0.9546690887032543,-306,-1.2644627569243312
20221230,S36N0233,S36N0236,0.9417574760305227,0.9516076075364331,744,3.074380036443472
20221230,S36N0233,S36N0237,0.9120002092236528,0.9514667183767841,2172,8.975206235423684
20221230,S36N0233,S36N0238,0.37048169032746686,0.9452993783657712,3128,12.925619293004274
20221230,S36N0234,S36N0235,0.3938518161843854,0.3866250907598374,-56,-0.23140494897961617
20221230,S36N0234,S36N0236,0.9302159868482927,0.9509509666702899,1190,4.9173551658168435
20221230,S36N0234,S36N0237,0.8991998921228854,0.9492512975332962,2529,10.450412785168737
20221230,S36N0234,S36N0238,0.3530374821864743,0.9387515336719728,3716,15.355371257290244
20221230,S36N0235,S36N0236,0.9356007673741706,0.9598482559606355,1226,5.0661154901608825
20221230,S36N0235,S36N0237,0.909521003101637,0.9559007446734986,2624,10.842974752187729
20221230,S36N0235,S36N0238,0.34755438321611876,0.9461173536969031,3711,15.33471010113135
20221230,S36N0236,S36N0237,0.9370332679183286,0.9605566462058609,1379,5.698346868623048
20221230,S36N0236,S36N0238,0.3764834016311471,0.8479212339820623,2352,9.719007857143879
20221230,S36N0237,S36N0238,0.35282614692064,0.39621211386667216,864,3.570247784256935
20221231,S36N0240,S36N0241,0.9420280735104765,0.9496146855295681,409,1.6900825737975538
20221231,S36N0240,S36N0242,0.9206783450820533,0.9237174424564163,424,1.7520660422742367
20221231,S36N0240,S36N0243,0.8959391079289089,0.9267616744573208,1070,4.42148741800338
20221231,S36N0240,S36N0244,0.8013831125015638,0.8108928581946303,342,1.4132230812683702
20221231,S36N0240,S36N0245,0.8143781601493093,0.8251896365086863,532,2.1983470153063536
20221231,S36N0240,S36N0246,0.8895682817286571,0.9313164109912234,2912,12.03305734694004
20221231,S36N0241,S36N0242,0.9365750279795505,0.9366020954793043,-13,-0.05371900601312518
20221231,S36N0241,S36N0243,0.8984145657810868,0.9303029298105571,1106,4.570247742347419
20221231,S36N0241,S36N0244,0.7926393079283962,0.8007783578228804,325,1.3429751503281295
20221231,S36N0241,S36N0245,0.8109351111173296,0.8258033721395504,701,2.896694093476981
20221231,S36N0241,S36N0246,0.8786493263973604,0.9222566116846782,2380,9.834710331633687
20221231,S36N0242,S36N0243,0.883010808740785,0.8975520039340593,274,1.1322313575074077
20221231,S36N0242,S36N0244,0.780131358695319,0.7797734935587985,7,0.02892561862245202
20221231,S36N0242,S36N0245,0.792222720463353,0.7991855157644027,298,1.2314049070701003
20221231,S36N0242,S36N0246,0.8623248603116362,0.8981065531871808,1961,8.103305445518345
20221231,S36N0243,S36N0244,0.8077088290588736,0.8474665470475976,483,1.9958676849491894
20221231,S36N0243,S36N0245,0.8336149929863981,0.8799766712810417,709,2.929751943331212
20221231,S36N0243,S36N0246,0.8786905665099461,0.9111031191483193,1479,6.111569991800934
20221231,S36N0244,S36N0245,0.8826898294476329,0.9293101283471873,158,0.6528925346210599
20221231,S36N0244,S36N0246,0.8273587749867458,0.8509163475992907,920,3.8016527332365513
20221231,S36N0245,S36N0246,0.8562601706476267,0.8697008620271974,636,2.628099063411355
20230101,S36N0248,S36N0249,0.9417483305026791,0.9561493575440084,1042,4.305784943513572
20230101,S36N0248,S36N0250,0.9369324104146255,0.9488429144700524,459,1.8966941353864968
20230101,S36N0248,S36N0251,0.9323835652479963,0.9421446713853354,518,2.1404957780614495
20230101,S36N0248,S36N0252,0.920677424129903,0.9460853179354635,1323,5.466941919643432
20230101,S36N0248,S36N0253,0.9354095340672254,0.9396170775058768,880,3.636363483965397
20230101,S36N0248,S36N0254,0.9161073346710146,0.9292903134306634,901,3.723140339832753
20230101,S36N0249,S36N0250,0.9486779236750859,0.9469905645580969,-477,-1.9710742975585163
20230101,S36N0249,S36N0251,0.9364351254997684,0.9383481674472679,-233,-0.9628098770044744
20230101,S36N0249,S36N0252,0.9474653990022874,0.9480723214402207,19,0.07851239340379834
20230101,S36N0249,S36N0253,0.942607846306155,0.9422475035640187,-65,-0.2685950300656259
20230101,S36N0249,S36N0254,0.9316985601051777,0.9318496577639517,-75,-0.3099173423834145
20230101,S36N0250,S36N0251,0.9424874599375438,0.9431645590152976,99,0.40909089194610715
20230101,S36N0250,S36N0252,0.93711554711084,0.9517736872779068,725,2.9958676430396736
20230101,S36N0250,S36N0253,0.9332701916770206,0.9375792012734482,422,1.743801579810679
20230101,S36N0250,S36N0254,0.9257172270194062,0.931981157723363,404,1.6694214176386595
20230101,S36N0251,S36N0252,0.9284539136823644,0.9358153239661277,283,1.1694214385934174
20230101,S36N0251,S36N0253,0.938327364705664,0.942372100191695,206,0.8512396337464452
20230101,S36N0251,S36N0254,0.9267137287389637,0.9327807132536424,495,2.0454544597305357
20230101,S36N0252,S36N0253,0.9388472538334683,0.9400479480397121,-107,-0.44214874180033803
20230101,S36N0252,S36N0254,0.9363019660857372,0.9363655359825201,-3,-0.01239669369533658
20230101,S36N0253,S36N0254,0.9387641249888339,0.9389805268992679,-15,-0.0619834684766829
20230102,S36N0257,S36N0258,0.28199433631460585,0.2847582033364472,208,0.8595040962100029
20230102,S36N0257,S36N0259,0.9202303346301237,0.9195419392321134,122,0.5041322102770209
20230102,S36N0257,S36N0260,0.9116445785878745,0.914831177426976,180,0.7438016217201948
20230102,S36N0257,S36N0261,0.9193206070183507,0.9247955505802039,402,1.6611569551751018
20230102,S36N0257,S36N0262,0.9176902785279918,0.9193179162368511,134,0.5537189850583673
20230102,S36N0257,S36N0263,0.9149604480480784,0.9141840325051198,29,0.11983470572158694
20230102,S36N0258,S36N0259,0.30885897985851857,0.3095168950278424,-37,-0.15289255557581782
20230102,S36N0258,S36N0260,0.42315804360094916,0.41324910468471837,196,0.8099173214286566
20230102,S36N0258,S36N0261,0.9424723959775733,0.9447650911792456,288,1.1900825947523117
20230102,S36N0258,S36N0262,0.9450927571209604,0.9449608164084128,-164,-0.677685922011733
20230102,S36N0258,S36N0263,0.9477972955758756,0.9479031852140806,6,0.02479338739067316
20230102,S36N0259,S36N0260,0.9426142786387876,0.9430886610517817,27,0.11157024325802922
20230102,S36N0259,S36N0261,0.9508954313341283,0.9548175300330761,404,1.6694214176386595
20230102,S36N0259,S36N0262,0.951556364331831,0.9514525271568032,-15,-0.0619834684766829
20230102,S36N0259,S36N0263,0.9528697610601561,0.9538476152464276,-92,-0.38016527332365513
20230102,S36N0260,S36N0261,0.9483075166539151,0.9529224805269787,463,1.9132230603136122
20230102,S36N0260,S36N0262,0.9511035294178145,0.9512647293294816,-36,-0.14876032434403896
20230102,S36N0260,S36N0263,0.9522662238479912,0.9537167586050128,-267,-1.1033057388849556
20230102,S36N0261,S36N0262,0.953445789559439,0.9540456332537026,-451,-1.863636285532266
20230102,S36N0261,S36N0263,0.9472432191361218,0.9560870589869406,-991,-4.09504115069285
20230102,S36N0262,S36N0263,0.9496902205259395,0.9559058272431125,-471,-1.946280910167843
20230103,S36N0265,S36N0267,0.8503076473539785,0.8500342517115707,50,0.206611561588943
20230103,S36N0265,S36N0269,0.8684276492263219,0.8793844031310596,465,1.92148752277717
20230103,S36N0265,S36N0270,0.8494096446111713,0.8562164100538552,294,1.2148759821429849
20230103,S36N0265,S36N0271,0.8662704571099004,0.8739057925108104,-1107,-4.574379973579198
20230103,S36N0267,S36N0269,0.9179686485491,0.9515429246508349,1962,8.107437676750124
20230103,S36N0267,S36N0270,0.9254192589318571,0.9529074698863166,2285,9.442148364614695
20230103,S36N0267,S36N0271,0.9499805479192123,0.9527206569988503,299,1.2355371383018792
20230103,S36N0269,S36N0270,0.9284972390940709,0.9312115354857057,107,0.44214874180033803
20230103,S36N0269,S36N0271,0.9247174643662379,0.9471296434843194,-1651,-6.822313763666898
20230103,S36N0270,S36N0271,0.9311336733275424,0.9560148367004819,-1650,-6.818181532435119
20230104,S36N0273,S36N0274,0.9478899971444781,0.9472248210206545,-639,-2.6404957571066916
20230104,S36N0273,S36N0276,0.9343940109817829,0.9430667453675529,-814,-3.363636222667992
20230104,S36N0273,S36N0277,0.9433860500933853,0.94277285192891,400,1.652892492711544
20230104,S36N0273,S36N0278,0.5064718434539105,0.4530044959585204,-1874,-7.743801328353584
20230104,S36N0273,S36N0279,0.9175536451985687,0.9177542186391175,5,0.0206611561588943
20230104,S36N0274,S36N0276,0.9421445971496459,0.9544621070508681,-1310,-5.413222913630307
20230104,S36N0274,S36N0277,0.9528019344955425,0.953064658333432,-180,-0.7438016217201948
20230104,S36N0274,S36N0278,0.9533523663305576,0.683188577862622,-998,-4.123966769315302
20230104,S36N0274,S36N0279,0.9401429391441809,0.9339996884803625,-1422,-5.876032811589539
20230104,S36N0276,S36N0277,0.9487988290288989,0.9615782400474749,914,3.776859345845878
20230104,S36N0276,S36N0278,0.46297746767834647,0.46656090049301524,69,0.28512395499274135
20230104,S36N0276,S36N0279,0.9300610962146738,0.9322128359452757,204,0.8429751712828875
20230104,S36N0277,S36N0278,0.4573407023874588,0.4546469842510829,-514,-2.123966853134334
20230104,S36N0277,S36N0279,0.9417067757145785,0.9449428645753088,-483,-1.9958676849491894
20230104,S36N0278,S36N0279,0.44254034270952775,0.4345826557487359,-267,-1.1033057388849556
20230105,S36N0283,S36N0284,0.9503790580993278,0.9509042616620816,29,0.11983470572158694
20230105,S36N0283,S36N0285,0.947217988687159,0.9468304266783125,32,0.13223139941692352
20230105,S36N0283,S36N0286,0.9369101410656625,0.9365319300656286,18,0.07438016217201948
20230105,S36N0283,S36N0287,0.9374197670025115,0.9450382054843102,-1420,-5.867768349125981
20230105,S36N0283,S36N0288,0.9148209260036786,0.9362646706008224,-2486,-10.272726842202246
20230105,S36N0283,S36N0289,0.9154020321546263,0.9154020321546263,0,0.0
20230105,S36N0284,S36N0285,0.942603611395622,0.9501355415732795,508,2.099173465743661
20230105,S36N0284,S36N0286,0.9263475617109882,0.9265721502808283,-944,-3.900826282799244
20230105,S36N0284,S36N0287,0.9413880592780812,0.9442254138223672,-1095,-4.524793198797852
20230105,S36N0284,S36N0288,0.9252345679178169,0.9347564011015316,-2306,-9.528925220482051
20230105,S36N0284,S36N0289,0.8991297226389351,0.8884620260698295,-2164,-8.942148385569453
20230105,S36N0285,S36N0286,0.9342603797254151,0.9279979574185008,-1309,-5.409090682398528
20230105,S36N0285,S36N0287,0.9372490201259606,0.9425911312406027,-1399,-5.780991493258625
20230105,S36N0285,S36N0288,0.9196004431388094,0.9339332744348297,-2379,-9.830578100401908
20230105,S36N0285,S36N0289,0.9137133608132757,0.8871058007270587,-2296,-9.487602908164263
20230105,S36N0286,S36N0287,0.9444184699714979,0.9443200644162967,52,0.21487602405250072
20230105,S36N0286,S36N0288,0.9147121462717953,0.9260604734530854,-973,-4.020660988520831
20230105,S36N0286,S36N0289,0.9196891547219176,0.9377292626281858,-607,-2.508264357689768
20230105,S36N0287,S36N0288,0.9408773480340774,0.9498256870979018,-692,-2.859504012390971
20230105,S36N0287,S36N0289,0.910703645259248,0.912001729689014,-699,-2.888429631013423
20230105,S36N0288,S36N0289,0.8941332121797206,0.8940728994335153,50,0.206611561588943
20230106,S36N0292,S36N0293,0.8481289499300897,0.9061099884771645,-13488,-55.735534854233265
20230106,S36N0292,S36N0295,0.8496107806561969,0.9144499471938413,-11871,-49.05371695244685
20230106,S36N0292,S36N0296,0.9006216974083744,0.9007758942037576,-4,-0.01652892492711544
20230106,S36N0292,S36N0297,0.9068834582427984,0.908255989649289,-37,-0.15289255557581782
20230106,S36N0292,S36N0298,0.892526967989447,0.8934176635991126,-2282,-9.429751670919359
20230106,S36N0293,S36N0295,0.9083112536614293,0.9499477150647937,1409,5.822313805576414
20230106,S36N0293,S36N0296,0.8939745245710893,0.9532303783192726,12694,52.45454325620085
20230106,S36N0293,S36N0297,0.8936524947613128,0.953040616539857,13216,54.611567959189415
20230106,S36N0293,S36N0298,0.8834768973815432,0.946063765172982,11187,46.22727078991011
20230106,S36N0295,S36N0296,0.9034691783543394,0.9665636239528181,10912,45.09090720117092
20230106,S36N0295,S36N0297,0.8954975276412248,0.9599399280257548,11545,47.70660957088694
20230106,S36N0295,S36N0298,0.8914426819213039,0.9593467720042543,9632,39.80165122449398
20230106,S36N0296,S36N0297,0.9413466889542751,0.9523606139210796,294,1.2148759821429849
20230106,S36N0296,S36N0298,0.9475922778011241,0.9511524941837876,-351,-1.45041316235438
20230106,S36N0297,S36N0298,0.9277963721451781,0.9391702137931301,-1003,-4.144627925474197
20230107,S36N0300,S36N0301,0.5875621644751835,0.5870857785888663,712,2.9421486370265484
20230107,S36N0300,S36N0302,0.9308448062724979,0.937818953881411,573,2.367768495809287
20230107,S36N0300,S36N0303,0.8899359530095994,0.8900289491902476,-4,-0.01652892492711544
20230107,S36N0300,S36N0304,0.3449709520041004,0.34412121897062037,97,0.40082642948254943
20230107,S36N0300,S36N0305,0.7676267987680607,0.7780439021996356,210,0.8677685586735606
20230107,S36N0301,S36N0302,0.9007546667125719,0.9048248786816367,282,1.1652892073616385
20230107,S36N0301,S36N0303,0.8116803312871673,0.8356571443867369,141,0.5826446036808193
20230107,S36N0301,S36N0304,0.7855059612662467,0.7444078735681753,-586,-2.421487501822412
20230107,S36N0301,S36N0305,0.7447725947135106,0.7452517552288391,6,0.02479338739067316
20230107,S36N0302,S36N0303,0.9506336746917577,0.9520818542062638,-158,-0.6528925346210599
20230107,S36N0302,S36N0304,0.9390421261303782,0.9403307222253636,-176,-0.7272726967930794
20230107,S36N0302,S36N0305,0.81428001674615,0.8254157227314172,-143,-0.590909066144377
20230107,S36N0303,S36N0304,0.8856790001816566,0.9119712726050049,60,0.2479338739067316
20230107,S36N0303,S36N0305,0.7845666612040821,0.7927809858176298,138,0.5702479099854827
20230107,S36N0304,S36N0305,0.7702592070502753,0.8119267191879955,475,1.9628098350949585
20230108,S36N0308,S36N0309,0.917773537223374,0.9326402747582737,-484,-1.9999999161809683
20230108,S36N0308,S36N0310,0.9262630910045989,0.9262817090995326,-1,-0.00413223123177886
20230108,S36N0308,S36N0311,0.9174940448277221,0.9191882829734044,-51,-0.21074379282072186
20230108,S36N0308,S36N0312,0.904940845312425,0.9059722819240266,-884,-3.6528924088925123
20230108,S36N0309,S36N0310,0.9356315088285669,0.9488862919715807,415,1.714875961188227
20230108,S36N0309,S36N0311,0.9241275385763269,0.9235921369912032,-697,-2.8801651685498655
20230108,S36N0309,S36N0312,0.9150746091333554,0.9141221666197408,-159,-0.6570247658528388
20230108,S36N0310,S36N0311,0.9449985692880848,0.9436295904341577,-1019,-4.210743625182658
20230108,S36N0310,S36N0312,0.9224994410826451,0.922673286586632,-891,-3.6818180275149643
20230108,S36N0311,S36N0312,0.9289244259426644,0.9293331771894653,52,0.21487602405250072
20230109,S36N0316,S36N0321,0.8405154982972207,0.8580515713702809,1796,7.421487292274833
20230109,S36N0316,S36N0322,0.839480233656797,0.8755570013954939,-2482,-10.25619791727513
20230109,S36N0321,S36N0322,0.9048600300173806,0.9206174482116816,-5261,-21.739668510388583
20230110,S36N0325,S36N0326,0.7784094695307165,0.9069469436989556,-10326,-42.66941969934851
20230110,S36N0325,S36N0327,0.7854573433852983,0.9015029044639126,-10038,-41.4793371045962
20230110,S36N0325,S36N0328,0.8237072909449416,0.8871744724225432,-7210,-29.79338718112558
20230110,S36N0326,S36N0327,0.9501649116511707,0.9549608073198572,413,1.7066114987246692
20230110,S36N0326,S36N0328,0.90594845430002,0.9485947218732158,3091,12.772726737428457
20230110,S36N0327,S36N0328,0.9143282140510104,0.9548224485374389,3042,12.570247407071292
20230111,S36N0334,S36N0335,0.6228667213226406,0.6325586094965869,-300,-1.239669369533658
20230111,S36N0334,S36N0336,0.618205879919494,0.6467090228793534,-1202,-4.96694194059819
20230111,S36N0334,S36N0337,0.3821201758648653,0.38809307349178085,-1114,-4.60330559220165
20230111,S36N0334,S36N0338,0.5175209105493955,0.5270833319464017,-870,-3.5950411716476083
20230111,S36N0334,S36N0339,0.48297944075208293,0.501661849104941,-1683,-6.9545451630838215
20230111,S36N0334,S36N0340,0.7687799592423343,0.5093253479547597,-4210,-17.396693485789
20230111,S36N0335,S36N0336,0.9425606124355099,0.9535669678292259,-537,-2.219008171465248
20230111,S36N0335,S36N0337,0.9368237702686643,0.9386556609458238,-784,-3.2396692857146263
20230111,S36N0335,S36N0338,0.8994853275307639,0.7910255182797015,-1187,-4.904958472121507
20230111,S36N0335,S36N0339,0.910505677972204,0.7232261808998658,-1864,-7.702479016035795
20230111,S36N0335,S36N0340,0.7409388027878766,0.7724543562750272,-2831,-11.698346617165953
20230111,S36N0336,S36N0337,0.9533975452712602,0.9602780620769901,-384,-1.5867767930030823
20230111,S36N0336,S36N0338,0.9214538037314723,0.912475189554888,-1251,-5.169421270955354
20230111,S36N0336,S36N0339,0.9196914856560113,0.9021871741074166,-2172,-8.975206235423684
20230111,S36N0336,S36N0340,0.7532343412658966,0.7778129545258184,-2883,-11.913222641218454
20230111,S36N0337,S36N0338,0.5699845187304542,0.8186671453060489,-613,-2.5330577450804412
20230111,S36N0337,S36N0339,0.7049164862584253,0.7814134929107079,-1366,-5.644627862609923
20230111,S36N0337,S36N0340,0.7565810043258921,0.7846528760880683,-2313,-9.557850839104503
20230111,S36N0338,S36N0339,0.8355110856518766,0.909194812181342,-783,-3.2355370544828475
20230111,S36N0338,S36N0340,0.7790581922800444,0.7926421009932183,-1625,-6.714875751640648
20230111,S36N0339,S36N0340,0.7877603103880748,0.7940398698217973,-707,-2.921487480867654
20230113,S36N0351,S36N0353,0.7677667341874475,0.7707848757980311,-148,-0.6115702223032713
20230113,S36N0351,S36N0354,0.6840828764369986,0.6840597040943167,1,0.00413223123177886
20230113,S36N0351,S36N0356,0.6526664169138774,0.640734165322078,352,1.4545453935861588
20230113,S36N0351,S36N0357,0.5761869577731683,0.5622639725061953,354,1.4628098560497165
20230113,S36N0351,S36N0358,0.9246634474850449,0.9288565512519339,593,2.450413120444864
20230113,S36N0351,S36N0359,0.6546236438173019,0.6587515062105445,139,0.5743801412172616
20230113,S36N0353,S36N0354,0.9130366528585011,0.9137989374673732,-36,-0.14876032434403896
20230113,S36N0353,S36N0356,0.8688181897723312,0.868849952048578,-1,-0.00413223123177886
20230113,S36N0353,S36N0357,0.6241678101700079,0.6158659051455362,646,2.6694213757291436
20230113,S36N0353,S36N0358,0.9356032217991104,0.9533665574681187,1071,4.425619649235159
20230113,S36N0353,S36N0359,0.8720254223152684,0.8775967539455045,338,1.3966941563412547
20230113,S36N0354,S36N0356,0.9164703067701357,0.9338785183008679,443,1.830578435678035
20230113,S36N0354,S36N0357,0.7161994982881716,0.7552040512058426,824,3.4049585349857807
20230113,S36N0354,S36N0358,0.8926250426258467,0.9149709955462442,1212,5.008264252915978
20230113,S36N0354,S36N0359,0.8573888547872536,0.9333079512576833,1221,5.045454334001988
20230113,S36N0356,S36N0357,0.7641145315636593,0.7641145315636593,0,0.0
20230113,S36N0356,S36N0358,0.8785646969823222,0.8836401885185059,248,1.0247933454811573
20230113,S36N0356,S36N0359,0.8598501661261448,0.9232319472184088,1195,4.938016321975738
20230113,S36N0357,S36N0358,0.6324310020571778,0.633356334799005,243,1.004132189322263
20230113,S36N0357,S36N0359,0.7012618856002211,0.71385842580738,56,0.23140494897961617
20230113,S36N0358,S36N0359,0.894767061969783,0.8957498096294277,-184,-0.7603305466473103
20230115,S36N0372,S36N0373,0.806568625129759,0.8126424919401395,252,1.0413222704082727
20230115,S36N0372,S36N0374,0.7538915315505696,0.7764655018081554,822,3.396694072522223
20230115,S36N0372,S36N0375,0.7724737470138787,0.8059694386903009,1371,5.665289018768817
20230115,S36N0372,S36N0376,0.7417432221062072,0.7746196282392133,1344,5.553718775510788
20230115,S36N0372,S36N0378,0.7846354287998395,0.7853212808163477,-58,-0.23966941144317389
20230115,S36N0373,S36N0374,0.8992473068042736,0.9076878067444882,336,1.388429693877697
20230115,S36N0373,S36N0375,0.9210478315675203,0.9361359960021506,972,4.016528757289052
20230115,S36N0373,S36N0376,0.8817448618186637,0.908063367451642,893,3.690082489978522
20230115,S36N0373,S36N0378,0.921727361585214,0.9239938967615908,-723,-2.987603180576116
20230115,S36N0374,S36N0375,0.9421536765270668,0.9457053257068191,320,1.3223139941692352
20230115,S36N0374,S36N0376,0.9418968741232004,0.9459176804963599,391,1.6157024116255343
20230115,S36N0374,S36N0378,0.9024822295021093,0.925555393607083,-1393,-5.756198105867952
20230115,S36N0375,S36N0376,0.9450295544658764,0.9459694577492629,-60,-0.2479338739067316
20230115,S36N0375,S36N0378,0.9225101662455387,0.9485242548096121,-1748,-7.223140193149447
20230115,S36N0376,S36N0378,0.8984992916330393,0.9302490249701104,-1830,-7.561983154155314
20230123,S36N0445,S36N0451,0.876794072033294,0.8769519520735972,-11,-0.04545454354956746
20230124,S36N0454,S36N0459,0.9061386250324425,0.913703441388687,945,3.904958514031023
20230125,S36N0463,S36N0465,0.8471461352568838,0.8927764936273466,2970,12.272726758383214
20230126,S36N0476,S36N0477,0.782272163229683,0.8620123838102988,2016,8.330578163266182
20230129,S36N0498,S36N0500,0.9092328417642372,0.910536200183702,108,0.4462809730321169
20230129,S36N0498,S36N0501,0.9250190720578823,0.9265120721188989,169,0.6983470781706274
20230129,S36N0500,S36N0501,0.8836503342056078,0.8809647694661442,191,0.7892561652697623
20230130,S36N0503,S36N0504,0.8766743753957923,0.9025907422842878,-320,-1.3223139941692352
20230130,S36N0503,S36N0505,0.8382015883321103,0.858565583480754,-1655,-6.8388426885940135
20230130,S36N0503,S36N0506,0.8259130039120596,0.9041321943910381,550,2.272727177478373
20230130,S36N0503,S36N0507,0.8936550286193538,0.8766313352115274,236,0.975206570699811
20230130,S36N0503,S36N0508,0.8529722542009325,0.8529751325829742,1,0.00413223123177886
20230130,S36N0504,S36N0505,0.9121504667750904,0.9138956572840994,-1029,-4.252065937500447
20230130,S36N0504,S36N0506,0.7872777087101148,0.833509636940212,448,1.8512395918369293
20230130,S36N0504,S36N0507,0.907459374691597,0.9115516084793504,694,2.867768474854529
20230130,S36N0504,S36N0508,0.9069717844388645,0.9136024059653705,506,2.090909003280103
20230130,S36N0505,S36N0506,0.7688905628792445,0.8886950171919253,1621,6.698346826713532
20230130,S36N0505,S36N0507,0.8938498862526811,0.911389405572313,1072,4.429751880466938
20230130,S36N0505,S36N0508,0.9014422509404916,0.9137239711146468,876,3.6198345590382814
20230130,S36N0506,S36N0507,0.8178359585757935,0.8684732274108071,-258,-1.066115657798946
20230130,S36N0506,S36N0508,0.8215522345237992,0.8328152889311328,-484,-1.9999999161809683
20230130,S36N0507,S36N0508,0.9099909653336804,0.9117818761574992,-342,-1.4132230812683702
20230201,S36N0524,S36N0526,0.9170620823176278,0.9209386241868699,-238,-0.9834710331633687
20230203,S36N0544,S36N0545,0.8957332564895428,0.9237118113954192,1011,4.1776857753284276
20230203,S36N0544,S36N0546,0.8958086415811982,0.903951286304219,298,1.2314049070701003
20230203,S36N0545,S36N0546,0.8977028873179204,0.8967953594404884,-381,-1.5743800993077457
20230204,S36N0549,S36N0553,0.8735491712298132,0.8686878096684723,841,3.4752064659260213
20230204,S36N0549,S36N0554,0.8589169505365131,0.8579229536941592,1289,5.326446057762951
20230204,S36N0549,S36N0555,0.7166224084405887,0.732434444892004,1790,7.39669390488416
20230204,S36N0553,S36N0554,0.6740956073052757,0.6713123467451618,121,0.49999997904524207
20230204,S36N0553,S36N0555,0.4140301562418487,0.41985106199640027,1337,5.524793156888336
20230204,S36N0554,S36N0555,0.7728471124991212,0.771804389720805,186,0.768595009110868
20230205,S36N0560,S36N0564,0.8805260934368119,0.8877124840922204,-2248,-9.289255809038877
20230206,S36N0571,S36N0572,0.8571315899106035,0.9319951880197377,5477,22.632230456452817
20230206,S36N0571,S36N0573,0.8554041307638589,0.9275171600315474,5039,20.822313176933676
20230206,S36N0572,S36N0573,0.9255493893600227,0.9279433071206196,-185,-0.7644627778790891
20230208,S36N0587,S36N0590,0.9095120800213968,0.9136254387020185,1201,4.962809709366411
20230209,S36N0597,S36N0598,0.8615073098531439,0.9495470219490503,-10396,-42.95867588557303
20230210,S36N0603,S36N0604,0.9295677684466048,0.9301156712500808,289,1.1942148259840906
20230210,S36N0603,S36N0605,0.690543130149758,0.6904040111871748,-20,-0.0826446246355772
20230210,S36N0604,S36N0605,0.7158345669499389,0.7889092257411616,1330,5.495867538265884
20230211,S36N0609,S36N0611,0.8735229993628219,0.9099700637100606,360,1.4876032434403896
20230211,S36N0609,S36N0613,0.9038458670596953,0.9267387655584468,-2356,-9.735536782070994
20230211,S36N0609,S36N0614,0.9033659028313672,0.9225567690273513,-2005,-8.285123619716614
20230211,S36N0609,S36N0616,0.9165994352113043,0.9211952169881342,-874,-3.6115700965747237
20230211,S36N0611,S36N0613,0.8499270207720682,0.877660031951687,-2409,-9.954545037355274
20230211,S36N0611,S36N0614,0.8597279163037109,0.9313473906032143,-2258,-9.330578121356666
20230211,S36N0611,S36N0616,0.8737976640023002,0.889859262398443,-736,-3.041322186589241
20230211,S36N0613,S36N0614,0.9404167697521894,0.9450378688214838,376,1.5537189431488514
20230211,S36N0613,S36N0616,0.9279890244251953,0.9455594188606947,1301,5.376032832544297
20230211,S36N0614,S36N0616,0.9306710796766554,0.9402802562076127,988,4.082644456997514
20230212,S36N0619,S36N0620,0.8667375109297975,0.9201332961570533,-3826,-15.809916692785919
20230212,S36N0619,S36N0621,0.8627417407033787,0.9189179811782376,3535,14.60743740433827
20230212,S36N0619,S36N0622,0.8911950992256358,0.9146343857533268,2032,8.396693862974644
20230212,S36N0620,S36N0621,0.8517793147762045,0.9279459961455251,7417,30.648759046103805
20230212,S36N0620,S36N0622,0.8635961698961211,0.9278429750341868,6031,24.921486558858305
20230212,S36N0621,S36N0622,0.9047397790385716,0.9321072616341486,-1193,-4.92975185951218
20230213,S36N0627,S36N0629,0.8593875030660443,0.8930035749212704,1911,7.896693883929402
20230213,S36N0627,S36N0630,0.759530829761836,0.876595935026268,6609,27.309916210826486
20230213,S36N0627,S36N0632,0.7643031417863256,0.7707892787518328,1171,4.838842772413045
20230213,S36N0629,S36N0630,0.8140405553472448,0.9079914862280563,4794,19.809916525147855
20230213,S36N0629,S36N0632,0.7977053573683787,0.850034111791417,-24159,-99.83057432854548
20230213,S36N0630,S36N0632,0.7471337817298458,0.7469482148652254,398,1.6446280302479863
20230214,S36N0636,S36N0637,0.9183977078705216,0.9214048641303815,138,0.5702479099854827
20230214,S36N0636,S36N0638,0.9090268775692288,0.9210667606616576,1224,5.057851027697325
20230214,S36N0636,S36N0641,0.7918137798355517,0.7915408509817757,-4,-0.01652892492711544
20230214,S36N0637,S36N0638,0.9287914659949181,0.931943713699864,971,4.012396526057273
20230214,S36N0637,S36N0641,0.7973059353429325,0.9168217423524458,8244,34.06611427478492
20230214,S36N0638,S36N0641,0.8178090121012763,0.9120254334833857,7960,32.892560604959726
20230215,S36N0644,S36N0645,0.9057931029374726,0.9080918542915843,-889,-3.6735535650514066
20230215,S36N0644,S36N0646,0.8920471452255491,0.9246813371796962,-2329,-9.623966538812965
20230215,S36N0644,S36N0647,0.8557599597534286,0.9147438354059347,4363,18.028924864251167
20230215,S36N0644,S36N0648,0.8537818247380926,0.9129777030760459,4854,20.057850399054587
20230215,S36N0644,S36N0649,0.8258861265465292,0.9084536284292235,4768,19.702478513121605
20230215,S36N0644,S36N0650,0.8122439757309713,0.9037647051894896,4605,19.02892482234165
20230215,S36N0645,S36N0646,0.8845977455185557,0.9146100211459927,-1383,-5.7148757935501635
20230215,S36N0645,S36N0647,0.8855892047435964,0.8847852429934269,5478,22.636362687684596
20230215,S36N0645,S36N0648,0.8713031417847379,0.904675429655913,5797,23.954544450622052
20230215,S36N0645,S36N0649,0.85778867492292,0.9196452311534542,5586,23.082643660716712
20230215,S36N0645,S36N0650,0.8516815645292509,0.9090684331226317,5590,23.099172585643828
20230215,S36N0646,S36N0647,0.8411326123036325,0.9119551973207924,7030,29.049585559405386
20230215,S36N0646,S36N0648,0.8507083627610157,0.9172596430827228,7556,31.223139187321067
20230215,S36N0646,S36N0649,0.8185025634213053,0.9185295967080453,7461,30.830577220302075
20230215,S36N0646,S36N0650,0.8089149916749228,0.9174052750068445,7378,30.48760202806443
20230215,S36N0647,S36N0648,0.9035440222387647,0.9103247331046999,253,1.0454545016400516
20230215,S36N0647,S36N0649,0.9035144066491045,0.9085415809347558,185,0.7644627778790891
20230215,S36N0647,S36N0650,0.9011650885702364,0.908174971083366,510,2.1074379282072186
20230215,S36N0648,S36N0649,0.9136197348442237,0.9169243329331401,76,0.31404957361519337
20230215,S36N0648,S36N0650,0.9144570394478942,0.9162190400106069,-222,-0.9173553334549069
20230215,S36N0649,S36N0650,0.9298821505630707,0.9297551977217671,-27,-0.11157024325802922
20230216,S36N0652,S36N0654,0.902556349246032,0.9092748188051294,422,1.743801579810679
20230216,S36N0652,S36N0655,0.903395998546308,0.9058740681784084,-270,-1.1157024325802922
20230216,S36N0652,S36N0656,0.840456090389816,0.8863741277393457,5237,21.64049496082589
20230216,S36N0654,S36N0655,0.9039180773043695,0.9099853239258711,-557,-2.301652796100825
20230216,S36N0654,S36N0656,0.8821802798466943,0.9148253542416046,4216,17.421486873179674
20230216,S36N0655,S36N0656,0.8629538362888822,0.9107227320880766,4990,20.619833846576512
20230217,S36N0663,S36N0664,0.9067937909550896,0.9128680689144391,361,1.4917354746721685
20230217,S36N0663,S36N0665,0.8690222938602029,0.9078003288793504,2675,11.05371854500845
20230217,S36N0663,S36N0667,0.8598321729271095,0.9010721948938593,3412,14.09917296282947
20230217,S36N0663,S36N0668,0.8621118160201686,0.8863609859208099,2202,9.09917317237705
20230217,S36N0664,S36N0665,0.9139988721458933,0.9216079589974497,1848,7.6363633163273335
20230217,S36N0664,S36N0667,0.8793377909654561,0.9112809984316915,2703,11.169421019498259
20230217,S36N0664,S36N0668,0.8798453877438145,0.8936407173354849,1686,6.966941856779158
20230217,S36N0665,S36N0667,0.8834630088856044,0.8984083077442732,617,2.5495866700075567
20230217,S36N0665,S36N0668,0.8898688169988118,0.8965947372908867,-616,-2.545454438775778
20230217,S36N0667,S36N0668,0.885413844214582,0.8935472791325912,-566,-2.338842877186835
20230218,S36N0671,S36N0672,0.8937391566536665,0.8855746933900588,-1882,-7.776859178207815
20230218,S36N0671,S36N0673,0.8549572184051942,0.8571998647319519,-83,-0.3429751922376454
20230218,S36N0671,S36N0674,0.8731493663395089,0.8745293332611477,167,0.6900826157070696
20230218,S36N0672,S36N0673,0.8750311637770389,0.8855779636421872,1312,5.421487376093864
20230218,S36N0672,S36N0674,0.8592336993658103,0.8727868076525104,1960,8.099173214286566
20230218,S36N0673,S36N0674,0.8780388134993923,0.8981764341301463,853,3.5247932407073677
20230219,S36N0682,S36N0683,0.8662224799872427,0.8767209224113887,500,2.06611561588943
20230220,S36N0688,S36N0690,0.883230894476772,0.8907562979038427,454,1.8760329792276025
20230220,S36N0688,S36N0691,0.8554452824851689,0.859819858540785,265,1.095041276421398
20230220,S36N0688,S36N0692,0.8703640523304276,0.8729584351306141,62,0.2561983363702893
20230220,S36N0688,S36N0693,0.8779819573095811,0.8889966645880962,534,2.2066114777699113
20230220,S36N0690,S36N0691,0.917240605184536,0.9177184414143165,-349,-1.4421486998908222
20230220,S36N0690,S36N0692,0.9163145560088363,0.9191200724644265,-161,-0.6652892283163965
20230220,S36N0690,S36N0693,0.902232022933826,0.9016539421777732,679,2.805785006377846
20230220,S36N0691,S36N0692,0.9247835477342271,0.9247826834953939,2,0.00826446246355772
20230220,S36N0691,S36N0693,0.8893279758988439,0.8995235263682998,1107,4.574379973579198
20230220,S36N0692,S36N0693,0.9025371704965109,0.9067775174788723,1004,4.1487601567059755
20230221,S36N0698,S36N0700,0.903902688272465,0.9267778488642444,2956,12.21487552113831
20230221,S36N0698,S36N0701,0.886083628856958,0.9152265662207376,2894,11.958677184768021
20230221,S36N0698,S36N0702,0.8931997949314612,0.8941142443039175,34,0.14049586188048124
20230221,S36N0700,S36N0701,0.9364789240601105,0.9370887363009941,111,0.45867766672745347
20230221,S36N0700,S36N0702,0.9330015284624308,0.9373198208702543,-370,-1.5289255557581782
20230221,S36N0701,S36N0702,0.9296404998867879,0.9337949816352658,-706,-2.9173552496358752
20230222,S36N0706,S36N0707,0.8817632469635142,0.8819037541557381,-14,-0.05785123724490404
20230222,S36N0706,S36N0708,0.8681367273117703,0.8713303335357586,-213,-0.8801652523688972
20230222,S36N0707,S36N0708,0.9229928273776342,0.9245954587446028,-199,-0.8223140151239932
20230224,S36N0733,S36N0734,0.49568397271439224,0.4549184916549973,925,3.8223138893954456
20230224,S36N0733,S36N0735,0.47569580327624766,0.43921437168289823,2102,8.685950049199164
20230224,S36N0734,S36N0735,0.8299881406014443,0.8302311737487236,203,0.8388429400511086
20230225,S36N0749,S36N0750,0.8256231123226964,0.8381182726870344,1311,5.417355144862086
20230225,S36N0749,S36N0751,0.8532751623598723,0.8646210061960246,836,3.454545309767127
20230225,S36N0749,S36N0752,0.8496800001992503,0.8637869156711759,1245,5.144627883564681
20230225,S36N0749,S36N0753,0.8117084449358964,0.8796878094545955,2152,8.892561610788107
20230225,S36N0750,S36N0751,0.803169647467927,0.8475747039355114,2873,11.871900328900665
20230225,S36N0750,S36N0752,0.804748972415769,0.8193104632824463,1334,5.512396463192999
20230225,S36N0750,S36N0753,0.7508286636480872,0.8152290645527491,1652,6.826445994898677
20230225,S36N0751,S36N0752,0.8613666174189578,0.8745977903421759,541,2.2355370963923633
20230225,S36N0751,S36N0753,0.802112635512821,0.8835035700895777,1860,7.68595009110868
20230225,S36N0752,S36N0753,0.8470906182426043,0.8464635711910089,-148,-0.6115702223032713
20230226,S36N0762,S36N0763,0.7649787683680986,0.9177268139769191,-16951,-70.04545160988346
20230227,S36N0772,S36N0773,0.8746689625067917,0.8848226065710645,-613,-2.5330577450804412
20230301,S36N0786,S36N0788,0.906517155084064,0.9136539548411918,759,3.136363504920155
20230301,S36N0786,S36N0789,0.8944524710607,0.9061320034790977,2396,9.900826031342149
20230301,S36N0788,S36N0789,0.9125537800155318,0.9168234254823222,326,1.3471073815599084
20230302,S36N0792,S36N0793,0.8759578919317412,0.8831819093527846,252,1.0413222704082727
20230302,S36N0792,S36N0794,0.5845023872329626,0.5845023872329626,0,0.0
20230302,S36N0792,S36N0795,0.8307808195174888,0.8415243936371795,1125,4.648760135751218
20230302,S36N0792,S36N0796,0.8014029682362683,0.8053225717388808,1242,5.132231189869344
20230302,S36N0793,S36N0794,0.6478989353807354,0.6332030699435881,-534,-2.2066114777699113
20230302,S36N0793,S36N0795,0.8457704588100828,0.8574783923040784,902,3.727272571064532
20230302,S36N0793,S36N0796,0.8027546096595406,0.8165375157654885,1717,7.095041024964303
20230302,S36N0794,S36N0795,0.8721296795733509,0.9033481803156916,1809,7.475206298287958
20230302,S36N0794,S36N0796,0.8729945161167495,0.9072443177868181,2405,9.938016112428159
20230302,S36N0795,S36N0796,0.8767744007545069,0.8860877898680095,726,2.9999998742714524
20230303,S36N0800,S36N0801,0.873186213301639,0.8909466596259717,735,3.037189955357462
20230303,S36N0800,S36N0802,0.8680389592492965,0.8731738816414071,850,3.512396547012031
20230303,S36N0800,S36N0803,0.8320752972665062,0.8380475746619024,897,3.7066114149056375
20230303,S36N0800,S36N0804,0.8310381492426151,0.8521495711971729,1688,6.975206319242716
20230303,S36N0801,S36N0802,0.8919968021993581,0.8950341753253541,105,0.4338842793367803
20230303,S36N0801,S36N0803,0.8627143884327706,0.8733961865533563,746,3.0826444989070296
20230303,S36N0801,S36N0804,0.8631222119906259,0.8811909942428888,1981,8.185950070153922
20230303,S36N0802,S36N0803,0.8915648064752184,0.8964247627102686,1049,4.334710562136024
20230303,S36N0802,S36N0804,0.877086033700834,0.9068042938019343,1821,7.524793073069304
20230303,S36N0803,S36N0804,0.8863894226716613,0.9020152530308061,948,3.9173552077263594
20230305,S36N0816,S36N0818,0.8860078512124736,0.9050691655433111,1876,7.7520657908171415
20230305,S36N0816,S36N0819,0.8730159900022241,0.8759288218551303,234,0.9669421082362533
20230305,S36N0818,S36N0819,0.9035880944285124,0.9049672661105815,83,0.3429751922376454
20230309,S36N0847,S36N0848,0.9004688051715145,0.9042126809100172,-298,-1.2314049070701003
20230309,S36N0847,S36N0849,0.8442921233164296,0.8483119099360523,-203,-0.8388429400511086
20230309,S36N0848,S36N0849,0.8484698939342162,0.8474855445732444,-273,-1.1280991262756288
20230310,S36N0852,S36N0853,0.7300611159941416,0.744860770355219,600,2.479338739067316
20230310,S36N0852,S36N0854,0.8433681636552677,0.87721953241882,1596,6.595041045919061
20230310,S36N0852,S36N0856,0.8404471886783296,0.8569173215930723,1167,4.82231384748593
20230310,S36N0852,S36N0857,0.7900658914477837,0.8152511165524032,1049,4.334710562136024
20230310,S36N0852,S36N0858,0.8258570088901899,0.8371357605936384,1106,4.570247742347419
20230310,S36N0853,S36N0854,0.7401768295545205,0.7415506041703179,-128,-0.5289255976676941
20230310,S36N0853,S36N0856,0.738498309959557,0.757839404489959,-1004,-4.1487601567059755
20230310,S36N0853,S36N0857,0.7159030821700593,0.7167506262527318,-28,-0.11570247448980808
20230310,S36N0853,S36N0858,0.7299553142843256,0.7329686535460717,-1001,-4.136363463010639
20230310,S36N0854,S36N0856,0.8573597758501608,0.872536892085526,-977,-4.037189913447946
20230310,S36N0854,S36N0857,0.8260129493501088,0.8402668713935275,-684,-2.8264461625367403
20230310,S36N0854,S36N0858,0.8408845553551666,0.8460675330304462,-610,-2.5206610513851047
20230310,S36N0856,S36N0857,0.8435023883077433,0.8461150529583736,111,0.45867766672745347
20230310,S36N0856,S36N0858,0.8605887609562471,0.8611372562352001,85,0.3512396547012031
20230310,S36N0857,S36N0858,0.85679600305444,0.8567314326129107,-120,-0.4958677478134632
20230312,S36N0869,S36N0870,0.9083587801514641,0.9083610539345189,-44,-0.18181817419826984
20230312,S36N0869,S36N0871,0.8700333569630043,0.8700963733140157,1,0.00413223123177886
20230312,S36N0869,S36N0872,0.8813177082679603,0.8937778359182182,-866,-3.578512246720493
20230312,S36N0869,S36N0873,0.8778873347498332,0.8918074216052337,-1133,-4.6818179856054485
20230312,S36N0869,S36N0874,0.8778417835924275,0.8871957676445102,-635,-2.623966832179576
20230312,S36N0870,S36N0871,0.8668011826251544,0.8739064454550464,-133,-0.5495867538265884
20230312,S36N0870,S36N0872,0.8850896143003596,0.900691417677455,-1168,-4.826446078717709
20230312,S36N0870,S36N0873,0.8800985759613599,0.8947640767431705,-1013,-4.185950237791985
20230312,S36N0870,S36N0874,0.8746591290734154,0.8969770421652511,-1071,-4.425619649235159
20230312,S36N0871,S36N0872,0.8867071958027835,0.8890309059742567,-234,-0.9669421082362533
20230312,S36N0871,S36N0873,0.8750304437368602,0.8752279304991955,19,0.07851239340379834
20230312,S36N0871,S36N0874,0.8669874920410581,0.8709673721121832,-292,-1.2066115196794271
20230312,S36N0872,S36N0873,0.8948174868873379,0.8949368660696196,-8,-0.03305784985423088
20230312,S36N0872,S36N0874,0.8876086683640082,0.8897971968565694,-228,-0.9421487208455801
20230312,S36N0873,S36N0874,0.8948267607178216,0.8959865293602806,-116,-0.47933882288634777
20230313,S36N0880,S36N0883,0.7880152635009557,0.8318261666652027,-22118,-91.39669038448483
20230314,S36N0887,S36N0888,0.8896743941356725,0.8916321394043626,-240,-0.9917354956269264
20230317,S36N0916,S36N0917,0.9089226971048024,0.861116504074984,-484,-1.9999999161809683
20230317,S36N0916,S36N0919,0.8715715845449239,0.8742793636950728,146,0.6033057598397136
20230317,S36N0916,S36N0921,0.7654097188591189,0.8890364709987837,3236,13.371900266036391
20230317,S36N0917,S36N0919,0.9151305836538883,0.9228744839166367,885,3.657024640124291
20230317,S36N0917,S36N0921,0.8007201752444333,0.9112107067460393,3692,15.256197707727551
20230317,S36N0919,S36N0921,0.8494305917624886,0.9245889070915331,2891,11.946280491072685
20230318,S36N0926,S36N0927,0.8917505009338457,0.9036461912243081,189,0.7809917028062046
20230318,S36N0926,S36N0929,0.858125982640861,0.8682115179788334,189,0.7809917028062046
20230318,S36N0927,S36N0929,0.904474826915436,0.9080108345406023,-62,-0.2561983363702893
20230321,S36N0954,S36N0956,0.49074817960810185,0.5358992494570478,-15206,-62.83470811042935
20230322,S36N0961,S36N0969,0.7108675981248268,0.7301069763479888,149,0.6157024535350502
20230323,S36N0977,S36N0979,0.7978680823574654,0.8261982191996924,-110,-0.4545454354956746
20230324,S36N0983,S36N0984,0.5453161188201195,0.5750019914236124,-207,-0.855371864978224
20230324,S36N0983,S36N0986,0.8299972834950917,0.8346701952195923,204,0.8429751712828875
20230324,S36N0983,S36N0988,0.7257369801777511,0.7693213023588299,685,2.830578393768519
20230324,S36N0984,S36N0986,0.8215358808802872,0.8411685032384343,506,2.090909003280103
20230324,S36N0984,S36N0988,0.6837463843690689,0.7290679920079213,977,4.037189913447946
20230324,S36N0986,S36N0988,0.7667828411274448,0.8041775260751226,505,2.0867767720483243
20230325,S36N0993,S36N0997,0.6573871415019606,0.8077711510361084,-6095,-25.185949357692152
20230401,S36N1067,S36N1069,0.5457650817767278,0.6851773122772408,795,3.2851238292641938
20230405,S36N1106,S36N1108,0.6739289072587845,0.8026505476338709,-1807,-7.4669418358244
20230405,S36N1106,S36N1110,0.7743089576972212,0.8312580181158233,-447,-1.8471073606051505
20230405,S36N1106,S36N1111,0.7577961296932463,0.8149420792036218,-1425,-5.888429505284876
20230405,S36N1108,S36N1110,0.6483675719322294,0.7828557219874126,821,3.392561841290444
20230405,S36N1108,S36N1111,0.7770793971747595,0.6050932462894554,587,2.425619733054191
20230405,S36N1110,S36N1111,0.8234974866918586,0.8226824340347599,-614,-2.53718997631222
20230406,S36N1125,S36N1126,0.4304150961972889,0.738337851546355,10964,45.30578322522342
20230406,S36N1125,S36N1127,0.43751403590137833,0.48349132336543654,3483,14.39256138028577
20230406,S36N1126,S36N1127,0.32621326226459935,0.8025182750678919,-7359,-30.40908963466063
20230407,S36N1134,S36N1136,0.6371920140596615,0.7299158824879656,1188,4.909090703353286
20230416,S36N1213,S36N1216,0.5796697400963212,0.7546738133639714,729,3.012396567966789
20230417,S36N1224,S36N1225,0.5143711377287893,0.5626039647660445,23475,97.00412816600874
20230418,S36N1233,S36N1234,0.7664436825394602,0.7960234239420164,-901,-3.723140339832753
20230418,S36N1233,S36N1235,0.7957108521666985,0.8188459566257779,-1293,-5.342974982690066
20230418,S36N1234,S36N1235,0.7921050159592902,0.8511868948445785,-821,-3.392561841290444
20230419,S36N1237,S36N1242,0.7676028257993989,0.8223159088398254,342,1.4132230812683702
20230420,S36N1251,S36N1255,0.7186406682583326,0.7355821032536599,-544,-2.2479337900877
20230422,S36N1267,S36N1268,0.7334512659296001,0.7478497385707279,-1269,-5.2438014331273735
20230422,S36N1267,S36N1270,0.6460329142346772,0.739136363375401,-2987,-12.342974689323455
20230422,S36N1267,S36N1272,0.7376987520949533,0.7516311983435903,-2213,-9.144627715926617
20230422,S36N1268,S36N1270,0.7127825182316234,0.7349236487842514,-1563,-6.458677415270358
20230422,S36N1268,S36N1272,0.8114454756249451,0.8346877200239653,-748,-3.0909089613705873
20230422,S36N1270,S36N1272,0.7773238497675947,0.7967378546161591,-504,-2.0826445408165455
20230423,S36N1275,S36N1278,0.7525068802621057,0.7841558548881795,-1176,-4.8595039285719395
20230424,S36N1285,S36N1287,0.884667095930576,0.8847171727320942,-11,-0.04545454354956746
20230428,S36N1319,S36N1320,0.8550057916771895,0.8648352447745166,419,1.7314048861153424
20230428,S36N1319,S36N1323,0.8166105175798206,0.8189881024041975,-3061,-12.64875980047509
20230428,S36N1320,S36N1323,0.8455957494434551,0.900024890731623,1949,8.053718670736998
20230429,S36N1326,S36N1329,0.7208836418879547,0.8207121423531354,3499,14.458677079994231
20230501,S36N1340,S36N1343,0.5077374163307339,0.7377881128852254,-24200,-99.99999580904841
20230503,S36N1354,S36N1355,0.284468326090447,0.46285417049593724,21498,88.83470702078193
20230503,S36N1354,S36N1357,0.36720631889589733,0.39464176657713695,23855,98.57437603408471
20230503,S36N1355,S36N1357,0.8369813819978933,0.8937108545040295,6349,26.235536090563983
20230505,S36N1377,S36N1381,0.5044490989631202,0.733112529688244,-24200,-99.99999580904841
20230512,S36N1407,S36N1408,0.8566144195210506,0.8624773526427933,-107,-0.44214874180033803
20231120,S36N1439,S36N1440,0.8649674552318076,0.8798596464244288,-289,-1.1942148259840906
20231120,S36N1439,S36N1442,0.5809612125713198,0.8058685367450393,-7479,-30.904957382474095
20231120,S36N1439,S36N1443,0.5946522746141141,0.818437954711974,-5102,-21.082643744535744
20231120,S36N1439,S36N1444,0.6836620279360103,0.8608891725769278,-5284,-21.834709828719497
20231120,S36N1439,S36N1445,0.5915888248961791,0.8592831089445463,-5931,-24.50826343568042
20231120,S36N1440,S36N1442,0.30605594362699534,0.7806212637499209,-6853,-28.318180631380528
20231120,S36N1440,S36N1443,0.2875891378752793,0.4111640191712143,-5015,-20.723139627370983
20231120,S36N1440,S36N1444,0.47088110741514866,0.8226371335517926,-5006,-20.685949546284974
20231120,S36N1440,S36N1445,0.3630828807215888,0.8634361941024783,-5783,-23.896693213377148
20231120,S36N1442,S36N1443,0.6365504241684076,0.7680908330223314,1486,6.140495610423386
20231120,S36N1442,S36N1444,0.6529102804533727,0.78977918670222,2461,10.169421061407775
20231120,S36N1442,S36N1445,0.5972910296712038,0.7553266178473665,1798,7.4297517547383904
20231120,S36N1443,S36N1444,0.806019190275378,0.808946185436451,-50,-0.206611561588943
20231120,S36N1443,S36N1445,0.696546879057451,0.8344373511902665,-717,-2.9628097931854427
20231120,S36N1444,S36N1445,0.8218929736246521,0.8804138022642896,-777,-3.2107436670921743
20231121,S36N1448,S36N1450,0.552550601307182,0.70432503098593,-2260,-9.338842583820224
20231121,S36N1448,S36N1452,0.6200526534839922,0.6892877119051034,5117,21.144627213012427
20231121,S36N1448,S36N1453,0.6285273181403982,0.6957044687481188,5966,24.65289152879268
20231121,S36N1450,S36N1452,0.7643770162465513,0.7683947359491536,-85,-0.3512396547012031
20231121,S36N1450,S36N1453,0.6999180604722283,0.7703503089730159,1559,6.442148490343243
20231121,S36N1452,S36N1453,0.8631364678607641,0.8718594604459866,79,0.32644626731052995
20231122,S36N1456,S36N1457,0.6023127979044728,0.7661891240896981,4475,18.4917347622104
20231122,S36N1456,S36N1461,0.6267078110033041,0.7424537642638662,2759,11.400825968477875
20231122,S36N1456,S36N1462,0.7170878566142329,0.7817850340484995,889,3.6735535650514066
20231122,S36N1457,S36N1461,0.6639653667246607,0.7967874251887772,-1874,-7.743801328353584
20231122,S36N1457,S36N1462,0.7000497985451848,0.7950101792894767,-3630,-14.999999371357262
20231122,S36N1461,S36N1462,0.8383277960744174,0.8970679983945998,-1772,-7.32231374271214
20231123,S36N1465,S36N1467,0.4995165211021086,0.6344392722320138,3148,13.008263917639852
20231123,S36N1465,S36N1468,0.5195728772643985,0.7030586157798954,1736,7.173553418368101
20231123,S36N1465,S36N1469,0.5309551429454703,0.757581714798058,-2201,-9.095040941145271
20231123,S36N1465,S36N1470,0.52454012683366,0.6331085208658999,-603,-2.4917354327626526
20231123,S36N1467,S36N1468,0.7210037091046033,0.7384864735910278,-1512,-6.2479336224496365
20231123,S36N1467,S36N1469,0.647173956077085,0.7307225956623308,-4258,-17.595040584914386
20231123,S36N1467,S36N1470,0.6017382973830523,0.7171760514090476,-3581,-14.797520041000098
20231123,S36N1468,S36N1469,0.6532179260582613,0.7486289017630015,-3811,-15.747933224309236
20231123,S36N1468,S36N1470,0.6125169577776202,0.678868195280802,-2406,-9.942148343659937
20231123,S36N1469,S36N1470,0.7242909813020448,0.7591992469044962,-223,-0.9214875646866858
20231124,S36N1470,S36N1472,0.3905373023638933,0.44400247852749897,2833,11.70661107962951
20231124,S36N1470,S36N1473,0.49907074842055316,0.6088303052849325,1336,5.520660925656557
20231124,S36N1470,S36N1475,0.512764619409534,0.672241127414207,5029,20.780990864615887
20231124,S36N1470,S36N1477,0.6696628471219604,0.7942708856974401,2086,8.619834349490702
20231124,S36N1470,S36N1478,0.6937494190446991,0.7592833691125064,-1923,-7.946280658710748
20231124,S36N1470,S36N1479,0.5943311451422465,0.8310153959648608,1682,6.950412931852043
20231124,S36N1472,S36N1473,0.2507676194326506,0.6116319580679542,-1462,-6.0413220608606935
20231124,S36N1472,S36N1475,0.4729556496073841,0.8041814866751912,1032,4.264462631195784
20231124,S36N1472,S36N1477,0.40837509035832115,0.45090230341011545,-587,-2.425619733054191
20231124,S36N1472,S36N1478,0.38109648361413534,0.8408697431261842,-5155,-21.301651999820024
20231124,S36N1472,S36N1479,0.4200066294203594,0.5134961451693815,-1031,-4.260330399964005
20231124,S36N1473,S36N1475,0.39380325084247064,0.7155443824153831,2910,12.024792884476483
20231124,S36N1473,S36N1477,0.6812747481849193,0.7386191616233594,347,1.4338842374272645
20231124,S36N1473,S36N1478,0.5548265277318418,0.6905111996541315,-3524,-14.561982860788703
20231124,S36N1473,S36N1479,0.6407046560983749,0.6743383008937629,462,1.9090908290818334
20231124,S36N1475,S36N1477,0.5112071583596726,0.6043289713968245,-2692,-11.123966475948691
20231124,S36N1475,S36N1478,0.5255158359755142,0.7149450091886999,-6160,-25.454544387757778
20231124,S36N1475,S36N1479,0.5295529575369876,0.5454280912407697,-2171,-8.971074004191905
20231124,S36N1477,S36N1478,0.7330775145588858,0.8034969130046841,-3964,-16.3801646027714
20231124,S36N1477,S36N1479,0.7851508262319231,0.8389112417704495,-324,-1.3388429190963507
20231124,S36N1478,S36N1479,0.7055800868597297,0.8083816774011598,3746,15.47933819424361
20231126,S36N1492,S36N1494,0.48247715619318277,0.7839342753283546,2090,8.636363274417818
20231126,S36N1492,S36N1495,0.4855496658964394,0.6903438663317786,3877,16.02066048560664
20231126,S36N1492,S36N1496,0.5474074234624694,0.6702268030123645,1161,4.797520460095257
20231126,S36N1492,S36N1497,0.377599038567285,0.63319283875584,-1743,-7.202479036990553
20231126,S36N1494,S36N1495,0.6680387507168648,0.7790401300495047,2953,12.202478827442974
20231126,S36N1494,S36N1496,0.6405329755173367,0.7202917253472207,3575,14.772726653609425
20231126,S36N1494,S36N1497,0.41506396993150535,0.5784220555318363,-4033,-16.665288557764143
20231126,S36N1495,S36N1496,0.7721590127311998,0.7850527016991324,823,3.400826303754002
20231126,S36N1495,S36N1497,0.49340926373908456,0.6112448591528223,1388,5.735536949709058
20231126,S36N1496,S36N1497,0.5608593602994437,0.7191658355742423,-3021,-12.483470551203936
20231127,S36N1501,S36N1502,0.6477404444440762,0.6523632646640026,-190,-0.7851239340379834
20231127,S36N1501,S36N1507,0.6973170904980541,0.8334007453762085,-2524,-10.429751629009843
20231127,S36N1502,S36N1507,0.5831614215321759,0.6479420431416959,4714,19.479338026605546
20231128,S36N1513,S36N1514,0.780112798386829,0.8326779721151715,289,1.1942148259840906
20231128,S36N1513,S36N1515,0.6708674362288766,0.756516742102384,1417,5.855371655430645
20231128,S36N1514,S36N1515,0.7948830018687403,0.8373574654826664,779,3.219008129555732
20231129,S36N1527,S36N1528,0.7148662012667929,0.8022253272681054,7203,29.76446156250313
20231130,S36N1533,S36N1535,0.7106539099792196,0.7625566969963702,905,3.7396692647598684
20231130,S36N1533,S36N1536,0.6512028720511168,0.7785185860950853,-7604,-31.421486286446452
20231130,S36N1533,S36N1537,0.5356512562105766,0.7123570942391217,-14066,-58.123964506201446
20231130,S36N1535,S36N1536,0.7934128962899787,0.8999892146711805,-2126,-8.785123598761857
20231130,S36N1535,S36N1537,0.5993919476067039,0.7703305779012639,-8409,-34.747932428028435
20231130,S36N1536,S36N1537,0.6155857683470586,0.8288150114127854,-6354,-26.256197246722877
20231201,S36N1539,S36N1540,0.7468319780453627,0.8280153797544152,-1313,-5.425619607325643
20231201,S36N1539,S36N1542,0.822608961558962,0.8400741584642123,771,3.185950279701501
20231201,S36N1539,S36N1545,0.654919598387049,0.806161755231639,-1956,-8.08264428935945
20231201,S36N1539,S36N1546,0.7380026603325347,0.7531615931452215,-5096,-21.05785035714507
20231201,S36N1540,S36N1542,0.7963703755078927,0.8400140634449823,724,2.9917354118078947
20231201,S36N1540,S36N1545,0.6725083076052167,0.6823639517702246,-3280,-13.553718440234661
20231201,S36N1540,S36N1546,0.7121316580902209,0.7596733620778638,-6486,-26.801651769317687
20231201,S36N1542,S36N1545,0.6705459706569673,0.7605900056475007,-2825,-11.67355322977528
20231201,S36N1542,S36N1546,0.7328932814456292,0.7568796455368015,-874,-3.6115700965747237
20231201,S36N1545,S36N1546,0.6842708990969694,0.7392063830614429,1671,6.904958388302475
20231202,S36N1552,S36N1553,0.7009822131969694,0.7843283194964245,6766,27.958676514215767
20231202,S36N1552,S36N1557,0.7225000047084299,0.7503099872998393,3466,14.322313449345529
20231202,S36N1553,S36N1557,0.7500892240596002,0.83803234186768,-3910,-16.157024116255343
20231203,S36N1560,S36N1561,0.7442077424073664,0.82936480468329,-1255,-5.185950195882469
20231204,S36N1570,S36N1573,0.8429750965695061,0.8495991652819008,72,0.2975206486880779
20231204,S36N1570,S36N1574,0.7275817894158585,0.8396830162397266,-914,-3.776859345845878
20231204,S36N1570,S36N1575,0.7097805567468716,0.8900481493178259,-8327,-34.40908946702257
20231204,S36N1570,S36N1577,0.6837497342024248,0.7867369052422771,-14177,-58.5826421729289
20231204,S36N1573,S36N1574,0.8335046148173911,0.8809349661804753,-459,-1.8966941353864968
20231204,S36N1573,S36N1575,0.7485266853872461,0.8823148807088976,-8057,-33.293387034442276
20231204,S36N1573,S36N1577,0.6523792323453297,0.6950414890712705,-3734,-15.429751419462264
20231204,S36N1574,S36N1575,0.7323822787831858,0.8864930377652072,-7361,-30.41735409712419
20231204,S36N1574,S36N1577,0.6383397551032284,0.752095359678281,-14804,-61.173551155254245
20231204,S36N1575,S36N1577,0.6943183136604818,0.7949877816745532,-9326,-38.53718846756965
20231205,S36N1579,S36N1584,0.8681091094207319,0.9146378682583751,-2289,-9.45867728954181
20231205,S36N1579,S36N1585,0.8290048863306924,0.9098574437309972,-2417,-9.987602887209505
20231205,S36N1579,S36N1586,0.7920643598792576,0.8504489690276534,-2881,-11.904958178754896
20231205,S36N1579,S36N1587,0.7539813448837225,0.8261864111683831,-2949,-12.185949902515858
20231205,S36N1584,S36N1585,0.9077396070125284,0.9142112430852776,102,0.42148758564144373
20231205,S36N1584,S36N1586,0.8570370224406979,0.8851040216902143,-943,-3.896694051567465
20231205,S36N1584,S36N1587,0.8031572518610722,0.8672435782812503,-1626,-6.7190079828724265
20231205,S36N1585,S36N1586,0.8040102182225751,0.8562994541793695,-800,-3.305784985423088
20231205,S36N1585,S36N1587,0.7689673968403903,0.7983802886468968,-792,-3.272727135568857
20231205,S36N1586,S36N1587,0.8149827643290287,0.8291502572802174,240,0.9917354956269264
20231206,S36N1589,S36N1590,0.7216285481714492,0.8917595554287422,-2038,-8.421487250365317
20231206,S36N1589,S36N1592,0.7692457411820683,0.8184630487497767,504,2.0826445408165455
20231206,S36N1590,S36N1592,0.7030359047424728,0.8663786269228076,2318,9.578511995263398
20231207,S36N1604,S36N1605,0.8589494199318791,0.8617436941853341,-133,-0.5495867538265884
20231207,S36N1604,S36N1610,0.7382902276258985,0.7589376743289438,-764,-3.157024661079049
20231207,S36N1605,S36N1610,0.8271585986060357,0.8358001827557988,142,0.5867768349125981
20231208,S36N1613,S36N1614,0.6005987818693407,0.9151022362948064,1186,4.900826240889728
20231209,S36N1622,S36N1623,0.9062936270874629,0.9164313108558485,-143,-0.590909066144377
20231209,S36N1622,S36N1624,0.6594484009350623,0.79826455879968,-1685,-6.962809625547379
20231209,S36N1622,S36N1626,0.6400675436303068,0.7780827473913494,-2016,-8.330578163266182
20231209,S36N1622,S36N1628,0.4947887727565362,0.583286600435843,-9917,-40.979337125550956
20231209,S36N1623,S36N1624,0.6926597955777082,0.880165720604021,-1561,-6.450412952806801
20231209,S36N1623,S36N1626,0.6683487738909965,0.8393196674525234,-1897,-7.838842646684498
20231209,S36N1623,S36N1628,0.5001589655793691,0.5620353995111526,3690,15.247933245263994
20231209,S36N1624,S36N1626,0.9017831763684865,0.9200194773543554,-313,-1.2933883755467832
20231209,S36N1624,S36N1628,0.5114368252658594,0.5705146781522985,3622,14.966941521503031
20231209,S36N1626,S36N1628,0.5152779436217307,0.5633383812272292,1701,7.028925325255841
20231210,S36N1630,S36N1631,0.9061088670085404,0.9104728910697865,167,0.6900826157070696
20231210,S36N1630,S36N1632,0.892654239571988,0.895606400802712,-392,-1.6198346428573132
20231210,S36N1630,S36N1633,0.8401068887322806,0.8574504446344707,-579,-2.39256188319996
20231210,S36N1630,S36N1636,0.8744943008429641,0.8804978591572264,461,1.9049585978500545
20231210,S36N1630,S36N1637,0.84186785789426,0.8618723947855075,4214,17.413222410716116
20231210,S36N1631,S36N1632,0.8946427387959536,0.9017446093524597,-206,-0.8512396337464452
20231210,S36N1631,S36N1633,0.8386100727341473,0.8525029738416773,-653,-2.6983469943515956
20231210,S36N1631,S36N1636,0.8802827192800282,0.8778352842679688,2520,10.413222704082727
20231210,S36N1631,S36N1637,0.8547218207682232,0.8873975177482496,937,3.871900664176792
20231210,S36N1632,S36N1633,0.8546782082923136,0.8585667048846581,-93,-0.384297504555434
20231210,S36N1632,S36N1636,0.8945843377317402,0.9014683283300173,507,2.095041234511882
20231210,S36N1632,S36N1637,0.8485513160011389,0.8953413483063597,1571,6.491735265124589
20231210,S36N1633,S36N1636,0.8411633140123567,0.8576020553248489,712,2.9421486370265484
20231210,S36N1633,S36N1637,0.7789506452779086,0.850234633283159,1292,5.338842751458287
20231210,S36N1636,S36N1637,0.6051903549795333,0.8854404604703278,2007,8.293388082180172
20231211,S36N1640,S36N1641,0.8937874436395741,0.9199215865748356,187,0.7727272403426468
20231211,S36N1640,S36N1642,0.769388318303692,0.8444449544945718,-1327,-5.483470844570547
20231211,S36N1640,S36N1643,0.8493843681054154,0.8752675324134959,-482,-1.9917354537174106
20231211,S36N1640,S36N1644,0.8710611849174648,0.872138083289323,21,0.08677685586735606
20231211,S36N1640,S36N1645,0.8484663712192219,0.8681093555380363,-587,-2.425619733054191
20231211,S36N1640,S36N1646,0.8422249869777576,0.8565254043538746,655,2.7066114568151534
20231211,S36N1641,S36N1642,0.7413980377798624,0.8406563549502455,-861,-3.5578510905615985
20231211,S36N1641,S36N1643,0.8224361565396683,0.8656584101752388,-329,-1.359504075255245
20231211,S36N1641,S36N1644,0.8378960909386718,0.8458387474810454,114,0.47107436042279005
20231211,S36N1641,S36N1645,0.8065783230076389,0.8472935994632013,-488,-2.0165288411080837
20231211,S36N1641,S36N1646,0.8025909583518276,0.8042140553292291,500,2.06611561588943
20231211,S36N1642,S36N1643,0.7957663692575832,0.9246037458018597,591,2.4421486579813063
20231211,S36N1642,S36N1644,0.7376194294869384,0.8762496556724644,991,4.09504115069285
20231211,S36N1642,S36N1645,0.7800161456955483,0.8513361813399322,343,1.417355312500149
20231211,S36N1642,S36N1646,0.7482909289341125,0.7576407573509126,58,0.23966941144317389
20231211,S36N1643,S36N1644,0.7170812250519287,0.9014211336582348,1338,5.528925388120115
20231211,S36N1643,S36N1645,0.6939145949779316,0.6963292872985428,-218,-0.9008264085277915
20231211,S36N1643,S36N1646,0.6736775768711976,0.8562653089022483,1926,7.9586773524060845
20231211,S36N1644,S36N1645,0.9341774083387584,0.7990430992921826,-626,-2.5867767510935664
20231211,S36N1644,S36N1646,0.8740146720668703,0.914205296836313,388,1.6033057179301977
20231211,S36N1645,S36N1646,0.8815106589041772,0.8852831030557353,17,0.07024793094024062
20231212,S36N1647,S36N1650,0.7002919879584691,0.8403526603031717,9681,40.004130554851145
20231212,S36N1647,S36N1651,0.789201616998539,0.8381763705258352,3425,14.152891968842596
20231212,S36N1647,S36N1652,0.7197206436129335,0.851667341504476,-12254,-50.63636151421815
20231212,S36N1647,S36N1653,0.7889248430352882,0.870724147485963,-3907,-16.144627422560006
20231212,S36N1650,S36N1651,0.7240396148904749,0.9184185459829121,-6409,-26.483469964470714
20231212,S36N1650,S36N1652,0.6750974839694549,0.797384557677974,-20487,-84.6570212454535
20231212,S36N1650,S36N1653,0.7001321496203129,0.882617037314355,-14841,-61.32644371083006
20231212,S36N1651,S36N1652,0.6738162289454799,0.7887113681646556,-14122,-58.35536945518106
20231212,S36N1651,S36N1653,0.7318292323185881,0.856423503101131,-8406,-34.7355357343331
20231212,S36N1652,S36N1653,0.7389689014190087,0.8871043043570004,11248,46.47933689504862
20231213,S36N1656,S36N1657,0.8612529499471349,0.9040567811270226,1061,4.384297336917371
20231213,S36N1656,S36N1659,0.762970489949327,0.9353826563331317,4897,20.235536342021078
20231213,S36N1656,S36N1660,0.8038935552930481,0.9281821200390427,4392,18.148759569972754
20231213,S36N1656,S36N1661,0.730453115894277,0.9205109067451597,4105,16.96280920645222
20231213,S36N1657,S36N1659,0.8455513481749257,0.911166746678573,3891,16.078511722851545
20231213,S36N1657,S36N1660,0.8941581064840667,0.9446260366115438,3378,13.95867710094899
20231213,S36N1657,S36N1661,0.823230298638885,0.8946009188824663,3313,13.690082070883363
20231213,S36N1659,S36N1660,0.9070180909414561,0.9576000292426765,-534,-2.2066114777699113
20231213,S36N1659,S36N1661,0.8136790015803507,0.9305106677516467,-823,-3.400826303754002
20231213,S36N1660,S36N1661,0.9149300618575904,0.9383422957228997,-233,-0.9628098770044744
20231214,S36N1665,S36N1666,0.8290512032770506,0.9384389406579323,-596,-2.4628098141402006
20231214,S36N1665,S36N1667,0.7225933330140908,0.8176634374752101,-1086,-4.487603117711842
20231214,S36N1665,S36N1668,0.7660197580692772,0.767129007688343,-72,-0.2975206486880779
20231214,S36N1665,S36N1669,0.7666489245191288,0.7785910545990595,-491,-2.0289255348034203
20231214,S36N1666,S36N1667,0.8143185151481167,0.8457531081585795,-532,-2.1983470153063536
20231214,S36N1666,S36N1668,0.8305041153500313,0.8322435230823975,132,0.5454545225948095
20231214,S36N1666,S36N1669,0.8256309069719723,0.8303422655505214,-380,-1.5702478680759668
20231214,S36N1667,S36N1668,0.8931297285739301,0.8955638564875239,-122,-0.5041322102770209
20231214,S36N1667,S36N1669,0.8901893782656077,0.9071495891426917,593,2.450413120444864
20231214,S36N1668,S36N1669,0.894472210305141,0.9354348854555996,1514,6.256198084913194
20231215,S36N1673,S36N1674,0.9250870507946302,0.929104296937631,222,0.9173553334549069
20231215,S36N1673,S36N1678,0.8183401684802525,0.9084326461244381,5335,22.04545362154022
20231215,S36N1673,S36N1679,0.7226940848992358,0.889562065901687,7338,30.322312778793275
20231215,S36N1673,S36N1681,0.7236013088054412,0.892461400060202,8317,34.36776715470478
20231215,S36N1674,S36N1678,0.8103276973304904,0.8651125315093099,4072,16.82644557580352
20231215,S36N1674,S36N1679,0.7242191439635349,0.8866368779014288,5664,23.404957696795464
20231215,S36N1674,S36N1681,0.709261619107507,0.8812784963054404,6238,25.77685842383653
20231215,S36N1678,S36N1679,0.8263766928606799,0.8924757869243497,1758,7.264462505467236
20231215,S36N1678,S36N1681,0.7769890995554976,0.894177264673394,2340,9.669421082362533
20231215,S36N1679,S36N1681,0.8227567687475241,0.9537836185935462,896,3.7024791836738586
20231216,S36N1686,S36N1690,0.7337443098593985,0.915953847555509,1922,7.942148427478969
20231217,S36N1694,S36N1695,0.950222184359562,0.9529622170885659,-54,-0.22314048651605844
20231217,S36N1694,S36N1697,0.7780943957797871,0.8788523804833195,3334,13.77685892675072
20231217,S36N1695,S36N1697,0.8165348211386203,0.8919993521513773,3418,14.123966350220144
20231218,S36N1705,S36N1706,0.932364408653065,0.9632062874272989,-558,-2.305785027332604
20231218,S36N1705,S36N1707,0.8776026466584097,0.9294661283423248,-974,-4.02479321975261
20231218,S36N1706,S36N1707,0.9182166318241072,0.9455963615898529,-438,-1.8099172795191407
20231219,S36N1710,S36N1711,0.9449701287626705,0.9554794412897901,348,1.4380164686590433
20231219,S36N1710,S36N1712,0.8987408470956615,0.9330697338828499,1902,7.859503802843392
20231219,S36N1710,S36N1713,0.8881793711821004,0.925077071127423,1214,5.016528715379536
20231219,S36N1711,S36N1712,0.9192625214146227,0.9501109721981889,1467,6.061983217019588
20231219,S36N1711,S36N1713,0.9065740334157244,0.9442897844096044,1239,5.119834496174008
20231219,S36N1712,S36N1713,0.9592873592413,0.9663414622941061,-191,-0.7892561652697623
20231220,S36N1718,S36N1719,0.8880758000891077,0.9690815297022459,1783,7.3677682862617075
20231221,S36N1728,S36N1731,0.9313192813801857,0.9496429858486434,674,2.7851238502189517
20231223,S36N1751,S36N1752,0.9318015831601248,0.9334940275010425,130,0.5371900601312518
20231224,S36N1755,S36N1760,0.9196914006587541,0.9372389722758033,-2882,-11.909090409986675
20231225,S36N1762,S36N1763,0.9641257688144435,0.9641600043187786,7,0.02892561862245202
20231225,S36N1762,S36N1765,0.962698370976779,0.9655147081967761,-523,-2.161156934220344
20231225,S36N1762,S36N1766,0.95193341402898,0.9580960554216,-1002,-4.140495694242418
20231225,S36N1762,S36N1767,0.8650289466886156,0.8679681248154679,-390,-1.6115701803937554
20231225,S36N1763,S36N1765,0.95761777816347,0.9585924191254457,-180,-0.7438016217201948
20231225,S36N1763,S36N1766,0.9555948109884442,0.9723123033785164,-1447,-5.9793385923840106
20231225,S36N1763,S36N1767,0.8553213657581588,0.9167012099333127,-4287,-17.714875290635973
20231225,S36N1765,S36N1766,0.9637146314931032,0.9707782085724936,-760,-3.1404957361519337
20231225,S36N1765,S36N1767,0.8507694545862493,0.8591667473816373,-1707,-7.053718712646514
20231225,S36N1766,S36N1767,0.8648515042323826,0.9040376887182705,-2432,-10.049586355686188
20231226,S36N1770,S36N1771,0.9680130075997004,0.9700351427746771,-331,-1.3677685377188027
20231226,S36N1770,S36N1775,0.9225382562852027,0.9232161343910474,-45,-0.1859504054300487
20231226,S36N1770,S36N1776,0.9370295921671915,0.9454989263541489,-841,-3.4752064659260213
20231226,S36N1771,S36N1775,0.9132749829556815,0.9132749829556815,0,0.0
20231226,S36N1771,S36N1776,0.9423160754212884,0.9460974191295064,-561,-2.3181817210279405
20231226,S36N1775,S36N1776,0.9403408567293131,0.9411911771901509,-75,-0.3099173423834145
20231227,S36N1779,S36N1781,0.9551409293070025,0.9617386856392408,-718,-2.9669420244172215
20231227,S36N1779,S36N1782,0.9669319574391513,0.972062970108334,-803,-3.3181816791184247
20231227,S36N1779,S36N1783,0.9584909516031864,0.9638466604874483,-942,-3.892561820335686
20231227,S36N1779,S36N1784,0.9498172451714099,0.9553351016429291,-1167,-4.82231384748593
20231227,S36N1779,S36N1785,0.9400976829591065,0.9419662972267696,-168,-0.6942148469388485
20231227,S36N1781,S36N1782,0.9685199064189108,0.9711332511976011,-227,-0.9380164896138012
20231227,S36N1781,S36N1783,0.9646436181446444,0.9689451541640195,-579,-2.39256188319996
20231227,S36N1781,S36N1784,0.9518306428039408,0.959173207567205,-1027,-4.243801475036889
20231227,S36N1781,S36N1785,0.9487662759231218,0.949361657792701,-67,-0.2768594925291836
20231227,S36N1782,S36N1783,0.9787176606851032,0.9813328026610321,-368,-1.5206610932946205
20231227,S36N1782,S36N1784,0.9682727568286925,0.9750336198144149,-755,-3.1198345799930394
20231227,S36N1782,S36N1785,0.9577416905830592,0.9586297998935637,-62,-0.2561983363702893
20231227,S36N1783,S36N1784,0.9772832963847208,0.9808119663478464,-403,-1.6652891864068806
20231227,S36N1783,S36N1785,0.9659191338900845,0.9665048180910909,-148,-0.6115702223032713
20231227,S36N1784,S36N1785,0.968330148800642,0.968330148800642,0,0.0
20231228,S36N1787,S36N1789,0.9262098989516195,0.9279450273680583,-145,-0.5991735286079347
20231228,S36N1787,S36N1790,0.9303133818883239,0.9400895491711053,-629,-2.599173444788903
20231228,S36N1787,S36N1791,0.7165518953936305,0.7169919325602756,-779,-3.219008129555732
20231228,S36N1787,S36N1794,0.9036500161636482,0.9316288137157914,1404,5.80165264941752
20231228,S36N1787,S36N1796,0.9078602007273922,0.9148168459007155,813,3.3595039914362133
20231228,S36N1789,S36N1790,0.9667093897127081,0.9673455725634977,-55,-0.2272727177478373
20231228,S36N1789,S36N1791,0.7358054502844261,0.7358769562485218,-18,-0.07438016217201948
20231228,S36N1789,S36N1794,0.9456851206757415,0.9456851206757415,0,0.0
20231228,S36N1789,S36N1796,0.9199939076301047,0.9326721392040654,2526,10.4380160914734
20231228,S36N1790,S36N1791,0.7462041711594507,0.7466490694764903,530,2.190082552842796
20231228,S36N1790,S36N1794,0.9581678251687418,0.96877410213961,1703,7.037189787719399
20231228,S36N1790,S36N1796,0.9364829462765786,0.9527552067904709,3125,12.913222599308938
20231228,S36N1791,S36N1794,0.7502541909615734,0.7590513479342935,-5661,-23.392561003100127
20231228,S36N1791,S36N1796,0.7895992476479774,0.7913381983084146,-2116,-8.743801286444068
20231228,S36N1794,S36N1796,0.9484268142368585,0.9600737844657804,1949,8.053718670736998
20231229,S36N1800,S36N1802,0.9506738168399198,0.9613825160114569,-765,-3.161156892310828
20231229,S36N1800,S36N1804,0.9562055194401042,0.9634804076167843,-946,-3.9090907452628016
20231229,S36N1800,S36N1805,0.948728027394083,0.9650353825035924,-1982,-8.1900823013857
20231229,S36N1800,S36N1807,0.9432171577373015,0.9568943821992597,-1381,-5.706611331086606
20231229,S36N1802,S36N1804,0.9481251778968981,0.9482942414464648,-23,-0.09504131833091378
20231229,S36N1802,S36N1805,0.952724040115096,0.9528505806381596,11,0.04545454354956746
20231229,S36N1802,S36N1807,0.9551782206655932,0.955335657666932,-45,-0.1859504054300487
20231229,S36N1804,S36N1805,0.9608403185000167,0.9646227618010481,-454,-1.8760329792276025
20231229,S36N1804,S36N1807,0.962746645925188,0.9630268826979035,35,0.1446280931122601
20231229,S36N1805,S36N1807,0.9551692962204469,0.9625488682828325,634,2.6198346009477973
20231230,S36N1809,S36N1810,0.9436557310967799,0.9556979191930771,-1211,-5.0041320216842
20231230,S36N1809,S36N1813,0.9253743380831564,0.9306085874801263,-694,-2.867768474854529
20231230,S36N1809,S36N1815,0.932445509827744,0.9475537792398869,-1522,-6.289255934767425
20231230,S36N1809,S36N1816,0.9154650223170596,0.9154921391814318,83,0.3429751922376454
20231230,S36N1810,S36N1813,0.9409052665470575,0.9437035694657094,355,1.4669420872814953
20231230,S36N1810,S36N1815,0.9338407888151701,0.9428409487656223,-1126,-4.6528923669829965
20231230,S36N1810,S36N1816,0.9216676123985938,0.9216676123985938,0,0.0
20231230,S36N1813,S36N1815,0.9575744257046113,0.9575744257046113,0,0.0
20231230,S36N1813,S36N1816,0.954685951161892,0.957208554521311,-355,-1.4669420872814953
20231230,S36N1815,S36N1816,0.9679707495199058,0.9693636836488414,111,0.45867766672745347
20231231,S36N1818,S36N1820,0.9099000276472312,0.9156775569011552,502,2.0743800783529878
20231231,S36N1818,S36N1821,0.9181209697746741,0.9306671861266482,1188,4.909090703353286
20231231,S36N1818,S36N1823,0.9199945194928927,0.9322123150474945,1255,5.185950195882469
20231231,S36N1820,S36N1821,0.9436958506335137,0.9591224986361898,623,2.57438005739823
20231231,S36N1820,S36N1823,0.9273568562899513,0.9369629947705376,1891,7.814049259293824
20231231,S36N1821,S36N1823,0.930041533706313,0.9471014877229987,1405,5.805784880649298
20240101,S36N1828,S36N1830,0.9274902169130188,0.9308070255562259,-344,-1.4214875437319279
20240101,S36N1828,S36N1832,0.9393742257857666,0.9403263404654553,64,0.26446279883384705
20240101,S36N1828,S36N1837,0.8897374673637485,0.9294749866552611,2360,9.75206570699811
20240101,S36N1830,S36N1832,0.9647660352778693,0.9685223778537858,497,2.0537189221940935
20240101,S36N1830,S36N1837,0.9371254660855779,0.9439937110272243,1474,6.09090883564204
20240101,S36N1832,S36N1837,0.9369403640314891,0.9467244829133992,2269,9.376032664906234
20240102,S36N1839,S36N1841,0.8787149199300788,0.9050256961233678,3903,16.12809849763289
20240102,S36N1839,S36N1842,0.9024709932494908,0.9514632675045207,4046,16.719007563777268
20240102,S36N1839,S36N1843,0.9041937320053337,0.9497491526469448,4019,16.60743732051924
20240102,S36N1839,S36N1844,0.9047352286453757,0.9191382274390942,1750,7.231404655613005
20240102,S36N1839,S36N1845,0.8940860179221771,0.9122364281564967,2281,9.42561943968758
20240102,S36N1841,S36N1842,0.9551837082937291,0.9551983652578994,-3,-0.01239669369533658
20240102,S36N1841,S36N1843,0.9533593304480602,0.9620324485921028,-846,-3.4958676220849156
20240102,S36N1841,S36N1844,0.9535774367923157,0.959118986762115,-700,-2.892561862245202
20240102,S36N1841,S36N1845,0.9582346653199182,0.9584377299718017,26,0.10743801202625036
20240102,S36N1842,S36N1843,0.974697801606656,0.9797121650182946,-477,-1.9710742975585163
20240102,S36N1842,S36N1844,0.9571516210570123,0.9622429615246367,-608,-2.512396588921547
20240102,S36N1842,S36N1845,0.9459053604195263,0.9459995108225444,-15,-0.0619834684766829
20240102,S36N1843,S36N1844,0.9719424416887237,0.9733200928578654,-223,-0.9214875646866858
20240102,S36N1843,S36N1845,0.9584866512944109,0.9584866512944109,0,0.0
20240102,S36N1844,S36N1845,0.9745755476531079,0.9747458082648397,-30,-0.1239669369533658
20240103,S36N1847,S36N1848,0.9496203161266977,0.9586031223912628,354,1.4628098560497165
20240103,S36N1847,S36N1851,0.8580023207707607,0.9050711069071949,5284,21.834709828719497
20240103,S36N1847,S36N1852,0.89927828845583,0.9227440841050178,6616,27.33884182944894
20240103,S36N1847,S36N1853,0.9048740158332057,0.9299499100071228,7494,30.966940850950778
20240103,S36N1848,S36N1851,0.8462094805288745,0.9496859522956671,4950,20.454544597305357
20240103,S36N1848,S36N1852,0.8732868466524415,0.9444686128611249,6300,26.03305676020682
20240103,S36N1848,S36N1853,0.8709564848559785,0.9359367633124542,6858,28.338841787539423
20240103,S36N1851,S36N1852,0.9166627309088333,0.9563614822289922,1322,5.462809688411653
20240103,S36N1851,S36N1853,0.9009162137501603,0.9480810295901477,1884,7.785123640671372
20240103,S36N1852,S36N1853,0.9699590929388171,0.9815124904887986,560,2.3140494897961617
20240104,S36N1855,S36N1857,0.9563178705840829,0.9588124574991357,466,1.9256197540089488
20240104,S36N1855,S36N1861,0.9199248462414945,0.9465191953760592,2449,10.119834286626428
20240104,S36N1857,S36N1861,0.8997928841439141,0.9207743775230806,1503,6.210743541363627
20240105,S36N1864,S36N1865,0.957384598786582,0.9635889681945904,403,1.6652891864068806
20240105,S36N1864,S36N1868,0.9049003041225305,0.9165413785923648,1261,5.210743583273143
20240105,S36N1865,S36N1868,0.9135166083261209,0.9227192516161716,2627,10.855371445883065
20240106,S36N1873,S36N1876,0.8851666242985208,0.9435326319338402,1637,6.764462526421994
20240106,S36N1873,S36N1877,0.8685840999222413,0.9472448031026407,8872,36.66115548834205
20240106,S36N1876,S36N1877,0.8530831194214336,0.9127156018732988,7084,29.272726045921445
20240109,S36N1890,S36N1891,0.9668175968242202,0.9680092049807437,226,0.9338842583820224
20240109,S36N1890,S36N1892,0.9767679884656003,0.9767953902351598,23,0.09504131833091378
20240109,S36N1890,S36N1893,0.9634344243549161,0.9738753357347795,812,3.3553717602044344
20240109,S36N1890,S36N1894,0.9584446155118052,0.9602295965688779,1509,6.2355369287543
20240109,S36N1890,S36N1895,0.8789502743383849,0.9590011321502807,7646,31.595039998181164
20240109,S36N1891,S36N1892,0.9713679946520805,0.9716819380217065,-142,-0.5867768349125981
20240109,S36N1891,S36N1893,0.9574345002269146,0.9605093913834,1537,6.351239403244108
20240109,S36N1891,S36N1894,0.9445871658624965,0.9529007035615328,2197,9.078512016218156
20240109,S36N1891,S36N1895,0.8906696901557274,0.9564791808336595,6927,28.623965742532164
20240109,S36N1892,S36N1893,0.9681313156690492,0.9720314619660846,872,3.603305634111166
20240109,S36N1892,S36N1894,0.9541796466822772,0.9594824009141417,1657,6.847107151057571
20240109,S36N1892,S36N1895,0.89008456551728,0.9671596027070818,6501,26.86363523779437
20240109,S36N1893,S36N1894,0.9673916918718589,0.9716973470495565,-444,-1.8347106669098139
20240109,S36N1893,S36N1895,0.8806146311987761,0.9592058466116592,5791,23.92975106323138
20240109,S36N1894,S36N1895,0.8488885522107074,0.9244161227503453,3931,16.2438009721227
20240110,S36N1899,S36N1901,0.9112259557459997,0.941227334255972,1332,5.504132000729442
20240111,S36N1907,S36N1909,0.8038757413683422,0.953578273411345,-21661,-89.50826071156189
20240111,S36N1907,S36N1911,0.8991555219952654,0.9071766507935661,4592,18.975205816328526
20240111,S36N1909,S36N1911,0.769884018112806,0.9085649172906206,23999,99.16941733146086
20240113,S36N1923,S36N1925,0.8559985960676507,0.9427861384810123,-12797,-52.88016307307407
20240113,S36N1923,S36N1926,0.8272560993389816,0.9643125560195906,-19901,-82.2355337436311
20240113,S36N1923,S36N1927,0.9592761679597198,0.9633120886447585,-934,-3.8595039704814553
20240113,S36N1925,S36N1926,0.8938416001995004,0.9708667971172654,-7223,-29.847106187138706
20240113,S36N1925,S36N1927,0.8495081940849166,0.9586618506692247,10704,44.23140310496092
20240113,S36N1926,S36N1927,0.8171076331561106,0.9751449339349644,19074,78.81817851494998
20240114,S36N1934,S36N1935,0.9645443210070089,0.9756274687657744,-559,-2.309917258564383
20240114,S36N1934,S36N1936,0.9423575331058859,0.9593285401269238,-1352,-5.586776625365019
20240114,S36N1935,S36N1936,0.9569757081506719,0.9679399729981862,-770,-3.1818180484697223
20240115,S36N1939,S36N1940,0.9672138183219281,0.9796990823702195,1139,4.706611372996122
20240115,S36N1939,S36N1941,0.9732281852104413,0.9854389668560172,1047,4.3264460996724665
20240115,S36N1939,S36N1942,0.9529799467998294,0.9758551105360113,2035,8.40909055666998
20240115,S36N1939,S36N1943,0.9482566656926749,0.9770703626706453,1135,4.690082448069006
20240115,S36N1940,S36N1941,0.9792547991254927,0.9792547991254927,0,0.0
20240115,S36N1940,S36N1942,0.9743373931615082,0.9782931249336523,455,1.8801652104593813
20240115,S36N1940,S36N1943,0.9619601695552825,0.9619601695552825,0,0.0
20240115,S36N1941,S36N1942,0.9704276507638931,0.9746364798743701,473,1.9545453726314008
20240115,S36N1941,S36N1943,0.9547412368147546,0.9553400020719264,-79,-0.32644626731052995
20240115,S36N1942,S36N1943,0.956857998631838,0.9611785020165322,-876,-3.6198345590382814
20240118,S36N1952,S36N1953,0.9320779501519909,0.9527915639379885,1201,4.962809709366411
20240118,S36N1952,S36N1954,0.9431478804478574,0.9576608472670265,2011,8.309917007107288
20240118,S36N1952,S36N1955,0.9476198173575872,0.9711695386469456,2487,10.276859073434025
20240118,S36N1952,S36N1956,0.9465101326815765,0.9683923278274402,2334,9.64462769497186
20240118,S36N1952,S36N1957,0.7762462072567754,0.8689913175192174,-24200,-99.99999580904841
20240118,S36N1952,S36N1959,0.9364330600911168,0.9601731264364698,2325,9.60743761388585
20240118,S36N1953,S36N1954,0.8870295742996159,0.8950781081159662,752,3.107437886297703
20240118,S36N1953,S36N1955,0.9490570808797096,0.9495278615911545,429,1.772727198433131
20240118,S36N1953,S36N1956,0.9581899660209007,0.9609288547984838,1035,4.27685932489112
20240118,S36N1953,S36N1957,0.7690585935177751,0.7719374751271132,1073,4.433884111698717
20240118,S36N1953,S36N1959,0.9496860084387454,0.9564093261231018,1260,5.206611352041364
20240118,S36N1954,S36N1955,0.9499471308566668,0.9572786106890508,335,1.3842974626459181
20240118,S36N1954,S36N1956,0.9341777842572895,0.934334662072787,12,0.04958677478134632
20240118,S36N1954,S36N1957,0.7398959224244435,0.8308286821534376,-24200,-99.99999580904841
20240118,S36N1954,S36N1959,0.9218601889730493,0.9275285300491605,665,2.747933769132942
20240118,S36N1955,S36N1956,0.9647805412803481,0.9647805412803481,0,0.0
20240118,S36N1955,S36N1957,0.7611129100296381,0.8513269533938881,-24200,-99.99999580904841
20240118,S36N1955,S36N1959,0.9519065058803002,0.9548926198732532,465,1.92148752277717
20240118,S36N1956,S36N1957,0.7586066287927259,0.8519415761121885,-24200,-99.99999580904841
20240118,S36N1956,S36N1959,0.971073811019367,0.9750456698240075,541,2.2355370963923633
20240118,S36N1957,S36N1959,0.7544951891173202,0.8333528235393582,24199,99.99586357781664
20240119,S36N1961,S36N1962,0.9605971987290306,0.9746140790359255,1195,4.938016321975738
20240119,S36N1961,S36N1963,0.8057812526774356,0.9458333049734768,-21637,-89.4090871619992
20240119,S36N1961,S36N1964,0.949542781785204,0.949542781785204,0,0.0
20240119,S36N1961,S36N1965,0.9516421815604178,0.9592609230232916,799,3.301652754191309
20240119,S36N1961,S36N1967,0.9326988738922816,0.9435039758031848,1076,4.4462808053940535
20240119,S36N1962,S36N1963,0.8100091454230484,0.9532331297832701,-21930,-90.6198309129104
20240119,S36N1962,S36N1964,0.9499485591151416,0.9515926263813925,-348,-1.4380164686590433
20240119,S36N1962,S36N1965,0.9538257541922215,0.9600911366885942,851,3.51652877824381
20240119,S36N1962,S36N1967,0.9359227069816697,0.9458776284234772,1026,4.2396692438051105
20240119,S36N1963,S36N1964,0.7910716105036217,0.9650114155722429,21619,89.33470699982718
20240119,S36N1963,S36N1965,0.8033584484334327,0.9752772727789176,23073,95.34297121083364
20240119,S36N1963,S36N1967,0.7862234477602651,0.9630054131521538,22762,94.05784729775041
20240119,S36N1964,S36N1965,0.9504432611280086,0.9741943931158912,1548,6.396693946793675
20240119,S36N1964,S36N1967,0.9284771792767113,0.9398511312884327,976,4.0330576822161674
20240119,S36N1965,S36N1967,0.9543224919611549,0.954496995787206,21,0.08677685586735606
20240120,S36N1969,S36N1970,0.9659072017964595,0.9704649902593101,399,1.6487602614797652
20240120,S36N1969,S36N1973,0.9430480303643588,0.9631995923797391,1929,7.971074046101421
20240120,S36N1969,S36N1974,0.9508542890851822,0.9739105844479014,2866,11.842974710278213
20240120,S36N1969,S36N1975,0.9410482626474839,0.9599285429654167,2818,11.644627611152828
20240120,S36N1969,S36N1976,0.8185143968701432,0.9523542631939015,-17937,-74.11983160441741
20240120,S36N1970,S36N1973,0.9514783869200842,0.9546164391020102,677,2.7975205439142883
20240120,S36N1970,S36N1974,0.9578714641033252,0.9702385103818565,1760,7.272726967930794
20240120,S36N1970,S36N1975,0.9416057213410983,0.9610796654731922,2699,11.152892094571143
20240120,S36N1970,S36N1976,0.8237096746883918,0.9489963211799703,-18342,-75.79338525328785
20240120,S36N1973,S36N1974,0.9615531174307933,0.9700767358963552,1045,4.318181637208909
20240120,S36N1973,S36N1975,0.9472004070027593,0.9536847250815571,973,4.020660988520831
20240120,S36N1973,S36N1976,0.8044064833420339,0.9412899719739504,-19419,-80.24379828991368
20240120,S36N1974,S36N1975,0.9666737710148384,0.9692987831729324,406,1.6776858801022172
20240120,S36N1974,S36N1976,0.8217322953133495,0.9612358103710212,-20173,-83.35950063867494
20240120,S36N1975,S36N1976,0.8209828224760151,0.9726326342154941,-20778,-85.85950053390115
20240121,S36N1978,S36N1979,0.9688861742228774,0.9695773411549614,-143,-0.590909066144377
20240121,S36N1978,S36N1981,0.9372738544222619,0.9372738544222619,0,0.0
20240121,S36N1978,S36N1983,0.9508397247439123,0.9643514112412324,2059,8.508264106232673
20240121,S36N1978,S36N1984,0.9256594242607337,0.9396740107606479,1742,7.198346805758774
20240121,S36N1978,S36N1985,0.9440832264071165,0.9445983960897619,55,0.2272727177478373
20240121,S36N1979,S36N1981,0.9437679909011724,0.9472688420574981,-644,-2.661156913265586
20240121,S36N1979,S36N1983,0.9557756560860476,0.9674678338948195,1583,6.5413220399059355
20240121,S36N1979,S36N1984,0.9328337917362144,0.955941056540921,3060,12.644627569243312
20240121,S36N1979,S36N1985,0.9545270875598454,0.9658570445314185,1298,5.36363613884896
20240121,S36N1981,S36N1983,0.9331175458226018,0.9557701073828633,2530,10.454545016400516
20240121,S36N1981,S36N1984,0.912128836463796,0.9295004345841275,3676,15.19008200801909
20240121,S36N1981,S36N1985,0.9471540676900467,0.9521560576571377,982,4.057851069606841
20240121,S36N1983,S36N1984,0.9448826499028187,0.9454975456115755,-96,-0.39669419825077057
20240121,S36N1983,S36N1985,0.953031732995822,0.9556857614076324,-1254,-5.1818179646506906
20240121,S36N1984,S36N1985,0.9581978382482071,0.9611150983161735,-837,-3.458677540998906
20240122,S36N1987,S36N1990,0.9473053260669123,0.9475651329318346,26,0.10743801202625036
20240122,S36N1987,S36N1991,0.89182846990779,0.9416359222410453,5438,22.47107343841344
20240122,S36N1987,S36N1993,0.9211761661003861,0.9444618694466339,3004,12.413222620263696
20240122,S36N1990,S36N1991,0.8950243212083977,0.9417787128271209,2836,11.719007773324847
20240122,S36N1990,S36N1993,0.9302142443795185,0.9500650036384721,2690,11.115702013485134
20240122,S36N1991,S36N1993,0.925281104227533,0.9563949884942483,1869,7.7231401721946895
20240123,S36N1995,S36N1996,0.9673935318999212,0.9673935318999212,0,0.0
20240123,S36N1995,S36N1997,0.9560852827371878,0.9592467762420152,-440,-1.8181817419826984
20240123,S36N1995,S36N1998,0.9392511366450882,0.940092806920265,-551,-2.276859408710152
20240123,S36N1995,S36N2000,0.9461069700746404,0.9463982385744548,-48,-0.19834709912538528
20240123,S36N1996,S36N1997,0.9752995403160393,0.9758907408267922,-238,-0.9834710331633687
20240123,S36N1996,S36N1998,0.9567059737011497,0.9576021222601984,-257,-1.061983426567167
20240123,S36N1996,S36N2000,0.9596197975335062,0.9601599533901077,-230,-0.9504131833091378
20240123,S36N1997,S36N1998,0.9489441631635371,0.9489441631635371,0,0.0
20240123,S36N1997,S36N2000,0.9515119405023788,0.9515119405023788,0,0.0
20240123,S36N1998,S36N2000,0.9266050012440442,0.9358565953983052,857,3.541322165634483
20240124,S36N2004,S36N2010,0.9467251642754531,0.9668274428557081,3271,13.516528359148651
20240124,S36N2004,S36N2011,0.9468709529695117,0.9659224696010614,3334,13.77685892675072
20240124,S36N2010,S36N2011,0.9642377387823489,0.9646680738980524,-176,-0.7272726967930794
20240125,S36N2013,S36N2014,0.7903936237342439,0.8581633694258375,-24200,-99.99999580904841
20240125,S36N2013,S36N2015,0.9544154001569193,0.9589224470043687,703,2.9049585559405386
20240125,S36N2013,S36N2021,0.9230812270340429,0.9618553900858221,-4481,-18.516528149601072
20240125,S36N2014,S36N2015,0.8084223738058823,0.8097682237186549,208,0.8595040962100029
20240125,S36N2014,S36N2021,0.794626290933422,0.8870375906832013,24199,99.99586357781664
20240125,S36N2015,S36N2021,0.9220701346787727,0.9566692264422921,-5219,-21.56611479865387
20240126,S36N2024,S36N2025,0.9307377551175138,0.9562853285673264,1930,7.9752062773332
20240126,S36N2024,S36N2026,0.9195482294542963,0.9505653674209973,4208,17.388429023325443
20240126,S36N2024,S36N2027,0.9129414210826193,0.9437261954174053,2999,12.392561464104801
20240126,S36N2024,S36N2028,0.9047733554482245,0.9482414205268975,3758,15.528924969024956
20240126,S36N2024,S36N2029,0.903183309290686,0.9452670618877629,4197,17.342974479775876
20240126,S36N2024,S36N2030,0.9202035760227205,0.9540047958576676,3145,12.995867223944515
20240126,S36N2025,S36N2026,0.9631205921883489,0.9764753783530055,1831,7.566115385387093
20240126,S36N2025,S36N2027,0.9567572897292723,0.9662114251041045,1428,5.900826198980212
20240126,S36N2025,S36N2028,0.9582458233488255,0.9682832225560062,1364,5.636363400146365
20240126,S36N2025,S36N2029,0.9365176652054588,0.9472842301424249,1439,5.94628074252978
20240126,S36N2025,S36N2030,0.9463312464815704,0.9496323548484121,633,2.6157023697160184
20240126,S36N2026,S36N2027,0.9740199583450594,0.9740199583450595,0,0.0
20240126,S36N2026,S36N2028,0.973888141345398,0.9740400707585564,-35,-0.1446280931122601
20240126,S36N2026,S36N2029,0.9500353984093665,0.9500353984093663,0,0.0
20240126,S36N2026,S36N2030,0.946625816602079,0.946625816602079,0,0.0
20240126,S36N2027,S36N2028,0.9773986751913767,0.9773986751913767,0,0.0
20240126,S36N2027,S36N2029,0.9549203693509152,0.9550457410834258,19,0.07851239340379834
20240126,S36N2027,S36N2030,0.9537175869244782,0.9537175869244782,0,0.0
20240126,S36N2028,S36N2029,0.9690132398014647,0.9704320532620592,169,0.6983470781706274
20240126,S36N2028,S36N2030,0.9625515306817368,0.9647443222645852,-325,-1.3429751503281295
20240126,S36N2029,S36N2030,0.9665876269426844,0.9688528068386583,-393,-1.623966874089092
20240127,S36N2032,S36N2033,0.9402402230103144,0.9505516604820056,1318,5.446280763484538
20240127,S36N2032,S36N2035,0.934876307154195,0.9647551806240332,2910,12.024792884476483
20240127,S36N2032,S36N2036,0.9245900352207846,0.94294696858485,2671,11.037189620081335
20240127,S36N2032,S36N2037,0.9503552472446208,0.9668607602601635,2103,8.690082280430943
20240127,S36N2032,S36N2038,0.9541279713102412,0.958533637898691,385,1.5909090242348611
20240127,S36N2033,S36N2035,0.9370085564498263,0.9382855807421899,192,0.7933883965015411
20240127,S36N2033,S36N2036,0.9139963132864759,0.9318043171676089,-1778,-7.347107130102813
20240127,S36N2033,S36N2037,0.9428583531573995,0.9448561109402571,290,1.1983470572158694
20240127,S36N2033,S36N2038,0.912942647246214,0.9183962419595799,-895,-3.69834695244208
20240127,S36N2035,S36N2036,0.9416531902169236,0.9419374631424922,-164,-0.677685922011733
20240127,S36N2035,S36N2037,0.9564935911931055,0.9587002515809093,-409,-1.6900825737975538
20240127,S36N2035,S36N2038,0.9189847556181009,0.9322083301110897,-2475,-10.227272298652679
20240127,S36N2036,S36N2037,0.9587177729368485,0.9598636848376055,-181,-0.7479338529519737
20240127,S36N2036,S36N2038,0.9361237362257523,0.9473406761057649,-2301,-9.508264064323157
20240127,S36N2037,S36N2038,0.9496737066596979,0.9623622790439488,-893,-3.690082489978522
20240128,S36N2040,S36N2041,0.9595153459079608,0.9719391340843625,1501,6.202479078900069
20240128,S36N2040,S36N2042,0.9229819789842344,0.9477795724593565,4037,16.681817482691258
20240128,S36N2040,S36N2043,0.91885800856177,0.9436486465774646,3735,15.433883650694042
20240128,S36N2041,S36N2042,0.940360142254227,0.9606219692582526,1854,7.661156703718007
20240128,S36N2041,S36N2043,0.931910190026652,0.9525972407599961,2266,9.363635971210897
20240128,S36N2042,S36N2043,0.9736939702091295,0.9763468235453518,292,1.2066115196794271
20240129,S36N2048,S36N2049,0.9568058218791174,0.97557939507704,1690,6.9834707817062736
20240129,S36N2048,S36N2050,0.9407276642598202,0.9790982091063601,3808,15.7355365306139
20240129,S36N2048,S36N2051,0.9261120123539983,0.9723646877119415,4787,19.780990906525403
20240129,S36N2049,S36N2050,0.9607587748994092,0.9841571051844261,1884,7.785123640671372
20240129,S36N2049,S36N2051,0.9385867847285071,0.9744611577207978,3036,12.54545401968062
20240129,S36N2050,S36N2051,0.9664140756016781,0.9705821649984857,1713,7.078512100037187
20240130,S36N2056,S36N2057,0.944151419457245,0.9797622640684266,2997,12.384297001641244
20240130,S36N2056,S36N2058,0.9167127210081202,0.9571911098627399,4082,16.867767888121307
20240130,S36N2057,S36N2058,0.9553608708185191,0.9673702145239323,992,4.099173381924629
20240131,S36N2065,S36N2069,0.9282113387449682,0.9338004415497562,-1275,-5.268594820518047
20240131,S36N2065,S36N2070,0.8730568488624866,0.9302138687759296,-5107,-21.10330490069464
20240131,S36N2065,S36N2071,0.9026733738294805,0.9285173411387831,-2558,-10.570247490890324
20240131,S36N2069,S36N2070,0.9453310099527412,0.9399423065534731,-401,-1.657024723943323
20240131,S36N2069,S36N2071,0.9504747576227662,0.9471600705092998,-1011,-4.1776857753284276
20240131,S36N2070,S36N2071,0.9413590463552874,0.9468167844247074,403,1.6652891864068806
20240201,S36N2074,S36N2076,0.9717860541351837,0.9743959790612974,703,2.9049585559405386
20240201,S36N2074,S36N2078,0.9708425410044943,0.9712893843020267,-287,-1.1859503635205328
20240201,S36N2074,S36N2079,0.9638242521533168,0.9707976627982354,-734,-3.0330577241256833
20240201,S36N2076,S36N2078,0.9572753055373249,0.9603082247591955,277,1.1446280512027442
20240201,S36N2076,S36N2079,0.9539553558280182,0.9539553558280182,0,0.0
20240201,S36N2078,S36N2079,0.9676302533460857,0.9680223591813755,-58,-0.23966941144317389
20240202,S36N2085,S36N2087,0.8439946810075447,0.8668707895216006,-4135,-17.086776143405586
20240203,S36N2090,S36N2091,0.9760997003875957,0.9768829971644533,405,1.6735536488704383
20240204,S36N2102,S36N2103,0.9677127431284589,0.9672907898813516,69,0.28512395499274135
20240204,S36N2102,S36N2104,0.9393775437754236,0.9445235878985127,-1639,-6.772726988885552
20240204,S36N2102,S36N2105,0.9383281560879237,0.9453471192571602,-1541,-6.367768328171223
20240204,S36N2103,S36N2104,0.949493953206447,0.9585241913819217,-1683,-6.9545451630838215
20240204,S36N2103,S36N2105,0.9432138423256841,0.9500432624448911,-2115,-8.739669055212289
20240204,S36N2104,S36N2105,0.9434007312526218,0.9436593439567691,-3011,-12.442148238886148
20240205,S36N2108,S36N2109,0.7367675828463286,0.8272265071000114,-24200,-99.99999580904841
20240205,S36N2108,S36N2110,0.966282700392606,0.9690451848546383,-1057,-4.367768411990255
20240205,S36N2109,S36N2110,0.7422400564762759,0.8233869305639253,24199,99.99586357781664
20240207,S36N2126,S36N2129,0.9025637404500015,0.9614144165455414,-7488,-30.942147463560104
20240207,S36N2126,S36N2130,0.8989144401850002,0.957282022444661,-7894,-32.61983334366232
20240207,S36N2129,S36N2130,0.9753110557869417,0.9754561035783161,-408,-1.685950342565775
20240208,S36N2135,S36N2136,0.963250543406938,0.976471113933459,-1131,-4.673553523141891
20240208,S36N2135,S36N2137,0.9468693531016558,0.9673532228046846,-2580,-10.661156577989459
20240208,S36N2135,S36N2138,0.9283239811419469,0.9679870188102877,-4468,-18.462809143587947
20240208,S36N2135,S36N2139,0.912139292231332,0.9621743703779976,-6102,-25.214874976314604
20240208,S36N2135,S36N2140,0.8947624308418411,0.9562536245488129,-9316,-38.49586615525186
20240208,S36N2136,S36N2137,0.968184587524171,0.9732604155077541,-1570,-6.48760303389281
20240208,S36N2136,S36N2138,0.9420540278158973,0.9610723986628341,-2786,-11.512396211735904
20240208,S36N2136,S36N2139,0.9237821492729806,0.9650617732465537,-5603,-23.152891591656953
20240208,S36N2136,S36N2140,0.9075219337923593,0.9626654677648766,-8159,-33.71487462008372
20240208,S36N2137,S36N2138,0.9609764583451953,0.9728174048442397,-987,-4.078512225765735
20240208,S36N2137,S36N2139,0.9397851250314615,0.9718310882396555,-3324,-13.735536614432931
20240208,S36N2137,S36N2140,0.9246220095467034,0.9671294668455109,-5646,-23.330577534623444
20240208,S36N2138,S36N2139,0.9551582258871408,0.978473321385317,-2328,-9.619834307581186
20240208,S36N2138,S36N2140,0.9348997564387869,0.9710365030060416,-4210,-17.396693485789
20240208,S36N2139,S36N2140,0.9741768403066927,0.983209527746744,-1425,-5.888429505284876
20240209,S36N2144,S36N2148,0.966913604957297,0.9694034690658557,1162,4.801652691327035
20240209,S36N2144,S36N2149,0.9372701704236528,0.9434361096994136,3613,14.929751440417022
20240209,S36N2144,S36N2150,0.9556579323077736,0.9529258962270087,475,1.9628098350949585
20240209,S36N2148,S36N2149,0.9638041627310054,0.9640477648367443,-84,-0.34710742346942425
20240209,S36N2148,S36N2150,0.9679974968683025,0.9682076429227469,-168,-0.6942148469388485
20240209,S36N2149,S36N2150,0.963834769341482,0.9743889419768819,666,2.752066000364721
20240210,S36N2153,S36N2155,0.8971968747470787,0.8995054667092548,676,2.7933883126825094
20240210,S36N2153,S36N2157,0.9416796934380599,0.941722304351308,-56,-0.23140494897961617
20240210,S36N2153,S36N2158,0.939672040992184,0.9575276860766799,-3166,-13.082644079811871
20240210,S36N2153,S36N2159,0.9392584947314925,0.9587287785889118,-2057,-8.499999643769115
20240210,S36N2155,S36N2157,0.9423339848464327,0.9459791126109935,-1456,-6.01652867347002
20240210,S36N2155,S36N2158,0.9292195235702243,0.9355322438581991,-3027,-12.50826393859461
20240210,S36N2155,S36N2159,0.9282994281215668,0.9352233465055462,-4129,-17.061982756014913
20240210,S36N2157,S36N2158,0.9730623388982377,0.9731552740809706,-225,-0.9297520271502435
20240210,S36N2157,S36N2159,0.9682017888785529,0.9699810235536336,390,1.6115701803937554
20240210,S36N2158,S36N2159,0.9815824574579499,0.9814995092131527,226,0.9338842583820224
20240211,S36N2163,S36N2165,0.9546544284338949,0.9593441622329988,2180,9.008264085277915
20240211,S36N2163,S36N2167,0.9540351665091005,0.9543266386848875,675,2.7892560814507306
20240211,S36N2163,S36N2168,0.9508770643391578,0.9548602937940034,1008,4.165289081633091
20240211,S36N2165,S36N2167,0.9789014003945113,0.9789217519292012,-469,-1.9380164477042854
20240211,S36N2165,S36N2168,0.9705975875778493,0.9706452694457228,-89,-0.36776857962831855
20240211,S36N2167,S36N2168,0.9820136322066343,0.9828212135484533,147,0.6074379910714924
20240212,S36N2172,S36N2173,0.977732923443841,0.9781483987473575,214,0.8842974836006761
20240212,S36N2172,S36N2175,0.9632684343330478,0.9658561115783144,-1053,-4.35123948706314
20240212,S36N2172,S36N2178,0.9490949558845533,0.9548620482863914,-2580,-10.661156577989459
20240212,S36N2173,S36N2175,0.9795578359518085,0.9813232787071441,-709,-2.929751943331212
20240212,S36N2173,S36N2178,0.9583868906774452,0.9653199427621908,-2385,-9.855371487792581
20240212,S36N2175,S36N2178,0.9645175482041137,0.966931088350998,-923,-3.814049426931888
20240213,S36N2181,S36N2183,0.960095937440654,0.9631568933865657,-1596,-6.595041045919061
20240213,S36N2181,S36N2186,0.9550731677526133,0.9442248044088465,-2809,-11.607437530066818
20240213,S36N2181,S36N2187,0.9408566418434746,0.9495704171898613,-3655,-15.103305152151734
20240213,S36N2183,S36N2186,0.975872341819439,0.9754094612387515,-238,-0.9834710331633687
20240213,S36N2183,S36N2187,0.9521735666166873,0.961823287776406,-2572,-10.628098728135228
20240213,S36N2186,S36N2187,0.9517942701754868,0.9724365484591068,-1538,-6.355371634475887
20240214,S36N2190,S36N2192,0.9538684078291016,0.9663237642334144,1756,7.256198043003678
20240214,S36N2190,S36N2193,0.9568727800505079,0.9562580493454663,1237,5.11157003371045
20240214,S36N2190,S36N2194,0.9480115703687253,0.9486953117984431,178,0.7355371592566371
20240214,S36N2190,S36N2195,0.9377149253836342,0.9368905007149354,209,0.8636363274417818
20240214,S36N2190,S36N2196,0.9405820011746377,0.9496511371729537,-866,-3.578512246720493
20240214,S36N2192,S36N2193,0.978512307484745,0.9802956098139801,-319,-1.3181817629374564
20240214,S36N2192,S36N2194,0.960824053651109,0.9625436401343379,-1031,-4.260330399964005
20240214,S36N2192,S36N2195,0.9549981472350688,0.9571930687289891,-603,-2.4917354327626526
20240214,S36N2192,S36N2196,0.9531642688216062,0.9682515295337714,-2879,-11.896693716291338
20240214,S36N2193,S36N2194,0.9692994136101468,0.9693330534603402,40,0.1652892492711544
20240214,S36N2193,S36N2195,0.9640827453509999,0.9659977613536809,-486,-2.008264378644526
20240214,S36N2193,S36N2196,0.9607356723944095,0.9743685189378728,-1798,-7.4297517547383904
20240214,S36N2194,S36N2195,0.9776381092412229,0.9803733087751383,-355,-1.4669420872814953
20240214,S36N2194,S36N2196,0.9665144473399216,0.97405629978588,-1621,-6.698346826713532
20240214,S36N2195,S36N2196,0.9658348233610525,0.9715909554804325,-1189,-4.913222934585065
20240215,S36N2198,S36N2203,0.9049240149676768,0.9523268624682558,-3408,-14.082644037902355
20240215,S36N2198,S36N2204,0.9511436707355575,0.9630643715847447,980,4.049586607143283
20240215,S36N2203,S36N2204,0.9214828741747483,0.983582507958367,4386,18.12396618258208
20240216,S36N2210,S36N2212,0.9147194285927621,0.9705518454623442,5929,24.49999897321686
20240217,S36N2214,S36N2215,0.9809607124690046,0.9817730563878116,92,0.38016527332365513
20240217,S36N2214,S36N2216,0.7853815965046832,0.8944002685645221,-24200,-99.99999580904841
20240217,S36N2214,S36N2218,0.8046690330590509,0.8048949745064992,-1592,-6.578512120991945
20240217,S36N2214,S36N2219,0.7930993874446527,0.8654477997145312,-24200,-99.99999580904841
20240217,S36N2214,S36N2220,0.7982036610290869,0.8424604211713487,-24200,-99.99999580904841
20240217,S36N2215,S36N2216,0.7646820983626843,0.8847532472511188,-24200,-99.99999580904841
20240217,S36N2215,S36N2218,0.7865117574718683,0.7847903475975074,-1043,-4.309917174745351
20240217,S36N2215,S36N2219,0.7765462680657436,0.8436365256673966,-24200,-99.99999580904841
20240217,S36N2215,S36N2220,0.7820710312038842,0.7826246315762363,461,1.9049585978500545
20240217,S36N2216,S36N2218,0.7802981822974426,0.9195245461808599,-9507,-39.28512232052162
20240217,S36N2216,S36N2219,0.8573772223778151,0.93188196290312,-4117,-17.012395981233567
20240217,S36N2216,S36N2220,0.8004304469172431,0.9180864316773121,-6805,-28.119833532255143
20240217,S36N2218,S36N2219,0.8686862013805153,0.9532809627918748,5279,21.814048672560602
20240217,S36N2218,S36N2220,0.9397779356071824,0.9758678405148831,2059,8.508264106232673
20240217,S36N2219,S36N2220,0.8912152152758196,0.9589184378949853,-4184,-17.28925547376275
20240219,S36N2224,S36N2225,0.9767864582434914,0.9840094015387535,460,1.9008263666182756
20240219,S36N2224,S36N2226,0.9650189075013608,0.9686918466881238,487,2.012396609876305
20240219,S36N2224,S36N2227,0.9451760777797686,0.954877813098063,1902,7.859503802843392
20240219,S36N2224,S36N2228,0.9425560758055445,0.956927325427652,2576,10.644627653062344
20240219,S36N2224,S36N2229,0.9536158209046258,0.966689742848063,1957,8.08677652059123
20240219,S36N2225,S36N2226,0.9759228797231476,0.9756752688271749,80,0.3305784985423088
20240219,S36N2225,S36N2227,0.948831568659851,0.957266983348368,1718,7.099173256196082
20240219,S36N2225,S36N2228,0.9443825227314389,0.9594143554492264,2087,8.623966580722481
20240219,S36N2225,S36N2229,0.9543594813197823,0.9661674281929059,1561,6.450412952806801
20240219,S36N2226,S36N2227,0.9486698690390376,0.9662021964660884,1602,6.619834433309734
20240219,S36N2226,S36N2228,0.938256272495658,0.9660460273919289,2057,8.499999643769115
20240219,S36N2226,S36N2229,0.9483731808818615,0.9602186494514975,1505,6.219008003827184
20240219,S36N2227,S36N2228,0.974591511531677,0.9797947412029451,626,2.5867767510935664
20240219,S36N2227,S36N2229,0.961053890119968,0.961912224600426,-166,-0.6859503844752908
20240219,S36N2228,S36N2229,0.961345438816,0.9679508852956265,-742,-3.066115573979914
20240221,S36N2231,S36N2232,0.9698959015781249,0.9730593331116603,-737,-3.04545441782102
20240221,S36N2231,S36N2233,0.9710187945305436,0.9763450108731677,-846,-3.4958676220849156
20240221,S36N2231,S36N2234,0.9623825364222387,0.9665023794242914,-1191,-4.921487397048622
20240221,S36N2231,S36N2237,0.9633428572399809,0.9634524956653292,-135,-0.5578512162901461
20240221,S36N2232,S36N2233,0.9703946975378058,0.9706127727287083,-146,-0.6033057598397136
20240221,S36N2232,S36N2234,0.9603007542665811,0.9583721067752181,-882,-3.6446279464289546
20240221,S36N2232,S36N2237,0.9565121828364083,0.9546407134854191,546,2.2561982525512576
20240221,S36N2233,S36N2234,0.9684729905745869,0.9665382025172995,-204,-0.8429751712828875
20240221,S36N2233,S36N2237,0.9530401211764458,0.9567687003113695,-826,-3.4132229974493384
20240221,S36N2234,S36N2237,0.922505227092252,0.9223164055239043,1096,4.528925430029631
20240222,S36N2240,S36N2241,0.9761696580432149,0.9827110176008621,-1181,-4.880165084730834
20240222,S36N2240,S36N2242,0.9637300105550325,0.9719888722403381,-1734,-7.165288955904543
20240222,S36N2240,S36N2243,0.96634884119555,0.9779040295951545,-2078,-8.586776499636471
20240222,S36N2240,S36N2244,0.969529127985176,0.9774553313745715,-1538,-6.355371634475887
20240222,S36N2240,S36N2245,0.9640389253402101,0.951595930404713,-1347,-5.5661154692061245
20240222,S36N2241,S36N2242,0.9825116882950167,0.9839558345001449,-551,-2.276859408710152
20240222,S36N2241,S36N2243,0.9844724110297162,0.9878042401518887,-823,-3.400826303754002
20240222,S36N2241,S36N2244,0.9861057125956126,0.9862841810738769,-540,-2.2314048651605844
20240222,S36N2241,S36N2245,0.9823417135463979,0.9828880711658642,33,0.13636363064870238
20240222,S36N2242,S36N2243,0.9830150236558157,0.9850727073597867,-416,-1.7190081924200058
20240222,S36N2242,S36N2244,0.9844563612505822,0.9845334312388374,-19,-0.07851239340379834
20240222,S36N2242,S36N2245,0.9804446661542607,0.9817134780878247,581,2.4008263456635177
20240222,S36N2243,S36N2244,0.9882225243867672,0.9897303920201748,337,1.3925619251094759
20240222,S36N2243,S36N2245,0.9788000680503995,0.9864245470056341,724,2.9917354118078947
20240222,S36N2244,S36N2245,0.9859417395583285,0.9900171923410525,443,1.830578435678035
20240223,S36N2249,S36N2250,0.9220531957908443,0.9262792644137252,358,1.479338780976832
20240223,S36N2249,S36N2252,0.9608565974839192,0.9783141411191043,-2030,-8.388429400511086
20240223,S36N2249,S36N2253,0.9482961882515054,0.9749647566341981,-2846,-11.760330085642636
20240223,S36N2249,S36N2254,0.9405670054270059,0.9640063377673013,-2722,-11.247933412902057
20240223,S36N2250,S36N2252,0.9337039054453768,0.9741873760791238,-2781,-11.49173505557701
20240223,S36N2250,S36N2253,0.9129690452041442,0.9500747110489213,-3099,-12.805784587282687
20240223,S36N2250,S36N2254,0.9009489746975317,0.9283477820494371,-3059,-12.640495338011533
20240223,S36N2252,S36N2253,0.9770383053969939,0.9823362837971531,-734,-3.0330577241256833
20240223,S36N2252,S36N2254,0.9624129322764933,0.9669367765551676,-667,-2.7561982315964997
20240223,S36N2253,S36N2254,0.9739954113898432,0.9745757374805912,-210,-0.8677685586735606
20240227,S36N2282,S36N2285,0.9666151362384856,0.9671720341647854,-68,-0.2809917237609625
20240228,S36N2290,S36N2292,0.9607498194343732,0.967638508026351,-928,-3.834710583090782
20240301,S36N2306,S36N2312,0.945437399203923,0.9628458713126604,2272,9.38842935860157
20240302,S36N2314,S36N2317,0.9664371221664954,0.9716081319017331,-919,-3.7975205020047724
20240303,S36N2323,S36N2325,0.9726756189623468,0.9825177793128144,1082,4.471074192784727
20240303,S36N2323,S36N2326,0.9752618397562521,0.9765850238883579,147,0.6074379910714924
20240303,S36N2323,S36N2327,0.9657046022501943,0.9691638789633955,445,1.8388428981415927
20240303,S36N2323,S36N2329,0.9501946155221211,0.969888470197387,2007,8.293388082180172
20240303,S36N2325,S36N2326,0.986794602617288,0.986794602617288,0,0.0
20240303,S36N2325,S36N2327,0.9802846044976526,0.9816727241511053,244,1.0082644205540419
20240303,S36N2325,S36N2329,0.9666228299666069,0.9747770388707107,1108,4.578512204810977
20240303,S36N2326,S36N2327,0.9867854870284958,0.9867854870284958,0,0.0
20240303,S36N2326,S36N2329,0.9739097004028157,0.9799491763624555,755,3.1198345799930394
20240303,S36N2327,S36N2329,0.9773160085662768,0.9800747615652726,563,2.3264461834914982
20240304,S36N2331,S36N2332,0.964203181125036,0.9715797722889948,1057,4.367768411990255
20240304,S36N2331,S36N2334,0.9608650854068506,0.9758088598997466,1939,8.01239635841921
20240304,S36N2331,S36N2336,0.9485302578652055,0.9787631061132037,3327,13.747933308128268
20240304,S36N2332,S36N2334,0.9616981262823929,0.9616981262823929,0,0.0
20240304,S36N2332,S36N2336,0.9599575383497518,0.9695052064576402,924,3.8181816581636667
20240304,S36N2334,S36N2336,0.9683624142879949,0.9777600819929054,1039,4.293388249818236
20240305,S36N2339,S36N2342,0.9603307326362573,0.9799757364925847,-2164,-8.942148385569453
20240305,S36N2339,S36N2343,0.9282061484162771,0.9705938811226679,-4832,-19.966941311955452
20240305,S36N2342,S36N2343,0.9608171781955894,0.9715736027415978,-1723,-7.119834412354976
20240306,S36N2349,S36N2350,0.9659268429975059,0.9701133631547891,679,2.805785006377846
20240306,S36N2349,S36N2355,0.9399688257970408,0.9628445085652718,3015,12.458677163813263
20240306,S36N2350,S36N2355,0.9510701261157118,0.9640098386851044,1662,6.8677683072164655
20240308,S36N2361,S36N2362,0.9759139103304748,0.9819592862629416,-879,-3.632231252733618
20240308,S36N2361,S36N2363,0.9707755062112874,0.9815010095732675,-1502,-6.206611310131848
20240308,S36N2361,S36N2364,0.9653491544372853,0.9813608124263714,-2241,-9.260330190416425
20240308,S36N2361,S36N2365,0.9742613210148585,0.980125518642523,-860,-3.5537188593298197
20240308,S36N2362,S36N2363,0.980188105453353,0.9827445560950834,-386,-1.59504125546664
20240308,S36N2362,S36N2364,0.976400444230327,0.980531598362693,-917,-3.7892560395412147
20240308,S36N2362,S36N2365,0.9789238606623095,0.9792840709927,-81,-0.33471072977408767
20240308,S36N2363,S36N2364,0.986213011858599,0.9881041779277431,-415,-1.714875961188227
20240308,S36N2363,S36N2365,0.984886282647357,0.984886282647357,0,0.0
20240308,S36N2364,S36N2365,0.9838389971593363,0.9889113778620718,838,3.4628097722306848
20240310,S36N2376,S36N2377,0.9795122179914231,0.9811566784654445,242,0.9999999580904841
20240310,S36N2376,S36N2378,0.9840499230020738,0.9850842711307001,217,0.8966941772960126
20240310,S36N2376,S36N2379,0.9868125550830679,0.9868125550830679,0,0.0
20240310,S36N2376,S36N2380,0.9807019380191108,0.9850430041393152,765,3.161156892310828
20240310,S36N2376,S36N2381,0.9805027995067933,0.9806537316348916,59,0.24380164267495275
20240310,S36N2376,S36N2382,0.9804530152734874,0.980536752904212,60,0.2479338739067316
20240310,S36N2377,S36N2378,0.9665540302157932,0.9665540302157932,0,0.0
20240310,S36N2377,S36N2379,0.9770850718735035,0.9770850718735035,0,0.0
20240310,S36N2377,S36N2380,0.9723525457153455,0.9735476485898847,427,1.7644627359695733
20240310,S36N2377,S36N2381,0.9628495161285276,0.9629386164218778,-29,-0.11983470572158694
20240310,S36N2377,S36N2382,0.9644912014233858,0.9644912014233858,0,0.0
20240310,S36N2378,S36N2379,0.9842544119555185,0.9848182307854539,-149,-0.6157024535350502
20240310,S36N2378,S36N2380,0.9846560380371805,0.9863267996773699,352,1.4545453935861588
20240310,S36N2378,S36N2381,0.984048776514643,0.9848675261131429,-208,-0.8595040962100029
20240310,S36N2378,S36N2382,0.9838325819912349,0.983832581991235,0,0.0
20240310,S36N2379,S36N2380,0.9827802459916327,0.9897255051070644,931,3.8471072767861187
20240310,S36N2379,S36N2381,0.9848462870275052,0.9848462870275052,0,0.0
20240310,S36N2379,S36N2382,0.9849798083927229,0.9849798083927229,0,0.0
20240310,S36N2380,S36N2381,0.9806204518627425,0.9864194989580519,-1011,-4.1776857753284276
20240310,S36N2380,S36N2382,0.9817883897695684,0.9848909881014194,-704,-2.9090907871723175
20240310,S36N2381,S36N2382,0.9855435038086666,0.9855435038086666,0,0.0
20240316,S36N2387,S36N2389,0.9202782208126238,0.9852935442430137,-5792,-23.933883294463158
20240316,S36N2387,S36N2390,0.8787680525292609,0.9752963873628583,-8573,-35.42561835004017
20240316,S36N2387,S36N2391,0.930501356041987,0.9670069235105553,-4759,-19.665288432035595
20240316,S36N2387,S36N2392,0.915319208237808,0.9657833889277099,-6023,-24.888428709004074
20240316,S36N2389,S36N2390,0.9516251005988778,0.9783128675692153,-3229,-13.34297464741394
20240316,S36N2389,S36N2391,0.9675144078552943,0.9701744730464045,640,2.6446279883384705
20240316,S36N2389,S36N2392,0.9680755582442108,0.9680943703314678,-25,-0.1033057807944715
20240316,S36N2390,S36N2391,0.9302580716930782,0.9788672734268717,4080,16.85950342565775
20240316,S36N2390,S36N2392,0.9621853589599738,0.9768529575228194,1726,7.1322311060503125
20240316,S36N2391,S36N2392,0.9630730197941214,0.9771999501566971,-2174,-8.983470697887242
20240317,S36N2394,S36N2395,0.907310616573909,0.956394080433792,-4313,-17.822313302662224
20240317,S36N2394,S36N2396,0.9355643394070596,0.9684087552358607,-3663,-15.136363002005965
20240317,S36N2394,S36N2397,0.967057136604405,0.967057136604405,0,0.0
20240317,S36N2394,S36N2398,0.9557395137698702,0.9564773277364703,402,1.6611569551751018
20240317,S36N2394,S36N2399,0.9514576776345988,0.9554963230663384,1377,5.69008240615949
20240317,S36N2395,S36N2396,0.9727352821527337,0.9797682600206316,1004,4.1487601567059755
20240317,S36N2395,S36N2397,0.9033129180492945,0.9557728678485747,5729,23.67355272686109
20240317,S36N2395,S36N2398,0.8856893204055931,0.9452419745981933,7164,29.603304544463754
20240317,S36N2395,S36N2399,0.887101561167618,0.9472435410554987,7958,32.88429614249617
20240317,S36N2396,S36N2397,0.9331934590125885,0.9639345481278463,3942,16.289255515672266
20240317,S36N2396,S36N2398,0.9186148814104522,0.9571532706245839,4290,17.72727198433131
20240317,S36N2396,S36N2399,0.9151082117593066,0.9533271249053984,6358,26.272726171649992
20240317,S36N2397,S36N2398,0.9762124864285602,0.9772304922064496,253,1.0454545016400516
20240317,S36N2397,S36N2399,0.9762837823571002,0.9777831387396108,382,1.5785123305395246
20240317,S36N2398,S36N2399,0.9731067139728932,0.9733969481207415,50,0.206611561588943
20240318,S36N2403,S36N2404,0.9641995626533644,0.972584734847821,1971,8.144627757836133
20240318,S36N2403,S36N2405,0.9315850896996993,0.9705060638313093,4678,19.330577702261508
20240318,S36N2403,S36N2406,0.9184988929423493,0.9669300292795486,5378,22.22313956450671
20240318,S36N2403,S36N2407,0.9176093654636039,0.9673487648448464,5576,23.041321348398924
20240318,S36N2403,S36N2408,0.9308426295251703,0.9675944916479202,4194,17.33057778608054
20240318,S36N2404,S36N2405,0.9589292100121284,0.9807450624907781,2364,9.768594631925225
20240318,S36N2404,S36N2406,0.946754523065692,0.9787375596025834,3479,14.376032455358654
20240318,S36N2404,S36N2407,0.9453607082757484,0.9747929289423722,3198,13.214875479228795
20240318,S36N2404,S36N2408,0.954701596449796,0.9737033805560382,2779,11.483470593113452
20240318,S36N2405,S36N2406,0.9875759937652856,0.9902896202262919,541,2.2355370963923633
20240318,S36N2405,S36N2407,0.9815211509423616,0.9856920781928603,951,3.929751901421696
20240318,S36N2405,S36N2408,0.9841398094311244,0.9841593648501017,-7,-0.02892561862245202
20240318,S36N2406,S36N2407,0.9871732161509509,0.9871732161509509,0,0.0
20240318,S36N2406,S36N2408,0.9806276555173176,0.9848809081991905,-541,-2.2355370963923633
20240318,S36N2407,S36N2408,0.9779497412967847,0.9860093243920086,-1092,-4.512396505102515
20240319,S36N2411,S36N2412,0.9341175292725301,0.9854777785011544,4406,18.206610807217658
20240319,S36N2411,S36N2414,0.9241960019676994,0.9852072730848518,5885,24.31818079901859
20240319,S36N2411,S36N2415,0.9378923742630227,0.9834226882140412,4732,19.553718188777566
20240319,S36N2411,S36N2416,0.9412509680490022,0.9801171405698439,4945,20.433883441146463
20240319,S36N2412,S36N2414,0.9843726261550648,0.9883185208794454,603,2.4917354327626526
20240319,S36N2412,S36N2415,0.9827400433677699,0.9827400433677699,0,0.0
20240319,S36N2412,S36N2416,0.9769155410266497,0.9768693804134034,34,0.14049586188048124
20240319,S36N2414,S36N2415,0.9835748355235864,0.9863707734589306,-359,-1.4834710122086108
20240319,S36N2414,S36N2416,0.9765038548431517,0.979541063376034,-779,-3.219008129555732
20240319,S36N2415,S36N2416,0.9860707055662267,0.9860739229296868,-2,-0.00826446246355772
20240320,S36N2418,S36N2419,0.9642022145749555,0.9812705115507615,2338,9.661156619898975
20240320,S36N2418,S36N2420,0.9013438582142811,0.9609668656529743,7250,29.958676430396736
20240320,S36N2418,S36N2421,0.9061511937883024,0.9619447815821296,7085,29.276858277153224
20240320,S36N2418,S36N2423,0.9171779902291626,0.9550790540667041,6355,26.260329477954656
20240320,S36N2418,S36N2424,0.9134225964531458,0.9551349053663354,5940,24.54545351676643
20240320,S36N2419,S36N2420,0.9407623994596187,0.9714288851875443,4595,18.987602510023862
20240320,S36N2419,S36N2421,0.9442908355454935,0.9724735525250036,4833,19.97107354318723
20240320,S36N2419,S36N2423,0.9530830707525767,0.9691755579914771,2863,11.830578016582876
20240320,S36N2419,S36N2424,0.9494323273609512,0.9710578264963465,3165,13.078511848580092
20240320,S36N2420,S36N2421,0.9887589175913687,0.9900601312473308,-380,-1.5702478680759668
20240320,S36N2420,S36N2423,0.9779744401880565,0.9862982529659079,-1426,-5.8925617365166545
20240320,S36N2420,S36N2424,0.9815389147738239,0.98585989041701,-782,-3.2314048232510686
20240320,S36N2421,S36N2423,0.9842196171663814,0.9902003720524797,-1083,-4.4752064240165055
20240320,S36N2421,S36N2424,0.9862637556515598,0.9879917280996569,-422,-1.743801579810679
20240320,S36N2423,S36N2424,0.9879704429517837,0.988979996528794,188,0.7768594715744257
20240321,S36N2426,S36N2428,0.9853405214758097,0.9883643625704815,417,1.7231404236517847
20240321,S36N2426,S36N2429,0.9434454808421375,0.9749961816558749,3220,13.30578456632793
20240321,S36N2426,S36N2430,0.919225372627608,0.96975698607448,4711,19.46694133291021
20240321,S36N2426,S36N2431,0.8959617244988812,0.9723406650632167,7188,29.702478094026446
20240321,S36N2426,S36N2432,0.9197861495761686,0.9776582745868257,6122,25.29751960095018
20240321,S36N2426,S36N2433,0.9427122918894205,0.9741413730729535,3881,16.037189410533756
20240321,S36N2428,S36N2429,0.9522214982524206,0.9786400629018515,2126,8.785123598761857
20240321,S36N2428,S36N2430,0.9259556024091932,0.9758886034920613,3838,15.859503467567265
20240321,S36N2428,S36N2431,0.9062683360484447,0.9760248949386214,6521,26.946279862429947
20240321,S36N2428,S36N2432,0.9271677137016757,0.9811459238237122,5566,22.999999036081135
20240321,S36N2428,S36N2433,0.949629771098185,0.9747526068025928,3067,12.673553187865764
20240321,S36N2429,S36N2430,0.9743937217994125,0.9878660790021475,1397,5.7727270307950675
20240321,S36N2429,S36N2431,0.948210219751549,0.9844111530594717,3436,14.198346512392163
20240321,S36N2429,S36N2432,0.9653242040099325,0.9830073304139385,2221,9.177685565780848
20240321,S36N2429,S36N2433,0.9792516971742352,0.9792516971742354,0,0.0
20240321,S36N2430,S36N2431,0.9673864019053113,0.9858644532229,1803,7.450412910897285
20240321,S36N2430,S36N2432,0.9790650438706491,0.9830822716840432,738,3.0495866490527987
20240321,S36N2430,S36N2433,0.9739918500287049,0.9782929631329994,-1244,-5.140495652332902
20240321,S36N2431,S36N2432,0.9824951989042221,0.9862718263606838,-800,-3.305784985423088
20240321,S36N2431,S36N2433,0.9535043386565286,0.98056165465848,-2806,-11.595040836371481
20240321,S36N2432,S36N2433,0.9719011546766563,0.9885781542607571,-1740,-7.190082343295217
20240322,S36N2435,S36N2436,0.9619133360030161,0.9882697474424857,2949,12.185949902515858
20240322,S36N2435,S36N2437,0.9833671225812599,0.9857827853706513,660,2.7272726129740477
20240322,S36N2435,S36N2438,0.9696332178707988,0.9836629708835879,-2051,-8.475206256378442
20240322,S36N2435,S36N2439,0.9827204253780748,0.9826958093809846,-132,-0.5454545225948095
20240322,S36N2435,S36N2440,0.9772475485313638,0.9785849468571755,-546,-2.2561982525512576
20240322,S36N2435,S36N2441,0.9618926888342776,0.96873532933023,-2125,-8.780991367530078
20240322,S36N2436,S36N2437,0.9695554712790279,0.9908514175805038,-2500,-10.33057807944715
20240322,S36N2436,S36N2438,0.9370115133260806,0.9895610502969285,-4987,-20.607437152881175
20240322,S36N2436,S36N2439,0.9658271229637243,0.9874953837214222,-2735,-11.301652418915182
20240322,S36N2436,S36N2440,0.9558245591331241,0.9817729212912812,-3106,-12.83471020590514
20240322,S36N2436,S36N2441,0.9410310003585182,0.9723803911303207,-4055,-16.756197644863278
20240322,S36N2437,S36N2438,0.9636279962011394,0.9888040234985189,-2902,-11.991735034622252
20240322,S36N2437,S36N2439,0.984441089128842,0.9866371233989548,-639,-2.6404957571066916
20240322,S36N2437,S36N2440,0.9778902991464563,0.9809544094749757,-855,-3.5330577031709254
20240322,S36N2437,S36N2441,0.9629152584311726,0.9715617170267129,-1551,-6.409090640489012
20240322,S36N2438,S36N2439,0.9726877522825335,0.9919411151133052,2149,8.88016491709277
20240322,S36N2438,S36N2440,0.9707953723585856,0.983973576912735,1916,7.917355040088296
20240322,S36N2438,S36N2441,0.9731107401338724,0.9762736564467958,976,4.0330576822161674
20240322,S36N2439,S36N2440,0.9849864128966133,0.9856933372814688,-343,-1.417355312500149
20240322,S36N2439,S36N2441,0.9736167465957307,0.9800183716022969,-956,-3.9504130575805902
20240322,S36N2440,S36N2441,0.9762350555327249,0.9857877925005532,-1111,-4.590908898506314
20240323,S36N2443,S36N2444,0.7698198718759504,0.7928264512256533,9484,39.19008100219071
20240323,S36N2443,S36N2445,0.7829221723321969,0.7940258900309766,10703,44.22727087372914
20240323,S36N2443,S36N2446,0.9058581450276353,0.9058581450276353,0,0.0
20240323,S36N2443,S36N2448,0.7717273899407224,0.7885358259060655,10626,43.90908906888217
20240323,S36N2443,S36N2450,0.7853120000394966,0.7982528070845641,9206,38.041320719756186
20240323,S36N2444,S36N2445,0.9683002796867304,0.9856783313436259,-1315,-5.433884069789201
20240323,S36N2444,S36N2446,0.8424588896651138,0.8424588896651138,0,0.0
20240323,S36N2444,S36N2448,0.9189578618492057,0.9824703410037051,-5687,-23.499999015126377
20240323,S36N2444,S36N2450,0.976844373357653,0.9835338253735465,-1116,-4.611570054665208
20240323,S36N2445,S36N2446,0.8496213032438945,0.8496213032438946,0,0.0
20240323,S36N2445,S36N2448,0.9392670958954832,0.9858682139642496,-4194,-17.33057778608054
20240323,S36N2445,S36N2450,0.9794609292346765,0.9822121372557306,1073,4.433884111698717
20240323,S36N2446,S36N2448,0.8661933909805739,0.8661933909805739,0,0.0
20240323,S36N2446,S36N2450,0.859756471462344,0.859756471462344,0,0.0
20240323,S36N2448,S36N2450,0.942685403171069,0.9826817200088198,5342,22.07437924016267
20240324,S36N2454,S36N2455,0.9139363799931811,0.9819600973912179,-5528,-22.84297424927354
20240324,S36N2454,S36N2458,0.836456303064217,0.8364563030642173,0,0.0
20240324,S36N2454,S36N2459,0.8166057447194061,0.816605744719406,0,0.0
20240324,S36N2454,S36N2460,0.8303045064482883,0.8303045064482885,0,0.0
20240324,S36N2455,S36N2458,0.8792027412703144,0.8792027412703144,0,0.0
20240324,S36N2455,S36N2459,0.8554963852847002,0.8554963852847002,0,0.0
20240324,S36N2455,S36N2460,0.8646112191462004,0.8646112191462004,0,0.0
20240324,S36N2458,S36N2459,0.9580484325428065,0.9580484325428065,0,0.0
20240324,S36N2458,S36N2460,0.982527977918653,0.982527977918653,0,0.0
20240324,S36N2459,S36N2460,0.97421057877435,0.97421057877435,0,0.0
20240325,S36N2462,S36N2463,0.9208403516836926,0.9208403516836926,0,0.0
20240325,S36N2462,S36N2464,0.9032278884166993,0.9032278884166993,0,0.0
20240325,S36N2462,S36N2465,0.9270563865431021,0.9270563865431021,0,0.0
20240325,S36N2462,S36N2466,0.9193806226266439,0.9193806226266439,0,0.0
20240325,S36N2462,S36N2467,0.9181392511193938,0.9181392511193938,0,0.0
20240325,S36N2462,S36N2468,0.924917089026639,0.924917089026639,0,0.0
20240325,S36N2463,S36N2464,0.9661728950663007,0.9860002153809706,-1826,-7.5454542292281985
20240325,S36N2463,S36N2465,0.9890047898693256,0.9890047898693258,0,0.0
20240325,S36N2463,S36N2466,0.979393364290739,0.9796411409096512,-46,-0.19008263666182756
20240325,S36N2463,S36N2467,0.9720245430313349,0.9720245430313349,0,0.0
20240325,S36N2463,S36N2468,0.9762660501528302,0.9762660501528302,0,0.0
20240325,S36N2464,S36N2465,0.9592623744024679,0.9592623744024679,0,0.0
20240325,S36N2464,S36N2466,0.9738567885665583,0.9738567885665583,0,0.0
20240325,S36N2464,S36N2467,0.9702299833049134,0.9702299833049134,0,0.0
20240325,S36N2464,S36N2468,0.9555325282167663,0.9555325282167663,0,0.0
20240325,S36N2465,S36N2466,0.9772400076146471,0.9772400076146471,0,0.0
20240325,S36N2465,S36N2467,0.971973670927458,0.9719736709274581,0,0.0
20240325,S36N2465,S36N2468,0.9785857301295534,0.9785857301295534,0,0.0
20240325,S36N2466,S36N2467,0.9870454838294,0.9870454838294,0,0.0
20240325,S36N2466,S36N2468,0.9795278891907991,0.9795278891907991,0,0.0
20240325,S36N2467,S36N2468,0.9756353418265488,0.9756353418265488,0,0.0
20240326,S36N2469,S36N2470,0.9540572354867414,0.9540572354867414,0,0.0
20240326,S36N2469,S36N2471,0.981373070497007,0.981373070497007,0,0.0
20240326,S36N2469,S36N2473,0.9861811261199881,0.9861811261199881,0,0.0
20240326,S36N2469,S36N2474,0.9886143785915503,0.9886143785915503,0,0.0
20240326,S36N2469,S36N2475,0.97954318399937,0.97954318399937,0,0.0
20240326,S36N2470,S36N2471,0.9492342997089842,0.9492342997089842,0,0.0
20240326,S36N2470,S36N2473,0.9639568305421372,0.9639568305421372,0,0.0
20240326,S36N2470,S36N2474,0.9513638542731537,0.9513638542731537,0,0.0
20240326,S36N2470,S36N2475,0.940768583319961,0.940768583319961,0,0.0
20240326,S36N2471,S36N2473,0.9823889070766934,0.9823889070766932,0,0.0
20240326,S36N2471,S36N2474,0.9842034102534034,0.9842034102534034,0,0.0
20240326,S36N2471,S36N2475,0.9751297230896165,0.9751297230896165,0,0.0
20240326,S36N2473,S36N2474,0.9862160178122485,0.9862160178122485,0,0.0
20240326,S36N2473,S36N2475,0.9776454142114042,0.9776454142114042,0,0.0
20240326,S36N2474,S36N2475,0.9872738030354284,0.9872738030354284,0,0.0
20240327,S36N2477,S36N2478,0.953074072090631,0.953074072090631,0,0.0
20240327,S36N2477,S36N2480,0.9332774693198633,0.9367833627155302,301,1.2438016007654369
20240327,S36N2477,S36N2483,0.9485539523495943,0.9485539523495943,0,0.0
20240327,S36N2477,S36N2484,0.943723703912769,0.9486769955954802,459,1.8966941353864968
20240327,S36N2478,S36N2480,0.9762636941803206,0.9762636941803206,0,0.0
20240327,S36N2478,S36N2483,0.9834018817604535,0.9834018817604535,0,0.0
20240327,S36N2478,S36N2484,0.9793035149903274,0.9793035149903274,0,0.0
20240327,S36N2480,S36N2483,0.9799291938644886,0.9799291938644884,0,0.0
20240327,S36N2480,S36N2484,0.9793672454655482,0.9793672454655482,0,0.0
20240327,S36N2483,S36N2484,0.9872312855953493,0.9872312855953493,0,0.0
20240328,S36N2486,S36N2488,0.9779110977363143,0.9779767440187471,11,0.04545454354956746
20240328,S36N2486,S36N2489,0.9758535156453034,0.9758535156453034,0,0.0
20240328,S36N2486,S36N2490,0.9670931325634895,0.9670931325634895,0,0.0
20240328,S36N2488,S36N2489,0.9821944709153066,0.9821944709153066,0,0.0
20240328,S36N2488,S36N2490,0.9763006328045897,0.9769674552538623,-155,-0.6404958409257233
20240328,S36N2489,S36N2490,0.9835328782196868,0.9842510497132357,-151,-0.6239669159986079
20240329,S36N2496,S36N2497,0.9865735482151052,0.9885764362663368,-478,-1.9752065287902951
20240329,S36N2496,S36N2498,0.9766494811057245,0.9766521434085711,-118,-0.4876032853499055
20240329,S36N2496,S36N2499,0.9659552762763428,0.9660154509820768,10,0.0413223123177886
20240329,S36N2496,S36N2501,0.9417683723094087,0.9417683723094087,0,0.0
20240329,S36N2496,S36N2502,0.9336852486285595,0.9339792616310482,70,0.2892561862245202
20240329,S36N2497,S36N2498,0.978477854777281,0.9791557827182605,66,0.27272726129740477
20240329,S36N2497,S36N2499,0.9691181085534003,0.9695163785392303,64,0.26446279883384705
20240329,S36N2497,S36N2501,0.9439320325493095,0.9439320325493095,0,0.0
20240329,S36N2497,S36N2502,0.9360695848290038,0.9360695848290038,0,0.0
20240329,S36N2498,S36N2499,0.9823229138009604,0.9830054815124445,124,0.5123966727405787
20240329,S36N2498,S36N2501,0.9505928488774699,0.9505928488774699,0,0.0
20240329,S36N2498,S36N2502,0.9422423587660607,0.9423734920459194,21,0.08677685586735606
20240329,S36N2499,S36N2501,0.9572270305820025,0.962846196829808,548,2.2644627150148153
20240329,S36N2499,S36N2502,0.9461445344635511,0.9562132769888183,1076,4.4462808053940535
20240329,S36N2501,S36N2502,0.9884349776228434,0.9888364265256591,40,0.1652892492711544
20240330,S36N2505,S36N2506,0.9716874582774846,0.9731573347325297,149,0.6157024535350502
20240330,S36N2505,S36N2507,0.950209731751704,0.9565055111578488,573,2.367768495809287
20240330,S36N2505,S36N2508,0.9469537223004219,0.9492342257380948,230,0.9504131833091378
20240330,S36N2505,S36N2509,0.947042068199537,0.9479504724303724,122,0.5041322102770209
20240330,S36N2506,S36N2507,0.9760469488694221,0.9823648003594067,501,2.070247847121209
20240330,S36N2506,S36N2508,0.973759097629382,0.9742216885860002,41,0.16942148050293326
20240330,S36N2506,S36N2509,0.9702303135633596,0.9724105337029939,214,0.8842974836006761
20240330,S36N2507,S36N2508,0.9881374884215944,0.9881374884215944,0,0.0
20240330,S36N2507,S36N2509,0.9875522745378679,0.9875522745378679,0,0.0
20240330,S36N2508,S36N2509,0.987026399852398,0.987026399852398,0,0.0
20240331,S36N2514,S36N2515,0.9868161861459032,0.9879483772484149,168,0.6942148469388485
20240331,S36N2514,S36N2516,0.9750396345056582,0.9856186437537016,953,3.9380163638852537
20240331,S36N2514,S36N2517,0.952230686531426,0.962521209198384,922,3.809917195700109
20240331,S36N2514,S36N2519,0.9297891630147015,0.954974257237935,2594,10.719007815234363
20240331,S36N2514,S36N2520,0.9140956836295837,0.9537091149829114,4624,19.10743721574545
20240331,S36N2514,S36N2521,0.9041475447778042,0.9484727059714738,6096,25.19008158892393
20240331,S36N2515,S36N2516,0.9807370325883933,0.9866005132829111,726,2.9999998742714524
20240331,S36N2515,S36N2517,0.9572048707593197,0.9624903730560436,536,2.214875940233469
20240331,S36N2515,S36N2519,0.9342515176953929,0.9544311707924342,2101,8.681817817967385
20240331,S36N2515,S36N2520,0.9170871703335892,0.9529584034433785,4266,17.628098434768617
20240331,S36N2515,S36N2521,0.9076159239134598,0.9480278813334717,5303,21.913222222123295
20240331,S36N2516,S36N2517,0.9692447499963224,0.9714143028433203,396,1.6363635677844286
20240331,S36N2516,S36N2519,0.9447774316575639,0.9624771381636279,2031,8.392561631742865
20240331,S36N2516,S36N2520,0.9224909641771796,0.9544877388865758,3391,14.012396106962115
20240331,S36N2516,S36N2521,0.9102227696185307,0.9517299535719421,5210,21.52892471756786
20240331,S36N2517,S36N2519,0.9359498720872753,0.9584743927719481,1892,7.818181490525603
20240331,S36N2517,S36N2520,0.9132200050039562,0.9482065847415402,3556,14.694214260205626
20240331,S36N2517,S36N2521,0.8967868556130543,0.9437312238066878,5115,21.13636275054887
20240331,S36N2519,S36N2520,0.9630927193840256,0.9869170155062619,2149,8.88016491709277
20240331,S36N2519,S36N2521,0.9379763625979638,0.9796240922275791,3299,13.63223083363846
20240331,S36N2520,S36N2521,0.9695193956675171,0.9863234309959097,1411,5.830578268039972
20240401,S36N2524,S36N2525,0.8912627891442197,0.8946349500829494,83,0.3429751922376454
20240401,S36N2524,S36N2528,0.8975046400320756,0.9476644192404122,2396,9.900826031342149
20240401,S36N2524,S36N2530,0.889780613230367,0.9219749481317738,3462,14.305784524418414
20240401,S36N2525,S36N2528,0.5287285256026197,0.6366016057967434,1289,5.326446057762951
20240401,S36N2525,S36N2530,0.6387523699777589,0.6480177804378848,232,0.9586776457726955
20240401,S36N2528,S36N2530,0.9456311328725914,0.9568396587668452,854,3.5289254719391465
20240402,S36N2532,S36N2533,0.7944128548366403,0.8768079080579837,-340,-1.4049586188048124
20240402,S36N2532,S36N2534,0.7609885318446475,0.8203029968463068,-360,-1.4876032434403896
20240402,S36N2532,S36N2535,0.8662714801209273,0.8760652167045415,-269,-1.1115702013485134
20240402,S36N2532,S36N2537,0.8138981392918616,0.8163502009103398,-344,-1.4214875437319279
20240402,S36N2532,S36N2538,0.557564714955085,0.7205741442877172,1530,6.322313784621656
20240402,S36N2533,S36N2534,0.8823962453143153,0.8792944343466915,76,0.31404957361519337
20240402,S36N2533,S36N2535,0.9080550770115905,0.9162109922013081,288,1.1900825947523117
20240402,S36N2533,S36N2537,0.8474918323135047,0.8477273954333991,-10,-0.0413223123177886
20240402,S36N2533,S36N2538,0.5103007578323717,0.755201247507472,1920,7.933883965015411
20240402,S36N2534,S36N2535,0.8568854409475581,0.8626205605806635,168,0.6942148469388485
20240402,S36N2534,S36N2537,0.8033022177061626,0.8101687369243362,144,0.5950412973761559
20240402,S36N2534,S36N2538,0.4843727882125701,0.7269976516109854,1834,7.578512079082429
20240402,S36N2535,S36N2537,0.8728170414858413,0.8775345345168457,-221,-0.9132231022231281
20240402,S36N2535,S36N2538,0.537686368412548,0.7849523121418063,1584,6.545454271137714
20240402,S36N2537,S36N2538,0.5422195682934348,0.8830873690613732,1889,7.805784796830267
20240403,S36N2541,S36N2542,0.9832202093600962,0.9833327822928346,-32,-0.13223139941692352
20240403,S36N2541,S36N2543,0.9711166713292796,0.9792247444470304,1180,4.876032853499055
20240403,S36N2541,S36N2544,0.9634737550803539,0.97257847891722,1461,6.037189829628915
20240403,S36N2541,S36N2545,0.9725197012471823,0.973317959763279,215,0.8884297148324549
20240403,S36N2541,S36N2546,0.96655262629477,0.9684655074278896,370,1.5289255557581782
20240403,S36N2542,S36N2543,0.9693638458008953,0.9817764455041641,1139,4.706611372996122
20240403,S36N2542,S36N2544,0.9613258471080153,0.9742054083656035,1604,6.628098895773292
20240403,S36N2542,S36N2545,0.9732787091256669,0.973513922909642,64,0.26446279883384705
20240403,S36N2542,S36N2546,0.9700437331929723,0.9707170757993201,156,0.6446280721575022
20240403,S36N2543,S36N2544,0.980003795230425,0.9814614994118289,201,0.8305784775875509
20240403,S36N2543,S36N2545,0.9682294992055026,0.9792280995871075,-1235,-5.103305571246892
20240403,S36N2543,S36N2546,0.9677199657970466,0.9750115002826826,-979,-4.045454375911504
20240403,S36N2544,S36N2545,0.9617695356089617,0.9828662031771656,-1546,-6.388429484330118
20240403,S36N2544,S36N2546,0.9626438831248263,0.976122961660063,-1061,-4.384297336917371
20240403,S36N2545,S36N2546,0.9818424640042941,0.982949393850036,165,0.6818181532435119
20240404,S36N2548,S36N2549,0.9822848747725983,0.9823390451028934,-40,-0.1652892492711544
20240404,S36N2548,S36N2551,0.9559405430050819,0.9655783158093154,1530,6.322313784621656
20240404,S36N2548,S36N2553,0.9513622165367628,0.9615266627924643,1717,7.095041024964303
20240404,S36N2548,S36N2554,0.9546922915953402,0.9604938738411666,940,3.8842973578721285
20240404,S36N2549,S36N2551,0.9536655882149891,0.9663535459753116,1298,5.36363613884896
20240404,S36N2549,S36N2553,0.9471850595338388,0.962794055008714,1981,8.185950070153922
20240404,S36N2549,S36N2554,0.9524403676485922,0.9577374323449109,1001,4.136363463010639
20240404,S36N2551,S36N2553,0.975036090378866,0.9823580367436114,685,2.830578393768519
20240404,S36N2551,S36N2554,0.9805642057589606,0.980934995972688,52,0.21487602405250072
20240404,S36N2553,S36N2554,0.9789296842867008,0.9862446656718648,-625,-2.5826445198617876
20240405,S36N2557,S36N2558,0.9691645781879827,0.97543349400795,723,2.987603180576116
20240405,S36N2557,S36N2559,0.9682706642400123,0.9727041870479456,667,2.7561982315964997
20240405,S36N2557,S36N2561,0.9674464640636141,0.9728197825001086,852,3.520661009475589
20240405,S36N2557,S36N2562,0.9246445086368187,0.9246445086368186,0,0.0
20240405,S36N2558,S36N2559,0.9830379018402975,0.983150615375256,26,0.10743801202625036
20240405,S36N2558,S36N2561,0.9822616521340286,0.9822616521340286,0,0.0
20240405,S36N2558,S36N2562,0.9304846413312381,0.9306855989796836,-75,-0.3099173423834145
20240405,S36N2559,S36N2561,0.9829465370859525,0.9832810572230821,65,0.2685950300656259
20240405,S36N2559,S36N2562,0.9281703530458452,0.9281703530458452,0,0.0
20240405,S36N2561,S36N2562,0.9299642476556914,0.9299642476556914,0,0.0
20240406,S36N2564,S36N2565,0.9769215054815215,0.9788180606608132,440,1.8181817419826984
20240406,S36N2564,S36N2567,0.9710659176070067,0.9711343739941376,18,0.07438016217201948
20240406,S36N2564,S36N2568,0.9649219158455681,0.9652965207281066,-84,-0.34710742346942425
20240406,S36N2564,S36N2569,0.9729746837929655,0.9730879417330109,28,0.11570247448980808
20240406,S36N2565,S36N2567,0.9867543749869994,0.987627629972387,-155,-0.6404958409257233
20240406,S36N2565,S36N2568,0.9741624092478123,0.9800761723469741,-1056,-4.363636180758476
20240406,S36N2565,S36N2569,0.9788429033037801,0.9809692200914996,-566,-2.338842877186835
20240406,S36N2567,S36N2568,0.9791626683876768,0.9818052177961003,-355,-1.4669420872814953
20240406,S36N2567,S36N2569,0.9764940523450157,0.9787475431066678,-537,-2.219008171465248
20240406,S36N2568,S36N2569,0.9871909963067819,0.9881963033471776,-328,-1.355371844023466
20240407,S36N2576,S36N2578,0.8707186591467793,0.8709844201912593,-76,-0.31404957361519337
20240408,S36N2582,S36N2584,0.8189726413230188,0.8189726413230188,0,0.0
20240408,S36N2582,S36N2585,0.967592427241327,0.9718904674179708,-742,-3.066115573979914
20240408,S36N2582,S36N2586,0.9672757909567734,0.975448925279915,-881,-3.6404957151971757
20240408,S36N2582,S36N2587,0.941907311675143,0.9500573971918596,-1766,-7.297520355321467
20240408,S36N2582,S36N2588,0.9645590860969341,0.9695367472403728,-1045,-4.318181637208909
20240408,S36N2584,S36N2585,0.8488941985848909,0.8488941985848909,0,0.0
20240408,S36N2584,S36N2586,0.8343866489738683,0.8343866489738683,0,0.0
20240408,S36N2584,S36N2587,0.8519515630949674,0.8519515630949674,0,0.0
20240408,S36N2584,S36N2588,0.8697871774508595,0.8697871774508596,0,0.0
20240408,S36N2585,S36N2586,0.9876787560068612,0.9878648683048986,33,0.13636363064870238
20240408,S36N2585,S36N2587,0.9674558231380901,0.9700112106577584,-383,-1.5826445617713034
20240408,S36N2585,S36N2588,0.9842696391603828,0.9856070654173327,-258,-1.066115657798946
20240408,S36N2586,S36N2587,0.9620267879666035,0.9639597497643645,-907,-3.747933727223426
20240408,S36N2586,S36N2588,0.9801405643235205,0.980804386620296,-128,-0.5289255976676941
20240408,S36N2587,S36N2588,0.9742234520123473,0.9742234520123473,0,0.0
20240409,S36N2591,S36N2592,0.9613086678811202,0.9618478797526484,87,0.35950411716476083
20240410,S36N2600,S36N2601,0.8633041152471758,0.894181107315399,-713,-2.9462808682583272
20240410,S36N2600,S36N2602,0.49126704372717866,0.5324540767101416,21265,87.87189714377746
20240410,S36N2600,S36N2603,0.6902726335491021,0.8876375563621042,-2316,-9.57024753279984
20240410,S36N2601,S36N2602,0.6755449749808209,0.7699189855185227,-22823,-94.30991340288892
20240410,S36N2601,S36N2603,0.9005409814468267,0.9533145777359664,-1301,-5.376032832544297
20240410,S36N2602,S36N2603,0.6090156296146809,0.6910792637937442,17265,71.34297221666202
20240411,S36N2609,S36N2610,0.9188123101256362,0.9906097302510587,-18518,-76.52065795008093
20240411,S36N2609,S36N2611,0.9255587790253156,0.9255587790253156,0,0.0
20240411,S36N2609,S36N2612,0.9500875737782782,0.9744246097445854,4714,19.479338026605546
20240411,S36N2609,S36N2614,0.9673661884705755,0.9764116579774229,-1785,-7.376032748725265
20240411,S36N2610,S36N2611,0.9475907230227635,0.9780723421418649,-14266,-58.95041075255722
20240411,S36N2610,S36N2612,0.8848984976773472,0.8848984976773472,0,0.0
20240411,S36N2610,S36N2614,0.9334699064400174,0.9696191124116827,12351,51.0371879437007
20240411,S36N2611,S36N2612,0.8952423782516076,0.8952423782516076,0,0.0
20240411,S36N2611,S36N2614,0.934482504827557,0.934482504827557,0,0.0
20240411,S36N2612,S36N2614,0.9335679427740716,0.9716955701275286,-6743,-27.863635195884854
20240412,S36N2617,S36N2618,0.9203464832579648,0.9354239201529962,762,3.1487601986154914
20240412,S36N2617,S36N2619,0.9259018315967942,0.9492150481405005,1092,4.512396505102515
20240412,S36N2617,S36N2621,0.7709195081888359,0.8510340020506378,-14496,-59.900823935866356
20240412,S36N2617,S36N2622,0.7601578464797044,0.7508106316405316,7862,32.4876019442454
20240412,S36N2618,S36N2619,0.9620430136237526,0.9674617691673908,430,1.7768594296649098
20240412,S36N2618,S36N2621,0.7697116483082982,0.7709872343549218,1749,7.227272424381226
20240412,S36N2618,S36N2622,0.7629371767472946,0.7660700121971981,2917,12.053718503098935
20240412,S36N2619,S36N2621,0.7779536941973527,0.8543285705916488,-20734,-85.67768235970289
20240412,S36N2619,S36N2622,0.7685997700739466,0.8400765763901099,-20798,-85.94214515853673
20240412,S36N2621,S36N2622,0.9747399854002888,0.9767818447323646,-329,-1.359504075255245
20240413,S36N2626,S36N2627,0.7789654721162369,0.7789349488812851,265,1.095041276421398
20240414,S36N2635,S36N2636,0.8453647698578762,0.846191742299671,-1336,-5.520660925656557
20240414,S36N2635,S36N2637,0.8210266261125225,0.8239157397302027,-1389,-5.739669180940837
20240414,S36N2635,S36N2642,0.8105089199029808,0.811216928257133,-2258,-9.330578121356666
20240414,S36N2636,S36N2637,0.9544650095430686,0.9629889812070193,-812,-3.3553717602044344
20240414,S36N2636,S36N2642,0.9443534031220787,0.9524973377409004,984,4.066115532070398
20240414,S36N2637,S36N2642,0.9412315485786776,0.9682962199803798,1490,6.1570245353505015
20240415,S36N2645,S36N2646,0.989256425459592,0.9926352656034058,581,2.4008263456635177
20240415,S36N2645,S36N2647,0.9862701927770752,0.9862701927770752,0,0.0
20240415,S36N2645,S36N2648,0.9826071043456686,0.9826071043456686,0,0.0
20240415,S36N2645,S36N2649,0.9794525201431706,0.9794525201431706,0,0.0
20240415,S36N2645,S36N2650,0.9713257376596568,0.9713257376596568,0,0.0
20240415,S36N2646,S36N2647,0.9859092605596279,0.9870919488182209,-319,-1.3181817629374564
20240415,S36N2646,S36N2648,0.9823833287701197,0.9823833287701196,0,0.0
20240415,S36N2646,S36N2649,0.9777146717970518,0.9777146717970517,0,0.0
20240415,S36N2646,S36N2650,0.969905475163469,0.9699054751634694,0,0.0
20240415,S36N2647,S36N2648,0.986197241162935,0.986197241162935,0,0.0
20240415,S36N2647,S36N2649,0.9827699659275079,0.983036003395497,52,0.21487602405250072
20240415,S36N2647,S36N2650,0.9756544041063652,0.9756544041063654,0,0.0
20240415,S36N2648,S36N2649,0.9926896135717957,0.9926896135717957,0,0.0
20240415,S36N2648,S36N2650,0.9839581580735931,0.9839581580735931,0,0.0
20240415,S36N2649,S36N2650,0.9877316042142468,0.9915779693424082,-965,-3.9876031386666
20240416,S36N2658,S36N2659,0.9036881552851757,0.9750032625548177,-17071,-70.54131935769692
20240417,S36N2663,S36N2664,0.3035688898752938,nan,-21461,-88.68181446520612
20240417,S36N2663,S36N2665,0.32927266986226283,0.34733324388529735,-24200,-99.99999580904841
20240417,S36N2663,S36N2666,0.3153160425743814,nan,-24200,-99.99999580904841
20240417,S36N2663,S36N2667,0.33626057303781665,0.9876810901913095,-24147,-99.78098755376413
20240417,S36N2663,S36N2668,0.31957682448196095,0.8807463755697292,-24198,-99.99173134658486
20240417,S36N2663,S36N2669,0.3307263237440085,0.8144522045703783,-24200,-99.99999580904841
20240417,S36N2664,S36N2665,0.4180084573771388,0.49611223671490895,-24200,-99.99999580904841
20240417,S36N2664,S36N2666,0.6737021219179071,nan,-24200,-99.99999580904841
20240417,S36N2664,S36N2667,0.6416205394615466,0.9896723195147595,-24200,-99.99999580904841
20240417,S36N2664,S36N2668,0.3602766759163482,0.8793165567390173,-24200,-99.99999580904841
20240417,S36N2664,S36N2669,0.5694781913791904,0.8016089915508164,-24200,-99.99999580904841
20240417,S36N2665,S36N2666,0.470469564560944,nan,-24200,-99.99999580904841
20240417,S36N2665,S36N2667,0.48584911951208215,0.9841647249961207,-23830,-98.47107025329024
20240417,S36N2665,S36N2668,0.4765358833462265,0.8611436273357153,-20987,-86.72313686134294
20240417,S36N2665,S36N2669,0.4721151444545455,0.796505845056631,-20423,-84.39255844661966
20240417,S36N2666,S36N2667,0.844046360257574,0.9892264042660879,-24200,-99.99999580904841
20240417,S36N2666,S36N2668,0.7625806590485067,0.8850048560453683,-24200,-99.99999580904841
20240417,S36N2666,S36N2669,0.8110588384061185,0.8142633910668053,-24200,-99.99999580904841
20240417,S36N2667,S36N2668,0.813887745533164,0.8903241995373397,-23830,-98.47107025329024
20240417,S36N2667,S36N2669,0.8094920956718606,0.826426796769034,-23830,-98.47107025329024
20240417,S36N2668,S36N2669,0.8218852796871782,0.7855858513138111,-20987,-86.72313686134294
20240419,S36N2680,S36N2683,0.7241736589626665,0.8496015189719526,2902,11.991735034622252
20240421,S36N2698,S36N2701,0.7850538253885608,0.788374008206339,-50,-0.206611561588943
20240422,S36N2704,S36N2705,0.8480122455462112,0.8249415175462412,-388,-1.6033057179301977
20240422,S36N2704,S36N2706,0.7241116265048776,0.7946506290016048,318,1.3140495317056775
20240422,S36N2705,S36N2706,0.8821415692927207,0.9179897439475012,624,2.5785122886300087
20240423,S36N2713,S36N2714,0.7982580368391092,0.7938458047736097,152,0.6280991472303867
20240423,S36N2713,S36N2715,0.7916751721626378,0.7934676081395532,12,0.04958677478134632
20240423,S36N2713,S36N2716,0.8348674255361405,0.8285248612648209,243,1.004132189322263
20240423,S36N2713,S36N2717,0.7624697840939206,0.7624697840939206,0,0.0
20240423,S36N2713,S36N2718,0.6986453615650081,0.8281171755363058,2701,11.161156557034701
20240423,S36N2714,S36N2715,0.8454314929519944,0.8454314929519943,0,0.0
20240423,S36N2714,S36N2716,0.7988680560231161,0.798868056023116,0,0.0
20240423,S36N2714,S36N2717,0.7407308356330573,0.7407308356330573,0,0.0
20240423,S36N2714,S36N2718,0.8023796715713329,0.8279084768283134,2557,10.566115259658545
20240423,S36N2715,S36N2716,0.8202789654884105,0.812533936662643,198,0.8181817838922143
20240423,S36N2715,S36N2717,0.7497168950472003,0.7497168950472003,0,0.0
20240423,S36N2715,S36N2718,0.7477247958198737,0.8422293355532524,2672,11.041321851313114
20240423,S36N2716,S36N2717,0.7826548380429968,0.7906754530580175,-177,-0.7314049280248582
20240423,S36N2716,S36N2718,0.6853695065158554,0.8605005651583161,2242,9.264462421648204
20240423,S36N2717,S36N2718,0.7106028860943963,0.7625815401417683,2819,11.648759842384607
20240425,S36E2727,S36E2728,0.7045745441005477,0.7089808567733749,-36,-0.14876032434403896
20240425,S36E2727,S36E2729,0.6272190156974324,0.6565581634464247,-118,-0.4876032853499055
20240425,S36E2727,S36E2730,0.5720640404333875,0.5521883223943268,105,0.4338842793367803
20240425,S36E2727,S36E2731,0.4651006662904848,0.4640456898911594,64,0.26446279883384705
20240425,S36E2727,S36E2732,0.2823649474042994,0.4486797869256645,-3567,-14.739668803755194
20240425,S36E2727,S36E2733,0.28347368596091493,0.42756283078167345,-3643,-15.053718377370387
20240425,S36E2727,S36E2734,0.2494697245736534,0.44851325499776373,-4587,-18.95454466016963
20240425,S36E2728,S36E2729,0.9203360093612832,0.9217643077057703,-10,-0.0413223123177886
20240425,S36E2728,S36E2730,0.8517982135730214,0.8491415288095928,9,0.03719008108600974
20240425,S36E2728,S36E2731,0.5531043527701646,0.5298635003668029,129,0.533057828899473
20240425,S36E2728,S36E2732,0.27476936943764935,0.5860063983139766,-3615,-14.93801590288058
20240425,S36E2728,S36E2733,0.28656918294107625,0.5203731305611137,-3960,-16.363635677844286
20240425,S36E2728,S36E2734,0.2777156832513036,0.5984478838671271,-4860,-20.08264378644526
20240425,S36E2729,S36E2730,0.875558279485715,0.7647094018834957,331,1.3677685377188027
20240425,S36E2729,S36E2731,0.4893702548423431,0.4565459833525933,282,1.1652892073616385
20240425,S36E2729,S36E2732,0.25263740561389386,0.5003207558972202,-3436,-14.198346512392163
20240425,S36E2729,S36E2733,0.27444012089698105,0.43391579225365984,-3801,-15.706610911991447
20240425,S36E2729,S36E2734,0.25922352115469244,0.4887473308275688,-4469,-18.466941374819726
20240425,S36E2730,S36E2731,0.6478355043925724,0.6464739650301039,22,0.09090908709913492
20240425,S36E2730,S36E2732,0.37444736654377675,0.6723302139126864,-3490,-14.421486998908222
20240425,S36E2730,S36E2733,0.3710755257411426,0.5720648471281982,-3751,-15.499999350402504
20240425,S36E2730,S36E2734,0.3452197672359622,0.6703062144537181,-4600,-19.008263666182756
20240425,S36E2731,S36E2732,0.47621797189029286,0.9028328142174927,-3708,-15.322313407436013
20240425,S36E2731,S36E2733,0.4506089463950976,0.8759631928244183,-4262,-17.6115695098415
20240425,S36E2731,S36E2734,0.40751617400810564,0.8866577457354102,-4948,-20.4462801348418
20240425,S36E2732,S36E2733,0.8857749795629111,0.9080366764132977,-369,-1.5247933245263994
20240425,S36E2732,S36E2734,0.6835511630916282,0.9201219953992049,-1083,-4.4752064240165055
20240425,S36E2733,S36E2734,0.7856722192258976,0.8845109421997349,-669,-2.7644626940600574
20241218,S36N3105,S36N3106,0.9587367129218588,0.9628943867054959,272,1.12396689504385
20241218,S36N3105,S36N3107,0.96383187889734,0.9643922804660183,14,0.05785123724490404
20241218,S36N3105,S36N3109,0.9536272458129782,0.953879786320795,-35,-0.1446280931122601
20241218,S36N3105,S36N3110,0.9458255503296141,0.9460391289473016,-8,-0.03305784985423088
20241218,S36N3106,S36N3107,0.9700487040938359,0.9712402168633713,-56,-0.23140494897961617
20241218,S36N3106,S36N3109,0.9513086178872552,0.9513086178872552,0,0.0
20241218,S36N3106,S36N3110,0.942534778806374,0.9560076234849508,-1055,-4.359503949526697
20241218,S36N3107,S36N3109,0.960117034818642,0.9625421121687797,-156,-0.6446280721575022
20241218,S36N3107,S36N3110,0.9535338918680983,0.955135380782911,-114,-0.47107436042279005
20241218,S36N3109,S36N3110,0.9703267720271462,0.9705467417211004,-28,-0.11570247448980808
20241219,S36N3115,S36N3116,0.9619684475870666,0.9620741563716301,-150,-0.619834684766829
20241219,S36N3115,S36N3117,0.9576478933437415,0.9595245569028835,-77,-0.3181818048469722
20241219,S36N3115,S36N3118,0.9360438043872062,0.9360438043872062,0,0.0
20241219,S36N3115,S36N3119,0.9564930951427372,0.9570151989275489,-99,-0.40909089194610715
20241219,S36N3115,S36N3120,0.9586597131993914,0.9611631664084324,-336,-1.388429693877697
20241219,S36N3116,S36N3117,0.9673271444156901,0.9673653669693442,25,0.1033057807944715
20241219,S36N3116,S36N3118,0.8782888275235434,0.8782695136780362,3,0.01239669369533658
20241219,S36N3116,S36N3119,0.9603758132220356,0.9601449658071989,58,0.23966941144317389
20241219,S36N3116,S36N3120,0.9631809268852044,0.9629554982537707,35,0.1446280931122601
20241219,S36N3117,S36N3118,0.8768103033462441,0.8780017862651127,179,0.739669390488416
20241219,S36N3117,S36N3119,0.9684211040137949,0.9695033761111942,-164,-0.677685922011733
20241219,S36N3117,S36N3120,0.9633359729893526,0.9641986255218837,-61,-0.25206610513851047
20241219,S36N3118,S36N3119,0.8792683578500837,0.8792683578500837,0,0.0
20241219,S36N3118,S36N3120,0.8827531215845983,0.8842737271391709,-438,-1.8099172795191407
20241219,S36N3119,S36N3120,0.967247725138413,0.9693115296199749,-222,-0.9173553334549069
20241220,S36N3123,S36N3124,0.9222573714360826,0.9124518504837619,-1775,-7.334710436407477
20241220,S36N3123,S36N3125,0.9350545788395082,0.9563821971583425,-1909,-7.888429421465844
20241220,S36N3123,S36N3126,0.9403308824217793,0.95076022788122,-1045,-4.318181637208909
20241220,S36N3123,S36N3127,0.9389653270484175,0.948998187782363,-1160,-4.793388228863478
20241220,S36N3124,S36N3125,0.9311222781863975,0.9312592573833178,-12,-0.04958677478134632
20241220,S36N3124,S36N3126,0.9244991661135772,0.9253621367200199,238,0.9834710331633687
20241220,S36N3124,S36N3127,0.926532710004386,0.9272284044035849,36,0.14876032434403896
20241220,S36N3125,S36N3126,0.9730812227641407,0.9732258054422355,-5,-0.0206611561588943
20241220,S36N3125,S36N3127,0.9663476489618478,0.9666845403976202,-13,-0.05371900601312518
20241220,S36N3126,S36N3127,0.9718479063723594,0.972914047781228,-102,-0.42148758564144373
20241221,S36N3134,S36N3135,0.9457579687730482,0.948539623766739,-119,-0.49173551658168435
20241221,S36N3134,S36N3136,0.9448536373355175,0.944725547960891,62,0.2561983363702893
20241221,S36N3134,S36N3137,0.9435142393684127,0.9635283455431868,1705,7.0454542501829565
20241221,S36N3135,S36N3136,0.9206557887648199,0.9611515102567522,2495,10.309916923288256
20241221,S36N3135,S36N3137,0.9104297140792095,0.9515227331666168,1924,7.950412889942527
20241221,S36N3136,S36N3137,0.9680902616730787,0.9685175671841059,-16,-0.06611569970846176
20241223,S36N3149,S36N3150,0.9706531673479897,0.9708324666967874,8,0.03305784985423088
20241223,S36N3149,S36N3151,0.9670654438719444,0.9670654438719443,0,0.0
20241223,S36N3149,S36N3152,0.95876658677652,0.9685275385783118,-1100,-4.545454354956746
20241223,S36N3149,S36N3153,0.9300997180542298,0.9300997180542298,0,0.0
20241223,S36N3149,S36N3154,0.9507179063512176,0.9525515293174384,184,0.7603305466473103
20241223,S36N3149,S36N3155,0.9384320878978855,0.9471627750724215,679,2.805785006377846
20241223,S36N3149,S36N3156,0.93049540529055,0.9321809157561243,97,0.40082642948254943
20241223,S36N3150,S36N3151,0.968983977610419,0.968983977610419,0,0.0
20241223,S36N3150,S36N3152,0.9571085531774955,0.9681475943465081,-988,-4.082644456997514
20241223,S36N3150,S36N3153,0.9321780608727963,0.9326882375505289,22,0.09090908709913492
20241223,S36N3150,S36N3154,0.9519539687985012,0.9553975804323862,240,0.9917354956269264
20241223,S36N3150,S36N3155,0.9425650385808222,0.9568887159997257,1145,4.731404760386795
20241223,S36N3150,S36N3156,0.9391216772604658,0.9392224574680668,-7,-0.02892561862245202
20241223,S36N3151,S36N3152,0.9622309142002129,0.9687853848417072,-715,-2.954545330721885
20241223,S36N3151,S36N3153,0.9300965787270744,0.9622116513735928,2284,9.438016133382916
20241223,S36N3151,S36N3154,0.9545806768861795,0.9569460029322537,197,0.8140495526604354
20241223,S36N3151,S36N3155,0.941852714158948,0.9568640991312307,1094,4.520660967566073
20241223,S36N3151,S36N3156,0.9342785304262026,0.9366566245919563,82,0.3388429610058665
20241223,S36N3152,S36N3153,0.9238618208014919,0.9233690201196798,-70,-0.2892561862245202
20241223,S36N3152,S36N3154,0.9412330970449442,0.9474003608239298,478,1.9752065287902951
20241223,S36N3152,S36N3155,0.9330173473544685,0.9330412346249294,-9,-0.03719008108600974
20241223,S36N3152,S36N3156,0.9224011805093225,0.9224011805093225,0,0.0
20241223,S36N3153,S36N3154,0.9651029876387816,0.9736710210642714,-928,-3.834710583090782
20241223,S36N3153,S36N3155,0.9712516791948652,0.9712740117237602,-2,-0.00826446246355772
20241223,S36N3153,S36N3156,0.9566397178093341,0.9566307558021682,-11,-0.04545454354956746
20241223,S36N3154,S36N3155,0.9699488958691728,0.9726948671963253,345,1.4256197749637067
20241223,S36N3154,S36N3156,0.9618129452223211,0.9618129452223211,0,0.0
20241223,S36N3155,S36N3156,0.9664647300074931,0.9664824363796176,-1,-0.00413223123177886
20241224,S36N3158,S36N3159,0.6975169216734745,0.7118322032203294,4,0.01652892492711544
20241224,S36N3158,S36N3160,0.9347752591761482,0.9745070493130047,3603,14.888429128099233
20241224,S36N3158,S36N3161,0.9086179527776683,0.9722107170589048,6837,28.252064931672066
20241224,S36N3158,S36N3162,0.9014622276852727,0.9016280758709987,-17,-0.07024793094024062
20241224,S36N3158,S36N3163,0.9145852761441267,0.9145852761441267,0,0.0
20241224,S36N3158,S36N3165,0.884509124498795,0.884685402224182,4,0.01652892492711544
20241224,S36N3159,S36N3160,0.9515946074913721,0.9694049474000997,1218,5.033057640306652
20241224,S36N3159,S36N3161,0.9243272491811289,0.9635267747533723,4114,16.99999928753823
20241224,S36N3159,S36N3162,0.9120003639134928,0.9119002387552233,28,0.11570247448980808
20241224,S36N3159,S36N3163,0.9326827947579477,0.9601754015774006,3628,14.991734908893704
20241224,S36N3159,S36N3165,0.903062126356535,0.9031556514920582,-3,-0.01239669369533658
20241224,S36N3160,S36N3161,0.9305035271404803,0.9696284276571079,2681,11.078511932399124
20241224,S36N3160,S36N3162,0.9177506855545381,0.9699074368986745,4744,19.603304963558912
20241224,S36N3160,S36N3163,0.9426341852128162,0.9663584159371852,2319,9.582644226495177
20241224,S36N3160,S36N3165,0.9208032372754149,0.9208237822365855,-21,-0.08677685586735606
20241224,S36N3161,S36N3162,0.9458885978984098,0.9700864246228257,1670,6.900826157070696
20241224,S36N3161,S36N3163,0.9685829740282599,0.9685829740282599,0,0.0
20241224,S36N3161,S36N3165,0.95236598020134,0.9525685094320482,62,0.2561983363702893
20241224,S36N3162,S36N3163,0.9535159698665397,0.9712049245312816,-1389,-5.739669180940837
20241224,S36N3162,S36N3165,0.9536797806698056,0.9539039775518707,35,0.1446280931122601
20241224,S36N3163,S36N3165,0.9638058178502924,0.9655383506461629,931,3.8471072767861187
20241225,S36N3168,S36N3169,0.9720839705868951,0.973735608885645,152,0.6280991472303867
20241225,S36N3168,S36N3170,0.9510186645823008,0.9713268525335966,-1506,-6.223140235058963
20241225,S36N3168,S36N3171,0.9301280398699328,0.965298987723862,-4483,-18.52479261206463
20241225,S36N3168,S36N3172,0.9582893950155005,0.9582977694554317,-10,-0.0413223123177886
20241225,S36N3168,S36N3173,0.9473974197434362,0.9497575348182112,144,0.5950412973761559
20241225,S36N3168,S36N3174,0.9440238625234018,0.9461196258969402,346,1.4297520061954856
20241225,S36N3168,S36N3175,0.9394869463961512,0.9467928578093293,502,2.0743800783529878
20241225,S36N3169,S36N3170,0.9490765305601732,0.9736490040671164,-1833,-7.5743798478506505
20241225,S36N3169,S36N3171,0.9286948169513607,0.9672212524175962,-4427,-18.293387663085014
20241225,S36N3169,S36N3172,0.9620961831134462,0.9622300107411476,45,0.1859504054300487
20241225,S36N3169,S36N3173,0.9544778579998235,0.9545997200577349,-9,-0.03719008108600974
20241225,S36N3169,S36N3174,0.9485530969591026,0.9485530969591026,0,0.0
20241225,S36N3169,S36N3175,0.9419282523672017,0.9625299097960588,2194,9.066115322522819
20241225,S36N3170,S36N3171,0.9511124398959012,0.9724211668436299,-2740,-11.322313575074077
20241225,S36N3170,S36N3172,0.9421526340952787,0.9518604357757101,868,3.5867767091840506
20241225,S36N3170,S36N3173,0.937491831447909,0.9540992237220537,1655,6.8388426885940135
20241225,S36N3170,S36N3174,0.927516876344273,0.9428778352232623,1287,5.318181595299393
20241225,S36N3170,S36N3175,0.9257357132773444,0.9379012257021476,1063,4.392561799380928
20241225,S36N3171,S36N3172,0.9199030411588139,0.9744120298122081,5936,24.528924591839314
20241225,S36N3171,S36N3173,0.9119775120190009,0.9399619630808397,2488,10.280991304665804
20241225,S36N3171,S36N3174,0.8988418014564675,0.899864785839531,36,0.14876032434403896
20241225,S36N3171,S36N3175,0.9066104718497354,0.9687545780700665,8047,33.25206472212449
20241225,S36N3172,S36N3173,0.9672752897655186,0.9725495767756048,242,0.9999999580904841
20241225,S36N3172,S36N3174,0.9674321383818878,0.9685250754937441,348,1.4380164686590433
20241225,S36N3172,S36N3175,0.9542537502028385,0.9717681935845593,1323,5.466941919643432
20241225,S36N3173,S36N3174,0.9688707607992464,0.9690826969169468,-10,-0.0413223123177886
20241225,S36N3173,S36N3175,0.9558493068069405,0.9659002460941062,496,2.0495866909623146
20241225,S36N3174,S36N3175,0.951401309265894,0.9615024973970051,556,2.297520564869046
20241226,S36N3177,S36N3178,0.9670289614360749,0.9723732531624671,347,1.4338842374272645
20241226,S36N3177,S36N3179,0.9528249757779174,0.966908505568938,936,3.867768432945013
20241226,S36N3177,S36N3181,0.9466283536988968,0.9607617395118755,996,4.115702306851745
20241226,S36N3177,S36N3182,0.29764315903612176,0.8897587243263573,1850,7.644627778790891
20241226,S36N3177,S36N3183,0.9504633429265174,0.9667092320265877,1730,7.148760030977428
20241226,S36N3177,S36N3184,0.927918426646231,0.9455250935023953,1294,5.347107213921845
20241226,S36N3177,S36N3185,0.9211174597934577,0.9433230614343521,2325,9.60743761388585
20241226,S36N3178,S36N3179,0.9699054218045703,0.9745723801623511,415,1.714875961188227
20241226,S36N3178,S36N3181,0.9587552275656245,0.9629988408297894,414,1.710743729956448
20241226,S36N3178,S36N3182,0.32513442700950573,0.49493477075496345,1112,4.595041129738092
20241226,S36N3178,S36N3183,0.9579917115071825,0.9646535569333172,865,3.574380015488714
20241226,S36N3178,S36N3184,0.94097164792411,0.9540341106940381,1061,4.384297336917371
20241226,S36N3178,S36N3185,0.9327948474292218,0.9509253002965696,1860,7.68595009110868
20241226,S36N3179,S36N3181,0.9640927712775056,0.9664740881430499,152,0.6280991472303867
20241226,S36N3179,S36N3182,0.26376148021365337,0.25320669971737225,291,1.2024792884476483
20241226,S36N3179,S36N3183,0.9636829554012877,0.9688073897833791,623,2.57438005739823
20241226,S36N3179,S36N3184,0.9448949584221558,0.9507757431494196,442,1.8264462044462562
20241226,S36N3179,S36N3185,0.9364765692416337,0.9550551604928541,2003,8.276859157253057
20241226,S36N3181,S36N3182,0.23364720647265108,0.24172462718452228,515,2.128099084366113
20241226,S36N3181,S36N3183,0.9635671500909054,0.9723158888365433,1005,4.152892387937754
20241226,S36N3181,S36N3184,0.9416633839530119,0.9548299339756086,1333,5.5082642319612205
20241226,S36N3181,S36N3185,0.9320444423330688,0.9572541693130067,2988,12.347106920555234
20241226,S36N3182,S36N3183,0.970050961727485,0.9714330254468105,111,0.45867766672745347
20241226,S36N3182,S36N3184,0.9494033106843233,0.9573937077862821,1101,4.549586586188525
20241226,S36N3182,S36N3185,0.9344086416751944,0.9541817161614542,2409,9.954545037355274
20241226,S36N3183,S36N3184,0.957644740282213,0.963581627115645,852,3.520661009475589
20241226,S36N3183,S36N3185,0.9432062157502219,0.9607879022197616,2147,8.871900454629213
20241226,S36N3184,S36N3185,0.9628452081683034,0.9757776483766616,985,4.070247763302177
20241227,S36N3187,S36N3188,0.9674961881373177,0.9711703906291563,182,0.7520660841837525
20241227,S36N3187,S36N3189,0.961547683566471,0.971901396712501,869,3.5909089404158294
20241227,S36N3187,S36N3190,0.9537599720583101,0.9635604057352175,1003,4.144627925474197
20241227,S36N3187,S36N3191,0.9578523433327263,0.9661485556936318,796,3.2892560604959726
20241227,S36N3187,S36N3192,0.9478574199731336,0.9606816520147213,1783,7.3677682862617075
20241227,S36N3187,S36N3193,0.9495032889321439,0.9647755884363801,1809,7.475206298287958
20241227,S36N3187,S36N3194,0.9457257030897713,0.9616240271187784,2047,8.458677331451327
20241227,S36N3188,S36N3189,0.9716705801832493,0.9730655641773618,107,0.44214874180033803
20241227,S36N3188,S36N3190,0.9641604070273257,0.9665441206229657,159,0.6570247658528388
20241227,S36N3188,S36N3191,0.96619070544213,0.9691160434693822,213,0.8801652523688972
20241227,S36N3188,S36N3192,0.9558712338671244,0.9582935031691417,459,1.8966941353864968
20241227,S36N3188,S36N3193,0.9552570560439491,0.9673538541810093,1187,4.904958472121507
20241227,S36N3188,S36N3194,0.9546838865171833,0.9644455747624248,1486,6.140495610423386
20241227,S36N3189,S36N3190,0.9700468632312411,0.971984478498712,165,0.6818181532435119
20241227,S36N3189,S36N3191,0.9692276609914541,0.9710211036798068,106,0.43801651056855917
20241227,S36N3189,S36N3192,0.9534042461860848,0.9608188514142432,606,2.504132126457989
20241227,S36N3189,S36N3193,0.9565870980148506,0.9704235491054799,1001,4.136363463010639
20241227,S36N3189,S36N3194,0.952366553689647,0.9679128961617345,1454,6.008264211006463
20241227,S36N3190,S36N3191,0.9702006804820937,0.9705297108308367,14,0.05785123724490404
20241227,S36N3190,S36N3192,0.958229760114729,0.9653834227452192,608,2.512396588921547
20241227,S36N3190,S36N3193,0.9589324177131877,0.9715264327441516,965,3.9876031386666
20241227,S36N3190,S36N3194,0.9564333135143451,0.9698158793359001,1402,5.793388186953962
20241227,S36N3191,S36N3192,0.967646526021341,0.9711801476588825,363,1.4999999371357262
20241227,S36N3191,S36N3193,0.9624862444971677,0.9723572769212928,661,2.7314048442058265
20241227,S36N3191,S36N3194,0.957481815293588,0.9693259735430785,1082,4.471074192784727
20241227,S36N3192,S36N3193,0.9726637627359233,0.9731712200699372,53,0.21900825528427958
20241227,S36N3192,S36N3194,0.966634066890851,0.9694385562788826,265,1.095041276421398
20241227,S36N3193,S36N3194,0.9714605764333578,0.9716463032424234,8,0.03305784985423088
20241228,S36N3198,S36N3199,0.4118617150044158,0.5993793073531908,353,1.4586776248179376
20241228,S36N3198,S36N3200,0.953023597527088,0.9662368242747279,936,3.867768432945013
20241228,S36N3198,S36N3201,0.9622786509371775,0.9636225198092351,115,0.4752065916545689
20241228,S36N3198,S36N3202,0.9490763097575082,0.9634802298191372,654,2.7024792255833745
20241228,S36N3199,S36N3200,0.3924255500221698,0.39439988844114754,140,0.5785123724490404
20241228,S36N3199,S36N3201,0.575207169700879,0.5751880729472557,-5,-0.0206611561588943
20241228,S36N3199,S36N3202,0.5858891975780383,0.5787571963204079,64,0.26446279883384705
20241228,S36N3200,S36N3201,0.965639726383076,0.9657493156973946,6,0.02479338739067316
20241228,S36N3200,S36N3202,0.9510296937752851,0.954950987880538,90,0.3719008108600974
20241228,S36N3201,S36N3202,0.9680908038835278,0.9693510783716673,57,0.23553718021139503
20241229,S36N3204,S36N3205,0.9747646162648794,0.9749398149022903,19,0.07851239340379834
20241229,S36N3204,S36N3206,0.9709143723955463,0.9714192694576708,22,0.09090908709913492
20241229,S36N3204,S36N3208,0.9662911949345147,0.9721515583927026,464,1.917355291545391
20241229,S36N3204,S36N3209,0.9603019036350827,0.9614071558310002,79,0.32644626731052995
20241229,S36N3204,S36N3210,0.9560286693328253,0.958063054759767,207,0.855371864978224
20241229,S36N3204,S36N3211,0.9401484402923374,0.9557229015767612,1258,5.198346889577806
20241229,S36N3205,S36N3206,0.9687524741985684,0.9687875263838628,-9,-0.03719008108600974
20241229,S36N3205,S36N3208,0.9636020996713238,0.9681501083222266,422,1.743801579810679
20241229,S36N3205,S36N3209,0.956047028919386,0.9571704315601721,46,0.19008263666182756
20241229,S36N3205,S36N3210,0.9502553837268509,0.9573138711926483,691,2.8553717811591923
20241229,S36N3205,S36N3211,0.9359461919109705,0.9537021536204251,1695,7.004131937865168
20241229,S36N3206,S36N3208,0.9672267779301267,0.9699784833940569,197,0.8140495526604354
20241229,S36N3206,S36N3209,0.9622945419029589,0.9622945419029589,0,0.0
20241229,S36N3206,S36N3210,0.9582302110922862,0.9616451812500663,269,1.1115702013485134
20241229,S36N3206,S36N3211,0.9418012785763998,0.958913610015729,1410,5.826446036808193
20241229,S36N3208,S36N3209,0.9717246700569879,0.9723112709863132,-112,-0.46280989795923233
20241229,S36N3208,S36N3210,0.9657314325455834,0.9660798083454861,37,0.15289255557581782
20241229,S36N3208,S36N3211,0.954226339644051,0.9555978709316579,86,0.35537188593298197
20241229,S36N3209,S36N3210,0.9668433647256426,0.9674384779845009,46,0.19008263666182756
20241229,S36N3209,S36N3211,0.9532574713715407,0.9558505047142175,169,0.6983470781706274
20241229,S36N3210,S36N3211,0.9640904796403414,0.9680539645180309,408,1.685950342565775
20241230,S36N3213,S36N3214,0.9686832142830868,0.9687813406699296,-27,-0.11157024325802922
20241230,S36N3213,S36N3215,0.972087894405774,0.9725548248378505,135,0.5578512162901461
20241230,S36N3213,S36N3216,0.9662334177239912,0.9678907062471993,253,1.0454545016400516
20241230,S36N3213,S36N3218,0.9622921806400514,0.9646531520854824,278,1.148760282434523
20241230,S36N3213,S36N3219,0.9453581588631511,0.9608864849264575,943,3.896694051567465
20241230,S36N3214,S36N3215,0.9715018888096322,0.9715609377838217,3,0.01239669369533658
20241230,S36N3214,S36N3216,0.972295262532763,0.9724008486164123,4,0.01652892492711544
20241230,S36N3214,S36N3218,0.9659269512628276,0.9663742092010611,65,0.2685950300656259
20241230,S36N3214,S36N3219,0.9459165815415305,0.9569896497778181,734,3.0330577241256833
20241230,S36N3215,S36N3216,0.9713094303934654,0.9713094303934654,0,0.0
20241230,S36N3215,S36N3218,0.9634872150675324,0.9667409713474766,245,1.0123966517858207
20241230,S36N3215,S36N3219,0.949424873630369,0.9569662891839928,415,1.714875961188227
20241230,S36N3216,S36N3218,0.9694482232624282,0.9707426278803469,118,0.4876032853499055
20241230,S36N3216,S36N3219,0.9470672023659996,0.9524278562608633,172,0.7107437718659639
20241230,S36N3218,S36N3219,0.9556592477101276,0.9620611608430403,165,0.6818181532435119
20241231,S36N3221,S36N3222,0.9729483304466447,0.9732500791468607,34,0.14049586188048124
20241231,S36N3221,S36N3223,0.9535805740571685,0.9646603972721506,850,3.512396547012031
20241231,S36N3221,S36N3224,0.9513515148636874,0.9558487343106293,381,1.5743800993077457
20241231,S36N3221,S36N3225,0.9457430365071186,0.9520647753137428,585,2.417355270590633
20241231,S36N3221,S36N3226,0.9427468992316071,0.9522570884099154,787,3.252065979409963
20241231,S36N3221,S36N3227,0.9307687288058502,0.9522068502224916,1693,6.99586747540161
20241231,S36N3222,S36N3223,0.9595936544433094,0.9686622460157639,730,3.016528799198568
20241231,S36N3222,S36N3224,0.9544716439223428,0.9631510922277366,705,2.9132230184040964
20241231,S36N3222,S36N3225,0.947899134743279,0.9613712564132462,1120,4.628098979592323
20241231,S36N3222,S36N3226,0.9433462196115521,0.9544594078643726,932,3.8512395080178976
20241231,S36N3222,S36N3227,0.930313993553737,0.9578074712790394,2267,9.367768202442676
20241231,S36N3223,S36N3224,0.9680946593812795,0.9713298410414227,355,1.4669420872814953
20241231,S36N3223,S36N3225,0.9626271633497888,0.969323789716499,719,2.9710742556490004
20241231,S36N3223,S36N3226,0.952183231412106,0.9527366345483106,35,0.1446280931122601
20241231,S36N3223,S36N3227,0.9408266178964058,0.9551299000529707,1154,4.7685948414728045
20241231,S36N3224,S36N3225,0.9704468748713327,0.9706704044103562,112,0.46280989795923233
20241231,S36N3224,S36N3226,0.9570487451602051,0.9579597183903028,35,0.1446280931122601
20241231,S36N3224,S36N3227,0.9475756583779888,0.9566329773179947,608,2.512396588921547
20241231,S36N3225,S36N3226,0.9608631205544029,0.9636316833031526,134,0.5537189850583673
20241231,S36N3225,S36N3227,0.9509466603223654,0.9611588344849479,810,3.3471072977408767
20241231,S36N3226,S36N3227,0.9567908803125599,0.9665775106920846,620,2.5619833637028933
20250101,S36N3231,S36N3232,0.9539507009351074,0.9693622759914129,1195,4.938016321975738
20250101,S36N3231,S36N3233,0.959276939774734,0.9639784012035165,470,1.9421486789360642
20250101,S36N3231,S36N3234,0.941135712224481,0.9567193294509581,1249,5.161156808491796
20250101,S36N3231,S36N3235,0.9235074576823283,0.9452000801470204,1428,5.900826198980212
20250101,S36N3232,S36N3233,0.9639281012269072,0.9678526252449837,-515,-2.128099084366113
20250101,S36N3232,S36N3234,0.9556763707980296,0.9561244974589946,25,0.1033057807944715
20250101,S36N3232,S36N3235,0.9375021783441748,0.9470637262231549,654,2.7024792255833745
20250101,S36N3233,S36N3234,0.9514507873748406,0.9638290631441909,894,3.694214721210301
20250101,S36N3233,S36N3235,0.9284138919879316,0.9529222612633825,1527,6.309917090926319
20250101,S36N3234,S36N3235,0.949368937492055,0.9605185930519156,841,3.4752064659260213
20250102,S36N3238,S36N3239,0.9602425857294576,0.9616955001297274,191,0.7892561652697623
20250102,S36N3238,S36N3240,0.9515092073980598,0.9575674990209155,400,1.652892492711544
20250102,S36N3238,S36N3241,0.9446510365227798,0.9540268679105012,575,2.3760329582728446
20250102,S36N3238,S36N3242,0.9248675417702804,0.9423265566976091,1112,4.595041129738092
20250102,S36N3238,S36N3243,0.918669896178349,0.9335613718267377,1180,4.876032853499055
20250102,S36N3238,S36N3244,0.924924547339268,0.941188886912573,1377,5.69008240615949
20250102,S36N3239,S36N3240,0.9645711730872185,0.9679354093623792,250,1.033057807944715
20250102,S36N3239,S36N3241,0.9575483225694961,0.9603765116984873,206,0.8512396337464452
20250102,S36N3239,S36N3242,0.9452215029533234,0.9547273533435489,635,2.623966832179576
20250102,S36N3239,S36N3243,0.9335860907701734,0.9527950433153288,1237,5.11157003371045
20250102,S36N3239,S36N3244,0.9378029083220595,0.9490474273980692,1043,4.309917174745351
20250102,S36N3240,S36N3241,0.9567297889674907,0.9570357118838052,61,0.25206610513851047
20250102,S36N3240,S36N3242,0.9497920863580386,0.9563787326844972,423,1.7479338110424578
20250102,S36N3240,S36N3243,0.9399715142101083,0.9524945727406354,767,3.1694213547743857
20250102,S36N3240,S36N3244,0.9413542766857446,0.9520562456907848,1048,4.330578330904245
20250102,S36N3241,S36N3242,0.9511365744014567,0.9548927425405735,277,1.1446280512027442
20250102,S36N3241,S36N3243,0.9388918657849509,0.9460699446648577,470,1.9421486789360642
20250102,S36N3241,S36N3244,0.9431173449399297,0.9467794962211991,316,1.3057850692421198
20250102,S36N3242,S36N3243,0.9523059370031487,0.9564561480710323,226,0.9338842583820224
20250102,S36N3242,S36N3244,0.9511085392571471,0.9534482246912401,98,0.4049586607143283
20250102,S36N3243,S36N3244,0.9626681468771632,0.9632298868781316,-29,-0.11983470572158694
20250103,S36N3248,S36N3251,0.9501124746657208,0.9531783114098951,-338,-1.3966941563412547
20250104,S36N3258,S36N3260,0.9597969325773656,0.9609749277385605,141,0.5826446036808193
20250104,S36N3258,S36N3261,0.9548127775220535,0.9577241423718376,262,1.0826445827260613
20250104,S36N3258,S36N3262,0.9599983615799469,0.960004140608856,3,0.01239669369533658
20250104,S36N3258,S36N3263,0.9485974438721927,0.9525736685814646,596,2.4628098141402006
20250104,S36N3260,S36N3261,0.9663066887325377,0.9667397187206186,-27,-0.11157024325802922
20250104,S36N3260,S36N3262,0.9653780434001554,0.9658933777338718,52,0.21487602405250072
20250104,S36N3260,S36N3263,0.9601884540604365,0.962405029414013,446,1.8429751293733716
20250104,S36N3261,S36N3262,0.9649243678025547,0.9653520459560214,46,0.19008263666182756
20250104,S36N3261,S36N3263,0.9578758530225039,0.960786068108227,315,1.301652838010341
20250104,S36N3262,S36N3263,0.9636999662673259,0.9658753002143097,209,0.8636363274417818
20250105,S36N3265,S36N3266,0.8050425779273256,0.7651895317943852,-2410,-9.958677268587053
20250105,S36N3265,S36N3267,0.39736955497662324,0.35910486511033807,-1665,-6.880165000911802
20250105,S36N3265,S36N3268,0.9169656336056133,0.9514772812795242,-1865,-7.706611247267574
20250105,S36N3265,S36N3269,0.8966585501482008,0.7909831836798135,-2292,-9.471073983237147
20250105,S36N3265,S36N3270,0.8952129749721598,0.9288906296352047,-2791,-11.533057367894799
20250105,S36N3266,S36N3267,0.6621062225354107,0.9335031015067085,696,2.8760329373180866
20250105,S36N3266,S36N3268,0.9513128157363158,0.9587144562087733,620,2.5619833637028933
20250105,S36N3266,S36N3269,0.740780763571374,0.741086719286837,30,0.1239669369533658
20250105,S36N3266,S36N3270,0.7751242972494268,0.7643669042388488,-203,-0.8388429400511086
20250105,S36N3267,S36N3268,0.9585883303165221,0.9585133085956162,-85,-0.3512396547012031
20250105,S36N3267,S36N3269,0.350017840177566,0.37888236880650855,-559,-2.309917258564383
20250105,S36N3267,S36N3270,0.4632232487814372,0.36144432827604217,-1045,-4.318181637208909
20250105,S36N3268,S36N3269,0.9362348793103622,0.9437882392373564,-557,-2.301652796100825
20250105,S36N3268,S36N3270,0.9409466711608016,0.9548956448776822,-963,-3.9793386762030423
20250105,S36N3269,S36N3270,0.7785510475226342,0.7824433290674785,-513,-2.1198346219025552
20250106,S36N3274,S36N3275,0.9212786806168255,0.9542417008088758,-2046,-8.454545100219548
20250106,S36N3274,S36N3276,0.9002559934560211,0.9463944829200605,-2946,-12.173553208820522
20250106,S36N3274,S36N3277,0.871405603152967,0.9372359516509804,-4970,-20.537189221940935
20250106,S36N3274,S36N3278,0.859237199416561,0.937720707525411,-6480,-26.776858381927013
20250106,S36N3274,S36N3279,0.8747331401908814,0.9154391479671034,-4826,-19.94214792456478
20250106,S36N3275,S36N3276,0.942137016941573,0.9518058842929094,-730,-3.016528799198568
20250106,S36N3275,S36N3277,0.9019743364423767,0.9426198477191298,-2667,-11.02066069515422
20250106,S36N3275,S36N3278,0.8868436119382764,0.9418481843636891,-4219,-17.43388356687501
20250106,S36N3275,S36N3279,0.9020173152537911,0.9398575872590149,-2690,-11.115702013485134
20250106,S36N3276,S36N3277,0.9135227262232253,0.9403275779982768,-1891,-7.814049259293824
20250106,S36N3276,S36N3278,0.9013758886910708,0.9433274401961427,-3389,-14.004131644498557
20250106,S36N3276,S36N3279,0.9157970408419536,0.9332010560515924,-1514,-6.256198084913194
20250106,S36N3277,S36N3278,0.9430022932874735,0.9530874187076486,-1363,-5.632231168914586
20250106,S36N3277,S36N3279,0.9386114721569162,0.9397988644320049,-121,-0.49999997904524207
20250106,S36N3278,S36N3279,0.9162005374493808,0.9217772721892692,952,3.933884132653475
20250107,S36N3281,S36N3282,0.908703706583407,0.5691174004150712,-3661,-15.128098539542407
20250107,S36N3281,S36N3283,0.8817501005838744,0.9058714430720218,-2960,-12.231404446065426
20250107,S36N3281,S36N3284,0.9102176914034987,0.9301193617696382,-2335,-9.648759926203638
20250107,S36N3281,S36N3285,0.8721428179712563,0.8721957838722724,2,0.00826446246355772
20250107,S36N3281,S36N3286,0.8174009477248109,0.8335493891018007,-3662,-15.132230770774186
20250107,S36N3282,S36N3283,0.9034712197599437,0.911645608316641,973,4.020660988520831
20250107,S36N3282,S36N3284,0.5687503315528664,0.9531084465702895,-714,-2.950413099490106
20250107,S36N3282,S36N3285,0.8935545517009298,0.8937234311565242,-8,-0.03305784985423088
20250107,S36N3282,S36N3286,0.8349787859332285,0.8387083549581861,265,1.095041276421398
20250107,S36N3283,S36N3284,0.9149017366783406,0.9148562153743702,-5,-0.0206611561588943
20250107,S36N3283,S36N3285,0.875007085032503,0.9042228861610322,1781,7.35950382379815
20250107,S36N3283,S36N3286,0.8941127857391173,0.9283249351315218,1472,6.082644373178482
20250107,S36N3284,S36N3285,0.8923525358356845,0.9175677332610741,1220,5.041322102770209
20250107,S36N3284,S36N3286,0.8434249953827342,0.8676959398104654,1336,5.520660925656557
20250107,S36N3285,S36N3286,0.8898618416541139,0.8908202166155611,225,0.9297520271502435
20250108,S36N3289,S36N3290,0.9533436052494632,0.9594858843846447,431,1.7809916608966887
20250108,S36N3289,S36N3292,0.9130780910410189,0.9363423635673364,1930,7.9752062773332
20250108,S36N3289,S36N3293,0.9115230118560564,0.9297388690265626,2626,10.851239214651287
20250108,S36N3289,S36N3294,0.8695175816703337,0.8982948179703296,2973,12.285123452078551
20250108,S36N3289,S36N3295,0.8758039070891815,0.9222611495926708,3598,14.867767971940339
20250108,S36N3290,S36N3292,0.9317341595745524,0.9450932487525414,978,4.041322144679725
20250108,S36N3290,S36N3293,0.926092398361395,0.9388475032458171,1790,7.39669390488416
20250108,S36N3290,S36N3294,0.8845917346906231,0.9066297532829384,2138,8.834710373543203
20250108,S36N3290,S36N3295,0.8921444172560146,0.9274816599005773,2862,11.826445785351098
20250108,S36N3292,S36N3293,0.9550361409612051,0.9622075209334872,734,3.0330577241256833
20250108,S36N3292,S36N3294,0.9081669912327164,0.928247644872216,956,3.9504130575805902
20250108,S36N3292,S36N3295,0.9252631588463565,0.9430841688512728,1730,7.148760030977428
20250108,S36N3293,S36N3294,0.9364181274250407,0.9440181208991489,498,2.0578511534258723
20250108,S36N3293,S36N3295,0.9363947919423025,0.944335906022259,2027,8.37603270681575
20250108,S36N3294,S36N3295,0.9128153680844525,0.9326657608352567,1193,4.92975185951218
20250109,S36N3297,S36N3298,0.9172976866601669,0.9261317512297932,497,2.0537189221940935
20250109,S36N3297,S36N3300,0.9158476918995916,0.9392466247308702,1443,5.962809667456895
20250109,S36N3297,S36N3301,0.916656713278651,0.9338319086976086,1288,5.322313826531172
20250109,S36N3297,S36N3302,0.9153787234489049,0.932130902375217,835,3.450413078535348
20250109,S36N3297,S36N3303,0.9355539636015465,0.9377042347784998,208,0.8595040962100029
20250109,S36N3298,S36N3300,0.9146073538425996,0.9252878125415497,775,3.2024792046286166
20250109,S36N3298,S36N3301,0.9133425930393109,0.9194135256402074,724,2.9917354118078947
20250109,S36N3298,S36N3302,0.9115532707332976,0.9268879403688567,972,4.016528757289052
20250109,S36N3298,S36N3303,0.9143638518356596,0.9143765401964417,1,0.00413223123177886
20250109,S36N3300,S36N3301,0.9576020780488002,0.9576189745857249,2,0.00826446246355772
20250109,S36N3300,S36N3302,0.9492385828070562,0.9498194700397224,-96,-0.39669419825077057
20250109,S36N3300,S36N3303,0.9519994022788916,0.9520651774544973,24,0.09917354956269264
20250109,S36N3301,S36N3302,0.9519010436653939,0.9521590547194763,-12,-0.04958677478134632
20250109,S36N3301,S36N3303,0.9530455502081643,0.9543730274955967,-153,-0.6322313784621656
20250109,S36N3302,S36N3303,0.9588655653851094,0.9601716009647382,-160,-0.6611569970846176
20250110,S36N3305,S36N3306,0.9363031178184731,0.95838386170193,1300,5.371900601312518
20250110,S36N3305,S36N3307,0.9204715828328898,0.9578143570532142,2554,10.553718565963209
20250110,S36N3305,S36N3308,0.8838970096810226,0.9469338206973724,4450,18.388428981415927
20250110,S36N3305,S36N3309,0.8817372116964135,0.947056541679549,6558,27.099172418005764
20250110,S36N3305,S36N3310,0.8827904656108002,0.939427250524779,7284,30.099172292277217
20250110,S36N3306,S36N3307,0.9449269633467213,0.9654073355882452,1383,5.7148757935501635
20250110,S36N3306,S36N3308,0.9005407186621751,0.9440553060304527,3045,12.582644100766629
20250110,S36N3306,S36N3309,0.9023205257554731,0.9594499738569671,5020,20.743800783529878
20250110,S36N3306,S36N3310,0.9036038187795654,0.955295985552568,6542,27.033056718297303
20250110,S36N3307,S36N3308,0.9246108671880209,0.9540074944686446,1879,7.764462484512478
20250110,S36N3307,S36N3309,0.9165433843737587,0.9623795308625607,3821,15.789255536627024
20250110,S36N3307,S36N3310,0.9086875831010248,0.958889147688332,5341,22.07024700893089
20250110,S36N3308,S36N3309,0.9234799618566029,0.9542203828555589,2227,9.202478953171521
20250110,S36N3308,S36N3310,0.912687774183137,0.9469897442202663,3344,13.818181239068508
20250110,S36N3309,S36N3310,0.9436748222549292,0.9630139391595959,1489,6.152892304118723
20250111,S36N3313,S36N3314,0.9156902291534279,0.9603417994127469,-2909,-12.020660653244704
20250111,S36N3313,S36N3315,0.9194405538878877,0.9623629607597927,-2906,-12.008263959549367
20250111,S36N3313,S36N3316,0.9226176073498965,0.9604663572620168,-2253,-9.309916965197772
20250111,S36N3313,S36N3317,0.9299459268211744,0.9555192860005489,-1817,-7.508264148142189
20250111,S36N3313,S36N3318,0.9265617823551889,0.9467964335412999,-1126,-4.6528923669829965
20250111,S36N3313,S36N3319,0.9309733965489115,0.9482368735562885,-1061,-4.384297336917371
20250111,S36N3314,S36N3315,0.9633695224004036,0.9639370159470774,118,0.4876032853499055
20250111,S36N3314,S36N3316,0.955781063787747,0.9590615401195999,440,1.8181817419826984
20250111,S36N3314,S36N3317,0.9447935418219074,0.9554631444012648,897,3.7066114149056375
20250111,S36N3314,S36N3318,0.9448357329954893,0.949625968581752,784,3.2396692857146263
20250111,S36N3314,S36N3319,0.9401681220248466,0.9492997165063013,1445,5.971074129920453
20250111,S36N3315,S36N3316,0.961608112711102,0.9638510699115839,599,2.475206507835537
20250111,S36N3315,S36N3317,0.9480776931021867,0.9619475783465119,932,3.8512395080178976
20250111,S36N3315,S36N3318,0.9524626967153664,0.9570783384326752,748,3.0909089613705873
20250111,S36N3315,S36N3319,0.9465329504830956,0.9571295059324725,1301,5.376032832544297
20250111,S36N3316,S36N3317,0.9502110181614832,0.9502110181614832,0,0.0
20250111,S36N3316,S36N3318,0.9565574630628897,0.9572699774940753,418,1.7272726548835635
20250111,S36N3316,S36N3319,0.9525868851642583,0.9561676841438097,692,2.859504012390971
20250111,S36N3317,S36N3318,0.9577176157447425,0.9578157687719342,60,0.2479338739067316
20250111,S36N3317,S36N3319,0.9552657589455845,0.9582220575560497,359,1.4834710122086108
20250111,S36N3318,S36N3319,0.9639283604274397,0.9662999221238217,96,0.39669419825077057
20250112,S36N3321,S36N3322,0.9605648211372717,0.960917394910098,-27,-0.11157024325802922
20250112,S36N3321,S36N3323,0.9431624016027587,0.9435022605982399,9,0.03719008108600974
20250112,S36N3321,S36N3324,0.9313223280385454,0.9546272821163111,1254,5.1818179646506906
20250112,S36N3321,S36N3325,0.9242640541392803,0.9516145083008732,1782,7.363636055029929
20250112,S36N3321,S36N3326,0.9066685650763101,0.9555488130437284,2976,12.297520145773888
20250112,S36N3321,S36N3327,0.6920596060284662,0.9486141064634444,3258,13.462809353135526
20250112,S36N3321,S36N3328,0.8969244901307433,0.9407932685273207,3989,16.483470383565873
20250112,S36N3322,S36N3323,0.9532150169974538,0.9545725865930739,111,0.45867766672745347
20250112,S36N3322,S36N3324,0.933333131202534,0.9526913352708601,1161,4.797520460095257
20250112,S36N3322,S36N3325,0.9294868301379987,0.9615151295853827,1961,8.103305445518345
20250112,S36N3322,S36N3326,0.9135738217350715,0.9638039775196003,2829,11.690082154702395
20250112,S36N3322,S36N3327,0.7103691337525775,0.9590810100842173,3099,12.805784587282687
20250112,S36N3322,S36N3328,0.9051748155640456,0.954502053312138,3923,16.210743122268468
20250112,S36N3323,S36N3324,0.9301186986960731,0.9384678295999999,645,2.6652891444973648
20250112,S36N3323,S36N3325,0.9308305195282707,0.9545476638328914,1954,8.074379826895893
20250112,S36N3323,S36N3326,0.9148422716352465,0.9519379752101049,2706,11.181817713193595
20250112,S36N3323,S36N3327,0.7087620594464645,0.9488404818483737,2684,11.09090862609446
20250112,S36N3323,S36N3328,0.907816888943526,0.9448648098042954,3112,12.859503593295813
20250112,S36N3324,S36N3325,0.9394471017957642,0.9496787784772754,1092,4.512396505102515
20250112,S36N3324,S36N3326,0.9224096525312123,0.9519240205831753,1862,7.6942145535722375
20250112,S36N3324,S36N3327,0.7957036262524587,0.941445867508037,2257,9.326445890124887
20250112,S36N3324,S36N3328,0.904486203610864,0.9339067300841624,2994,12.371900307945907
20250112,S36N3325,S36N3326,0.9541879210538845,0.9649150619092987,698,2.8842973997816443
20250112,S36N3325,S36N3327,0.9472382701398063,0.9598845814975465,1423,5.880165042821318
20250112,S36N3325,S36N3328,0.9337710414588601,0.9528425381696839,1745,7.210743499454111
20250112,S36N3326,S36N3327,0.7171248725371696,0.7178810689500853,119,0.49173551658168435
20250112,S36N3326,S36N3328,0.9481124140492933,0.9570804688262834,1009,4.16942131286487
20250112,S36N3327,S36N3328,0.7136086133348356,0.7204925626582483,438,1.8099172795191407
20250113,S36N3330,S36N3331,0.95397243115169,0.9547966198257807,38,0.15702478680759668
20250113,S36N3330,S36N3332,0.9386822716993102,0.9442378850786529,-608,-2.512396588921547
20250113,S36N3330,S36N3333,0.9208217963460141,0.9241412389694069,-300,-1.239669369533658
20250113,S36N3330,S36N3334,0.9212807237173742,0.9216218657772209,47,0.19421486789360642
20250113,S36N3330,S36N3335,0.9186050933986174,0.928705172719159,965,3.9876031386666
20250113,S36N3330,S36N3336,0.9306252118855542,0.9513464879118447,1540,6.3636360969394445
20250113,S36N3331,S36N3332,0.9313173345407307,0.940640029192076,-669,-2.7644626940600574
20250113,S36N3331,S36N3333,0.916069971603099,0.9202176282253559,-423,-1.7479338110424578
20250113,S36N3331,S36N3334,0.9140086670083507,0.9140346519332533,8,0.03305784985423088
20250113,S36N3331,S36N3335,0.9123514205484371,0.920449699631106,603,2.4917354327626526
20250113,S36N3331,S36N3336,0.9278020695000346,0.9448920322130886,1311,5.417355144862086
20250113,S36N3332,S36N3333,0.9571877761603268,0.9572379102650378,-5,-0.0206611561588943
20250113,S36N3332,S36N3334,0.9495987672119021,0.9527108417124229,263,1.0867768139578402
20250113,S36N3332,S36N3335,0.8989491659460439,0.9570739810933264,2054,8.487602950073779
20250113,S36N3332,S36N3336,0.9078936862611597,0.9380359284591703,2687,11.103305319789797
20250113,S36N3333,S36N3334,0.962623329242418,0.9639470472392803,118,0.4876032853499055
20250113,S36N3333,S36N3335,0.898218655688332,0.9622489997836274,1766,7.297520355321467
20250113,S36N3333,S36N3336,0.8932412566821396,0.9291995119587289,2519,10.409090472850949
20250113,S36N3334,S36N3335,0.9192896669130833,0.9565575142106425,1274,5.264462589286268
20250113,S36N3334,S36N3336,0.8996508943656533,0.9267405583278356,1831,7.566115385387093
20250113,S36N3335,S36N3336,0.9218309458266897,0.9372158136781655,1020,4.214875856414437
20250114,S36N3338,S36N3339,0.964234833601159,0.9674860043596998,322,1.330578456632793
20250114,S36N3338,S36N3340,0.941630710179114,0.9609701394525854,-1039,-4.293388249818236
20250114,S36N3338,S36N3341,0.9445107121132666,0.963124345084254,-1044,-4.31404940597713
20250114,S36N3338,S36N3343,0.9376334497203247,0.9399396889235985,159,0.6570247658528388
20250114,S36N3338,S36N3344,0.9430970736533499,0.9480392243841488,443,1.830578435678035
20250114,S36N3338,S36N3345,0.9287244370911328,0.9535313222873478,1341,5.541322081815451
20250114,S36N3339,S36N3340,0.936928828457513,0.9637516131005085,-1457,-6.020660904701799
20250114,S36N3339,S36N3341,0.9398956875312586,0.9641556018838477,-1445,-5.971074129920453
20250114,S36N3339,S36N3343,0.9373285683096314,0.9375872905562153,13,0.05371900601312518
20250114,S36N3339,S36N3344,0.9448977519689216,0.9467402204545272,188,0.7768594715744257
20250114,S36N3339,S36N3345,0.9366743643462468,0.9515925681932725,880,3.636363483965397
20250114,S36N3340,S36N3341,0.964222997639934,0.9643532674654,15,0.0619834684766829
20250114,S36N3340,S36N3343,0.9192311074499954,0.9373958742794309,1249,5.161156808491796
20250114,S36N3340,S36N3344,0.9181540266499684,0.9435560674050222,1619,6.6900823642499745
20250114,S36N3340,S36N3345,0.9148473200884661,0.9510650742633479,2308,9.537189682945609
20250114,S36N3341,S36N3343,0.9188879529178944,0.938380918584466,1213,5.012396484147757
20250114,S36N3341,S36N3344,0.9202256941962867,0.9482505637288317,1805,7.4586773733608425
20250114,S36N3341,S36N3345,0.9115769736582576,0.9513914390675426,2432,10.049586355686188
20250114,S36N3343,S36N3344,0.9548414327871284,0.9624046613822632,421,1.7396693485789
20250114,S36N3343,S36N3345,0.9213356029935047,0.9511725414636399,1370,5.661156787537038
20250114,S36N3344,S36N3345,0.9398249900859412,0.9599046910538657,953,3.9380163638852537
20250115,S36N3347,S36N3348,0.962873011510578,0.9632039607063962,47,0.19421486789360642
20250115,S36N3347,S36N3350,0.920998329348609,0.9355468376281985,821,3.392561841290444
20250115,S36N3347,S36N3351,0.9139939801752565,0.9498377362891379,2896,11.966941647231579
20250115,S36N3347,S36N3352,0.40496886796083686,0.9473957257305046,3353,13.855371320154518
20250115,S36N3347,S36N3353,0.8718467321713466,0.9298027947841968,5233,21.623966035898775
20250115,S36N3348,S36N3350,0.9277388994280854,0.939398853444908,656,2.710743688046932
20250115,S36N3348,S36N3351,0.9221554430469445,0.9567283168780305,2613,10.797520208638161
20250115,S36N3348,S36N3352,0.4247192530175313,0.9520754919788822,2973,12.285123452078551
20250115,S36N3348,S36N3353,0.8811414637934171,0.932778256639617,4782,19.76032975036651
20250115,S36N3350,S36N3351,0.9104624017087345,0.9553524616541522,2015,8.326445932034403
20250115,S36N3350,S36N3352,0.4027733496258066,0.9474680272277235,2870,11.859503635205328
20250115,S36N3350,S36N3353,0.8664416057951514,0.9537315084000461,4967,20.524792528245598
20250115,S36N3351,S36N3352,0.4022375372572466,0.4075094466893541,592,2.446280889213085
20250115,S36N3351,S36N3353,0.9040926431446489,0.950510279710247,2650,10.95041276421398
20250115,S36N3352,S36N3353,0.9134097540056562,0.9531127705728722,1792,7.404958367347717
20250117,S36N3361,S36N3362,0.9568458521271911,0.9577547046387263,188,0.7768594715744257
20250117,S36N3361,S36N3363,0.9411676306242562,0.9543407713192017,553,2.2851238711737096
20250117,S36N3361,S36N3364,0.9518081288323043,0.9525596910792913,-29,-0.11983470572158694
20250117,S36N3361,S36N3365,0.8513773718070867,0.9173942615747419,-5251,-21.698346198070794
20250117,S36N3361,S36N3367,0.7794883430509228,0.8297147127255385,-6532,-26.991734405979514
20250117,S36N3362,S36N3363,0.956997059837253,0.9614580221753056,291,1.2024792884476483
20250117,S36N3362,S36N3364,0.9502115938929535,0.9524625845432144,-200,-0.826446246355772
20250117,S36N3362,S36N3365,0.8469871137157648,0.91647820401057,-5343,-22.07851147139445
20250117,S36N3362,S36N3367,0.7696451974448258,0.8342162738874589,-7214,-29.809916106052697
20250117,S36N3363,S36N3364,0.9337904987978484,0.9430254836659404,-611,-2.5247932826168835
20250117,S36N3363,S36N3365,0.8397086983818081,0.9091521099321229,-6142,-25.38016422558576
20250117,S36N3363,S36N3367,0.7708851721104675,0.8445822713760821,-7822,-32.322312694974244
20250117,S36N3364,S36N3365,0.8738210938659705,0.9311179399427318,-5078,-20.98347019497305
20250117,S36N3364,S36N3367,0.7974049809414797,0.8462143678547039,-5941,-24.549585747998208
20250117,S36N3365,S36N3367,0.8815838745088006,0.9012275486004803,-746,-3.0826444989070296
20250118,S36N3370,S36N3371,0.9553342339699534,0.9571347662261448,-116,-0.47933882288634777
20250118,S36N3370,S36N3372,0.9510947415470524,0.9521042208962834,-130,-0.5371900601312518
20250118,S36N3370,S36N3374,0.9197026213764801,0.9313670089136561,-922,-3.809917195700109
20250118,S36N3370,S36N3375,0.8379552434423777,0.8557023068356658,-1820,-7.520660841837525
20250118,S36N3370,S36N3376,0.9082584444185934,0.9269124809719153,-1272,-5.25619812682271
20250118,S36N3371,S36N3372,0.9624663380593926,0.9624720224480735,-1,-0.00413223123177886
20250118,S36N3371,S36N3374,0.936525119433517,0.9453100812996611,-666,-2.752066000364721
20250118,S36N3371,S36N3375,0.8577909577503462,0.8722141343139168,-1336,-5.520660925656557
20250118,S36N3371,S36N3376,0.9255479164837265,0.943505837407479,-1366,-5.644627862609923
20250118,S36N3372,S36N3374,0.9465719451212614,0.9549170682342735,-696,-2.8760329373180866
20250118,S36N3372,S36N3375,0.8638052515885554,0.8819080972284645,-1449,-5.987603054847568
20250118,S36N3372,S36N3376,0.9365403847763624,0.9522639821214413,-1154,-4.7685948414728045
20250118,S36N3374,S36N3375,0.8761818624972336,0.8863804133148083,-738,-3.0495866490527987
20250118,S36N3374,S36N3376,0.9460607782105916,0.9540891079067004,-642,-2.652892450802028
20250118,S36N3375,S36N3376,0.8914979776256232,0.8921255522864251,112,0.46280989795923233
20250119,S36N3378,S36N3379,0.9508858511177445,0.9515055369307222,-171,-0.7066115406341851
20250119,S36N3378,S36N3380,0.9505807743657803,0.9525553932230617,48,0.19834709912538528
20250119,S36N3378,S36N3381,0.9219472277808969,0.9242927444487672,-152,-0.6280991472303867
20250119,S36N3378,S36N3382,0.9187984084488753,0.918787580060948,-3,-0.01239669369533658
20250119,S36N3378,S36N3383,0.8753573691153542,0.8763816153218206,-206,-0.8512396337464452
20250119,S36N3378,S36N3384,0.9149991716317273,0.915393606888056,-11,-0.04545454354956746
20250119,S36N3378,S36N3385,0.9186305778584267,0.9187351446187678,-14,-0.05785123724490404
20250119,S36N3379,S36N3380,0.9537997922624751,0.956155888572181,79,0.32644626731052995
20250119,S36N3379,S36N3381,0.9376925915107011,0.937821094365328,4,0.01652892492711544
20250119,S36N3379,S36N3382,0.9263100960067207,0.9266782952554549,18,0.07438016217201948
20250119,S36N3379,S36N3383,0.8835762265701345,0.8836957025330271,11,0.04545454354956746
20250119,S36N3379,S36N3384,0.9207122190564105,0.9257585857470711,105,0.4338842793367803
20250119,S36N3379,S36N3385,0.9296368854643187,0.9297690051018047,4,0.01652892492711544
20250119,S36N3380,S36N3381,0.9384663554829095,0.9394809745448012,-111,-0.45867766672745347
20250119,S36N3380,S36N3382,0.9253327933799989,0.9269683359969713,-314,-1.297520606778562
20250119,S36N3380,S36N3383,0.8803281820249205,0.8805395098132243,-26,-0.10743801202625036
20250119,S36N3380,S36N3384,0.9225343387188616,0.9233310537403675,36,0.14876032434403896
20250119,S36N3380,S36N3385,0.9245172136648916,0.9269396619590631,-576,-2.3801651895046234
20250119,S36N3381,S36N3382,0.9446063837592465,0.9532839015065532,465,1.92148752277717
20250119,S36N3381,S36N3383,0.9077803631197979,0.9350370704987305,612,2.5289255138486624
20250119,S36N3381,S36N3384,0.9175923642232707,0.9473536347729774,1031,4.260330399964005
20250119,S36N3381,S36N3385,0.9399430440371238,0.9405379573035969,160,0.6611569970846176
20250119,S36N3382,S36N3383,0.9453956802950929,0.9468498327527768,92,0.38016527332365513
20250119,S36N3382,S36N3384,0.9370037633481699,0.9538318940146238,485,2.004132147412747
20250119,S36N3382,S36N3385,0.9453253698371094,0.9483048952761529,-208,-0.8595040962100029
20250119,S36N3383,S36N3384,0.9182231086570598,0.9407635745792257,460,1.9008263666182756
20250119,S36N3383,S36N3385,0.9234272062949207,0.9313261069278869,-281,-1.1611569761298597
20250119,S36N3384,S36N3385,0.9262131308853757,0.9490969690862159,-746,-3.0826444989070296
20250120,S36N3391,S36N3392,0.936954593634232,0.9377402899473094,-90,-0.3719008108600974
20250120,S36N3391,S36N3393,0.9352229376984517,0.9365527785988359,-62,-0.2561983363702893
20250120,S36N3391,S36N3394,0.9109851391125341,0.9235007838809328,-410,-1.6942148050293326
20250120,S36N3391,S36N3395,0.9145944448093761,0.9287294894090544,-690,-2.8512395499274135
20250120,S36N3392,S36N3393,0.955508353202367,0.956022885881087,39,0.16115701803937554
20250120,S36N3392,S36N3394,0.9188972149950164,0.9371777287038767,-356,-1.4710743185132742
20250120,S36N3392,S36N3395,0.9003386225035497,0.9199674235244888,-596,-2.4628098141402006
20250120,S36N3393,S36N3394,0.9311510099171202,0.9478675752218425,-382,-1.5785123305395246
20250120,S36N3393,S36N3395,0.9152877711288311,0.9315661524751632,-491,-2.0289255348034203
20250120,S36N3394,S36N3395,0.9431209502848451,0.9439339515760301,-86,-0.35537188593298197
20250121,S36N3397,S36N3398,0.9596398020564023,0.960444395825354,-129,-0.533057828899473
20250121,S36N3397,S36N3400,0.9477916610262321,0.9458438007375443,-503,-2.0785123095847666
20250121,S36N3397,S36N3401,0.9184299538232714,0.9379187001089593,-1067,-4.409090724308044
20250121,S36N3397,S36N3402,0.8917368721596816,0.9012998942030762,-593,-2.450413120444864
20250121,S36N3397,S36N3403,0.8553282698509351,0.893338948446601,-2143,-8.855371529702097
20250121,S36N3397,S36N3404,0.8130570404986781,0.8637921406262823,-3132,-12.94214821793139
20250121,S36N3398,S36N3400,0.953379152998011,0.9533506092918478,-429,-1.772727198433131
20250121,S36N3398,S36N3401,0.9218066839143734,0.9443237122284501,-1235,-5.103305571246892
20250121,S36N3398,S36N3402,0.8792862911833843,0.8919874117625669,-474,-1.9586776038631797
20250121,S36N3398,S36N3403,0.8531335108654604,0.8986399157096794,-2063,-8.524793031159788
20250121,S36N3398,S36N3404,0.8206420845864699,0.8481241288927663,-2153,-8.896693842019886
20250121,S36N3400,S36N3401,0.9363690490670135,0.9458838420177752,-439,-1.8140495107509196
20250121,S36N3400,S36N3402,0.9136189163097561,0.9136296594839989,-3,-0.01239669369533658
20250121,S36N3400,S36N3403,0.8810860004249532,0.8948735055218912,-557,-2.301652796100825
20250121,S36N3400,S36N3404,0.8286612504599408,0.8648643675290453,-1383,-5.7148757935501635
20250121,S36N3401,S36N3402,0.9374644425188164,0.9393299308186212,335,1.3842974626459181
20250121,S36N3401,S36N3403,0.9261247523896133,0.9364649189804374,-283,-1.1694214385934174
20250121,S36N3401,S36N3404,0.8477582023971589,0.8984752761257445,-979,-4.045454375911504
20250121,S36N3402,S36N3403,0.9299996467034304,0.957472764784373,-601,-2.483470970299095
20250121,S36N3402,S36N3404,0.8426494361304182,0.9390081563705879,-1230,-5.082644415087998
20250121,S36N3403,S36N3404,0.9030528072466756,0.9526677882314774,-748,-3.0909089613705873
20250122,S36N3406,S36N3407,0.9231936913069998,0.9475971737734662,-633,-2.6157023697160184
20250122,S36N3406,S36N3408,0.8905636511264184,0.9317629105668713,-1250,-5.165289039723575
20250122,S36N3406,S36N3409,0.8172552784181106,0.8778392764992279,-2140,-8.84297483600676
20250122,S36N3406,S36N3410,0.8065192223059868,0.8737298384669159,-2476,-10.231404529884458
20250122,S36N3406,S36N3411,0.819384243093222,0.8803172898020869,-2931,-12.111569740343839
20250122,S36N3406,S36N3412,0.8092720950908057,0.8901511250772776,-3447,-14.24380105594173
20250122,S36N3406,S36N3413,0.8491892188751854,0.9270366702154187,-3400,-14.049586188048124
20250122,S36N3407,S36N3408,0.9243391213320139,0.9573234880180433,-573,-2.367768495809287
20250122,S36N3407,S36N3409,0.8324766522244585,0.9173298689401392,-1596,-6.595041045919061
20250122,S36N3407,S36N3410,0.8076951225582832,0.9096449945287118,-1702,-7.03305755648762
20250122,S36N3407,S36N3411,0.8117332905793399,0.9018500628453057,-2148,-8.876032685860991
20250122,S36N3407,S36N3412,0.7999256666951468,0.9195484922289218,-2802,-11.578511911444366
20250122,S36N3407,S36N3413,0.8339321185533832,0.9289092461470858,-2767,-11.433883818332106
20250122,S36N3408,S36N3409,0.8770261016647932,0.9336632954203022,-959,-3.962809751275927
20250122,S36N3408,S36N3410,0.8390122891352857,0.9283025910094114,-1194,-4.933884090743959
20250122,S36N3408,S36N3411,0.8184091969876639,0.9198942002785365,-1473,-6.086776604410261
20250122,S36N3408,S36N3412,0.7784675534314826,0.9350039174401297,-2302,-9.512396295554936
20250122,S36N3408,S36N3413,0.8034313324287219,0.9181107496648748,-2117,-8.747933517675847
20250122,S36N3409,S36N3410,0.9577167034264047,0.9644932801990401,-256,-1.0578511953353882
20250122,S36N3409,S36N3411,0.9312269177260232,0.9470811142267895,-324,-1.3388429190963507
20250122,S36N3409,S36N3412,0.8485761091247817,0.9474375755457499,-1078,-4.454545267857611
20250122,S36N3409,S36N3413,0.8279731062219966,0.8981537014930117,-1174,-4.851239466108382
20250122,S36N3410,S36N3411,0.9543848517677931,0.9552635327593583,-40,-0.1652892492711544
20250122,S36N3410,S36N3412,0.8788677445183647,0.9563465828068961,-932,-3.8512395080178976
20250122,S36N3410,S36N3413,0.8565094537456553,0.9102988270048774,-936,-3.867768432945013
20250122,S36N3411,S36N3412,0.9061196407608333,0.9588798864663662,-728,-3.00826433673501
20250122,S36N3411,S36N3413,0.8899744254363444,0.9269220514273496,-609,-2.516528820153326
20250122,S36N3412,S36N3413,0.9319860288251866,0.9323101481457682,19,0.07851239340379834
20250123,S36N3415,S36N3416,0.9581569494446356,0.9592480167750379,33,0.13636363064870238
20250123,S36N3415,S36N3417,0.9042000817614501,0.9488435240895556,1007,4.161156850401312
20250123,S36N3415,S36N3418,0.8804864620491252,0.9465773373236722,1388,5.735536949709058
20250123,S36N3415,S36N3419,0.8215560641253423,0.9345691890654247,2037,8.417355019133538
20250123,S36N3415,S36N3420,0.8291375445061657,0.9381806206682782,3070,12.6859498815611
20250123,S36N3415,S36N3421,0.8354272668687209,0.9160772553691009,4073,16.830577807035297
20250123,S36N3415,S36N3422,0.8299803059189884,0.8848493056621467,6249,25.822312967386097
20250123,S36N3416,S36N3417,0.9117021487911978,0.9468223143553774,905,3.7396692647598684
20250123,S36N3416,S36N3418,0.892642838710703,0.9488812052876128,1266,5.231404739432037
20250123,S36N3416,S36N3419,0.8305571736544046,0.9395763375196156,2078,8.586776499636471
20250123,S36N3416,S36N3420,0.8312591108873721,0.9367008448020883,3034,12.537189557217062
20250123,S36N3416,S36N3421,0.8315267074727282,0.9189744371887316,3985,16.466941458638757
20250123,S36N3416,S36N3422,0.8311345904394721,0.8806949987754699,5724,23.652891570702195
20250123,S36N3417,S36N3418,0.9504666948127055,0.9512026427143982,36,0.14876032434403896
20250123,S36N3417,S36N3419,0.8856945801879373,0.9407383681871859,953,3.9380163638852537
20250123,S36N3417,S36N3420,0.8675632983154766,0.9478085253251901,1758,7.264462505467236
20250123,S36N3417,S36N3421,0.8506724569599519,0.9274708907420207,2742,11.330578037537634
20250123,S36N3417,S36N3422,0.8478290750121382,0.9184918459708732,5295,21.880164372269064
20250123,S36N3418,S36N3419,0.8994096144274923,0.9490297526304604,830,3.429751922376454
20250123,S36N3418,S36N3420,0.8758443241562729,0.957097819018828,1681,6.946280700620264
20250123,S36N3418,S36N3421,0.8450708862133802,0.9238568280578602,2648,10.942148301750422
20250123,S36N3418,S36N3422,0.8513552051745225,0.9087432697690362,4584,18.942147966474295
20250123,S36N3419,S36N3420,0.9185210952615878,0.9612572755957154,806,3.3305783728137612
20250123,S36N3419,S36N3421,0.8649465421148133,0.9381294790617875,1775,7.334710436407477
20250123,S36N3419,S36N3422,0.8515292866957705,0.9014731154525027,3295,13.615701908711344
20250123,S36N3420,S36N3421,0.9119937061635575,0.9504169337321842,947,3.9132229764945805
20250123,S36N3420,S36N3422,0.8892914946879563,0.927836444082218,2133,8.814049217384309
20250123,S36N3421,S36N3422,0.9297209764947911,0.9532376720403875,1517,6.268594778608531
20250124,S36N3424,S36N3425,0.9455787926297993,0.9572975969179497,456,1.8842974416911602
20250124,S36N3424,S36N3426,0.9117397276253911,0.9354669548817944,1921,7.93801619624719
20250124,S36N3424,S36N3427,0.8856592316222455,0.9275119695539247,2668,11.024792926385999
20250124,S36N3424,S36N3429,0.8604784684867965,0.9264740336075167,4774,19.727271900512278
20250124,S36N3424,S36N3430,0.8480967852524577,0.9231166521566112,6422,26.53718897048384
20250124,S36N3424,S36N3431,0.8462761953296472,0.9231973158787495,6939,28.67355251731351
20250124,S36N3425,S36N3426,0.9380381805731528,0.9515856574128795,1167,4.82231384748593
20250124,S36N3425,S36N3427,0.911501085100318,0.9434393540765728,1972,8.148759989067912
20250124,S36N3425,S36N3429,0.877834794162499,0.9422342199036168,4281,17.6900819032453
20250124,S36N3425,S36N3430,0.8662514970719017,0.9399877090104856,5874,24.272726255469024
20250124,S36N3425,S36N3431,0.8617207983823777,0.9406923635266589,6727,27.797519496176392
20250124,S36N3426,S36N3427,0.9480046945779977,0.9594366510701626,846,3.4958676220849156
20250124,S36N3426,S36N3429,0.9070125104955716,0.9552878423024765,3032,12.528925094753504
20250124,S36N3426,S36N3430,0.8894531468125505,0.9520320833993984,4484,18.52892484329641
20250124,S36N3426,S36N3431,0.8872049659471911,0.9535813900834744,5327,22.012395771685988
20250124,S36N3427,S36N3429,0.9319359529862115,0.9549647131229871,1602,6.619834433309734
20250124,S36N3427,S36N3430,0.9039157951621225,0.9519652132221332,3471,14.342974605504423
20250124,S36N3427,S36N3431,0.8983794056970128,0.9547507380537625,4083,16.871900119353086
20250124,S36N3429,S36N3430,0.9371360513871286,0.9562310669703649,1468,6.066115448251367
20250124,S36N3429,S36N3431,0.9290522635297174,0.9571765811436665,1870,7.727272403426468
20250124,S36N3430,S36N3431,0.9550320677865596,0.958165272362589,545,2.2520660213194788
20250125,S36N3433,S36N3434,0.9603563803327897,0.9606265557012326,-12,-0.04958677478134632
20250125,S36N3433,S36N3435,0.9559459417353414,0.9588397713523625,-351,-1.45041316235438
20250125,S36N3433,S36N3436,0.9390988878064479,0.9558080129466265,964,3.983470907434821
20250125,S36N3433,S36N3438,0.9183971467747323,0.9474879864400532,1953,8.070247595664114
20250125,S36N3433,S36N3439,0.9097060827759585,0.9415506948445186,2250,9.297520271502435
20250125,S36N3433,S36N3441,0.8873351773265318,0.9426731282442842,4156,17.173552999272943
20250125,S36N3434,S36N3435,0.9563954904770334,0.958610599892195,-218,-0.9008264085277915
20250125,S36N3434,S36N3436,0.9421290119660625,0.956876383566911,938,3.8760328954085708
20250125,S36N3434,S36N3438,0.9244097658486385,0.9458549043181982,1287,5.318181595299393
20250125,S36N3434,S36N3439,0.9139128548505948,0.9423020746763756,1829,7.557850922923535
20250125,S36N3434,S36N3441,0.8930282664109914,0.9447792062242287,3591,14.838842353317887
20250125,S36N3435,S36N3436,0.9361505793328845,0.9611044618714647,1506,6.223140235058963
20250125,S36N3435,S36N3438,0.9183111124864147,0.9496591113403166,2130,8.801652523688972
20250125,S36N3435,S36N3439,0.9104459779617424,0.9503379988989222,2754,11.38016481231898
20250125,S36N3435,S36N3441,0.8869298005285062,0.950275424198999,4291,17.73140421556309
20250125,S36N3436,S36N3438,0.9362523996258576,0.9449204040638116,484,1.9999999161809683
20250125,S36N3436,S36N3439,0.927394280491677,0.9438325946888535,1135,4.690082448069006
20250125,S36N3436,S36N3441,0.9050984780299082,0.9445403776426643,2946,12.173553208820522
20250125,S36N3438,S36N3439,0.9524323325004876,0.9552165030216339,185,0.7644627778790891
20250125,S36N3438,S36N3441,0.9270163519479157,0.9514721602774942,2285,9.442148364614695
20250125,S36N3439,S36N3441,0.9347948259423818,0.9545100806811012,1527,6.309917090926319
20250126,S36N3443,S36N3444,0.951310627765181,0.9575550435252481,-431,-1.7809916608966887
20250126,S36N3443,S36N3445,0.9299629321128862,0.9582876120153958,-1852,-7.652892241254449
20250126,S36N3443,S36N3447,0.8950052472942558,0.9534878124292097,-4636,-19.157023990526795
20250126,S36N3443,S36N3448,0.886423932601593,0.9557674144760393,-4979,-20.574379303026944
20250126,S36N3443,S36N3449,0.8864434232646065,0.95162940186766,-5024,-20.760329708456993
20250126,S36N3443,S36N3450,0.8492425936084341,0.9536883546708044,-8930,-36.90082489978522
20250126,S36N3444,S36N3445,0.9449784112578252,0.9618030706103711,-1290,-5.3305782889947295
20250126,S36N3444,S36N3447,0.9024812116048507,0.955851861696577,-3791,-15.665288599673659
20250126,S36N3444,S36N3448,0.8964541237580435,0.9566652758290423,-4446,-18.371900056488812
20250126,S36N3444,S36N3449,0.8963446435149306,0.9522464500287164,-4035,-16.6735530202277
20250126,S36N3444,S36N3450,0.8643734422118927,0.9537601126777902,-7865,-32.499998637940735
20250126,S36N3445,S36N3447,0.9228411264580533,0.9584647093843378,-2593,-10.714875584002584
20250126,S36N3445,S36N3448,0.9135933953535468,0.9550682892754696,-2748,-11.355371424928308
20250126,S36N3445,S36N3449,0.9135786060208354,0.952371939346404,-2690,-11.115702013485134
20250126,S36N3445,S36N3450,0.8666010662704073,0.9530657101763987,-6601,-27.276858360972255
20250126,S36N3447,S36N3448,0.9532481047880172,0.9578656577026355,-468,-1.9338842164725065
20250126,S36N3447,S36N3449,0.9494373733338458,0.9510301643358958,-281,-1.1611569761298597
20250126,S36N3447,S36N3450,0.8923574949576583,0.953018363474978,-4512,-18.644627317786217
20250126,S36N3448,S36N3449,0.9603720772465286,0.9614360604683191,-62,-0.2561983363702893
20250126,S36N3448,S36N3450,0.9052547800603243,0.9564597688802816,-3680,-15.206610932946205
20250126,S36N3449,S36N3450,0.9041045403429124,0.9581361948768811,-3748,-15.487602656707168
20250127,S36N3452,S36N3453,0.9450827847340684,0.9570903499252802,838,3.4628097722306848
20250127,S36N3452,S36N3454,0.9427763015817597,0.9597540698945799,1179,4.871900622267276
20250127,S36N3452,S36N3455,0.9384674566017088,0.9555813412097429,1119,4.623966748360544
20250127,S36N3452,S36N3456,0.9308301032273584,0.9562311343712758,1685,6.962809625547379
20250127,S36N3452,S36N3457,0.9111983167261796,0.956363272468016,2880,11.900825947523117
20250127,S36N3452,S36N3458,0.9045345310214504,0.9526965793137772,3305,13.657024221029133
20250127,S36N3453,S36N3454,0.9584164828094809,0.9624583341463204,279,1.152892513666302
20250127,S36N3453,S36N3455,0.9530629152429186,0.9568788508443963,176,0.7272726967930794
20250127,S36N3453,S36N3456,0.9487694087724077,0.9572985761457737,812,3.3553717602044344
20250127,S36N3453,S36N3457,0.9248947587391103,0.956584819733199,1952,8.066115364432335
20250127,S36N3453,S36N3458,0.9171131180156078,0.9515892650026991,2348,9.702478932216763
20250127,S36N3454,S36N3455,0.9620568294837278,0.9626975321643522,-45,-0.1859504054300487
20250127,S36N3454,S36N3456,0.9576679691948984,0.9608042798383054,320,1.3223139941692352
20250127,S36N3454,S36N3457,0.9356345024661766,0.9605080282925281,1606,6.636363358236849
20250127,S36N3454,S36N3458,0.9272285065183627,0.9543852747955504,1767,7.301652586553246
20250127,S36N3455,S36N3456,0.9589171392300672,0.9620572060296686,297,1.2272726758383214
20250127,S36N3455,S36N3457,0.9338901297833836,0.9605943289304586,1186,4.900826240889728
20250127,S36N3455,S36N3458,0.9284459919250742,0.9558796051704501,2083,8.607437655795366
20250127,S36N3456,S36N3457,0.9492318547917791,0.9613055028910841,956,3.9504130575805902
20250127,S36N3456,S36N3458,0.9328085748304208,0.9555728019835837,1430,5.90909066144377
20250127,S36N3457,S36N3458,0.9515829764041394,0.9511887078874844,221,0.9132231022231281
20250128,S36N3461,S36N3462,0.9455455474246915,0.9622329790831299,-1019,-4.210743625182658
20250128,S36N3461,S36N3463,0.944413438777021,0.9545781311516683,832,3.4380163848400116
20250128,S36N3461,S36N3464,0.935358278448575,0.9556656927988403,1312,5.421487376093864
20250128,S36N3461,S36N3465,0.9327128384670191,0.9456364898019555,1132,4.67768575437367
20250128,S36N3461,S36N3466,0.9168093446220208,0.9383668302131086,2059,8.508264106232673
20250128,S36N3461,S36N3467,0.5076766258723724,0.8174218419368577,1893,7.822313721757382
20250128,S36N3461,S36N3468,0.9062373257667026,0.9334722089707076,2206,9.115702097304165
20250128,S36N3462,S36N3463,0.9173487348713729,0.9572970398675068,2171,8.971074004191905
20250128,S36N3462,S36N3464,0.9159651544157487,0.9569025438232236,2542,10.504131791181862
20250128,S36N3462,S36N3465,0.9124990076468464,0.9448802932689765,2130,8.801652523688972
20250128,S36N3462,S36N3466,0.9009582013110446,0.9387722285281092,3280,13.553718440234661
20250128,S36N3462,S36N3467,0.5143172392513796,0.9353741341482453,3054,12.619834181852639
20250128,S36N3462,S36N3468,0.9016086712434269,0.9337103341970686,3347,13.830577932763845
20250128,S36N3463,S36N3464,0.9547187582042346,0.9581386308578071,374,1.5454544806852937
20250128,S36N3463,S36N3465,0.9491893019586949,0.9506200611350482,77,0.3181818048469722
20250128,S36N3463,S36N3466,0.9347441832617129,0.9469885568118036,1106,4.570247742347419
20250128,S36N3463,S36N3467,0.4878786896123906,0.4872542911751241,160,0.6611569970846176
20250128,S36N3463,S36N3468,0.928352082202577,0.9391211694324001,987,4.078512225765735
20250128,S36N3464,S36N3465,0.95240944844813,0.9545713775235132,-484,-1.9999999161809683
20250128,S36N3464,S36N3466,0.9460516422234867,0.9524068734592155,402,1.6611569551751018
20250128,S36N3464,S36N3467,0.6120450718081016,0.9392303765635278,436,1.801652817055583
20250128,S36N3464,S36N3468,0.934453931089329,0.9427440108405403,574,2.3719007270410657
20250128,S36N3465,S36N3466,0.9369240671410494,0.9554748712501153,879,3.632231252733618
20250128,S36N3465,S36N3467,0.6521429094302809,0.9494039279305581,983,4.0619833008386195
20250128,S36N3465,S36N3468,0.9287081222222613,0.9424797373411952,803,3.3181816791184247
20250128,S36N3466,S36N3467,0.955353801035539,0.955353076953342,1,0.00413223123177886
20250128,S36N3466,S36N3468,0.9502608319088833,0.9506454565807947,-84,-0.34710742346942425
20250128,S36N3467,S36N3468,0.9526270079810307,0.9526372225504421,-3,-0.01239669369533658
20250129,S36N3481,S36N3482,0.9412049679152233,0.9547974557254116,778,3.214875898323953
20250129,S36N3481,S36N3483,0.9197524755620768,0.9487438768595421,2005,8.285123619716614
20250129,S36N3481,S36N3484,0.8662117938944441,0.9434760820892731,3572,14.760329959914088
20250129,S36N3481,S36N3485,0.8471305428621979,0.9373850417516789,3575,14.772726653609425
20250129,S36N3481,S36N3486,0.8395361427544904,0.9472927715159921,5951,24.590908060315996
20250129,S36N3481,S36N3487,0.8191346777357147,0.9438193656763614,9568,39.53718842566013
20250129,S36N3482,S36N3483,0.9446531665006987,0.9549969137142842,743,3.070247805211693
20250129,S36N3482,S36N3484,0.8941401770591257,0.9519570350760787,2494,10.305784692056477
20250129,S36N3482,S36N3485,0.8722451711052999,0.9416599395464056,3092,12.776858968660235
20250129,S36N3482,S36N3486,0.8554301031859506,0.9471716264799889,4671,19.301652083639055
20250129,S36N3482,S36N3487,0.8389857459421206,0.9464297982435378,8191,33.84710601950064
20250129,S36N3483,S36N3484,0.910096168376029,0.9569622201348603,1762,7.2809914303943515
20250129,S36N3483,S36N3485,0.8934104364832227,0.9451533317140397,2437,10.070247511845082
20250129,S36N3483,S36N3486,0.8643104281010648,0.9532299246398935,4175,17.25206539267674
20250129,S36N3483,S36N3487,0.8492937686604711,0.9506178086318199,7469,30.863635070156306
20250129,S36N3484,S36N3485,0.9341627486973709,0.9485418804655447,759,3.136363504920155
20250129,S36N3484,S36N3486,0.8954541044458079,0.9536343822461527,2316,9.57024753279984
20250129,S36N3484,S36N3487,0.8528742594217213,0.9529637612453234,5846,24.157023780979216
20250129,S36N3485,S36N3486,0.9223361382049399,0.958484346358678,1544,6.38016502186656
20250129,S36N3485,S36N3487,0.8545306822618682,0.9493469032442141,4914,20.30578427296132
20250129,S36N3486,S36N3487,0.8861616198176213,0.9584606692227168,3622,14.966941521503031
20250130,S36N3489,S36N3490,0.9518137293279715,0.9516753105867535,-20,-0.0826446246355772
20250130,S36N3489,S36N3491,0.9487830954820136,0.9497153152223746,-134,-0.5537189850583673
20250130,S36N3489,S36N3493,0.8989646413457644,0.9293517782995182,-3652,-15.090908458456397
20250130,S36N3489,S36N3494,0.8961778076950655,0.9009704001309836,-1868,-7.719007940962911
20250130,S36N3489,S36N3495,0.8871955532914217,0.8878923185704608,115,0.4752065916545689
20250130,S36N3490,S36N3491,0.9568998382412849,0.9613988358548363,-489,-2.0206610723398626
20250130,S36N3490,S36N3493,0.9036558604458482,0.940515159933244,-4208,-17.388429023325443
20250130,S36N3490,S36N3494,0.9040290471362491,0.5994541558035661,-1234,-5.099173340015113
20250130,S36N3490,S36N3495,0.9073485083415732,0.9085283318047838,-305,-1.2603305256925523
20250130,S36N3491,S36N3493,0.9037633247979333,0.9427949904735577,-3594,-14.851239047013223
20250130,S36N3491,S36N3494,0.9073519731953651,0.9184017928844984,-1912,-7.9008261151611805
20250130,S36N3491,S36N3495,0.9022543750888629,0.9019242519727032,-113,-0.4669421291910112
20250130,S36N3493,S36N3494,0.8897909924939297,0.9392629437684973,2262,9.347107046283782
20250130,S36N3493,S36N3495,0.8661115606345541,0.936030612861561,4101,16.946280281525105
20250130,S36N3494,S36N3495,0.9214821669795488,0.9400968248813347,989,4.086776688229293
20250131,S36N3498,S36N3499,0.948244513024203,0.9495801237654313,-84,-0.34710742346942425
20250131,S36N3498,S36N3500,0.9039730013702276,0.9244982894707536,1130,4.669421291910112
20250131,S36N3498,S36N3501,0.9099292316169776,0.9157121527366319,-793,-3.276859366800636
20250131,S36N3498,S36N3502,0.8960820321220248,0.8957471146286416,-319,-1.3181817629374564
20250131,S36N3498,S36N3503,0.8733404922770115,0.8733408152200857,3,0.01239669369533658
20250131,S36N3499,S36N3500,0.9102289905437378,0.9255897695704216,976,4.0330576822161674
20250131,S36N3499,S36N3501,0.9132338559665226,0.9201438399877554,-988,-4.082644456997514
20250131,S36N3499,S36N3502,0.9024782848744273,0.903362198870951,-239,-0.9876032643951476
20250131,S36N3499,S36N3503,0.8875865047805164,0.8881347136029909,118,0.4876032853499055
20250131,S36N3500,S36N3501,0.9068028369434268,0.9558110490090304,-2272,-9.38842935860157
20250131,S36N3500,S36N3502,0.9112864056740182,0.9406962451607127,-2077,-8.582644268404692
20250131,S36N3500,S36N3503,0.8883504644763726,0.9079607297215467,-1772,-7.32231374271214
20250131,S36N3501,S36N3502,0.9413493733308428,0.9416984012648197,-38,-0.15702478680759668
20250131,S36N3501,S36N3503,0.7350692190432208,0.8006468905557979,58,0.23966941144317389
20250131,S36N3502,S36N3503,0.9227073961154327,0.9245753781053834,333,1.3760330001823604
20250201,S36N3505,S36N3507,0.9136239306274399,0.9212855482089982,438,1.8099172795191407
20250201,S36N3505,S36N3508,0.9004992672634021,0.9005395005113175,-47,-0.19421486789360642
20250201,S36N3505,S36N3509,0.9001838406776281,0.9005098104543537,-236,-0.975206570699811
20250201,S36N3505,S36N3510,0.8744288703122189,0.8828631990224077,-2488,-10.280991304665804
20250201,S36N3505,S36N3511,0.8518118976856027,0.8842821017791814,2324,9.60330538265407
20250201,S36N3507,S36N3508,0.9421367511696119,0.9421367511696119,0,0.0
20250201,S36N3507,S36N3509,0.9231924885473684,0.9253488316943962,-482,-1.9917354537174106
20250201,S36N3507,S36N3510,0.8838171065929652,0.9034253332806919,-2727,-11.268594569060951
20250201,S36N3507,S36N3511,0.8806644907723008,0.89652492186955,1198,4.950413015671074
20250201,S36N3508,S36N3509,0.935898328213459,0.9392329759862957,-332,-1.3719007689505816
20250201,S36N3508,S36N3510,0.8827220502418088,0.9201161362135679,-3539,-14.623966329265386
20250201,S36N3508,S36N3511,0.8980580962263015,0.902739356517298,291,1.2024792884476483
20250201,S36N3509,S36N3510,0.8965401874842621,0.9395463256020515,-2997,-12.384297001641244
20250201,S36N3509,S36N3511,0.9028564370399672,0.9225584990181789,1469,6.0702476794831455
20250201,S36N3510,S36N3511,0.868653313849887,0.9427531687159144,4469,18.466941374819726
20250202,S36N3513,S36N3514,0.9237178736965735,0.9417828800842016,1124,4.644627904519439
20250202,S36N3513,S36N3515,0.8873263120395444,0.9328732115362063,2561,10.58264418458566
20250202,S36N3513,S36N3516,0.5749167163773664,0.9140503927620578,2687,11.103305319789797
20250202,S36N3513,S36N3517,0.8659958320563322,0.8923285493678158,2097,8.66528889304027
20250202,S36N3513,S36N3518,0.8757449125893171,0.886970827634392,-1491,-6.16115676658228
20250202,S36N3513,S36N3519,0.8201381359645616,0.8299625960322955,-1043,-4.309917174745351
20250202,S36N3514,S36N3515,0.9259194374405738,0.9496261279856699,1355,5.599173319060355
20250202,S36N3514,S36N3516,0.5775299407796157,0.6495471899525482,1761,7.276859199162573
20250202,S36N3514,S36N3517,0.8983805783836498,0.9079264896333114,602,2.4876032015308738
20250202,S36N3514,S36N3518,0.8727787225364787,0.9099876058370217,-2386,-9.85950371902436
20250202,S36N3514,S36N3519,0.8357279405114805,0.8467988504600387,1636,6.760330295190215
20250202,S36N3515,S36N3516,0.5966014410166612,0.5962875284755575,119,0.49173551658168435
20250202,S36N3515,S36N3517,0.9190920258492979,0.9209770485451394,-346,-1.4297520061954856
20250202,S36N3515,S36N3518,0.8445579520429194,0.9154442936271178,-5339,-22.061982546467334
20250202,S36N3515,S36N3519,0.8425081667410088,0.8432487595050192,-232,-0.9586776457726955
20250202,S36N3516,S36N3517,0.9346667080783434,0.9389118123938051,-612,-2.5289255138486624
20250202,S36N3516,S36N3518,0.5328391428540199,0.9308278918987012,-5384,-22.247932951897383
20250202,S36N3516,S36N3519,0.5402097551571452,0.5500273657178586,-201,-0.8305784775875509
20250202,S36N3517,S36N3518,0.817361551057855,0.9341777489039716,-5533,-22.863635405432433
20250202,S36N3517,S36N3519,0.8533297235585185,0.8590452920454388,-1068,-4.413222955539823
20250202,S36N3518,S36N3519,0.8232781876424297,0.8895152226034179,4329,17.888429002370685
20250203,S36N3521,S36N3522,0.8858083798859705,0.941759974745262,2836,11.719007773324847
20250203,S36N3521,S36N3524,0.7770231358170362,0.8916901534353566,7513,31.045453244354576
20250203,S36N3521,S36N3525,0.8547349427412364,0.8937382649554253,4315,17.83057776512578
20250203,S36N3521,S36N3526,0.8561634419547557,0.8774671080709772,2470,10.206611142493784
20250203,S36N3521,S36N3527,0.8184232141771605,0.8771310959954378,3962,16.371900140307844
20250203,S36N3522,S36N3524,0.833694647676809,0.9207537515958283,5277,21.805784210097045
20250203,S36N3522,S36N3525,0.9024925782021426,0.9120019423342507,1965,8.11983437044546
20250203,S36N3522,S36N3526,0.8988619239545008,0.8989570736275664,132,0.5454545225948095
20250203,S36N3522,S36N3527,0.8795675988356687,0.8997601546946769,1683,6.9545451630838215
20250203,S36N3524,S36N3525,0.8485701554692713,0.9416681434885685,-3028,-12.512396169826388
20250203,S36N3524,S36N3526,0.8254363462111581,0.9194524385569317,-5219,-21.56611479865387
20250203,S36N3524,S36N3527,0.8534206039982651,0.9158552146525435,-3583,-14.805784503463656
20250203,S36N3525,S36N3526,0.9313721681507685,0.9376354585352198,-918,-3.7933882707729936
20250203,S36N3525,S36N3527,0.9231628183479345,0.9303789135567697,836,3.454545309767127
20250203,S36N3526,S36N3527,0.9054761329289552,0.9336491684550601,1916,7.917355040088296
20250204,S36N3529,S36N3530,0.9392751062653824,0.9460298262943688,604,2.4958676639944315
20250204,S36N3529,S36N3531,0.8654236794164014,0.9230677557474576,-3849,-15.904958011116832
20250204,S36N3529,S36N3532,0.8167842327965216,0.9176951414274752,-7001,-28.9297508536838
20250204,S36N3529,S36N3533,0.8680926710581119,0.872318761210176,714,2.950413099490106
20250204,S36N3529,S36N3534,0.8928459947907829,0.9101037249593724,2194,9.066115322522819
20250204,S36N3529,S36N3535,0.8822352331028308,0.9012629864486057,1705,7.0454542501829565
20250204,S36N3530,S36N3531,0.8675219530191904,0.9235112668450378,-4176,-17.25619762390852
20250204,S36N3530,S36N3532,0.8337027355977544,0.9200118498332939,-7583,-31.334709430579096
20250204,S36N3530,S36N3533,0.8650524114674087,0.8650670417070843,-84,-0.34710742346942425
20250204,S36N3530,S36N3534,0.9101373326357258,0.9192212266795619,1325,5.47520638210699
20250204,S36N3530,S36N3535,0.9017564359788498,0.915088366983244,1430,5.90909066144377
20250204,S36N3531,S36N3532,0.8663219338361217,0.9517504225857266,-3100,-12.809916818514466
20250204,S36N3531,S36N3533,0.8329329491612835,0.9161465987516934,4657,19.24380084639415
20250204,S36N3531,S36N3534,0.8670874790388413,0.9188822535299426,5600,23.140494897961617
20250204,S36N3531,S36N3535,0.8675314752887714,0.896859798098566,5438,22.47107343841344
20250204,S36N3532,S36N3533,0.825930309252786,0.9254979329343586,7694,31.79338709730655
20250204,S36N3532,S36N3534,0.8440066672753433,0.922437930966106,8818,36.43801500182599
20250204,S36N3532,S36N3535,0.8398060716034577,0.904326667956883,8659,35.78099023597315
20250204,S36N3533,S36N3534,0.8929483097856635,0.9010343529830498,746,3.0826444989070296
20250204,S36N3533,S36N3535,0.872021814439243,0.8752162510322934,358,1.479338780976832
20250204,S36N3534,S36N3535,0.930667235520281,0.930765910617238,-4,-0.01652892492711544
20250205,S36N3537,S36N3538,0.9145908743283955,0.9338974641712998,-1094,-4.520660967566073
20250205,S36N3537,S36N3539,0.8236952357380479,0.7628170993529538,-5456,-22.54545360058546
20250205,S36N3537,S36N3540,0.7558925526043669,0.8025427142499836,-2608,-10.776859052479267
20250205,S36N3537,S36N3541,0.9135551782145583,0.9154995168324502,431,1.7809916608966887
20250205,S36N3537,S36N3542,0.9038488250893643,0.904757558702498,-80,-0.3305784985423088
20250205,S36N3537,S36N3543,0.8619502355123702,0.8643039813387172,-718,-2.9669420244172215
20250205,S36N3538,S36N3539,0.8290151166518539,0.7811339447924234,-4558,-18.834709954448044
20250205,S36N3538,S36N3540,0.8812156748612943,0.7924686698519,-1821,-7.524793073069304
20250205,S36N3538,S36N3541,0.888964371824869,0.9040703699432162,1480,6.115702223032713
20250205,S36N3538,S36N3542,0.881018395041911,0.8846685143313504,-582,-2.4049585768952966
20250205,S36N3538,S36N3543,0.8362076873926051,0.8402355273561332,-782,-3.2314048232510686
20250205,S36N3539,S36N3540,0.7540305208346145,0.9173715187429824,2297,9.491735139396042
20250205,S36N3539,S36N3541,0.8579126395457153,0.8787091055898242,6370,26.32231294643134
20250205,S36N3539,S36N3542,0.8625976455643227,0.8637163607690679,500,2.06611561588943
20250205,S36N3539,S36N3543,0.8249721383993638,0.8521993921262447,3079,12.72313996264711
20250205,S36N3540,S36N3541,0.9111122486041605,0.9365101268165887,3311,13.681817608419806
20250205,S36N3540,S36N3542,0.7823190490690346,0.7992879983002522,1663,6.871900538448244
20250205,S36N3540,S36N3543,0.8858448280802451,0.9129858913809259,1705,7.0454542501829565
20250205,S36N3541,S36N3542,0.9374017776538316,0.9430099822202348,-1301,-5.376032832544297
20250205,S36N3541,S36N3543,0.9046351952716207,0.9103184752018593,-1328,-5.487603075802326
20250205,S36N3542,S36N3543,0.9252329130257075,0.9259872192652393,-132,-0.5454545225948095
20250206,S36N3545,S36N3547,0.905022241716206,0.9451623620905221,1568,6.479338571429253
20250206,S36N3545,S36N3548,0.8781267397353234,0.9282583101798556,4239,17.516528191510588
20250206,S36N3545,S36N3549,0.8619371692124271,0.9203295736542929,5757,23.789255201350898
20250206,S36N3545,S36N3550,0.8301591113509654,0.8820062483184486,9696,40.06611402332783
20250206,S36N3545,S36N3551,0.8808749736237251,0.8965490668870425,4735,19.566114882472903
20250206,S36N3545,S36N3552,0.8684068514618528,0.88929539522326,3721,15.376032413449138
20250206,S36N3547,S36N3548,0.9099840645567575,0.9483903268046191,2528,10.446280553936958
20250206,S36N3547,S36N3549,0.8882204373334933,0.939375860736506,4166,17.21487531159073
20250206,S36N3547,S36N3550,0.8427011523631035,0.8997381358882962,6368,26.31404848396778
20250206,S36N3547,S36N3551,0.9085888818511371,0.9225442176264883,2804,11.586776373907924
20250206,S36N3547,S36N3552,0.8977492415354229,0.9133432677467778,1974,8.15702445153147
20250206,S36N3548,S36N3549,0.9292887181882823,0.9533810222629943,1706,7.049586481414735
20250206,S36N3548,S36N3550,0.8737504716034128,0.9229727052131473,3736,15.438015881925821
20250206,S36N3548,S36N3551,0.9435951559122874,0.9440491706005664,104,0.42975204810500145
20250206,S36N3548,S36N3552,0.926486275076283,0.9305016891476666,-440,-1.8181817419826984
20250206,S36N3549,S36N3550,0.8936681988215601,0.9278244593189243,1802,7.446280679665506
20250206,S36N3549,S36N3551,0.9260142084841746,0.9421087840610355,-1725,-7.128098874818534
20250206,S36N3549,S36N3552,0.9121668050909364,0.9316019245965884,-2064,-8.528925262391567
20250206,S36N3550,S36N3551,0.8621631801980145,0.9383058770799424,-3569,-14.747933266218752
20250206,S36N3550,S36N3552,0.8521042709204197,0.9276555081798813,-4437,-18.334709975402802
20250206,S36N3551,S36N3552,0.9437124310472345,0.9564444722304734,-807,-3.33471060404554
20250207,S36N3554,S36N3555,0.8968288240128024,0.9509731495096032,2712,11.206611100584269
20250207,S36N3554,S36N3556,0.9141676359394041,0.9451387672654212,2325,9.60743761388585
20250207,S36N3554,S36N3557,0.9059145934811687,0.9287335086635433,2559,10.574379722122103
20250207,S36N3554,S36N3558,0.8924278154089232,0.9120048495469737,1892,7.818181490525603
20250207,S36N3554,S36N3559,0.8837224128360311,0.9038069853174343,1749,7.227272424381226
20250207,S36N3554,S36N3560,0.8728191646882983,0.8960611934332413,1952,8.066115364432335
20250207,S36N3554,S36N3561,0.8807702192637868,0.9028200804010177,2096,8.66115666180849
20250207,S36N3555,S36N3556,0.9415397877728768,0.942999172206691,-116,-0.47933882288634777
20250207,S36N3555,S36N3557,0.9217802152613415,0.9221659568616125,-27,-0.11157024325802922
20250207,S36N3555,S36N3558,0.9053419813079435,0.9112807690724835,-416,-1.7190081924200058
20250207,S36N3555,S36N3559,0.8973995469109486,0.9034128184506759,-638,-2.6363635258749127
20250207,S36N3555,S36N3560,0.8940811422249152,0.8960029627720942,-191,-0.7892561652697623
20250207,S36N3555,S36N3561,0.9021114522463631,0.9029134980316381,-505,-2.0867767720483243
20250207,S36N3556,S36N3557,0.9480423952686379,0.9488373556820678,203,0.8388429400511086
20250207,S36N3556,S36N3558,0.9326611556722731,0.9343599487228053,-121,-0.49999997904524207
20250207,S36N3556,S36N3559,0.9217316068220942,0.9255768485172395,-560,-2.3140494897961617
20250207,S36N3556,S36N3560,0.9145219225767814,0.9175736172927241,-373,-1.5413222494535148
20250207,S36N3556,S36N3561,0.9243139397904575,0.9254047501837109,-176,-0.7272726967930794
20250207,S36N3557,S36N3558,0.9376651435348499,0.9497278184118656,-680,-2.809917237609625
20250207,S36N3557,S36N3559,0.9303662086614107,0.9440709582666954,-767,-3.1694213547743857
20250207,S36N3557,S36N3560,0.9322210480654146,0.9358567319847858,-306,-1.2644627569243312
20250207,S36N3557,S36N3561,0.9373886412687228,0.9387137898337503,-176,-0.7272726967930794
20250207,S36N3558,S36N3559,0.950938877098899,0.951743901992034,-160,-0.6611569970846176
20250207,S36N3558,S36N3560,0.9437357040766096,0.9447203585594761,-119,-0.49173551658168435
20250207,S36N3558,S36N3561,0.9423364165311656,0.9440383005356403,185,0.7644627778790891
20250207,S36N3559,S36N3560,0.9549538896534263,0.957055394231907,184,0.7603305466473103
20250207,S36N3559,S36N3561,0.9493503079852357,0.9545555781444014,280,1.1570247448980808
20250207,S36N3560,S36N3561,0.9531640027628894,0.954107478826327,133,0.5495867538265884
20250208,S36N3563,S36N3564,0.9534920284783269,0.9537258057041582,-97,-0.40082642948254943
20250208,S36N3563,S36N3565,0.9413382440043386,0.9413886130340771,76,0.31404957361519337
20250208,S36N3563,S36N3567,0.8916884498198313,0.9149317106177397,-1745,-7.210743499454111
20250208,S36N3563,S36N3568,0.8737310993835873,0.910331275693275,-2630,-10.867768139578402
20250208,S36N3563,S36N3569,0.8702273868257268,0.9048660994665025,-2736,-11.305784650146961
20250208,S36N3563,S36N3571,0.8288812358257831,0.9002954931821503,-5440,-22.479337900877
20250208,S36N3564,S36N3565,0.9499256440930861,0.9506525744299792,93,0.384297504555434
20250208,S36N3564,S36N3567,0.8995968254194733,0.9211468576689887,-1740,-7.190082343295217
20250208,S36N3564,S36N3568,0.8821132727773848,0.9202915255364662,-2919,-12.061982965562493
20250208,S36N3564,S36N3569,0.8760082739600674,0.9132233582248082,-2804,-11.586776373907924
20250208,S36N3564,S36N3571,0.8340401591949506,0.9059487327168123,-5250,-21.694213966839015
20250208,S36N3565,S36N3567,0.9044440903958814,0.9242668091041468,-1713,-7.078512100037187
20250208,S36N3565,S36N3568,0.8866480342008058,0.9247495612656903,-2660,-10.991735076531768
20250208,S36N3565,S36N3569,0.8804885792295605,0.9184517422524284,-3092,-12.776858968660235
20250208,S36N3565,S36N3571,0.8416234832160678,0.9052525511413708,-5377,-22.21900733327493
20250208,S36N3567,S36N3568,0.9458731921254424,0.9505539663237405,-422,-1.743801579810679
20250208,S36N3567,S36N3569,0.9311992594709088,0.9394914774812927,-908,-3.752065958455205
20250208,S36N3567,S36N3571,0.8748443142097452,0.9201439000555013,-2788,-11.520660674199462
20250208,S36N3568,S36N3569,0.9543832996208905,0.9546868823781004,-243,-1.004132189322263
20250208,S36N3568,S36N3571,0.8998407573713645,0.9270113428754629,-2001,-8.268594694789499
20250208,S36N3569,S36N3571,0.9217627101451169,0.9445432789833109,-1467,-6.061983217019588
20250209,S36N3574,S36N3575,0.9304776961047684,0.9340459307442824,-194,-0.8016528589650989
20250209,S36N3574,S36N3577,0.867947989979196,0.8832061414246194,-537,-2.219008171465248
20250209,S36N3574,S36N3578,0.8485164836825209,0.867318494044693,-748,-3.0909089613705873
20250209,S36N3574,S36N3580,0.7627912020383744,0.8088945288185283,-1392,-5.752065874636173
20250209,S36N3575,S36N3577,0.8935444593149201,0.9370238912610211,-3313,-13.690082070883363
20250209,S36N3575,S36N3578,0.8661203219171413,0.8818354076912535,-772,-3.19008251093328
20250209,S36N3575,S36N3580,0.7818255136925804,0.8328536546990134,-2185,-9.02892524143681
20250209,S36N3577,S36N3578,0.9244561844713964,0.9299014274958252,-357,-1.475206549745053
20250209,S36N3577,S36N3580,0.8347877240266269,0.8586111879542636,-1100,-4.545454354956746
20250209,S36N3578,S36N3580,0.879983489526287,0.9194568266218137,-1325,-5.47520638210699
20250210,S36N3582,S36N3583,0.9453622835906045,0.9470723687382809,173,0.7148760030977428
20250210,S36N3582,S36N3584,0.9201889844927817,0.9212035757273905,-114,-0.47107436042279005
20250210,S36N3582,S36N3585,0.8897487715444145,0.8949265165990941,502,2.0743800783529878
20250210,S36N3582,S36N3586,0.8106433986206967,0.8524086116333618,-3870,-15.991734866984189
20250210,S36N3582,S36N3587,0.8580174767308087,0.8692662712264427,926,3.8264461206272244
20250210,S36N3582,S36N3588,0.8931423013808641,0.8955912824104522,-440,-1.8181817419826984
20250210,S36N3582,S36N3589,0.8031761782312781,0.8498447532630321,-7430,-30.70247805211693
20250210,S36N3583,S36N3584,0.948661951887738,0.958002274013205,-426,-1.7603305047377944
20250210,S36N3583,S36N3585,0.8601480555747865,0.861707845137903,-288,-1.1900825947523117
20250210,S36N3583,S36N3586,0.7682375974162576,0.8159136965299917,-3674,-15.181817545555532
20250210,S36N3583,S36N3587,0.8396145416446313,0.8454514334574289,614,2.53718997631222
20250210,S36N3583,S36N3588,0.8810472711654669,0.882716345585579,-457,-1.888429672922939
20250210,S36N3583,S36N3589,0.7668503101564863,0.8079782344314157,-5905,-24.40082542365417
20250210,S36N3584,S36N3585,0.847400691806704,0.8493445302174449,305,1.2603305256925523
20250210,S36N3584,S36N3586,0.733592997394088,0.7668471558668895,-3133,-12.946280449163169
20250210,S36N3584,S36N3587,0.8301469138898295,0.8425322733740461,794,3.280991598032415
20250210,S36N3584,S36N3588,0.8794541408063187,0.8846708208021623,-457,-1.888429672922939
20250210,S36N3584,S36N3589,0.7274465851173887,0.7604063818307627,-5598,-23.13223043549806
20250210,S36N3585,S36N3586,0.8743028463571694,0.8960809607364146,-1897,-7.838842646684498
20250210,S36N3585,S36N3587,0.9129229014009629,0.9220501314510501,-448,-1.8512395918369293
20250210,S36N3585,S36N3588,0.8476289473286199,0.8978932132134604,-1647,-6.805784838739783
20250210,S36N3585,S36N3589,0.8563039461231214,0.8909606907046449,-4274,-17.661156284622848
20250210,S36N3586,S36N3587,0.876392016637563,0.8798796282357022,-319,-1.3181817629374564
20250210,S36N3586,S36N3588,0.8276831312999806,0.8530225136320064,-1407,-5.814049343112856
20250210,S36N3586,S36N3589,0.8947734080464226,0.9261305424263703,-2650,-10.95041276421398
20250210,S36N3587,S36N3588,0.8906479119699641,0.9351786755675979,-1187,-4.904958472121507
20250210,S36N3587,S36N3589,0.8450783264891385,0.8540289086132057,-1729,-7.144627799745649
20250210,S36N3588,S36N3589,0.8373018885439379,0.838011561370136,254,1.0495867328718305
20250211,S36N3592,S36N3593,0.9112630331984835,0.9210067697714964,-553,-2.2851238711737096
20250211,S36N3592,S36N3594,0.9092055625285069,0.9180475293877358,-591,-2.4421486579813063
20250211,S36N3592,S36N3595,0.894973608367859,0.9215780894839973,-993,-4.103305613156408
20250211,S36N3592,S36N3596,0.8847933086731228,0.8861118948046868,158,0.6528925346210599
20250211,S36N3592,S36N3597,0.8944227051695446,0.8946234196516013,28,0.11570247448980808
20250211,S36N3592,S36N3598,0.7364069909543995,0.7514247761994259,-1613,-6.665288976859301
20250211,S36N3593,S36N3594,0.9611779516850244,0.9632930087722757,134,0.5537189850583673
20250211,S36N3593,S36N3595,0.9185321337668482,0.9214016313954535,349,1.4421486998908222
20250211,S36N3593,S36N3596,0.8329839867811869,0.8457373018392046,824,3.4049585349857807
20250211,S36N3593,S36N3597,0.8456579453269113,0.8529228183631365,402,1.6611569551751018
20250211,S36N3593,S36N3598,0.689488718961534,0.698983379773026,-939,-3.8801651266403496
20250211,S36N3594,S36N3595,0.942186981519667,0.9424970260334361,77,0.3181818048469722
20250211,S36N3594,S36N3596,0.8640229635538074,0.8676986935670039,451,1.863636285532266
20250211,S36N3594,S36N3597,0.87192073959346,0.8759821068756483,447,1.8471073606051505
20250211,S36N3594,S36N3598,0.7278317024843639,0.739287683550801,-1210,-4.999999790452421
20250211,S36N3595,S36N3596,0.9015926813343458,0.9127821626037818,684,2.8264461625367403
20250211,S36N3595,S36N3597,0.9095781987389528,0.9176048858374914,708,2.925619712099433
20250211,S36N3595,S36N3598,0.7892268297777134,0.7952169107941268,-872,-3.603305634111166
20250211,S36N3596,S36N3597,0.9550872886483256,0.9554413900000337,60,0.2479338739067316
20250211,S36N3596,S36N3598,0.8749600821181454,0.8887922895865884,-1263,-5.2190080457367
20250211,S36N3597,S36N3598,0.8798950259507347,0.9001630772592303,-1191,-4.921487397048622
20250212,S36N3600,S36N3601,0.9268154463944375,0.9610629551979418,1118,4.619834517128766
20250212,S36N3600,S36N3602,0.9353886201905282,0.9457171812052876,595,2.4586775829084218
20250212,S36N3600,S36N3603,0.9468059273054436,0.9468413930803478,-137,-0.5661156787537038
20250212,S36N3600,S36N3604,0.9030637434978382,0.9391550458503721,-1349,-5.574379931669682
20250212,S36N3600,S36N3605,0.9290927914643708,0.9341439810560824,-270,-1.1157024325802922
20250212,S36N3600,S36N3606,0.7360519300259984,0.7387329248222491,-422,-1.743801579810679
20250212,S36N3600,S36N3607,0.7422474626797062,0.7452045496274237,808,3.338842835277319
20250212,S36N3601,S36N3602,0.9440818811992535,0.952196735574875,-407,-1.681818111333996
20250212,S36N3601,S36N3603,0.9121708206020795,0.953715555529764,-1353,-5.590908856596798
20250212,S36N3601,S36N3604,0.8523870380274198,0.9480370321879217,-2408,-9.950412806123495
20250212,S36N3601,S36N3605,0.8858901747801318,0.9226800361939206,-1680,-6.942148469388485
20250212,S36N3601,S36N3606,0.7117335589268199,0.7356812484935534,-1786,-7.380164979957044
20250212,S36N3601,S36N3607,0.7332441898978017,0.7335453945211453,-18,-0.07438016217201948
20250212,S36N3602,S36N3603,0.9283723977623514,0.9494910171040707,-939,-3.8801651266403496
20250212,S36N3602,S36N3604,0.8712552804462453,0.9426493583205156,-1835,-7.582644310314208
20250212,S36N3602,S36N3605,0.8971952678038667,0.9173649220968914,-1305,-5.392561757471412
20250212,S36N3602,S36N3606,0.7264005737192636,0.7615422154819025,-1712,-7.0743798688054085
20250212,S36N3602,S36N3607,0.7351924057472924,0.7363119475793781,758,3.132231273688376
20250212,S36N3603,S36N3604,0.9285136514747072,0.9612113723997032,-947,-3.9132229764945805
20250212,S36N3603,S36N3605,0.9261525876303432,0.9328477640203726,-446,-1.8429751293733716
20250212,S36N3603,S36N3606,0.7468475533026768,0.7520510006351224,-512,-2.1157023906707764
20250212,S36N3603,S36N3607,0.7491373465814407,0.7579606189177654,1140,4.7107436042279005
20250212,S36N3604,S36N3605,0.9339740961323971,0.9407363229076788,590,2.4380164267495275
20250212,S36N3604,S36N3606,0.7727471894634547,0.7729021229526803,19,0.07851239340379834
20250212,S36N3604,S36N3607,0.7582794505174035,0.7797951050930844,1825,7.54132199799642
20250212,S36N3605,S36N3606,0.8301756683236388,0.8302301280171118,-4,-0.01652892492711544
20250212,S36N3605,S36N3607,0.8173283977994529,0.8330834586506977,1440,5.9504129737615585
20250212,S36N3606,S36N3607,0.8944498495377748,0.9326917432135713,1989,8.219007920008153
20250213,S36N3610,S36N3611,0.7983822053149062,0.9454344556333675,2456,10.14875990524888
20250213,S36N3610,S36N3612,0.7810870119975271,0.7857543594900205,401,1.657024723943323
20250213,S36N3610,S36N3613,0.839066766487717,0.8421668783123346,333,1.3760330001823604
20250213,S36N3610,S36N3614,0.8992302162436,0.9050874862406003,-352,-1.4545453935861588
20250213,S36N3610,S36N3615,0.8458888689491544,0.9120313543723997,-1778,-7.347107130102813
20250213,S36N3610,S36N3616,0.8686151737368398,0.9100764429960498,-1040,-4.2975204810500145
20250213,S36N3611,S36N3612,0.8698770972595204,0.8529500565639453,-1343,-5.549586544279009
20250213,S36N3611,S36N3613,0.8421626579200009,0.9009212328250245,-1448,-5.983470823615789
20250213,S36N3611,S36N3614,0.7861370746389983,0.9293002210930892,-2836,-11.719007773324847
20250213,S36N3611,S36N3615,0.7461449848028704,0.9038875782004967,-4178,-17.264462086372077
20250213,S36N3611,S36N3616,0.7761258742242749,0.9229235210122138,-3595,-14.855371278245002
20250213,S36N3612,S36N3613,0.8962159799140982,0.9071965381762132,-618,-2.5537189012393355
20250213,S36N3612,S36N3614,0.8244758730113746,0.8626323271507346,-1549,-6.400826178025454
20250213,S36N3612,S36N3615,0.7714551116915682,0.8031719260566567,-1693,-6.99586747540161
20250213,S36N3612,S36N3616,0.7907102477997011,0.8214031117070412,-1431,-5.913222892675549
20250213,S36N3613,S36N3614,0.9075545002153674,0.9188876601248346,-781,-3.2272725920192897
20250213,S36N3613,S36N3615,0.8440787279454588,0.8588091269279587,-874,-3.6115700965747237
20250213,S36N3613,S36N3616,0.8594929737546897,0.8755268388118463,-1113,-4.599173360969871
20250213,S36N3614,S36N3615,0.922588852820426,0.92657650080883,-461,-1.9049585978500545
20250213,S36N3614,S36N3616,0.9342538703373651,0.937817862841491,-265,-1.095041276421398
20250213,S36N3615,S36N3616,0.9435984691294746,0.9511959553851618,546,2.2561982525512576
20250214,S36N3618,S36N3619,0.9023723764388375,0.902508367572485,4,0.01652892492711544
20250214,S36N3618,S36N3620,0.7980403665163994,0.7998450776573766,113,0.4669421291910112
20250214,S36N3618,S36N3621,0.7875981005037987,0.8007819603900638,1270,5.247933664359152
20250214,S36N3618,S36N3622,0.899630414157398,0.9059527006012651,782,3.2314048232510686
20250214,S36N3618,S36N3623,0.9021509207656951,0.9173349316568925,1682,6.950412931852043
20250214,S36N3618,S36N3624,0.868375421827468,0.8917359654135688,2290,9.46280952077359
20250214,S36N3618,S36N3625,0.8633838605114726,0.8950555658491711,3065,12.665288725402206
20250214,S36N3619,S36N3620,0.8827329600067524,0.8873931126029191,-460,-1.9008263666182756
20250214,S36N3619,S36N3621,0.8725623486764407,0.890999266500935,886,3.66115687135607
20250214,S36N3619,S36N3622,0.8948110658213917,0.9224199552807586,1619,6.6900823642499745
20250214,S36N3619,S36N3623,0.8970605936532646,0.9148969690011394,1195,4.938016321975738
20250214,S36N3619,S36N3624,0.8964887691604421,0.9044982482594522,-511,-2.1115701594389975
20250214,S36N3619,S36N3625,0.8895152891802233,0.900721967105853,584,2.4132230393588543
20250214,S36N3620,S36N3621,0.8599638213045221,0.9576903066589281,1507,6.227272466290742
20250214,S36N3620,S36N3622,0.8187148125407613,0.8392751134351193,1124,4.644627904519439
20250214,S36N3620,S36N3623,0.8151888469363809,0.8298992256294228,970,4.008264294825494
20250214,S36N3620,S36N3624,0.8707164220265325,0.880102037879968,741,3.0619833427481353
20250214,S36N3620,S36N3625,0.8299161744501267,0.8647102535756179,1828,7.553718691691756
20250214,S36N3621,S36N3622,0.8535769958000258,0.8538936397741126,-28,-0.11570247448980808
20250214,S36N3621,S36N3623,0.8328940200626653,0.8331927661315771,-61,-0.25206610513851047
20250214,S36N3621,S36N3624,0.8485383372734809,0.8694248256044178,-930,-3.84297504555434
20250214,S36N3621,S36N3625,0.8591137482579256,0.8591153642155774,4,0.01652892492711544
20250214,S36N3622,S36N3623,0.9465988080646215,0.9511131849327337,360,1.4876032434403896
20250214,S36N3622,S36N3624,0.9039374280983502,0.9053217245625967,50,0.206611561588943
20250214,S36N3622,S36N3625,0.9071992594544006,0.9227886442488896,1579,6.52479311497882
20250214,S36N3623,S36N3624,0.9283845014512161,0.9297030401803933,34,0.14049586188048124
20250214,S36N3623,S36N3625,0.9221184655015416,0.9380593846559556,1274,5.264462589286268
20250214,S36N3624,S36N3625,0.9161842689179441,0.9580567176502514,1052,4.347107255831361
20250215,S36N3628,S36N3629,0.9343841903899156,0.9376501783653024,-505,-2.0867767720483243
20250215,S36N3628,S36N3630,0.8245964123102143,0.8265801133862171,-666,-2.752066000364721
20250215,S36N3628,S36N3631,0.7190180000815266,0.7190187767054459,-1,-0.00413223123177886
20250215,S36N3628,S36N3632,0.8785505711129811,0.8798508955942426,-367,-1.5165288620628417
20250215,S36N3628,S36N3633,0.8953012578980285,0.8984193008534569,-514,-2.123966853134334
20250215,S36N3628,S36N3634,0.895115711841599,0.8951739957460316,4,0.01652892492711544
20250215,S36N3629,S36N3630,0.8549955170026673,0.8560888158188783,-64,-0.26446279883384705
20250215,S36N3629,S36N3631,0.7398601583950979,0.7400682146888018,12,0.04958677478134632
20250215,S36N3629,S36N3632,0.906411944877237,0.9074647457788254,116,0.47933882288634777
20250215,S36N3629,S36N3633,0.9220972198168066,0.9230523606837693,-76,-0.31404957361519337
20250215,S36N3629,S36N3634,0.920086284917391,0.9249028952310707,605,2.4999998952262104
20250215,S36N3630,S36N3631,0.8936623201564471,0.900099492516989,-727,-3.0041321055032313
20250215,S36N3630,S36N3632,0.8259908020915201,0.8633980926097705,3911,16.161156347487122
20250215,S36N3630,S36N3633,0.8376342502366593,0.8378144575043828,49,0.20247933035716414
20250215,S36N3630,S36N3634,0.830863400195337,0.8404059854904651,1049,4.334710562136024
20250215,S36N3631,S36N3632,0.7252497338585412,0.7674997062499394,5206,21.512395792640746
20250215,S36N3631,S36N3633,0.7408524904711355,0.7410580099136047,15,0.0619834684766829
20250215,S36N3631,S36N3634,0.7355088246586081,0.7389109021229594,670,2.7685949252918363
20250215,S36N3632,S36N3633,0.938404764363796,0.939915233920275,-157,-0.648760303389281
20250215,S36N3632,S36N3634,0.9215500395403993,0.9235252601210395,-353,-1.4586776248179376
20250215,S36N3633,S36N3634,0.9513952170993393,0.9519137438773735,98,0.4049586607143283
20250216,S36N3637,S36N3638,0.7683035650311814,0.7683715777230471,-5,-0.0206611561588943
20250216,S36N3637,S36N3639,0.8379721435942272,0.8384019247143881,-140,-0.5785123724490404
20250216,S36N3637,S36N3640,0.7639085215033209,0.8447798145938696,-3037,-12.549586250912398
20250216,S36N3637,S36N3641,0.6934544812393317,0.8619555448600001,-4755,-19.64875950710848
20250216,S36N3637,S36N3642,0.7431725164965997,0.8780227968750112,-2821,-11.657024304848164
20250216,S36N3637,S36N3644,0.7222505255931909,0.7380300836865152,1519,6.2768592410720885
20250216,S36N3638,S36N3639,0.9430846370703632,0.9449625072039677,-129,-0.533057828899473
20250216,S36N3638,S36N3640,0.8835203798805257,0.8840211584606437,18,0.07438016217201948
20250216,S36N3638,S36N3641,0.8107745182517965,0.8231241934239776,1210,4.999999790452421
20250216,S36N3638,S36N3642,0.7636064931000942,0.7672888948344562,761,3.1446279673837125
20250216,S36N3638,S36N3644,0.9098266592310867,0.9163618780267233,507,2.095041234511882
20250216,S36N3639,S36N3640,0.8743779305178547,0.880786143927856,450,1.859504054300487
20250216,S36N3639,S36N3641,0.8024223163751674,0.8194123729881193,1354,5.595041087828577
20250216,S36N3639,S36N3642,0.7710015227077135,0.7937683828499131,-2303,-9.516528526786715
20250216,S36N3639,S36N3644,0.8994957904045244,0.9112286506834474,989,4.086776688229293
20250216,S36N3640,S36N3641,0.8890083805974611,0.9036906281607898,-1098,-4.537189892493188
20250216,S36N3640,S36N3642,0.8938547209427397,0.9259290124844703,869,3.5909089404158294
20250216,S36N3640,S36N3644,0.8707098450778414,0.8750689652858308,475,1.9628098350949585
20250216,S36N3641,S36N3642,0.8540934180221736,0.9051577592973078,2138,8.834710373543203
20250216,S36N3641,S36N3644,0.8230535731214619,0.8235247720252744,-213,-0.8801652523688972
20250216,S36N3642,S36N3644,0.7728302689492947,0.7751110135822393,367,1.5165288620628417
20250217,S36N3646,S36N3647,0.7798566895233123,0.7874464503133898,-530,-2.190082552842796
20250217,S36N3646,S36N3648,0.7848730596462032,0.7865875658515019,196,0.8099173214286566
20250217,S36N3646,S36N3649,0.8192041649647788,0.8199025045791203,-81,-0.33471072977408767
20250217,S36N3646,S36N3650,0.7154516369771271,0.72654704041961,-480,-1.9834709912538528
20250217,S36N3646,S36N3651,0.8071510784436057,0.8215454339618312,-549,-2.268594946246594
20250217,S36N3646,S36N3652,0.7674530908315431,0.7963180371184404,1710,7.066115406341851
20250217,S36N3647,S36N3648,0.9142174978731256,0.9376068983224167,1058,4.371900643222034
20250217,S36N3647,S36N3649,0.9115271227985021,0.9419077160358258,1781,7.35950382379815
20250217,S36N3647,S36N3650,0.8834377484738585,0.9225315848850351,2153,8.896693842019886
20250217,S36N3647,S36N3651,0.8749445017913522,0.918523593705386,2455,10.144627674017102
20250217,S36N3647,S36N3652,0.9014345815526715,0.936428772356878,1972,8.148759989067912
20250217,S36N3648,S36N3649,0.9263150410219624,0.9392422767219567,1091,4.508264273870736
20250217,S36N3648,S36N3650,0.903362618600481,0.9208135232984752,1225,5.061983258929104
20250217,S36N3648,S36N3651,0.8952755873664815,0.9119821112443938,1503,6.210743541363627
20250217,S36N3648,S36N3652,0.9106863245624135,0.924504563169159,1003,4.144627925474197
20250217,S36N3649,S36N3650,0.9508684133120352,0.9511696236475866,-69,-0.28512395499274135
20250217,S36N3649,S36N3651,0.9450187059404089,0.9452341898302835,25,0.1033057807944715
20250217,S36N3649,S36N3652,0.9442415257633471,0.9458728165831987,209,0.8636363274417818
20250217,S36N3650,S36N3651,0.9492251358078369,0.9493794459919355,7,0.02892561862245202
20250217,S36N3650,S36N3652,0.9319593551155035,0.9329000664362462,69,0.28512395499274135
20250217,S36N3651,S36N3652,0.9411150573078941,0.9415849552090199,63,0.2603305676020682
20250218,S36N3655,S36N3656,0.9407969700652803,0.9491730242006157,582,2.4049585768952966
20250218,S36N3655,S36N3657,0.9304180828243074,0.9446323989240243,975,4.028925450984389
20250218,S36N3655,S36N3658,0.8941876715473138,0.9380367412545517,2295,9.483470676932484
20250218,S36N3655,S36N3659,0.901062561498858,0.9319078295506974,1824,7.537189766764641
20250218,S36N3655,S36N3660,0.9024940553775854,0.9362804844426761,2066,8.537189724855125
20250218,S36N3655,S36N3661,0.9236882009490673,0.9269165300581406,218,0.9008264085277915
20250218,S36N3656,S36N3657,0.9435448176522193,0.952206163176298,709,2.929751943331212
20250218,S36N3656,S36N3658,0.9013088615609383,0.9440221720771921,1911,7.896693883929402
20250218,S36N3656,S36N3659,0.9130187588272975,0.9424708397291304,1426,5.8925617365166545
20250218,S36N3656,S36N3660,0.9089073248849414,0.941135985302502,1705,7.0454542501829565
20250218,S36N3656,S36N3661,0.9206228552719288,0.9225512580000926,588,2.4297519642859697
20250218,S36N3657,S36N3658,0.9348655561766241,0.9560223434074976,1262,5.214875814504921
20250218,S36N3657,S36N3659,0.9374233507094731,0.9545051740336443,1243,5.136363421101123
20250218,S36N3657,S36N3660,0.9388484119156355,0.9519935067391291,764,3.157024661079049
20250218,S36N3657,S36N3661,0.9399208487628986,0.9402277072741776,-17,-0.07024793094024062
20250218,S36N3658,S36N3659,0.9571562077519672,0.9574692935803293,-85,-0.3512396547012031
20250218,S36N3658,S36N3660,0.9515480074770296,0.952396368340219,57,0.23553718021139503
20250218,S36N3658,S36N3661,0.9174356656712918,0.9341787021306658,-1410,-5.826446036808193
20250218,S36N3659,S36N3660,0.9557586498707266,0.9564763859786377,57,0.23553718021139503
20250218,S36N3659,S36N3661,0.920225579614755,0.9379585551751657,-1353,-5.590908856596798
20250218,S36N3660,S36N3661,0.9296095922855534,0.9456745863165834,-1083,-4.4752064240165055
20250219,S36N3663,S36N3664,0.9288465728004651,0.9441538265194308,960,3.9669419825077057
20250219,S36N3663,S36N3665,0.906010388058251,0.9267639764691679,1789,7.392561673652381
20250219,S36N3663,S36N3666,0.8959892343593497,0.9267549619849857,1794,7.413222829811275
20250219,S36N3663,S36N3667,0.8919783724113928,0.9219139623071018,1835,7.582644310314208
20250219,S36N3663,S36N3668,0.8926655595436772,0.9196766457550645,1799,7.433883985970169
20250219,S36N3663,S36N3669,0.9015575961667336,0.9174213151065087,1267,5.235536970663816
20250219,S36N3664,S36N3665,0.9415921886777535,0.9510377930783438,735,3.037189955357462
20250219,S36N3664,S36N3666,0.923540359513649,0.9433598569524866,899,3.7148758773691952
20250219,S36N3664,S36N3667,0.9155366199446664,0.9350268489000777,1077,4.450413036625832
20250219,S36N3664,S36N3668,0.9182971536967088,0.9325333382865936,905,3.7396692647598684
20250219,S36N3664,S36N3669,0.9174157491832451,0.9208281649459228,127,0.5247933664359152
20250219,S36N3665,S36N3666,0.937923902499221,0.9440231719368829,577,2.3842974207364023
20250219,S36N3665,S36N3667,0.9308529600493637,0.9337186232751686,381,1.5743800993077457
20250219,S36N3665,S36N3668,0.9294624907903266,0.9326683899577949,305,1.2603305256925523
20250219,S36N3665,S36N3669,0.9147623228568478,0.9167292043128996,-172,-0.7107437718659639
20250219,S36N3666,S36N3667,0.9477275635575668,0.9481175686991411,53,0.21900825528427958
20250219,S36N3666,S36N3668,0.9492920502289176,0.9491468701538763,-61,-0.25206610513851047
20250219,S36N3666,S36N3669,0.9365919058386134,0.9459644246884362,-882,-3.6446279464289546
20250219,S36N3667,S36N3668,0.9506461780633829,0.9522056160185892,-173,-0.7148760030977428
20250219,S36N3667,S36N3669,0.9332642678569639,0.9437010724299041,-823,-3.400826303754002
20250219,S36N3668,S36N3669,0.9391990260688642,0.9473921882324201,-767,-3.1694213547743857
20250220,S36N3671,S36N3672,0.9116561618757043,0.9381695010970313,-89,-0.36776857962831855
20250220,S36N3671,S36N3673,0.9209216768596526,0.9334046146795223,856,3.5371899344027042
20250220,S36N3671,S36N3674,0.9187485356333207,0.9362031009583828,1233,5.0950411087833345
20250220,S36N3671,S36N3675,0.9053750669799667,0.9293236393751658,2052,8.479338487610221
20250220,S36N3671,S36N3676,0.9219945957789792,0.929630507502021,913,3.7727271146140993
20250220,S36N3671,S36N3677,0.913639559456124,0.9253642312979924,1229,5.078512183856219
20250220,S36N3672,S36N3673,0.9277215315821782,0.9522907311610461,1541,6.367768328171223
20250220,S36N3672,S36N3674,0.9230787026574979,0.9483673163011913,1565,6.466941877733916
20250220,S36N3672,S36N3675,0.9037708325684535,0.9362410289459968,2310,9.545454145409167
20250220,S36N3672,S36N3676,0.9189488647652297,0.9325946409155964,1116,4.611570054665208
20250220,S36N3672,S36N3677,0.9110928169956025,0.9251008270816926,1344,5.553718775510788
20250220,S36N3673,S36N3674,0.9562688183948266,0.9562122941233094,-30,-0.1239669369533658
20250220,S36N3673,S36N3675,0.934102463400408,0.9398011804979397,380,1.5702478680759668
20250220,S36N3673,S36N3676,0.935413874893229,0.9360895444474914,-231,-0.9545454145409167
20250220,S36N3673,S36N3677,0.9228986150752868,0.9248963232533642,-476,-1.9669420663267374
20250220,S36N3674,S36N3675,0.9453712488692131,0.9500409235023616,295,1.2190082133747637
20250220,S36N3674,S36N3676,0.9445084019918761,0.9464216538488811,-342,-1.4132230812683702
20250220,S36N3674,S36N3677,0.9339908378730056,0.9378416418871728,-548,-2.2644627150148153
20250220,S36N3675,S36N3676,0.9371426377953,0.9508134104995246,-829,-3.425619691144675
20250220,S36N3675,S36N3677,0.9246626012395204,0.946780087828761,-829,-3.425619691144675
20250220,S36N3676,S36N3677,0.9537291889993134,0.9544626007191331,-34,-0.14049586188048124
20250221,S36N3679,S36N3680,0.9188154871977559,0.9212049329388845,210,0.8677685586735606
20250221,S36N3679,S36N3681,0.8998675392903679,0.9001781180921636,16,0.06611569970846176
20250221,S36N3679,S36N3683,0.9101592733722347,0.9186467441397367,804,3.3223139103502035
20250221,S36N3679,S36N3684,0.9135040660590378,0.9135414614771469,4,0.01652892492711544
20250221,S36N3679,S36N3685,0.9112023805100352,0.9162080087790762,392,1.6198346428573132
20250221,S36N3680,S36N3681,0.9325512441434405,0.9418125820125003,-614,-2.53718997631222
20250221,S36N3680,S36N3683,0.9030054655034057,0.9205924514038225,768,3.1735535860061646
20250221,S36N3680,S36N3684,0.9128523225896719,0.9218512976814919,602,2.4876032015308738
20250221,S36N3680,S36N3685,0.9047664427200014,0.9122626010171994,523,2.161156934220344
20250221,S36N3681,S36N3683,0.8810617188283207,0.9107232380025101,1327,5.483470844570547
20250221,S36N3681,S36N3684,0.8907509085660246,0.913524088730547,1420,5.867768349125981
20250221,S36N3681,S36N3685,0.8822244810540861,0.9027504583633296,1724,7.123966643586755
20250221,S36N3683,S36N3684,0.9504481481604696,0.9520130901948276,-133,-0.5495867538265884
20250221,S36N3683,S36N3685,0.9360026462648047,0.9372615330880824,42,0.17355371173471212
20250221,S36N3684,S36N3685,0.9493125708494625,0.950226348747497,88,0.3636363483965397
20250222,S36N3687,S36N3688,0.9414044096597818,0.9465510154104791,-293,-1.210743750911206
20250222,S36N3687,S36N3690,0.8984352819099997,0.9065772245516321,-903,-3.7314048022963107
20250222,S36N3687,S36N3691,0.9000989253913462,0.9121812402002142,-948,-3.9173552077263594
20250222,S36N3687,S36N3693,0.9178330289570407,0.9325018550301589,-808,-3.338842835277319
20250222,S36N3688,S36N3690,0.9309296497755128,0.9329715830324719,-384,-1.5867767930030823
20250222,S36N3688,S36N3691,0.9292696986187394,0.9313387384668553,-333,-1.3760330001823604
20250222,S36N3688,S36N3693,0.9375410040447448,0.9412523035941877,-265,-1.095041276421398
20250222,S36N3690,S36N3691,0.9380121141103787,0.9406861676632537,-145,-0.5991735286079347
20250222,S36N3690,S36N3693,0.9277993743815934,0.9285465280902803,67,0.2768594925291836
20250222,S36N3691,S36N3693,0.9301553642284568,0.9308835925165702,28,0.11570247448980808
20250223,S36N3695,S36N3696,0.9291584543715806,0.9400131229410054,530,2.190082552842796
20250223,S36N3695,S36N3697,0.9379991178515559,0.9386715835128776,24,0.09917354956269264
20250223,S36N3695,S36N3699,0.9040707165442098,0.9244045791149911,-1015,-4.194214700255543
20250223,S36N3695,S36N3700,0.879659365315633,0.910238604012811,-2141,-8.84710706723854
20250223,S36N3695,S36N3701,0.8549938594933367,0.8933544830751406,-3468,-14.330577911809087
20250223,S36N3696,S36N3697,0.9235880316561658,0.9361807828031405,-672,-2.776859387755394
20250223,S36N3696,S36N3699,0.8682364822984888,0.9129950785170041,-1691,-6.987603012938052
20250223,S36N3696,S36N3700,0.8538970849039832,0.8970379726768398,-3128,-12.925619293004274
20250223,S36N3696,S36N3701,0.8367874326233321,0.8803704652642949,-4441,-18.351238900329918
20250223,S36N3697,S36N3699,0.9198647404020586,0.9278281646037307,-572,-2.363636264577508
20250223,S36N3697,S36N3700,0.8779631725780014,0.9149148585787564,-2063,-8.524793031159788
20250223,S36N3697,S36N3701,0.8485771737961424,0.897330670630929,-3309,-13.673553145956248
20250223,S36N3699,S36N3700,0.9042702060855048,0.9290314928422909,-1227,-5.070247721392661
20250223,S36N3699,S36N3701,0.8653323588520938,0.9087003847328385,-2586,-10.685949965380132
20250223,S36N3700,S36N3701,0.9203984365376789,0.9362425069628327,-950,-3.925619670189917
20250224,S36N3703,S36N3704,0.9265245598900671,0.9401969042223731,-735,-3.037189955357462
20250224,S36N3703,S36N3705,0.931238292309714,0.9435450782926925,-742,-3.066115573979914
20250224,S36N3703,S36N3706,0.9384803631431198,0.9383895999214726,-22,-0.09090908709913492
20250224,S36N3703,S36N3707,0.9046647410695047,0.9159521961474261,-1044,-4.31404940597713
20250224,S36N3703,S36N3708,0.8291242571481535,0.9016527612576726,-4455,-18.40909013757482
20250224,S36N3704,S36N3705,0.928930915144917,0.9299620297954531,205,0.8471074025146663
20250224,S36N3704,S36N3706,0.9303621467996126,0.9453144211070037,938,3.8760328954085708
20250224,S36N3704,S36N3707,0.9317918051251074,0.9321148164760241,-127,-0.5247933664359152
20250224,S36N3704,S36N3708,0.8557135289508644,0.9140199765516621,-3524,-14.561982860788703
20250224,S36N3705,S36N3706,0.9183612015372457,0.9284158536241967,634,2.6198346009477973
20250224,S36N3705,S36N3707,0.9082974437104647,0.9102561720081086,-261,-1.0785123514942825
20250224,S36N3705,S36N3708,0.8315845963798242,0.8936392512392594,-3801,-15.706610911991447
20250224,S36N3706,S36N3707,0.9248910814289578,0.9432540374302197,-1160,-4.793388228863478
20250224,S36N3706,S36N3708,0.8375990019811512,0.9298476045384712,-4379,-18.09504056395963
20250224,S36N3707,S36N3708,0.8615451007124639,0.9417069312917522,-3382,-13.975206025876105
20250225,S36N3711,S36N3712,0.9376616028370145,0.9501294353808288,-533,-2.2024792465381324
20250225,S36N3711,S36N3713,0.8909186181861872,0.9414976172945384,-1934,-7.991735202260315
20250225,S36N3711,S36N3714,0.8735534086994979,0.9293721756621734,-2701,-11.161156557034701
20250225,S36N3711,S36N3715,0.8681910975639743,0.9111646431105623,-2589,-10.698346659075469
20250225,S36N3711,S36N3716,0.8341713129868811,0.8918787780655432,-3510,-14.504131623543799
20250225,S36N3711,S36N3717,0.8337811153606072,0.9080285487928996,-3998,-16.520660464651883
20250225,S36N3712,S36N3713,0.9032391759238662,0.9459774337116317,-1214,-5.016528715379536
20250225,S36N3712,S36N3714,0.8840800955366478,0.9363599265324581,-1878,-7.760330253280699
20250225,S36N3712,S36N3715,0.8792371066760751,0.9162609519076296,-2074,-8.570247574709356
20250225,S36N3712,S36N3716,0.8636586089222512,0.9139906076755433,-2936,-12.132230896502733
20250225,S36N3712,S36N3717,0.8420541165482209,0.912136779960495,-3517,-14.533057242166251
20250225,S36N3713,S36N3714,0.9310141585804667,0.9458955724238063,-615,-2.541322207543999
20250225,S36N3713,S36N3715,0.9181582975924851,0.9335890156049881,-941,-3.8884295891039073
20250225,S36N3713,S36N3716,0.8738295004747707,0.9095491160386943,-1853,-7.657024472486228
20250225,S36N3713,S36N3717,0.8816783062590666,0.9205214232840451,-2013,-8.318181469570845
20250225,S36N3714,S36N3715,0.9474863409961354,0.94908931344761,-192,-0.7933883965015411
20250225,S36N3714,S36N3716,0.9217853022152556,0.931563501730585,-994,-4.107437844388187
20250225,S36N3714,S36N3717,0.9108686700690839,0.9337656185515721,-1493,-6.169421229045838
20250225,S36N3715,S36N3716,0.9323291143887023,0.9353005357608172,-482,-1.9917354537174106
20250225,S36N3715,S36N3717,0.9204571143581647,0.9350895567892936,-1120,-4.628098979592323
20250225,S36N3716,S36N3717,0.9290540364160804,0.9323889578618786,-308,-1.272727219387889
20250226,S36N3719,S36N3720,0.8943768976524197,0.9008909063132634,-876,-3.6198345590382814
20250226,S36N3719,S36N3721,0.8711791795895187,0.8947440172929018,-1511,-6.243801391217858
20250226,S36N3719,S36N3722,0.8837536987733433,0.8991543790300289,-1043,-4.309917174745351
20250226,S36N3719,S36N3723,0.8601191361056743,0.885605284167177,-1893,-7.822313721757382
20250226,S36N3719,S36N3724,0.8534104376331134,0.876699512850699,-1650,-6.818181532435119
20250226,S36N3719,S36N3725,0.8329584131878557,0.8681853995360816,-2464,-10.181817755103111
20250226,S36N3720,S36N3721,0.9284373438107573,0.948802281943969,-951,-3.929751901421696
20250226,S36N3720,S36N3722,0.9339849264142368,0.9401676861230901,-642,-2.652892450802028
20250226,S36N3720,S36N3723,0.9119132680008581,0.9362098886080981,-1393,-5.756198105867952
20250226,S36N3720,S36N3724,0.9134686100989706,0.9263880027633016,-1167,-4.82231384748593
20250226,S36N3720,S36N3725,0.8808283408942797,0.9233150581410705,-2760,-11.404958199709654
20250226,S36N3721,S36N3722,0.9456726339405408,0.9487266584853336,350,1.446280931122601
20250226,S36N3721,S36N3723,0.9369445229638824,0.943406700572271,-730,-3.016528799198568
20250226,S36N3721,S36N3724,0.9328333161708786,0.9339183933620782,-189,-0.7809917028062046
20250226,S36N3721,S36N3725,0.9034713475790717,0.9320394601061619,-1810,-7.479338529519737
20250226,S36N3722,S36N3723,0.9273844998773958,0.9494767999411273,-1000,-4.13223123177886
20250226,S36N3722,S36N3724,0.9266216213070944,0.9388406412613126,-778,-3.214875898323953
20250226,S36N3722,S36N3725,0.8947010664597912,0.9338927290664946,-2150,-8.88429714832455
20250226,S36N3723,S36N3724,0.9485021513249026,0.9489770783467951,38,0.15702478680759668
20250226,S36N3723,S36N3725,0.9267401617764204,0.9448485816874796,-1100,-4.545454354956746
20250226,S36N3724,S36N3725,0.9267453746930849,0.9510153574087742,-1241,-5.128098958637565
20250227,S36N3727,S36N3728,0.9418816320483911,0.9421415620995145,-14,-0.05785123724490404
20250227,S36N3727,S36N3729,0.931311021254904,0.9334058888760239,-305,-1.2603305256925523
20250227,S36N3727,S36N3730,0.921731931615026,0.9252221111809082,-830,-3.429751922376454
20250227,S36N3727,S36N3731,0.928630708533997,0.9335753861424771,-498,-2.0578511534258723
20250227,S36N3727,S36N3733,0.8987074772627985,0.9038758897394337,-733,-3.0289254928939044
20250227,S36N3728,S36N3729,0.9498877569398144,0.9522347123768141,-260,-1.0743801202625036
20250227,S36N3728,S36N3730,0.9392496535633981,0.9441361681717582,-427,-1.7644627359695733
20250227,S36N3728,S36N3731,0.9358701152529993,0.9405126115841612,-473,-1.9545453726314008
20250227,S36N3728,S36N3733,0.918862041536532,0.9205181621850471,-811,-3.3512395289726555
20250227,S36N3729,S36N3730,0.9442262826753217,0.9506993236988915,-503,-2.0785123095847666
20250227,S36N3729,S36N3731,0.9357569849144178,0.9399910814400343,-308,-1.272727219387889
20250227,S36N3729,S36N3733,0.924530164978891,0.9323214637686976,-919,-3.7975205020047724
20250227,S36N3730,S36N3731,0.9403736057471941,0.9404698907242566,6,0.02479338739067316
20250227,S36N3730,S36N3733,0.9144181687680779,0.9175097698679069,-364,-1.504132168367505
20250227,S36N3731,S36N3733,0.9183005693067923,0.9231910108191014,-560,-2.3140494897961617
20250228,S36N3735,S36N3736,0.8026760987270712,0.9516354108296353,-6342,-26.20661047194153
20250228,S36N3735,S36N3737,0.8142188447486719,0.9493193963367591,-7003,-28.938015316147357
20250228,S36N3735,S36N3738,0.8152171461250147,0.9353908251661325,-7184,-29.68594916909933
20250228,S36N3735,S36N3739,0.8196364472136588,0.9407158235623313,-6502,-26.86776746902615
20250228,S36N3735,S36N3740,0.7936973267421618,0.8730822665690564,-7022,-29.016527709551156
20250228,S36N3735,S36N3741,0.8056869081237704,0.9068517831789868,-5775,-23.863635363522917
20250228,S36N3736,S36N3737,0.9485481291498064,0.956507206451601,-564,-2.330578414723277
20250228,S36N3736,S36N3738,0.9333024160979022,0.9444325836687201,-649,-2.68181806942448
20250228,S36N3736,S36N3739,0.9456432901446177,0.9467463844344916,-367,-1.5165288620628417
20250228,S36N3736,S36N3740,0.870662143515474,0.8770834313956898,-951,-3.929751901421696
20250228,S36N3736,S36N3741,0.8984640316181522,0.9052963246996832,522,2.157024702988565
20250228,S36N3737,S36N3738,0.9481620134060351,0.9487256015406216,-78,-0.3223140360787511
20250228,S36N3737,S36N3739,0.9479666592661398,0.9518126095199236,422,1.743801579810679
20250228,S36N3737,S36N3740,0.8841520798647362,0.8847593163633906,-50,-0.206611561588943
20250228,S36N3737,S36N3741,0.8859616158808538,0.9083250347529069,1539,6.359503865707666
20250228,S36N3738,S36N3739,0.9373178964203855,0.9464780071487343,671,2.772727156523615
20250228,S36N3738,S36N3740,0.8765763964519264,0.8780007320861613,-69,-0.28512395499274135
20250228,S36N3738,S36N3741,0.8823001663997457,0.9029625663901204,1378,5.694214637391269
20250228,S36N3739,S36N3740,0.8892892083175854,0.8928053862978554,-278,-1.148760282434523
20250228,S36N3739,S36N3741,0.9041844615634567,0.9204790653827417,980,4.049586607143283
20250228,S36N3740,S36N3741,0.9210465587413067,0.9332441512486338,1247,5.1528923460282385
20250301,S36N3743,S36N3744,0.9177973875783215,0.9494629567377695,1379,5.698346868623048
20250301,S36N3743,S36N3745,0.8948518578784846,0.9325810336307675,1688,6.975206319242716
20250301,S36N3743,S36N3746,0.8547004730936112,0.9260505391640421,2864,11.834710247814655
20250301,S36N3743,S36N3747,0.8641421046476047,0.9187794932570589,2910,12.024792884476483
20250301,S36N3743,S36N3748,0.8583521194457504,0.9057589350138371,3214,13.280991178937256
20250301,S36N3743,S36N3749,0.8444277311604176,0.8967403499395538,3814,15.760329918004572
20250301,S36N3744,S36N3745,0.9447375961960397,0.946050657160428,222,0.9173553334549069
20250301,S36N3744,S36N3746,0.9003769878702714,0.9417336072707988,1904,7.86776826530695
20250301,S36N3744,S36N3747,0.9054144075958536,0.9360561098715752,1607,6.640495589468628
20250301,S36N3744,S36N3748,0.894177677212113,0.9233406819361697,1841,7.607437697704881
20250301,S36N3744,S36N3749,0.8842593428940092,0.911997159661068,1877,7.75619802204892
20250301,S36N3745,S36N3746,0.9142170814611125,0.9471702210650403,1626,6.7190079828724265
20250301,S36N3745,S36N3747,0.919206634994829,0.9443307851001175,1525,6.301652628462762
20250301,S36N3745,S36N3748,0.9072222832219512,0.931332786121466,1835,7.582644310314208
20250301,S36N3745,S36N3749,0.8934191885231713,0.9187283247823802,1318,5.446280763484538
20250301,S36N3746,S36N3747,0.9514488943699718,0.9534527504648995,-304,-1.2561982944607735
20250301,S36N3746,S36N3748,0.9432004050333833,0.9435167076995247,65,0.2685950300656259
20250301,S36N3746,S36N3749,0.9288702589783145,0.9342238776043164,487,2.012396609876305
20250301,S36N3747,S36N3748,0.9463014429569926,0.9514927537849894,325,1.3429751503281295
20250301,S36N3747,S36N3749,0.9310851766636552,0.9432177101660008,978,4.041322144679725
20250301,S36N3748,S36N3749,0.9402528097178611,0.9515740769941057,807,3.33471060404554
20250302,S36N3751,S36N3752,0.8727156011481603,0.9484569308078038,2834,11.71074331086129
20250302,S36N3751,S36N3754,0.9063303598237313,0.9190907032151658,845,3.4917353908531368
20250302,S36N3751,S36N3755,0.8487665398526687,0.9140693169596836,4303,17.780990990344435
20250302,S36N3752,S36N3754,0.8976646306152479,0.92916007920469,-2596,-10.72727227769792
20250302,S36N3752,S36N3755,0.9152411216898794,0.9207558711442865,752,3.107437886297703
20250302,S36N3754,S36N3755,0.8669762630337,0.9511370359488565,3264,13.4876027405262
20250303,S36N3759,S36N3760,0.8476078451160537,0.9151380271793716,-3639,-15.037189452443272
20250303,S36N3759,S36N3761,0.8803663164017104,0.8840817631217637,-1785,-7.376032748725265
20250303,S36N3759,S36N3762,0.880368758694887,0.8828380159701898,-1401,-5.789255955722183
20250303,S36N3759,S36N3763,0.869558041040905,0.869562618656047,-1,-0.00413223123177886
20250303,S36N3759,S36N3764,0.8528871136770954,0.855417720547941,233,0.9628098770044744
20250303,S36N3759,S36N3765,0.8274756657950182,0.8537470842699401,1570,6.48760303389281
20250303,S36N3760,S36N3761,0.8912285785434628,0.9424351116176846,1613,6.665288976859301
20250303,S36N3760,S36N3762,0.889855364229304,0.9276455003102329,1874,7.743801328353584
20250303,S36N3760,S36N3763,0.8697934574118937,0.9208218682212954,2890,11.942148259840906
20250303,S36N3760,S36N3764,0.8245650888686994,0.9139928906520766,5410,22.355370963923633
20250303,S36N3760,S36N3765,0.810116065555052,0.9030168768884427,7479,30.904957382474095
20250303,S36N3761,S36N3762,0.9447954434152204,0.947267260315318,274,1.1322313575074077
20250303,S36N3761,S36N3763,0.9161660201985123,0.9375620158095549,829,3.425619691144675
20250303,S36N3761,S36N3764,0.8495622437281192,0.9327620834979073,3557,14.698346491437405
20250303,S36N3761,S36N3765,0.8227950736901156,0.9214649381945117,5723,23.648759339470416
20250303,S36N3762,S36N3763,0.9353728041202626,0.9503420500513001,839,3.4669420034624636
20250303,S36N3762,S36N3764,0.8525512041711313,0.940828582491977,3308,13.66942091472447
20250303,S36N3762,S36N3765,0.8224961698643188,0.9310170253784018,5358,22.140494939871132
20250303,S36N3763,S36N3764,0.8665770792526737,0.95312304379131,2678,11.066115238703787
20250303,S36N3763,S36N3765,0.8225483580121036,0.9429754109752583,4728,19.53718926385045
20250303,S36N3764,S36N3765,0.8879764021277382,0.9494979928764135,2051,8.475206256378442
20250304,S36N3767,S36N3768,0.9251245423227183,0.9376274050851422,439,1.8140495107509196
20250304,S36N3767,S36N3769,0.7891008974667653,0.88442153353915,2840,11.735536698251963
20250304,S36N3767,S36N3770,0.8434200882865459,0.8559406936435153,905,3.7396692647598684
20250304,S36N3767,S36N3771,0.8106863233509359,0.8459996382211713,2179,9.004131854046136
20250304,S36N3767,S36N3772,0.8165190904267577,0.8315695012657558,1125,4.648760135751218
20250304,S36N3767,S36N3773,0.8107167067766603,0.828750508384602,1774,7.330578205175698
20250304,S36N3768,S36N3769,0.8306078064394269,0.9268585289113567,2337,9.657024388667196
20250304,S36N3768,S36N3770,0.8971158915077968,0.9011408943306839,314,1.297520606778562
20250304,S36N3768,S36N3771,0.8571572017344917,0.889094607000148,1601,6.615702202077955
20250304,S36N3768,S36N3772,0.8667382947467085,0.8734896388128582,463,1.9132230603136122
20250304,S36N3768,S36N3773,0.8526390342150832,0.8720854619336013,1046,4.322313868440688
20250304,S36N3769,S36N3770,0.8811437544583616,0.946882812799166,-2517,-10.40082601038739
20250304,S36N3769,S36N3771,0.9164676139025679,0.9342807262009626,-1119,-4.623966748360544
20250304,S36N3769,S36N3772,0.8910914539973359,0.9227346761500733,-2051,-8.475206256378442
20250304,S36N3769,S36N3773,0.9067355470067279,0.9153154492912624,-1435,-5.929751817602664
20250304,S36N3770,S36N3771,0.9139769029146283,0.9486271156417826,1261,5.210743583273143
20250304,S36N3770,S36N3772,0.9271400809053386,0.9315071759108854,210,0.8677685586735606
20250304,S36N3770,S36N3773,0.9115680146307669,0.9293699989397086,1241,5.128098958637565
20250304,S36N3771,S36N3772,0.9285662020241595,0.9438269804554484,-1025,-4.235537012573332
20250304,S36N3771,S36N3773,0.9372702915628046,0.9377615924197857,51,0.21074379282072186
20250304,S36N3772,S36N3773,0.9339379271546218,0.9505328760740309,664,2.743801537901163
20250305,S36N3775,S36N3777,0.9232512754044024,0.9359535907926831,485,2.004132147412747
20250305,S36N3775,S36N3778,0.8915494178486619,0.9110942140959184,703,2.9049585559405386
20250305,S36N3775,S36N3779,0.8290998448850228,0.8773073530563955,4761,19.673552894499153
20250305,S36N3775,S36N3780,0.7704698897599662,0.7521018496069963,12665,52.33470855047926
20250305,S36N3775,S36N3781,0.8409869686024756,0.8781041912008469,1910,7.892561652697623
20250305,S36N3777,S36N3778,0.936289211678195,0.9425327033195576,330,1.3636363064870238
20250305,S36N3777,S36N3779,0.8344384343692083,0.8945178632348871,2308,9.537189682945609
20250305,S36N3777,S36N3780,0.7743139020819598,0.7871306657104704,-2007,-8.293388082180172
20250305,S36N3777,S36N3781,0.8782365588795549,0.898583670395804,1019,4.210743625182658
20250305,S36N3778,S36N3779,0.8542266126524795,0.9118866404515117,2522,10.421487166546285
20250305,S36N3778,S36N3780,0.7781323600263038,0.7953273535073242,-3216,-13.289255641400814
20250305,S36N3778,S36N3781,0.8776393448891195,0.8898239303466579,924,3.8181816581636667
20250305,S36N3779,S36N3780,0.7331377434862476,0.7700523603554945,-4661,-19.260329771321267
20250305,S36N3779,S36N3781,0.8567892776568979,0.872461974433614,-1376,-5.6859501749277115
20250305,S36N3780,S36N3781,0.7235630874265234,0.7650149166439143,4500,18.59504054300487
20250306,S36N3783,S36N3784,0.9483397905010514,0.9487070537951557,77,0.3181818048469722
20250306,S36N3783,S36N3786,0.9311068303232276,0.9323421733527919,-131,-0.5413222913630307
20250306,S36N3783,S36N3787,0.83421697493369,0.9244619639293232,3721,15.376032413449138
20250306,S36N3783,S36N3788,0.9074800757039797,0.9107180044654711,-224,-0.9256197959184647
20250306,S36N3783,S36N3789,0.8974908085590216,0.8977386903957572,-19,-0.07851239340379834
20250306,S36N3784,S36N3786,0.9328149411606208,0.9368478814239092,-211,-0.8719007899053395
20250306,S36N3784,S36N3787,0.8257045427521325,0.9273942517985614,3705,15.309916713740677
20250306,S36N3784,S36N3788,0.908745638137534,0.9123272728893158,-215,-0.8884297148324549
20250306,S36N3784,S36N3789,0.8973232225084632,0.8975636573348239,-70,-0.2892561862245202
20250306,S36N3786,S36N3787,0.8058625949295444,0.9469540229949002,3907,16.144627422560006
20250306,S36N3786,S36N3788,0.9366717788487967,0.9392298738232324,-106,-0.43801651056855917
20250306,S36N3786,S36N3789,0.9228016513979214,0.9238848098465984,62,0.2561983363702893
20250306,S36N3787,S36N3788,0.7935595089046691,0.9460457834598095,-4261,-17.607437278609723
20250306,S36N3787,S36N3789,0.784189289688523,0.9294954588420458,-4105,-16.96280920645222
20250306,S36N3788,S36N3789,0.94260591889433,0.9432070848983276,59,0.24380164267495275
20250307,S36N3792,S36N3793,0.9426779435107089,0.9490720100071743,291,1.2024792884476483
20250307,S36N3792,S36N3794,0.9363554250207895,0.9547718576135906,743,3.070247805211693
20250307,S36N3792,S36N3796,0.8856572353606901,0.8783858888339157,747,3.0867767301388085
20250307,S36N3792,S36N3797,0.681012734068462,0.6732937032439087,878,3.628099021501839
20250307,S36N3793,S36N3794,0.9466924387891117,0.953770200416034,570,2.3553718021139503
20250307,S36N3793,S36N3796,0.933985012045593,0.9346334125505777,272,1.12396689504385
20250307,S36N3793,S36N3797,0.8986254736170934,0.90062526559976,427,1.7644627359695733
20250307,S36N3794,S36N3796,0.9418791617331734,0.9428866974678988,-89,-0.36776857962831855
20250307,S36N3794,S36N3797,0.9041862832801136,0.9040964291882779,-26,-0.10743801202625036
20250307,S36N3796,S36N3797,0.9285062041350807,0.9304016304323882,-123,-0.5082644415087998
20250308,S36N3799,S36N3800,0.94350693302209,0.9438309713861818,-25,-0.1033057807944715
20250308,S36N3799,S36N3801,0.9364198133844001,0.9396073895636098,299,1.2355371383018792
20250308,S36N3799,S36N3802,0.927635443330423,0.9342096748076292,511,2.1115701594389975
20250308,S36N3799,S36N3803,0.9239335651933156,0.9285065962339271,383,1.5826445617713034
20250308,S36N3799,S36N3804,0.9252736422933305,0.9292828355599205,374,1.5454544806852937
20250308,S36N3799,S36N3805,0.9151106415222471,0.9180043739612188,315,1.301652838010341
20250308,S36N3800,S36N3801,0.946371911840954,0.9528119597172267,317,1.3099173004738986
20250308,S36N3800,S36N3802,0.9389343385641954,0.946304533762247,531,2.1942147840745747
20250308,S36N3800,S36N3803,0.9309094935629252,0.9357787329923326,219,0.9049586397595704
20250308,S36N3800,S36N3804,0.9326500735237825,0.9367145185267506,400,1.652892492711544
20250308,S36N3800,S36N3805,0.9287171462540028,0.9307877210350813,83,0.3429751922376454
20250308,S36N3801,S36N3802,0.9519543008185445,0.9515462364425877,-152,-0.6280991472303867
20250308,S36N3801,S36N3803,0.9373704727559442,0.9394006926681757,-157,-0.648760303389281
20250308,S36N3801,S36N3804,0.9365173560164433,0.9379064539931157,-169,-0.6983470781706274
20250308,S36N3801,S36N3805,0.9305365383284133,0.9309998066383716,-224,-0.9256197959184647
20250308,S36N3802,S36N3803,0.9379544022833576,0.9390429054999421,-108,-0.4462809730321169
20250308,S36N3802,S36N3804,0.9381085697126331,0.940192253047264,-136,-0.561983447521925
20250308,S36N3802,S36N3805,0.932658494774522,0.9340958226625282,-244,-1.0082644205540419
20250308,S36N3803,S36N3804,0.9476778346261533,0.9492687575721809,85,0.3512396547012031
20250308,S36N3803,S36N3805,0.9456027235434932,0.9468413913811179,-73,-0.3016528799198568
20250308,S36N3804,S36N3805,0.9487350905967422,0.9500471613066533,46,0.19008263666182756
20250309,S36N3807,S36N3809,0.929298759806796,0.9468500461257242,-857,-3.541322165634483
20250309,S36N3807,S36N3810,0.9263578708538587,0.9398136886407683,-745,-3.0785122676752508
20250309,S36N3807,S36N3811,0.8777086820552606,0.9383756425090227,2650,10.95041276421398
20250309,S36N3807,S36N3812,0.9235401452010437,0.9283940467691756,-679,-2.805785006377846
20250309,S36N3807,S36N3813,0.9261224407713176,0.9265176593457071,104,0.42975204810500145
20250309,S36N3809,S36N3810,0.9497519786027575,0.9499607406827567,-12,-0.04958677478134632
20250309,S36N3809,S36N3811,0.8459022564381291,0.9491477431203055,3183,13.152892010752112
20250309,S36N3809,S36N3812,0.9333026399067207,0.933665547887031,22,0.09090908709913492
20250309,S36N3809,S36N3813,0.9122748127586958,0.927351587996242,1039,4.293388249818236
20250309,S36N3810,S36N3811,0.8485323317265058,0.9554128702276695,3320,13.719007689505816
20250309,S36N3810,S36N3812,0.935487192750469,0.9372110396055138,175,0.7231404655613005
20250309,S36N3810,S36N3813,0.9128628890158821,0.9261793757598077,852,3.520661009475589
20250309,S36N3811,S36N3812,0.8473087918059043,0.93725976816972,-3053,-12.61570195062086
20250309,S36N3811,S36N3813,0.8783709387543939,0.93595192814634,-2264,-9.35537150874734
20250309,S36N3812,S36N3813,0.9259846308549915,0.92215335045042,710,2.9338841745629907
20250310,S36N3816,S36N3817,0.9477248214540263,0.9481798442145294,-40,-0.1652892492711544
20250310,S36N3816,S36N3818,0.943227571483802,0.94325732217809,4,0.01652892492711544
20250310,S36N3816,S36N3819,0.9259430783735799,0.929873767457782,-459,-1.8966941353864968
20250310,S36N3816,S36N3820,0.9259535565057876,0.9316723253644033,-679,-2.805785006377846
20250310,S36N3816,S36N3821,0.9245516824610185,0.9292022252499509,-634,-2.6198346009477973
20250310,S36N3817,S36N3818,0.9529392064923825,0.9535649972480341,-56,-0.23140494897961617
20250310,S36N3817,S36N3819,0.9388349116077116,0.9403272714870915,-111,-0.45867766672745347
20250310,S36N3817,S36N3820,0.9283989824140756,0.9341303207546132,-760,-3.1404957361519337
20250310,S36N3817,S36N3821,0.9241105054124014,0.9307443040232543,-413,-1.7066114987246692
20250310,S36N3818,S36N3819,0.9481047350258844,0.9481319492081088,-25,-0.1033057807944715
20250310,S36N3818,S36N3820,0.9367129788709353,0.943780601972493,-468,-1.9338842164725065
20250310,S36N3818,S36N3821,0.9316748638937932,0.940047254259773,-754,-3.1157023487612605
20250310,S36N3819,S36N3820,0.9426196506260626,0.951268221440884,-698,-2.8842973997816443
20250310,S36N3819,S36N3821,0.9386763649846497,0.9444411456736651,-519,-2.1446280092932284
20250310,S36N3820,S36N3821,0.9485916811831596,0.9489903807755176,13,0.05371900601312518
20250311,S36N3824,S36N3825,0.9411370789914397,0.9417651148237819,138,0.5702479099854827
20250311,S36N3824,S36N3826,0.9318451194532601,0.9322457084783444,66,0.27272726129740477
20250311,S36N3824,S36N3827,0.9112261314031745,0.911326140306236,-9,-0.03719008108600974
20250311,S36N3824,S36N3829,0.8989953984534189,0.9024437405822001,-198,-0.8181817838922143
20250311,S36N3824,S36N3830,0.8604154161952317,0.8522517411613247,-432,-1.7851238921284676
20250311,S36N3825,S36N3826,0.9371884594953124,0.9382806846695102,138,0.5702479099854827
20250311,S36N3825,S36N3827,0.9252771651701381,0.9254544460709554,-10,-0.0413223123177886
20250311,S36N3825,S36N3829,0.9057836381447227,0.9131406398307609,-647,-2.6735536069609225
20250311,S36N3825,S36N3830,0.8455448508395117,0.8523598763020158,-684,-2.8264461625367403
20250311,S36N3826,S36N3827,0.9420624108289487,0.9435415733758236,-318,-1.3140495317056775
20250311,S36N3826,S36N3829,0.923877413403334,0.932436553294257,-547,-2.2603304837830365
20250311,S36N3826,S36N3830,0.9272303154003289,0.9409645915796526,-999,-4.128099000547081
20250311,S36N3827,S36N3829,0.9292113909184714,0.9433258281065611,-921,-3.80578496446833
20250311,S36N3827,S36N3830,0.9278980095652039,0.9428405287661051,-994,-4.107437844388187
20250311,S36N3829,S36N3830,0.9071254836745106,0.8849526732416448,-149,-0.6157024535350502
20250312,S36N3832,S36N3835,0.9322976469495642,0.9360574113431928,-269,-1.1115702013485134
20250312,S36N3832,S36N3836,0.9241984522830518,0.9252530561194502,-387,-1.5991734866984189
20250312,S36N3832,S36N3837,0.9171386778560197,0.9226062698984067,-461,-1.9049585978500545
20250312,S36N3832,S36N3838,0.9072743841150229,0.9209371068892255,-912,-3.7685948833823204
20250312,S36N3835,S36N3836,0.9429623467216942,0.9429871783961493,-7,-0.02892561862245202
20250312,S36N3835,S36N3837,0.9331641929187465,0.936244029746373,-277,-1.1446280512027442
20250312,S36N3835,S36N3838,0.914267108476356,0.926588485600668,-936,-3.867768432945013
20250312,S36N3836,S36N3837,0.9395348269678652,0.9433073354331557,-514,-2.123966853134334
20250312,S36N3836,S36N3838,0.9202782876739953,0.9345964780395684,-1151,-4.756198147777468
20250312,S36N3837,S36N3838,0.9305479379989119,0.9415813211162182,-513,-2.1198346219025552
20250313,S36N3840,S36N3841,0.9417519561521691,0.9449249249108916,300,1.239669369533658
20250313,S36N3840,S36N3842,0.9241232248144251,0.9369901534618686,-822,-3.396694072522223
20250313,S36N3840,S36N3843,0.8690204428708207,0.9313963440178485,3243,13.400825884658843
20250313,S36N3840,S36N3844,0.9000751762683461,0.9241450201652323,-1503,-6.210743541363627
20250313,S36N3840,S36N3845,0.8872117867884879,0.9036952956650698,-1765,-7.293388124089688
20250313,S36N3840,S36N3846,0.8874571635758188,0.9207630594231123,-2559,-10.574379722122103
20250313,S36N3841,S36N3842,0.9258940442871882,0.944118045229094,-1298,-5.36363613884896
20250313,S36N3841,S36N3843,0.8777799378073612,0.9419464762360994,2999,12.392561464104801
20250313,S36N3841,S36N3844,0.8998292058298689,0.9329407301844468,-1764,-7.289255892857909
20250313,S36N3841,S36N3845,0.8920414927043517,0.9083492837239592,-2063,-8.524793031159788
20250313,S36N3841,S36N3846,0.8879425867818684,0.9259034212881906,-2195,-9.070247553754598
20250313,S36N3842,S36N3843,0.8608454929202305,0.9398363356067079,4398,18.173552957363427
20250313,S36N3842,S36N3844,0.9220202297489674,0.9291913019870061,-654,-2.7024792255833745
20250313,S36N3842,S36N3845,0.9117599864851396,0.9199107117691979,-982,-4.057851069606841
20250313,S36N3842,S36N3846,0.9104635990964106,0.9249431434858696,-1025,-4.235537012573332
20250313,S36N3843,S36N3844,0.8461224662598259,0.9452347636649917,-5215,-21.549585873726755
20250313,S36N3843,S36N3845,0.8282164339435769,0.9219583075096328,-5693,-23.52479240251705
20250313,S36N3843,S36N3846,0.8345920979433791,0.9339620837921941,-5624,-23.23966844752431
20250313,S36N3844,S36N3845,0.9215019804417207,0.9239985206309395,-408,-1.685950342565775
20250313,S36N3844,S36N3846,0.9334609475574062,0.9405041664177989,-927,-3.8305783518590033
20250313,S36N3845,S36N3846,0.9321565600116231,0.9341584475945945,-192,-0.7933883965015411
20250314,S36N3848,S36N3849,0.9117251360109333,0.9449994037678469,-1429,-5.904958430211991
20250314,S36N3848,S36N3850,0.911524311366691,0.9372793467429091,-1637,-6.764462526421994
20250314,S36N3848,S36N3853,0.9312901168475486,0.9325000511806645,82,0.3388429610058665
20250314,S36N3848,S36N3854,0.9132192186092262,0.9290454254668482,-1338,-5.528925388120115
20250314,S36N3848,S36N3855,0.9087757227834455,0.9118234448176543,-647,-2.6735536069609225
20250314,S36N3849,S36N3850,0.9404375454229662,0.9425239004610021,-203,-0.8388429400511086
20250314,S36N3849,S36N3853,0.8989005500826588,0.9309648259007561,1679,6.938016238156706
20250314,S36N3849,S36N3854,0.9280422920844947,0.9280770724379688,-3,-0.01239669369533658
20250314,S36N3849,S36N3855,0.9072446498437263,0.9134596648113219,935,3.863636201713234
20250314,S36N3850,S36N3853,0.8942331769468336,0.9355826351010124,1687,6.971074088010937
20250314,S36N3850,S36N3854,0.9308384101369889,0.9335740446396076,161,0.6652892283163965
20250314,S36N3850,S36N3855,0.9092008194916731,0.9203919771239162,709,2.929751943331212
20250314,S36N3853,S36N3854,0.9102618197442688,0.9432640839611154,-1369,-5.6570245563052595
20250314,S36N3853,S36N3855,0.9164187408099588,0.9257767327107241,-599,-2.475206507835537
20250314,S36N3854,S36N3855,0.9296979911963635,0.9356654168411803,614,2.53718997631222
20250315,S36N3858,S36N3859,0.9052539028757917,0.9268473621473495,-1058,-4.371900643222034
20250315,S36N3858,S36N3860,0.9136514156245585,0.9151832231786843,-605,-2.4999998952262104
20250315,S36N3858,S36N3861,0.921942497788128,0.9219254163494831,-2,-0.00826446246355772
20250315,S36N3858,S36N3862,0.9160260960362099,0.9160779439449678,-19,-0.07851239340379834
20250315,S36N3858,S36N3863,0.8989117067141974,0.9035586134666306,-442,-1.8264462044462562
20250315,S36N3858,S36N3864,0.9113058551475922,0.9194059965489249,-1053,-4.35123948706314
20250315,S36N3858,S36N3865,0.9006202567760629,0.9162493394148217,-1507,-6.227272466290742
20250315,S36N3858,S36N3866,0.9042916665122974,0.9127518144453747,-1574,-6.504131958819926
20250315,S36N3858,S36N3867,0.9155939388018396,0.9210158391547145,-1193,-4.92975185951218
20250315,S36N3859,S36N3860,0.9229077933506188,0.9301117216464198,693,2.86363624362275
20250315,S36N3859,S36N3861,0.9257918106964396,0.9386176543410673,700,2.892561862245202
20250315,S36N3859,S36N3862,0.908777712610087,0.9297727361784703,1086,4.487603117711842
20250315,S36N3859,S36N3863,0.9111728434141662,0.9172672859981748,661,2.7314048442058265
20250315,S36N3859,S36N3864,0.9263358193634608,0.9268049558547286,47,0.19421486789360642
20250315,S36N3859,S36N3865,0.9243495934237858,0.92527927801255,-429,-1.772727198433131
20250315,S36N3859,S36N3866,0.9212317607815289,0.9220177321186133,-170,-0.7024793094024062
20250315,S36N3859,S36N3867,0.927101851575826,0.927101851575826,0,0.0
20250315,S36N3860,S36N3861,0.9440627511359603,0.9473084489066665,332,1.3719007689505816
20250315,S36N3860,S36N3862,0.9332526270375882,0.9438136445986983,754,3.1157023487612605
20250315,S36N3860,S36N3863,0.9348515156563892,0.9350905858537142,12,0.04958677478134632
20250315,S36N3860,S36N3864,0.9375901073189267,0.9386893773351661,-135,-0.5578512162901461
20250315,S36N3860,S36N3865,0.9284186190108739,0.9355917493803393,-703,-2.9049585559405386
20250315,S36N3860,S36N3866,0.9193908891714704,0.9240055317940417,-536,-2.214875940233469
20250315,S36N3860,S36N3867,0.9249830382782404,0.9260113141967177,-58,-0.23966941144317389
20250315,S36N3861,S36N3862,0.9446994336671221,0.9447337242891065,-18,-0.07438016217201948
20250315,S36N3861,S36N3863,0.92858453351471,0.9295071685837787,-166,-0.6859503844752908
20250315,S36N3861,S36N3864,0.9361909181604703,0.9377738093550727,-615,-2.541322207543999
20250315,S36N3861,S36N3865,0.9293644137683288,0.9417007110409324,-1005,-4.152892387937754
20250315,S36N3861,S36N3866,0.9258026292590477,0.9340773729861651,-807,-3.33471060404554
20250315,S36N3861,S36N3867,0.9319285919536131,0.9352263916095277,-589,-2.4338841955177486
20250315,S36N3862,S36N3863,0.9338816244368557,0.940546308736842,-587,-2.425619733054191
20250315,S36N3862,S36N3864,0.9343685506552224,0.9475763559447542,-996,-4.115702306851745
20250315,S36N3862,S36N3865,0.9253346519298278,0.9441524055707524,-1283,-5.3016526703722775
20250315,S36N3862,S36N3866,0.9253601287518008,0.9332097427697258,-877,-3.6239667902700603
20250315,S36N3862,S36N3867,0.9260717111543977,0.9361125244523335,-657,-2.714875919278711
20250315,S36N3863,S36N3864,0.943184487427882,0.9450298035390023,-159,-0.6570247658528388
20250315,S36N3863,S36N3865,0.9253786787467962,0.938002553544476,-640,-2.6446279883384705
20250315,S36N3863,S36N3866,0.9090291537444632,0.9157196585546676,-636,-2.628099063411355
20250315,S36N3863,S36N3867,0.9166293916420932,0.9192808430650501,-293,-1.210743750911206
20250315,S36N3864,S36N3865,0.9396629125418161,0.9488607242274427,-494,-2.041322228498757
20250315,S36N3864,S36N3866,0.932375487176143,0.9326067342418294,-142,-0.5867768349125981
20250315,S36N3864,S36N3867,0.935563959853691,0.9363074037574143,-26,-0.10743801202625036
20250315,S36N3865,S36N3866,0.940554417873321,0.9430761348446784,146,0.6033057598397136
20250315,S36N3865,S36N3867,0.9400200588474,0.9448308611507787,519,2.1446280092932284
20250315,S36N3866,S36N3867,0.9513407785295371,0.9517420623585552,225,0.9297520271502435
20250316,S36N3870,S36N3871,0.9349006213003669,0.9388442120246686,-359,-1.4834710122086108
20250316,S36N3870,S36N3872,0.935198351126778,0.9397409587651748,-579,-2.39256188319996
20250316,S36N3870,S36N3873,0.9304960519809407,0.932748945565323,-174,-0.7190082343295217
20250316,S36N3870,S36N3874,0.9250961676162472,0.9333422066942839,-850,-3.512396547012031
20250316,S36N3870,S36N3875,0.9260621450958036,0.9356582815999239,-569,-2.3512395708821714
20250316,S36N3870,S36N3876,0.9245736278955841,0.9279031061261321,-431,-1.7809916608966887
20250316,S36N3871,S36N3872,0.9445822389946154,0.9451489777470516,38,0.15702478680759668
20250316,S36N3871,S36N3873,0.9369710369119119,0.9371202260776664,-183,-0.7561983154155314
20250316,S36N3871,S36N3874,0.9348393478044743,0.9348583925936271,-1,-0.00413223123177886
20250316,S36N3871,S36N3875,0.9309464267451885,0.9336722417139098,-311,-1.2851239130832255
20250316,S36N3871,S36N3876,0.9235006476220915,0.9251046617973067,-402,-1.6611569551751018
20250316,S36N3872,S36N3873,0.9451040386842361,0.9457747688954202,-36,-0.14876032434403896
20250316,S36N3872,S36N3874,0.9395336785103674,0.9418186434316336,-258,-1.066115657798946
20250316,S36N3872,S36N3875,0.93709798492827,0.9402120488187905,-457,-1.888429672922939
20250316,S36N3872,S36N3876,0.9323378418770915,0.9329614860315238,-89,-0.36776857962831855
20250316,S36N3873,S36N3874,0.9423857371535801,0.9446061312841608,-142,-0.5867768349125981
20250316,S36N3873,S36N3875,0.9430115813854624,0.9437293263407548,57,0.23553718021139503
20250316,S36N3873,S36N3876,0.9377412540320662,0.9374702562838496,-75,-0.3099173423834145
20250316,S36N3874,S36N3875,0.941778096701458,0.9421896656526371,136,0.561983447521925
20250316,S36N3874,S36N3876,0.9334768888838781,0.9385517305303654,448,1.8512395918369293
20250316,S36N3875,S36N3876,0.9476612048611253,0.9480589370591406,140,0.5785123724490404
20250317,S36N3879,S36N3880,0.9418650051630041,0.9482519728054023,-409,-1.6900825737975538
20250317,S36N3879,S36N3882,0.9275515211129919,0.9348279626195345,-1027,-4.243801475036889
20250317,S36N3879,S36N3883,0.5049804910085273,0.5162063390152378,-981,-4.053718838375062
20250317,S36N3879,S36N3884,0.9092914366545309,0.9306279576813932,-1503,-6.210743541363627
20250317,S36N3879,S36N3885,0.9094803721494545,0.925625940928426,-1506,-6.223140235058963
20250317,S36N3879,S36N3886,0.8910947791680568,0.9091191955593967,-1619,-6.6900823642499745
20250317,S36N3879,S36N3887,0.8828318833727916,0.9072813961467171,-2845,-11.756197854410857
20250317,S36N3880,S36N3882,0.9372437810737008,0.9402686573491186,-398,-1.6446280302479863
20250317,S36N3880,S36N3883,0.9343109533842885,0.9411148741662434,-557,-2.301652796100825
20250317,S36N3880,S36N3884,0.9226226269225049,0.9353555666117785,-1030,-4.256198168732226
20250317,S36N3880,S36N3885,0.9197398017188538,0.9310126133230103,-1323,-5.466941919643432
20250317,S36N3880,S36N3886,0.9057050134788106,0.9161958398759589,-907,-3.747933727223426
20250317,S36N3880,S36N3887,0.8974204356735673,0.9169387657378076,-2405,-9.938016112428159
20250317,S36N3882,S36N3883,0.5411914274678417,0.5456198805877154,46,0.19008263666182756
20250317,S36N3882,S36N3884,0.9404738729740982,0.9488144082588934,-628,-2.595041213557124
20250317,S36N3882,S36N3885,0.9375626435200025,0.9411654441914293,-502,-2.0743800783529878
20250317,S36N3882,S36N3886,0.924102617810034,0.9267110701340793,-574,-2.3719007270410657
20250317,S36N3882,S36N3887,0.9096631372249027,0.9263803962393511,-2109,-8.714875667821616
20250317,S36N3883,S36N3884,0.9406658510666014,0.9483516983110547,-398,-1.6446280302479863
20250317,S36N3883,S36N3885,0.9390094329396443,0.9395178154794612,-190,-0.7851239340379834
20250317,S36N3883,S36N3886,0.9291614774817517,0.9303199102453374,-342,-1.4132230812683702
20250317,S36N3883,S36N3887,0.917487782183451,0.9330328738466738,-1622,-6.702479057945311
20250317,S36N3884,S36N3885,0.944790861418866,0.9460125329242725,77,0.3181818048469722
20250317,S36N3884,S36N3886,0.9282190376092829,0.9291318390048096,-145,-0.5991735286079347
20250317,S36N3884,S36N3887,0.9173051827734876,0.926838401402401,-1358,-5.611570012755692
20250317,S36N3885,S36N3886,0.9375807643497379,0.93713842970679,-217,-0.8966941772960126
20250317,S36N3885,S36N3887,0.9126870535705172,0.9274011220046784,-1548,-6.396693946793675
20250317,S36N3886,S36N3887,0.9185362124092027,0.9332607510522679,-757,-3.128099042456597
20250318,S36N3890,S36N3891,0.9495027077413861,0.9495523320828354,5,0.0206611561588943
20250318,S36N3890,S36N3892,0.9355944379214077,0.9363994155874059,-216,-0.8925619460642338
20250318,S36N3890,S36N3893,0.9404829494116206,0.9409650655930061,-84,-0.34710742346942425
20250318,S36N3890,S36N3894,0.9223375341583193,0.9245545519115963,290,1.1983470572158694
20250318,S36N3890,S36N3897,0.9024167056633353,0.9189463740550584,871,3.599173402879387
20250318,S36N3891,S36N3892,0.9487302250652542,0.9501440526665916,-181,-0.7479338529519737
20250318,S36N3891,S36N3893,0.9458473283651981,0.9465194430194597,-167,-0.6900826157070696
20250318,S36N3891,S36N3894,0.9312562741911723,0.9355138558488884,283,1.1694214385934174
20250318,S36N3891,S36N3897,0.9098947978866335,0.9189519060219128,670,2.7685949252918363
20250318,S36N3892,S36N3893,0.9463962229389923,0.9487185662873358,91,0.37603304209187627
20250318,S36N3892,S36N3894,0.9294491420018004,0.9407324759953415,713,2.9462808682583272
20250318,S36N3892,S36N3897,0.9017172055818801,0.9198480376455079,919,3.7975205020047724
20250318,S36N3893,S36N3894,0.9404335087254657,0.9435779499817726,370,1.5289255557581782
20250318,S36N3893,S36N3897,0.9161410614726749,0.9282998568652329,876,3.6198345590382814
20250318,S36N3894,S36N3897,0.9326959833172381,0.9366762752698743,300,1.239669369533658
20250319,S36N3907,S36N3908,0.9360102635563174,0.9390881892971976,198,0.8181817838922143
20250319,S36N3907,S36N3910,0.9203588467688484,0.921901995041079,105,0.4338842793367803
20250319,S36N3907,S36N3911,0.9266936618341639,0.9274441445303205,22,0.09090908709913492
20250319,S36N3907,S36N3912,0.9198714158949028,0.9240779885331496,416,1.7190081924200058
20250319,S36N3907,S36N3913,0.9254805983283141,0.9301758856137682,306,1.2644627569243312
20250319,S36N3907,S36N3915,0.9163309811220383,0.9186286113202646,-288,-1.1900825947523117
20250319,S36N3907,S36N3917,0.914735299939456,0.9155585571161861,82,0.3388429610058665
20250319,S36N3907,S36N3918,0.9113233256535894,0.9119204070485811,-231,-0.9545454145409167
20250319,S36N3908,S36N3910,0.9431942386201493,0.9431977299227171,-1,-0.00413223123177886
20250319,S36N3908,S36N3911,0.9434318938157119,0.9436588192245211,-44,-0.18181817419826984
20250319,S36N3908,S36N3912,0.9404764959030568,0.9415189466750061,66,0.27272726129740477
20250319,S36N3908,S36N3913,0.9423110884353985,0.9442652223125938,321,1.326446225401014
20250319,S36N3908,S36N3915,0.9202621449577582,0.9248976295235884,-508,-2.099173465743661
20250319,S36N3908,S36N3917,0.9238326368899061,0.9249695190094293,-191,-0.7892561652697623
20250319,S36N3908,S36N3918,0.9278370965109006,0.9302670812170509,-447,-1.8471073606051505
20250319,S36N3910,S36N3911,0.9550682980027972,0.9550034238664603,128,0.5289255976676941
20250319,S36N3910,S36N3912,0.9429563173227632,0.9477086961839702,308,1.272727219387889
20250319,S36N3910,S36N3913,0.9451941036110689,0.9464819030029109,196,0.8099173214286566
20250319,S36N3910,S36N3915,0.9223266090821393,0.9251965214838105,-838,-3.4628097722306848
20250319,S36N3910,S36N3917,0.9318382974315171,0.9321383638869948,-86,-0.35537188593298197
20250319,S36N3910,S36N3918,0.9298032020747199,0.9350166318032503,-575,-2.3760329582728446
20250319,S36N3911,S36N3912,0.9495027974487217,0.9518226958941796,102,0.42148758564144373
20250319,S36N3911,S36N3913,0.9529626240495742,0.9542198152034511,117,0.48347105411812663
20250319,S36N3911,S36N3915,0.935715083172884,0.941612903735291,-651,-2.690082531888038
20250319,S36N3911,S36N3917,0.9343722652665721,0.9349658958389581,-148,-0.6115702223032713
20250319,S36N3911,S36N3918,0.9293593923148827,0.9336491446808941,-318,-1.3140495317056775
20250319,S36N3912,S36N3913,0.9513780476927531,0.951688824835664,24,0.09917354956269264
20250319,S36N3912,S36N3915,0.9322584499218054,0.9462187033522698,-746,-3.0826444989070296
20250319,S36N3912,S36N3917,0.9366302810120268,0.9372202859461514,-94,-0.38842973578721285
20250319,S36N3912,S36N3918,0.9315759456897608,0.9394155350413814,-730,-3.016528799198568
20250319,S36N3913,S36N3915,0.9370266888496318,0.9513144835788416,-848,-3.5041320845484734
20250319,S36N3913,S36N3917,0.9385782543607151,0.9404458357192813,-199,-0.8223140151239932
20250319,S36N3913,S36N3918,0.9330496414441894,0.9392627275362653,-540,-2.2314048651605844
20250319,S36N3915,S36N3917,0.9343034227707967,0.9446249217342162,712,2.9421486370265484
20250319,S36N3915,S36N3918,0.944326804966702,0.9455619434785426,182,0.7520660841837525
20250319,S36N3917,S36N3918,0.944179442786831,0.9522764103056266,-574,-2.3719007270410657
20250320,S36N3922,S36N3923,0.9177813287916533,0.9409435460485824,1218,5.033057640306652
20250320,S36N3922,S36N3924,0.9000939506921203,0.9315894204658428,1548,6.396693946793675
20250320,S36N3922,S36N3926,0.8960017483169104,0.9259666604692365,1716,7.090908793732524
20250320,S36N3923,S36N3924,0.9434471461972801,0.9466089188050582,263,1.0867768139578402
20250320,S36N3923,S36N3926,0.9278293362963551,0.9303752510338856,536,2.214875940233469
20250320,S36N3924,S36N3926,0.9276494077374802,0.9295017913850631,321,1.326446225401014
20250321,S36N3930,S36N3931,0.8976865726381884,0.9123466144885376,252,1.0413222704082727
20250321,S36N3930,S36N3932,0.87585820743966,0.8811607040155137,-190,-0.7851239340379834
20250321,S36N3930,S36N3933,0.8569582774650994,0.8651870798113172,439,1.8140495107509196
20250321,S36N3930,S36N3934,0.8771625963195879,0.8796179216115573,36,0.14876032434403896
20250321,S36N3931,S36N3932,0.9034744172686913,0.9168975851317533,633,2.6157023697160184
20250321,S36N3931,S36N3933,0.902276004471736,0.9028407734488149,33,0.13636363064870238
20250321,S36N3931,S36N3934,0.8943877230032564,0.9081877328232192,451,1.863636285532266
20250321,S36N3932,S36N3933,0.9137121274840074,0.9196189535222346,-199,-0.8223140151239932
20250321,S36N3932,S36N3934,0.9256997132035872,0.9261053402356402,11,0.04545454354956746
20250321,S36N3933,S36N3934,0.9180940245759635,0.9316381536799776,251,1.0371900391764939
20250322,S36N3938,S36N3939,0.9240233343273475,0.9405879187219816,886,3.66115687135607
20250322,S36N3938,S36N3941,0.8503801204582004,0.9017266497813533,1934,7.991735202260315
20250322,S36N3938,S36N3943,0.782188730909084,0.901089083049093,5132,21.20661068148911
20250322,S36N3939,S36N3941,0.8718802999963446,0.9016220159089845,1371,5.665289018768817
20250322,S36N3939,S36N3943,0.7923029609582544,0.8967857125507323,3853,15.921486936043948
20250322,S36N3941,S36N3943,0.8736253885914438,0.904474644854819,1293,5.342974982690066
20250323,S36N3947,S36N3948,0.9126211969557273,0.9132141633809823,-40,-0.1652892492711544
20250323,S36N3947,S36N3949,0.8549674394319774,0.8913179420939892,1193,4.92975185951218
20250323,S36N3947,S36N3951,0.7283559524496899,0.803295477989691,2232,9.223140109330416
20250323,S36N3948,S36N3949,0.8609305600167759,0.9061246585591988,1276,5.2727270517498255
20250323,S36N3948,S36N3951,0.7362907913489254,0.842992454515697,3462,14.305784524418414
20250323,S36N3949,S36N3951,0.8025938266304399,0.8414248835258814,1354,5.595041087828577
20250324,S36N3955,S36N3957,0.8485479070177521,0.8778960094189613,1121,4.632231210824102
20250324,S36N3955,S36N3959,0.7472111064410505,0.8111930999617459,1436,5.933884048834443
20250324,S36N3957,S36N3959,0.8202490991123618,0.852076915232156,440,1.8181817419826984
20250325,S36N3962,S36N3963,0.9126747145863938,0.9337880190406216,-411,-1.6983470362611115
20250325,S36N3962,S36N3964,0.8698188167051811,0.8948107708468342,1277,5.276859282981604
20250325,S36N3962,S36N3965,0.8579465232467238,0.8856966655686315,796,3.2892560604959726
20250325,S36N3962,S36N3967,0.829633591001709,0.8559932626985515,400,1.652892492711544
20250325,S36N3963,S36N3964,0.8611897965431033,0.8988350086347809,1131,4.673553523141891
20250325,S36N3963,S36N3965,0.8506805137227552,0.892452014095354,1017,4.202479162719101
20250325,S36N3963,S36N3967,0.8211054661692786,0.8618822095365695,1069,4.417355186771601
20250325,S36N3964,S36N3965,0.9204957621115596,0.9267019405867882,69,0.28512395499274135
20250325,S36N3964,S36N3967,0.8876800072304037,0.8947628010938476,564,2.330578414723277
20250325,S36N3965,S36N3967,0.9019924023543415,0.9028619396021454,18,0.07438016217201948
20250326,S36N3969,S36N3971,0.8036793696499334,0.8170380735485042,-1006,-4.157024619169533
20250326,S36N3969,S36N3973,0.851710642845133,0.8546312936568884,-192,-0.7933883965015411
20250326,S36N3969,S36N3974,0.8534564484128111,0.8554602605217791,-136,-0.561983447521925
20250326,S36N3969,S36N3975,0.8451788464336597,0.8601358622410109,880,3.636363483965397
20250326,S36N3969,S36N3976,0.8038906026740431,0.8204385283684812,370,1.5289255557581782
20250326,S36N3971,S36N3973,0.8700612746000899,0.8992439152073787,927,3.8305783518590033
20250326,S36N3971,S36N3974,0.8700418882844119,0.8846578979363191,463,1.9132230603136122
20250326,S36N3971,S36N3975,0.8144133344128592,0.8529380570315472,1479,6.111569991800934
20250326,S36N3971,S36N3976,0.7672302794704253,0.7952337068618984,684,2.8264461625367403
20250326,S36N3973,S36N3974,0.928741275160909,0.9300808533568797,92,0.38016527332365513
20250326,S36N3973,S36N3975,0.8761604953287104,0.8998524845713725,1006,4.157024619169533
20250326,S36N3973,S36N3976,0.8296182361672381,0.834507557416138,-69,-0.28512395499274135
20250326,S36N3974,S36N3975,0.8946479271951318,0.921086761154194,1015,4.194214700255543
20250326,S36N3974,S36N3976,0.8372606288407123,0.8587470111813426,559,2.309917258564383
20250326,S36N3975,S36N3976,0.8847193902513494,0.8925830514568132,224,0.9256197959184647
20250327,S36N3978,S36N3979,0.8877995547420404,0.9183548332453584,1016,4.198346931487322
20250327,S36N3978,S36N3980,0.819948778906063,0.8996082837738977,430,1.7768594296649098
20250327,S36N3978,S36N3981,0.9011953549476134,0.9041616872307785,-98,-0.4049586607143283
20250327,S36N3978,S36N3982,0.9067758324714112,0.9104394514990604,343,1.417355312500149
20250327,S36N3978,S36N3983,0.8790513911363413,0.9034801582226331,960,3.9669419825077057
20250327,S36N3979,S36N3980,0.917142329859103,0.9351385320876415,-802,-3.314049447886646
20250327,S36N3979,S36N3981,0.8654098394006947,0.9266009691610956,-1830,-7.561983154155314
20250327,S36N3979,S36N3982,0.9009272656309231,0.922908043955499,-1162,-4.801652691327035
20250327,S36N3979,S36N3983,0.9164727093655511,0.9203634016269343,-116,-0.47933882288634777
20250327,S36N3980,S36N3981,0.9036272174179226,0.9248208868203549,-918,-3.7933882707729936
20250327,S36N3980,S36N3982,0.843890220437129,0.849826715882293,-200,-0.826446246355772
20250327,S36N3980,S36N3983,0.8417275312397645,0.8510113118016374,449,1.8553718230687082
20250327,S36N3981,S36N3982,0.9130418137985287,0.931285237859591,472,1.950413141399622
20250327,S36N3981,S36N3983,0.8667573001375584,0.9149342469753072,1678,6.933884006924927
20250327,S36N3982,S36N3983,0.9122374889655153,0.9363576393197953,674,2.7851238502189517
20250329,S36N3987,S36N3989,0.8924384977423293,0.9051933952759158,-385,-1.5909090242348611
20250329,S36N3987,S36N3990,0.8372667958304493,0.8750984084984675,-1642,-6.785123682580888
20250329,S36N3987,S36N3991,0.814918401960281,0.8497113789910505,-1186,-4.900826240889728
20250329,S36N3987,S36N3992,0.7726462590370665,0.8460521132503389,-2400,-9.917354956269264
20250329,S36N3987,S36N3993,0.7382792044898638,0.8596107399117408,-4974,-20.55371814686805
20250329,S36N3989,S36N3990,0.8940746455984172,0.914825299519739,-1174,-4.851239466108382
20250329,S36N3989,S36N3991,0.8681091044341488,0.8825366949274995,-561,-2.3181817210279405
20250329,S36N3989,S36N3992,0.8276621705531784,0.8740265579465318,-2035,-8.40909055666998
20250329,S36N3989,S36N3993,0.7900656117040917,0.8967282432980146,-4199,-17.351238942239434
20250329,S36N3990,S36N3991,0.9217136253124821,0.9269996753308318,181,0.7479338529519737
20250329,S36N3990,S36N3992,0.9038273352608576,0.9129873045614432,-673,-2.780991618987173
20250329,S36N3990,S36N3993,0.8102644898424741,0.9122283922995249,-2906,-12.008263959549367
20250329,S36N3991,S36N3992,0.8952107377232607,0.9179298474550347,-871,-3.599173402879387
20250329,S36N3991,S36N3993,0.7807005211883845,0.9061354592578871,-3364,-13.900825863704085
20250329,S36N3992,S36N3993,0.7955491513261557,0.9172782302750707,-2748,-11.355371424928308
20250330,S36N3995,S36N3996,0.7356411905412977,0.9335841501006665,-4014,-16.586776164360344
20250330,S36N3995,S36N3997,0.6610686023793756,0.9052369157735827,-9156,-37.83470915816724
20250330,S36N3995,S36N3998,0.6605389244819024,0.8843299107032457,-8831,-36.49173400783911
20250330,S36N3995,S36N3999,0.6715518212584118,0.8900833701059092,-8169,-33.75619693240151
20250330,S36N3995,S36N4000,0.6603425369466914,0.8696685557463888,-8569,-35.40908942511305
20250330,S36N3995,S36N4001,0.6750073938213321,0.8822075579168642,-8211,-33.92975064413622
20250330,S36N3996,S36N3997,0.6990549585118471,0.9156532190744021,-4886,-20.19008179847151
20250330,S36N3996,S36N3998,0.7077004731781654,0.8939801607575727,-4569,-18.88016449799761
20250330,S36N3996,S36N3999,0.753121765238232,0.9004556029706959,-4388,-18.132230645045638
20250330,S36N3996,S36N4000,0.7290120637697434,0.8844343241991908,-4383,-18.111569488886744
20250330,S36N3996,S36N4001,0.7489232415816366,0.9038522931248725,-4169,-17.227272005286068
20250330,S36N3997,S36N3998,0.9354281293823831,0.9384817060412257,121,0.49999997904524207
20250330,S36N3997,S36N3999,0.8783419292039235,0.9156616367598988,1150,4.752065916545689
20250330,S36N3997,S36N4000,0.9057043551429063,0.9182809099408433,526,2.1735536279156804
20250330,S36N3997,S36N4001,0.8825438939377672,0.9029838913593375,848,3.5041320845484734
20250330,S36N3998,S36N3999,0.9030550648884252,0.9291475065041717,1083,4.4752064240165055
20250330,S36N3998,S36N4000,0.9320362987155859,0.9442717466887265,608,2.512396588921547
20250330,S36N3998,S36N4001,0.9009073098451508,0.9187584902828627,915,3.780991577077657
20250330,S36N3999,S36N4000,0.9345637520178084,0.9389801331955299,-474,-1.9586776038631797
20250330,S36N3999,S36N4001,0.9345129810735279,0.9369120223635671,245,1.0123966517858207
20250330,S36N4000,S36N4001,0.9274987284528083,0.9351569076873923,250,1.033057807944715
20250331,S36N4005,S36N4006,0.8986568908022999,0.9320567847386003,886,3.66115687135607
20250331,S36N4005,S36N4007,0.8404934002423012,0.9072286671418165,1761,7.276859199162573
20250331,S36N4005,S36N4009,0.7546486799565293,0.9049897227689996,4446,18.371900056488812
20250331,S36N4005,S36N4011,0.7242356305332387,0.8867023926892247,6147,25.400825381744653
20250331,S36N4006,S36N4007,0.9047424914662154,0.9364025157355396,1047,4.3264460996724665
20250331,S36N4006,S36N4009,0.8047519114488593,0.9224657466463771,3531,14.590908479411155
20250331,S36N4006,S36N4011,0.7573174130290562,0.9125749319663211,5288,21.851238753646612
20250331,S36N4007,S36N4009,0.8524596701827647,0.9344247184355783,2278,9.413222745992243
20250331,S36N4007,S36N4011,0.778383563377716,0.9275580371238866,4363,18.028924864251167
20250331,S36N4009,S36N4011,0.8748759644601065,0.9326045355087105,1721,7.111569949891418
20250401,S36N4015,S36N4016,0.8970211012755485,0.9332013855838436,-1055,-4.359503949526697
20250401,S36N4015,S36N4017,0.8975731420025885,0.9348758178425699,-1194,-4.933884090743959
20250401,S36N4015,S36N4018,0.8311167547000401,0.9201892909648843,-2897,-11.971073878463358
20250401,S36N4015,S36N4019,0.8356478829070016,0.9139491515963823,-2892,-11.950412722304463
20250401,S36N4015,S36N4020,0.8053639089197855,0.8950668350612014,-3306,-13.661156452260911
20250401,S36N4016,S36N4017,0.9303969764122784,0.9391572185584804,-336,-1.388429693877697
20250401,S36N4016,S36N4018,0.8620771359267763,0.9185467230518767,-1965,-8.11983437044546
20250401,S36N4016,S36N4019,0.8628389806562122,0.8991746127294473,-1852,-7.652892241254449
20250401,S36N4016,S36N4020,0.8270335928524083,0.8835249015550765,-2364,-9.768594631925225
20250401,S36N4017,S36N4018,0.8851670554096444,0.9388500581699509,-1350,-5.578512162901461
20250401,S36N4017,S36N4019,0.8814364656378362,0.9255560906388126,-1760,-7.272726967930794
20250401,S36N4017,S36N4020,0.8492624583626853,0.9027736314834303,-2412,-9.96694173105061
20250401,S36N4018,S36N4019,0.942165362527007,0.9439581986799056,70,0.2892561862245202
20250401,S36N4018,S36N4020,0.9090248501786791,0.9207213173261568,-568,-2.3471073396503925
20250401,S36N4019,S36N4020,0.9245984868526386,0.9388541327323908,-511,-2.1115701594389975
20250402,S36N4022,S36N4023,0.8651589859269627,0.9239581631464049,-1473,-6.086776604410261
20250402,S36N4022,S36N4024,0.8383801658758617,0.9005571008975412,-1793,-7.409090598579496
20250402,S36N4022,S36N4025,0.8326956107596319,0.8911675799351925,-2284,-9.438016133382916
20250402,S36N4022,S36N4026,0.8474430274230073,0.8822472260041543,-1171,-4.838842772413045
20250402,S36N4022,S36N4027,0.8110658741001986,0.8652009854029061,-2523,-10.425619397778064
20250402,S36N4023,S36N4024,0.9061516734305731,0.9133779838489555,-257,-1.061983426567167
20250402,S36N4023,S36N4025,0.8887271071328302,0.8999429771443014,-960,-3.9669419825077057
20250402,S36N4023,S36N4026,0.8872461152917902,0.8897620765818468,-52,-0.21487602405250072
20250402,S36N4023,S36N4027,0.8576790000302237,0.8717406410380812,-486,-2.008264378644526
20250402,S36N4024,S36N4025,0.9344077632668251,0.9390891730009714,-523,-2.161156934220344
20250402,S36N4024,S36N4026,0.9325226259598667,0.935749196456267,127,0.5247933664359152
20250402,S36N4024,S36N4027,0.9172991455010516,0.9190499381568743,-41,-0.16942148050293326
20250402,S36N4025,S36N4026,0.9280640712738629,0.9403073272224594,633,2.6157023697160184
20250402,S36N4025,S36N4027,0.9273251823266695,0.9279376415156404,63,0.2603305676020682
20250402,S36N4026,S36N4027,0.9242576950686575,0.9365492695016047,-584,-2.4132230393588543
20250403,S36N4031,S36N4032,0.9205013788385411,0.9240273367174929,-170,-0.7024793094024062
20250403,S36N4031,S36N4033,0.9056988701495782,0.9058687846827913,-22,-0.09090908709913492
20250403,S36N4031,S36N4034,0.8816134619444463,0.8888330268351435,172,0.7107437718659639
20250403,S36N4031,S36N4035,0.8645404843308574,0.8710287125661139,496,2.0495866909623146
20250403,S36N4031,S36N4036,0.8600731132103444,0.8677536488922735,181,0.7479338529519737
20250403,S36N4032,S36N4033,0.9164552129950991,0.926453167301966,296,1.2231404446065426
20250403,S36N4032,S36N4034,0.8811454512634881,0.8882715841542417,271,1.119834663812071
20250403,S36N4032,S36N4035,0.8580521969628595,0.8670146896876132,592,2.446280889213085
20250403,S36N4032,S36N4036,0.8579050949788279,0.8667622313919703,355,1.4669420872814953
20250403,S36N4033,S36N4034,0.9090261713176186,0.9104200462683045,-59,-0.24380164267495275
20250403,S36N4033,S36N4035,0.873436582357184,0.8764563193540692,295,1.2190082133747637
20250403,S36N4033,S36N4036,0.8706473396284373,0.8713815992232554,285,1.1776859010569751
20250403,S36N4034,S36N4035,0.8975577637851152,0.9125835095793312,295,1.2190082133747637
20250403,S36N4034,S36N4036,0.8877145413932267,0.8953690934752624,231,0.9545454145409167
20250403,S36N4035,S36N4036,0.9207852362030334,0.9243382034933882,-76,-0.31404957361519337
20250404,S36N4042,S36N4043,0.8403187154598788,0.8432547514487589,30,0.1239669369533658
20250404,S36N4042,S36N4044,0.761212540859318,0.7684956674007766,274,1.1322313575074077
20250404,S36N4042,S36N4046,0.7077865372595833,0.749862279852575,1714,7.082644331268966
20250404,S36N4042,S36N4047,0.662689198455965,0.7424756219688152,1680,6.942148469388485
20250404,S36N4043,S36N4044,0.6841983230441017,0.7443993712899807,-2775,-11.466941668186337
20250404,S36N4043,S36N4046,0.6755125392554677,0.749996643087937,-1133,-4.6818179856054485
20250404,S36N4043,S36N4047,0.6579832910044678,0.7552150765449407,-861,-3.5578510905615985
20250404,S36N4044,S36N4046,0.7847345628999932,0.8298947282474395,946,3.9090907452628016
20250404,S36N4044,S36N4047,0.707066575216261,0.829114944978538,1801,7.442148448433727
20250404,S36N4046,S36N4047,0.8619302803864046,0.8624411287871305,-43,-0.17768594296649098
20250405,S36N4049,S36N4050,0.8373944477004149,nan,-17206,-71.09917057398707
20250405,S36N4049,S36N4051,0.7834680462010692,nan,-17185,-71.01239371811971
20250405,S36N4049,S36N4053,0.5186604340466953,0.444717758020163,-19975,-82.54131885478273
20250405,S36N4049,S36N4054,0.6326648956714197,nan,-22783,-94.14462415361777
20250405,S36N4049,S36N4055,0.8175215745734812,nan,-18030,-74.50412910897285
20250405,S36N4050,S36N4051,0.8180224659805213,nan,-17730,-73.26445973943919
20250405,S36N4050,S36N4053,0.7906350652468073,0.7115517835836822,-17166,-70.93388132471591
20250405,S36N4050,S36N4054,0.5615174842901088,nan,-23023,-95.1363596492447
20250405,S36N4050,S36N4055,0.8481752668850833,nan,-18031,-74.50826134020463
20250405,S36N4051,S36N4053,0.7574774315784962,0.6849409360125029,-16395,-67.74793104501441
20250405,S36N4051,S36N4054,0.7827272418858809,nan,-22633,-93.52478946885094
20250405,S36N4051,S36N4055,0.8807124417559633,nan,-18041,-74.54958365252241
20250405,S36N4053,S36N4054,0.7573451577460723,nan,-22686,-93.74379772413522
20250405,S36N4053,S36N4055,0.6772569045354422,nan,-18630,-76.98346784804016
20250405,S36N4054,S36N4055,0.6456889627544181,nan,-22577,-93.29338451987132
