distance,force
0.0,0.09585084312129766
0.00413223123177886,0.09585084312129766
0.00826446246355772,0.09585084312129766
0.01239669369533658,0.0945378178730607
0.01652892492711544,0.09847689361777157
0.0206611561588943,0.09585084312129766
0.02479338739067316,0.09585084312129766
0.02892561862245202,0.09585084312129766
0.03305784985423088,0.09585084312129766
0.03719008108600974,0.09585084312129766
0.0413223123177886,0.09585084312129766
0.04545454354956746,0.09585084312129766
0.04958677478134632,0.0945378178730607
0.05371900601312518,0.09585084312129766
0.05785123724490404,0.09585084312129766
0.0619834684766829,0.09585084312129766
0.06611569970846176,0.09585084312129766
0.07024793094024062,0.09585084312129766
0.07438016217201948,0.09585084312129766
0.07851239340379834,0.09716386836953461
0.0826446246355772,0.09585084312129766
0.08677685586735606,0.09585084312129766
0.09090908709913492,0.09585084312129766
0.09504131833091378,0.0945378178730607
0.09917354956269264,0.09585084312129766
0.1033057807944715,0.09585084312129766
0.10743801202625036,0.09585084312129766
0.11157024325802922,0.09585084312129766
0.11570247448980808,0.0945378178730607
0.11983470572158694,0.09585084312129766
0.1239669369533658,0.0945378178730607
0.12809916818514466,0.0945378178730607
0.13223139941692352,0.09585084312129766
0.13636363064870238,0.0945378178730607
0.14049586188048124,0.0945378178730607
0.1446280931122601,0.09585084312129766
0.14876032434403896,0.09585084312129766
0.15289255557581782,0.09585084312129766
0.15702478680759668,0.0945378178730607
0.16115701803937554,0.09585084312129766
0.1652892492711544,0.0945378178730607
0.16942148050293326,0.09585084312129766
0.17355371173471212,0.0945378178730607
0.17768594296649098,0.0945378178730607
0.18181817419826984,0.0945378178730607
0.1859504054300487,0.0945378178730607
0.19008263666182756,0.0945378178730607
0.19421486789360642,0.09585084312129766
0.19834709912538528,0.0945378178730607
0.20247933035716414,0.09322479262482375
0.206611561588943,0.09585084312129766
0.21074379282072186,0.0945378178730607
0.21487602405250072,0.0945378178730607
0.21900825528427958,0.0945378178730607
0.22314048651605844,0.09585084312129766
0.2272727177478373,0.09585084312129766
0.23140494897961617,0.0945378178730607
0.23553718021139503,0.0945378178730607
0.23966941144317389,0.09585084312129766
0.24380164267495275,0.0945378178730607
0.2479338739067316,0.09322479262482375
0.25206610513851047,0.09322479262482375
0.2561983363702893,0.0945378178730607
0.2603305676020682,0.0945378178730607
0.26446279883384705,0.0945378178730607
0.2685950300656259,0.09585084312129766
0.27272726129740477,0.0945378178730607
0.2768594925291836,0.0945378178730607
0.2809917237609625,0.09322479262482375
0.28512395499274135,0.0945378178730607
0.2892561862245202,0.0945378178730607
0.29338841745629907,0.0945378178730607
0.2975206486880779,0.09585084312129766
0.3016528799198568,0.09585084312129766
0.30578511115163565,0.0945378178730607
0.3099173423834145,0.09585084312129766
0.31404957361519337,0.09585084312129766
0.3181818048469722,0.0945378178730607
0.3223140360787511,0.0945378178730607
0.32644626731052995,0.09322479262482375
0.3305784985423088,0.09322479262482375
0.33471072977408767,0.0945378178730607
0.3388429610058665,0.09716386836953461
0.3429751922376454,0.09322479262482375
0.34710742346942425,0.09322479262482375
0.3512396547012031,0.0945378178730607
0.35537188593298197,0.0945378178730607
0.35950411716476083,0.0945378178730607
0.3636363483965397,0.09585084312129766
0.36776857962831855,0.09322479262482375
0.3719008108600974,0.0945378178730607
0.37603304209187627,0.09322479262482375
0.38016527332365513,0.0945378178730607
0.384297504555434,0.09585084312129766
0.38842973578721285,0.09585084312129766
0.3925619670189917,0.09585084312129766
0.39669419825077057,0.09322479262482375
0.40082642948254943,0.0945378178730607
0.4049586607143283,0.09585084312129766
0.40909089194610715,0.0945378178730607
0.413223123177886,0.0945378178730607
0.41735535440966487,0.0945378178730607
0.42148758564144373,0.0945378178730607
0.4256198168732226,0.09585084312129766
0.42975204810500145,0.0945378178730607
0.4338842793367803,0.0945378178730607
0.43801651056855917,0.0945378178730607
0.44214874180033803,0.09585084312129766
0.4462809730321169,0.0945378178730607
0.45041320426389575,0.0945378178730607
0.4545454354956746,0.09322479262482375
0.45867766672745347,0.09585084312129766
0.46280989795923233,0.0945378178730607
0.4669421291910112,0.09585084312129766
0.47107436042279005,0.09322479262482375
0.4752065916545689,0.0945378178730607
0.47933882288634777,0.0945378178730607
0.48347105411812663,0.09585084312129766
0.4876032853499055,0.0945378178730607
0.49173551658168435,0.0945378178730607
0.4958677478134632,0.09585084312129766
0.49999997904524207,0.09585084312129766
0.5041322102770209,0.0945378178730607
0.5082644415087998,0.0945378178730607
0.5123966727405787,0.0945378178730607
0.5165289039723575,0.09585084312129766
0.5206611352041364,0.09585084312129766
0.5247933664359152,0.09585084312129766
0.5289255976676941,0.0945378178730607
0.533057828899473,0.09585084312129766
0.5371900601312518,0.0945378178730607
0.5413222913630307,0.09322479262482375
0.5454545225948095,0.09322479262482375
0.5495867538265884,0.0945378178730607
0.5537189850583673,0.09585084312129766
0.5578512162901461,0.0945378178730607
0.561983447521925,0.0945378178730607
0.5661156787537038,0.09585084312129766
0.5702479099854827,0.0945378178730607
0.5743801412172616,0.0945378178730607
0.5785123724490404,0.09585084312129766
0.5826446036808193,0.09585084312129766
0.5867768349125981,0.09585084312129766
0.590909066144377,0.09322479262482375
0.5950412973761559,0.0945378178730607
0.5991735286079347,0.09585084312129766
0.6033057598397136,0.09585084312129766
0.6074379910714924,0.0945378178730607
0.6115702223032713,0.0945378178730607
0.6157024535350502,0.0945378178730607
0.619834684766829,0.09322479262482375
0.6239669159986079,0.0945378178730607
0.6280991472303867,0.0945378178730607
0.6322313784621656,0.0945378178730607
0.6363636096939445,0.0945378178730607
0.6404958409257233,0.0945378178730607
0.6446280721575022,0.09585084312129766
0.648760303389281,0.0945378178730607
0.6528925346210599,0.09585084312129766
0.6570247658528388,0.09585084312129766
0.6611569970846176,0.09585084312129766
0.6652892283163965,0.09322479262482375
0.6694214595481753,0.0945378178730607
0.6735536907799542,0.0945378178730607
0.677685922011733,0.09585084312129766
0.6818181532435119,0.09322479262482375
0.6859503844752908,0.09585084312129766
0.6900826157070696,0.0945378178730607
0.6942148469388485,0.0945378178730607
0.6983470781706274,0.09585084312129766
0.7024793094024062,0.0945378178730607
0.7066115406341851,0.0945378178730607
0.7107437718659639,0.0945378178730607
0.7148760030977428,0.0945378178730607
0.7190082343295217,0.0945378178730607
0.7231404655613005,0.0945378178730607
0.7272726967930794,0.0945378178730607
0.7314049280248582,0.09585084312129766
0.7355371592566371,0.09322479262482375
0.739669390488416,0.0945378178730607
0.7438016217201948,0.09322479262482375
0.7479338529519737,0.0945378178730607
0.7520660841837525,0.0945378178730607
0.7561983154155314,0.0945378178730607
0.7603305466473103,0.0945378178730607
0.7644627778790891,0.0945378178730607
0.768595009110868,0.09322479262482375
0.7727272403426468,0.0945378178730607
0.7768594715744257,0.09585084312129766
0.7809917028062046,0.0945378178730607
0.7851239340379834,0.09585084312129766
0.7892561652697623,0.0945378178730607
0.7933883965015411,0.09585084312129766
0.79752062773332,0.0945378178730607
0.8016528589650989,0.09585084312129766
0.8057850901968777,0.0945378178730607
0.8099173214286566,0.09585084312129766
0.8140495526604354,0.0945378178730607
0.8181817838922143,0.09322479262482375
0.8223140151239932,0.0945378178730607
0.826446246355772,0.0945378178730607
0.8305784775875509,0.09322479262482375
0.8347107088193297,0.09322479262482375
0.8388429400511086,0.0945378178730607
0.8429751712828875,0.09585084312129766
0.8471074025146663,0.0945378178730607
0.8512396337464452,0.09585084312129766
0.855371864978224,0.0945378178730607
0.8595040962100029,0.09585084312129766
0.8636363274417818,0.0945378178730607
0.8677685586735606,0.0945378178730607
0.8719007899053395,0.09322479262482375
0.8760330211371183,0.0945378178730607
0.8801652523688972,0.0945378178730607
0.8842974836006761,0.0945378178730607
0.8884297148324549,0.09322479262482375
0.8925619460642338,0.09322479262482375
0.8966941772960126,0.0945378178730607
0.9008264085277915,0.0945378178730607
0.9049586397595704,0.0945378178730607
0.9090908709913492,0.0945378178730607
0.9132231022231281,0.0945378178730607
0.9173553334549069,0.09322479262482375
0.9214875646866858,0.0945378178730607
0.9256197959184647,0.0945378178730607
0.9297520271502435,0.09322479262482375
0.9338842583820224,0.09585084312129766
0.9380164896138012,0.0945378178730607
0.9421487208455801,0.0919117673765868
0.946280952077359,0.0945378178730607
0.9504131833091378,0.09585084312129766
0.9545454145409167,0.09322479262482375
0.9586776457726955,0.0945378178730607
0.9628098770044744,0.0919117673765868
0.9669421082362533,0.09322479262482375
0.9710743394680321,0.0945378178730607
0.975206570699811,0.0945378178730607
0.9793388019315898,0.09322479262482375
0.9834710331633687,0.0945378178730607
0.9876032643951476,0.0945378178730607
0.9917354956269264,0.0945378178730607
0.9958677268587053,0.09322479262482375
0.9999999580904841,0.0945378178730607
1.004132189322263,0.0945378178730607
1.0082644205540419,0.0945378178730607
1.0123966517858207,0.0945378178730607
1.0165288830175996,0.0945378178730607
1.0206611142493784,0.0945378178730607
1.0247933454811573,0.09585084312129766
1.0289255767129362,0.0945378178730607
1.033057807944715,0.0945378178730607
1.0371900391764939,0.0919117673765868
1.0413222704082727,0.0945378178730607
1.0454545016400516,0.0945378178730607
1.0495867328718305,0.09585084312129766
1.0537189641036093,0.0945378178730607
1.0578511953353882,0.09585084312129766
1.061983426567167,0.09585084312129766
1.066115657798946,0.09322479262482375
1.0702478890307248,0.0945378178730607
1.0743801202625036,0.0945378178730607
1.0785123514942825,0.09585084312129766
1.0826445827260613,0.0945378178730607
1.0867768139578402,0.09585084312129766
1.090909045189619,0.0945378178730607
1.095041276421398,0.09585084312129766
1.0991735076531768,0.0945378178730607
1.1033057388849556,0.0945378178730607
1.1074379701167345,0.09322479262482375
1.1115702013485134,0.0945378178730607
1.1157024325802922,0.0945378178730607
1.119834663812071,0.09585084312129766
1.12396689504385,0.09585084312129766
1.1280991262756288,0.0945378178730607
1.1322313575074077,0.09585084312129766
1.1363635887391865,0.09585084312129766
1.1404958199709654,0.0945378178730607
1.1446280512027442,0.0945378178730607
1.148760282434523,0.0945378178730607
1.152892513666302,0.0945378178730607
1.1570247448980808,0.09585084312129766
1.1611569761298597,0.09585084312129766
1.1652892073616385,0.09585084312129766
1.1694214385934174,0.0945378178730607
1.1735536698251963,0.0945378178730607
1.1776859010569751,0.09585084312129766
1.181818132288754,0.09585084312129766
1.1859503635205328,0.0945378178730607
1.1900825947523117,0.09716386836953461
1.1942148259840906,0.09716386836953461
1.1983470572158694,0.09585084312129766
1.2024792884476483,0.0945378178730607
1.2066115196794271,0.09585084312129766
1.210743750911206,0.0945378178730607
1.2148759821429849,0.09322479262482375
1.2190082133747637,0.09585084312129766
1.2231404446065426,0.09585084312129766
1.2272726758383214,0.09716386836953461
1.2314049070701003,0.09585084312129766
1.2355371383018792,0.0945378178730607
1.239669369533658,0.0945378178730607
1.2438016007654369,0.0945378178730607
1.2479338319972157,0.09585084312129766
1.2520660632289946,0.09585084312129766
1.2561982944607735,0.09585084312129766
1.2603305256925523,0.09585084312129766
1.2644627569243312,0.09585084312129766
1.26859498815611,0.09585084312129766
1.272727219387889,0.09585084312129766
1.2768594506196678,0.0945378178730607
1.2809916818514466,0.09585084312129766
1.2851239130832255,0.09585084312129766
1.2892561443150043,0.09716386836953461
1.2933883755467832,0.09716386836953461
1.297520606778562,0.09322479262482375
1.301652838010341,0.0945378178730607
1.3057850692421198,0.0945378178730607
1.3099173004738986,0.0945378178730607
1.3140495317056775,0.09585084312129766
1.3181817629374564,0.09585084312129766
1.3223139941692352,0.09716386836953461
1.326446225401014,0.09585084312129766
1.330578456632793,0.0945378178730607
1.3347106878645718,0.09585084312129766
1.3388429190963507,0.0945378178730607
1.3429751503281295,0.0945378178730607
1.3471073815599084,0.09716386836953461
1.3512396127916873,0.0945378178730607
1.355371844023466,0.09716386836953461
1.359504075255245,0.09585084312129766
1.3636363064870238,0.0945378178730607
1.3677685377188027,0.0945378178730607
1.3719007689505816,0.09585084312129766
1.3760330001823604,0.0945378178730607
1.3801652314141393,0.0945378178730607
1.3842974626459181,0.09716386836953461
1.388429693877697,0.09585084312129766
1.3925619251094759,0.09585084312129766
1.3966941563412547,0.09716386836953461
1.4008263875730336,0.09585084312129766
1.4049586188048124,0.09585084312129766
1.4090908500365913,0.09585084312129766
1.4132230812683702,0.09585084312129766
1.417355312500149,0.0945378178730607
1.4214875437319279,0.09585084312129766
1.4256197749637067,0.09585084312129766
1.4297520061954856,0.09585084312129766
1.4338842374272645,0.0945378178730607
1.4380164686590433,0.09716386836953461
1.4421486998908222,0.09585084312129766
1.446280931122601,0.09585084312129766
1.45041316235438,0.09585084312129766
1.4545453935861588,0.09585084312129766
1.4586776248179376,0.09585084312129766
1.4628098560497165,0.09585084312129766
1.4669420872814953,0.09585084312129766
1.4710743185132742,0.09716386836953461
1.475206549745053,0.0945378178730607
1.479338780976832,0.09585084312129766
1.4834710122086108,0.09585084312129766
1.4876032434403896,0.0945378178730607
1.4917354746721685,0.09585084312129766
1.4958677059039474,0.09585084312129766
1.4999999371357262,0.09716386836953461
1.504132168367505,0.09585084312129766
1.508264399599284,0.09847689361777157
1.5123966308310628,0.09716386836953461
1.5165288620628417,0.0945378178730607
1.5206610932946205,0.0945378178730607
1.5247933245263994,0.09585084312129766
1.5289255557581782,0.09322479262482375
1.533057786989957,0.09716386836953461
1.537190018221736,0.0945378178730607
1.5413222494535148,0.0945378178730607
1.5454544806852937,0.09585084312129766
1.5495867119170725,0.09716386836953461
1.5537189431488514,0.09716386836953461
1.5578511743806303,0.09716386836953461
1.5619834056124091,0.09847689361777157
1.566115636844188,0.09585084312129766
1.5702478680759668,0.09585084312129766
1.5743800993077457,0.09585084312129766
1.5785123305395246,0.09585084312129766
1.5826445617713034,0.0945378178730607
1.5867767930030823,0.09716386836953461
1.5909090242348611,0.09585084312129766
1.59504125546664,0.09585084312129766
1.5991734866984189,0.09585084312129766
1.6033057179301977,0.09585084312129766
1.6074379491619766,0.09716386836953461
1.6115701803937554,0.09585084312129766
1.6157024116255343,0.09585084312129766
1.6198346428573132,0.09716386836953461
1.623966874089092,0.09716386836953461
1.6280991053208709,0.09585084312129766
1.6322313365526497,0.0945378178730607
1.6363635677844286,0.09716386836953461
1.6404957990162075,0.09716386836953461
1.6446280302479863,0.09585084312129766
1.6487602614797652,0.09585084312129766
1.652892492711544,0.09716386836953461
1.657024723943323,0.09585084312129766
1.6611569551751018,0.0945378178730607
1.6652891864068806,0.0945378178730607
1.6694214176386595,0.0945378178730607
1.6735536488704383,0.09585084312129766
1.6776858801022172,0.0945378178730607
1.681818111333996,0.09585084312129766
1.685950342565775,0.09585084312129766
1.6900825737975538,0.09716386836953461
1.6942148050293326,0.09716386836953461
1.6983470362611115,0.09716386836953461
1.7024792674928904,0.09716386836953461
1.7066114987246692,0.09585084312129766
1.710743729956448,0.09585084312129766
1.714875961188227,0.09585084312129766
1.7190081924200058,0.09585084312129766
1.7231404236517847,0.09585084312129766
1.7272726548835635,0.09585084312129766
1.7314048861153424,0.0945378178730607
1.7355371173471212,0.09716386836953461
1.7396693485789,0.09585084312129766
1.743801579810679,0.09585084312129766
1.7479338110424578,0.09585084312129766
1.7520660422742367,0.09716386836953461
1.7561982735060155,0.09716386836953461
1.7603305047377944,0.0945378178730607
1.7644627359695733,0.09585084312129766
1.7685949672013521,0.09716386836953461
1.772727198433131,0.0945378178730607
1.7768594296649098,0.0945378178730607
1.7809916608966887,0.09585084312129766
1.7851238921284676,0.0945378178730607
1.7892561233602464,0.0945378178730607
1.7933883545920253,0.0945378178730607
1.7975205858238041,0.09716386836953461
1.801652817055583,0.09585084312129766
1.8057850482873619,0.0945378178730607
1.8099172795191407,0.09585084312129766
1.8140495107509196,0.09716386836953461
1.8181817419826984,0.09716386836953461
1.8223139732144773,0.09716386836953461
1.8264462044462562,0.09585084312129766
1.830578435678035,0.09585084312129766
1.8347106669098139,0.09585084312129766
1.8388428981415927,0.09585084312129766
1.8429751293733716,0.09585084312129766
1.8471073606051505,0.0945378178730607
1.8512395918369293,0.0945378178730607
1.8553718230687082,0.09585084312129766
1.859504054300487,0.09585084312129766
1.863636285532266,0.09716386836953461
1.8677685167640448,0.09585084312129766
1.8719007479958236,0.09585084312129766
1.8760329792276025,0.09585084312129766
1.8801652104593813,0.0945378178730607
1.8842974416911602,0.09716386836953461
1.888429672922939,0.0945378178730607
1.892561904154718,0.09585084312129766
1.8966941353864968,0.09847689361777157
1.9008263666182756,0.09716386836953461
1.9049585978500545,0.09585084312129766
1.9090908290818334,0.09716386836953461
1.9132230603136122,0.0945378178730607
1.917355291545391,0.09716386836953461
1.92148752277717,0.09716386836953461
1.9256197540089488,0.09585084312129766
1.9297519852407277,0.09585084312129766
1.9338842164725065,0.09585084312129766
1.9380164477042854,0.09716386836953461
1.9421486789360642,0.09585084312129766
1.946280910167843,0.09585084312129766
1.950413141399622,0.09716386836953461
1.9545453726314008,0.09585084312129766
1.9586776038631797,0.0945378178730607
1.9628098350949585,0.09585084312129766
1.9669420663267374,0.09585084312129766
1.9710742975585163,0.0945378178730607
1.9752065287902951,0.09585084312129766
1.979338760022074,0.0945378178730607
1.9834709912538528,0.0945378178730607
1.9876032224856317,0.09322479262482375
1.9917354537174106,0.09585084312129766
1.9958676849491894,0.0945378178730607
1.9999999161809683,0.09716386836953461
2.004132147412747,0.09585084312129766
2.008264378644526,0.09585084312129766
2.012396609876305,0.09585084312129766
2.0165288411080837,0.0945378178730607
2.0206610723398626,0.09585084312129766
2.0247933035716414,0.09585084312129766
2.0289255348034203,0.09585084312129766
2.033057766035199,0.09716386836953461
2.037189997266978,0.09716386836953461
2.041322228498757,0.09585084312129766
2.0454544597305357,0.09585084312129766
2.0495866909623146,0.09585084312129766
2.0537189221940935,0.0945378178730607
2.0578511534258723,0.0945378178730607
2.061983384657651,0.0945378178730607
2.06611561588943,0.0945378178730607
2.070247847121209,0.09585084312129766
2.0743800783529878,0.09585084312129766
2.0785123095847666,0.09585084312129766
2.0826445408165455,0.09322479262482375
2.0867767720483243,0.0945378178730607
2.090909003280103,0.09585084312129766
2.095041234511882,0.09585084312129766
2.099173465743661,0.09585084312129766
2.10330569697544,0.09585084312129766
2.1074379282072186,0.0945378178730607
2.1115701594389975,0.09716386836953461
2.1157023906707764,0.0945378178730607
2.1198346219025552,0.0945378178730607
2.123966853134334,0.09585084312129766
2.128099084366113,0.0945378178730607
2.132231315597892,0.0945378178730607
2.1363635468296707,0.0945378178730607
2.1404957780614495,0.0945378178730607
2.1446280092932284,0.09322479262482375
2.1487602405250072,0.09585084312129766
2.152892471756786,0.09585084312129766
2.157024702988565,0.09585084312129766
2.161156934220344,0.0945378178730607
2.1652891654521227,0.09585084312129766
2.1694213966839015,0.09716386836953461
2.1735536279156804,0.09716386836953461
2.1776858591474593,0.09585084312129766
2.181818090379238,0.0945378178730607
2.185950321611017,0.09585084312129766
2.190082552842796,0.09585084312129766
2.1942147840745747,0.09585084312129766
2.1983470153063536,0.0945378178730607
2.2024792465381324,0.09847689361777157
2.2066114777699113,0.09585084312129766
2.21074370900169,0.09322479262482375
2.214875940233469,0.0945378178730607
2.219008171465248,0.09585084312129766
2.2231404026970267,0.0945378178730607
2.2272726339288056,0.09716386836953461
2.2314048651605844,0.09585084312129766
2.2355370963923633,0.09585084312129766
2.239669327624142,0.09585084312129766
2.243801558855921,0.0945378178730607
2.2479337900877,0.09585084312129766
2.2520660213194788,0.09585084312129766
2.2561982525512576,0.09585084312129766
2.2603304837830365,0.09585084312129766
2.2644627150148153,0.09585084312129766
2.268594946246594,0.09585084312129766
2.272727177478373,0.0945378178730607
2.276859408710152,0.09585084312129766
2.2809916399419308,0.09585084312129766
2.2851238711737096,0.09585084312129766
2.2892561024054885,0.0945378178730607
2.2933883336372674,0.0945378178730607
2.297520564869046,0.09716386836953461
2.301652796100825,0.0945378178730607
2.305785027332604,0.09585084312129766
2.309917258564383,0.09585084312129766
2.3140494897961617,0.0945378178730607
2.3181817210279405,0.09322479262482375
2.3223139522597194,0.09322479262482375
2.3264461834914982,0.0945378178730607
2.330578414723277,0.09585084312129766
2.334710645955056,0.09585084312129766
2.338842877186835,0.09716386836953461
2.3429751084186137,0.0945378178730607
2.3471073396503925,0.0945378178730607
2.3512395708821714,0.0945378178730607
2.3553718021139503,0.0945378178730607
2.359504033345729,0.09585084312129766
2.363636264577508,0.09585084312129766
2.367768495809287,0.09585084312129766
2.3719007270410657,0.09585084312129766
2.3760329582728446,0.0945378178730607
2.3801651895046234,0.0945378178730607
2.3842974207364023,0.09585084312129766
2.388429651968181,0.0945378178730607
2.39256188319996,0.09585084312129766
2.396694114431739,0.09585084312129766
2.4008263456635177,0.0945378178730607
2.4049585768952966,0.09585084312129766
2.4090908081270754,0.0945378178730607
2.4132230393588543,0.0945378178730607
2.417355270590633,0.0945378178730607
2.421487501822412,0.0945378178730607
2.425619733054191,0.09585084312129766
2.4297519642859697,0.09585084312129766
2.4338841955177486,0.0945378178730607
2.4380164267495275,0.09585084312129766
2.4421486579813063,0.09585084312129766
2.446280889213085,0.09585084312129766
2.450413120444864,0.09322479262482375
2.454545351676643,0.0945378178730607
2.4586775829084218,0.09585084312129766
2.4628098141402006,0.0945378178730607
2.4669420453719795,0.0945378178730607
2.4710742766037583,0.0945378178730607
2.475206507835537,0.09585084312129766
2.479338739067316,0.0945378178730607
2.483470970299095,0.09585084312129766
2.4876032015308738,0.09716386836953461
2.4917354327626526,0.0945378178730607
2.4958676639944315,0.0945378178730607
2.4999998952262104,0.09585084312129766
2.504132126457989,0.09585084312129766
2.508264357689768,0.0945378178730607
2.512396588921547,0.09585084312129766
2.516528820153326,0.0945378178730607
2.5206610513851047,0.09585084312129766
2.5247932826168835,0.0945378178730607
2.5289255138486624,0.0945378178730607
2.5330577450804412,0.09322479262482375
2.53718997631222,0.0945378178730607
2.541322207543999,0.09585084312129766
2.545454438775778,0.0945378178730607
2.5495866700075567,0.0945378178730607
2.5537189012393355,0.09585084312129766
2.5578511324711144,0.09585084312129766
2.5619833637028933,0.0945378178730607
2.566115594934672,0.0945378178730607
2.570247826166451,0.0945378178730607
2.57438005739823,0.09322479262482375
2.5785122886300087,0.09585084312129766
2.5826445198617876,0.09585084312129766
2.5867767510935664,0.0945378178730607
2.5909089823253453,0.0945378178730607
2.595041213557124,0.09322479262482375
2.599173444788903,0.09322479262482375
2.603305676020682,0.09322479262482375
2.6074379072524607,0.09585084312129766
2.6115701384842396,0.0945378178730607
2.6157023697160184,0.0945378178730607
2.6198346009477973,0.09585084312129766
2.623966832179576,0.09322479262482375
2.628099063411355,0.09322479262482375
2.632231294643134,0.09716386836953461
2.6363635258749127,0.0945378178730607
2.6404957571066916,0.09585084312129766
2.6446279883384705,0.0945378178730607
2.6487602195702493,0.09585084312129766
2.652892450802028,0.09585084312129766
2.657024682033807,0.09585084312129766
2.661156913265586,0.09585084312129766
2.6652891444973648,0.0945378178730607
2.6694213757291436,0.09322479262482375
2.6735536069609225,0.09585084312129766
2.6776858381927013,0.0945378178730607
2.68181806942448,0.0945378178730607
2.685950300656259,0.0945378178730607
2.690082531888038,0.09585084312129766
2.694214763119817,0.0945378178730607
2.6983469943515956,0.09585084312129766
2.7024792255833745,0.09322479262482375
2.7066114568151534,0.09322479262482375
2.710743688046932,0.09322479262482375
2.714875919278711,0.0945378178730607
2.71900815051049,0.0945378178730607
2.723140381742269,0.0945378178730607
2.7272726129740477,0.09585084312129766
2.7314048442058265,0.0945378178730607
2.7355370754376054,0.0945378178730607
2.7396693066693842,0.0945378178730607
2.743801537901163,0.0945378178730607
2.747933769132942,0.0945378178730607
2.752066000364721,0.0945378178730607
2.7561982315964997,0.0945378178730607
2.7603304628282785,0.0945378178730607
2.7644626940600574,0.0945378178730607
2.7685949252918363,0.0945378178730607
2.772727156523615,0.0945378178730607
2.776859387755394,0.0945378178730607
2.780991618987173,0.09322479262482375
2.7851238502189517,0.0945378178730607
2.7892560814507306,0.0945378178730607
2.7933883126825094,0.09585084312129766
2.7975205439142883,0.0945378178730607
2.801652775146067,0.09322479262482375
2.805785006377846,0.09716386836953461
2.809917237609625,0.0945378178730607
2.8140494688414037,0.09585084312129766
2.8181817000731826,0.09322479262482375
2.8223139313049614,0.09322479262482375
2.8264461625367403,0.09322479262482375
2.830578393768519,0.09322479262482375
2.834710625000298,0.0945378178730607
2.838842856232077,0.09322479262482375
2.8429750874638557,0.09322479262482375
2.8471073186956346,0.0945378178730607
2.8512395499274135,0.0945378178730607
2.8553717811591923,0.0945378178730607
2.859504012390971,0.09585084312129766
2.86363624362275,0.09585084312129766
2.867768474854529,0.09585084312129766
2.8719007060863078,0.09585084312129766
2.8760329373180866,0.09322479262482375
2.8801651685498655,0.0945378178730607
2.8842973997816443,0.0945378178730607
2.888429631013423,0.09322479262482375
2.892561862245202,0.0945378178730607
2.896694093476981,0.0945378178730607
2.90082632470876,0.0945378178730607
2.9049585559405386,0.09322479262482375
2.9090907871723175,0.0945378178730607
2.9132230184040964,0.0945378178730607
2.9173552496358752,0.09322479262482375
2.921487480867654,0.09716386836953461
2.925619712099433,0.0945378178730607
2.929751943331212,0.0945378178730607
2.9338841745629907,0.09585084312129766
2.9380164057947695,0.09322479262482375
2.9421486370265484,0.0945378178730607
2.9462808682583272,0.0945378178730607
2.950413099490106,0.0945378178730607
2.954545330721885,0.0945378178730607
2.958677561953664,0.0945378178730607
2.9628097931854427,0.09322479262482375
2.9669420244172215,0.0945378178730607
2.9710742556490004,0.0945378178730607
2.9752064868807793,0.0945378178730607
2.979338718112558,0.09585084312129766
2.983470949344337,0.09322479262482375
2.987603180576116,0.0945378178730607
2.9917354118078947,0.09322479262482375
2.9958676430396736,0.09322479262482375
2.9999998742714524,0.09585084312129766
3.0041321055032313,0.0945378178730607
3.00826433673501,0.0945378178730607
3.012396567966789,0.0945378178730607
3.016528799198568,0.0945378178730607
3.0206610304303467,0.0945378178730607
3.0247932616621256,0.0945378178730607
3.0289254928939044,0.0945378178730607
3.0330577241256833,0.0945378178730607
3.037189955357462,0.09322479262482375
3.041322186589241,0.0945378178730607
3.04545441782102,0.09322479262482375
3.0495866490527987,0.0945378178730607
3.0537188802845776,0.0945378178730607
3.0578511115163565,0.09585084312129766
3.0619833427481353,0.0945378178730607
3.066115573979914,0.09585084312129766
3.070247805211693,0.09585084312129766
3.074380036443472,0.0945378178730607
3.0785122676752508,0.09585084312129766
3.0826444989070296,0.0945378178730607
3.0867767301388085,0.0945378178730607
3.0909089613705873,0.0945378178730607
3.095041192602366,0.09585084312129766
3.099173423834145,0.0945378178730607
3.103305655065924,0.0945378178730607
3.107437886297703,0.09585084312129766
3.1115701175294816,0.0945378178730607
3.1157023487612605,0.0945378178730607
3.1198345799930394,0.09585084312129766
3.1239668112248182,0.09322479262482375
3.128099042456597,0.0945378178730607
3.132231273688376,0.0945378178730607
3.136363504920155,0.09585084312129766
3.1404957361519337,0.09585084312129766
3.1446279673837125,0.0945378178730607
3.1487601986154914,0.0945378178730607
3.1528924298472703,0.0945378178730607
3.157024661079049,0.0945378178730607
3.161156892310828,0.0945378178730607
3.165289123542607,0.0945378178730607
3.1694213547743857,0.09585084312129766
3.1735535860061646,0.09585084312129766
3.1776858172379434,0.0945378178730607
3.1818180484697223,0.09585084312129766
3.185950279701501,0.09322479262482375
3.19008251093328,0.09585084312129766
3.194214742165059,0.09585084312129766
3.1983469733968377,0.09585084312129766
3.2024792046286166,0.09585084312129766
3.2066114358603954,0.09585084312129766
3.2107436670921743,0.0945378178730607
3.214875898323953,0.0945378178730607
3.219008129555732,0.09585084312129766
3.223140360787511,0.0945378178730607
3.2272725920192897,0.09585084312129766
3.2314048232510686,0.09585084312129766
3.2355370544828475,0.0945378178730607
3.2396692857146263,0.0945378178730607
3.243801516946405,0.0945378178730607
3.247933748178184,0.0945378178730607
3.252065979409963,0.0945378178730607
3.2561982106417418,0.09585084312129766
3.2603304418735206,0.0945378178730607
3.2644626731052995,0.0945378178730607
3.2685949043370783,0.0945378178730607
3.272727135568857,0.0945378178730607
3.276859366800636,0.09847689361777157
3.280991598032415,0.09585084312129766
3.2851238292641938,0.0945378178730607
3.2892560604959726,0.09585084312129766
3.2933882917277515,0.09585084312129766
3.2975205229595304,0.0945378178730607
3.301652754191309,0.0945378178730607
3.305784985423088,0.0945378178730607
3.309917216654867,0.0945378178730607
3.314049447886646,0.09585084312129766
3.3181816791184247,0.09322479262482375
3.3223139103502035,0.0945378178730607
3.3264461415819824,0.0945378178730607
3.3305783728137612,0.0945378178730607
3.33471060404554,0.09585084312129766
3.338842835277319,0.09585084312129766
3.342975066509098,0.09585084312129766
3.3471072977408767,0.09585084312129766
3.3512395289726555,0.09585084312129766
3.3553717602044344,0.09322479262482375
3.3595039914362133,0.09322479262482375
3.363636222667992,0.09322479262482375
3.367768453899771,0.09585084312129766
3.37190068513155,0.0945378178730607
3.3760329163633287,0.0945378178730607
3.3801651475951076,0.0945378178730607
3.3842973788268864,0.09585084312129766
3.3884296100586653,0.09585084312129766
3.392561841290444,0.0945378178730607
3.396694072522223,0.0945378178730607
3.400826303754002,0.0945378178730607
3.4049585349857807,0.09585084312129766
3.4090907662175596,0.09585084312129766
3.4132229974493384,0.09585084312129766
3.4173552286811173,0.09585084312129766
3.421487459912896,0.0945378178730607
3.425619691144675,0.0945378178730607
3.429751922376454,0.0945378178730607
3.4338841536082327,0.0945378178730607
3.4380163848400116,0.0945378178730607
3.4421486160717905,0.0945378178730607
3.4462808473035693,0.0945378178730607
3.450413078535348,0.0945378178730607
3.454545309767127,0.0945378178730607
3.458677540998906,0.09585084312129766
3.4628097722306848,0.09585084312129766
3.4669420034624636,0.09585084312129766
3.4710742346942425,0.0945378178730607
3.4752064659260213,0.0945378178730607
3.4793386971578,0.09585084312129766
3.483470928389579,0.0945378178730607
3.487603159621358,0.09585084312129766
3.4917353908531368,0.0945378178730607
3.4958676220849156,0.0945378178730607
3.4999998533166945,0.0945378178730607
3.5041320845484734,0.0945378178730607
3.508264315780252,0.0945378178730607
3.512396547012031,0.09585084312129766
3.51652877824381,0.09585084312129766
3.520661009475589,0.09585084312129766
3.5247932407073677,0.0945378178730607
3.5289254719391465,0.09585084312129766
3.5330577031709254,0.0945378178730607
3.5371899344027042,0.09585084312129766
3.541322165634483,0.09585084312129766
3.545454396866262,0.0945378178730607
3.549586628098041,0.0945378178730607
3.5537188593298197,0.0945378178730607
3.5578510905615985,0.09716386836953461
3.5619833217933774,0.0945378178730607
3.5661155530251563,0.0945378178730607
3.570247784256935,0.09585084312129766
3.574380015488714,0.09585084312129766
3.578512246720493,0.0945378178730607
3.5826444779522717,0.0945378178730607
3.5867767091840506,0.0945378178730607
3.5909089404158294,0.09585084312129766
3.5950411716476083,0.09585084312129766
3.599173402879387,0.09585084312129766
3.603305634111166,0.09585084312129766
3.607437865342945,0.09585084312129766
3.6115700965747237,0.09585084312129766
3.6157023278065026,0.09585084312129766
3.6198345590382814,0.09585084312129766
3.6239667902700603,0.09585084312129766
3.628099021501839,0.09585084312129766
3.632231252733618,0.09585084312129766
3.636363483965397,0.0945378178730607
3.6404957151971757,0.09585084312129766
3.6446279464289546,0.09322479262482375
3.6487601776607335,0.09322479262482375
3.6528924088925123,0.09322479262482375
3.657024640124291,0.09585084312129766
3.66115687135607,0.09585084312129766
3.665289102587849,0.09322479262482375
3.6694213338196278,0.0945378178730607
3.6735535650514066,0.0945378178730607
3.6776857962831855,0.09322479262482375
3.6818180275149643,0.09716386836953461
3.685950258746743,0.09585084312129766
3.690082489978522,0.0945378178730607
3.694214721210301,0.09585084312129766
3.69834695244208,0.0945378178730607
3.7024791836738586,0.0945378178730607
3.7066114149056375,0.09585084312129766
3.7107436461374164,0.0945378178730607
3.7148758773691952,0.0945378178730607
3.719008108600974,0.0945378178730607
3.723140339832753,0.0945378178730607
3.727272571064532,0.0945378178730607
3.7314048022963107,0.09585084312129766
3.7355370335280895,0.09585084312129766
3.7396692647598684,0.09585084312129766
3.7438014959916472,0.0945378178730607
3.747933727223426,0.0945378178730607
3.752065958455205,0.0945378178730607
3.756198189686984,0.09585084312129766
3.7603304209187627,0.0945378178730607
3.7644626521505415,0.09322479262482375
3.7685948833823204,0.0945378178730607
3.7727271146140993,0.0945378178730607
3.776859345845878,0.0945378178730607
3.780991577077657,0.0945378178730607
3.785123808309436,0.0945378178730607
3.7892560395412147,0.0945378178730607
3.7933882707729936,0.0945378178730607
3.7975205020047724,0.0945378178730607
3.8016527332365513,0.0945378178730607
3.80578496446833,0.0945378178730607
3.809917195700109,0.0945378178730607
3.814049426931888,0.0945378178730607
3.8181816581636667,0.0945378178730607
3.8223138893954456,0.09716386836953461
3.8264461206272244,0.09585084312129766
3.8305783518590033,0.0945378178730607
3.834710583090782,0.0945378178730607
3.838842814322561,0.0945378178730607
3.84297504555434,0.09585084312129766
3.8471072767861187,0.09585084312129766
3.8512395080178976,0.09585084312129766
3.8553717392496765,0.0945378178730607
3.8595039704814553,0.0945378178730607
3.863636201713234,0.0945378178730607
3.867768432945013,0.0945378178730607
3.871900664176792,0.0945378178730607
3.8760328954085708,0.0945378178730607
3.8801651266403496,0.0945378178730607
3.8842973578721285,0.09585084312129766
3.8884295891039073,0.09585084312129766
3.892561820335686,0.09585084312129766
3.896694051567465,0.09585084312129766
3.900826282799244,0.09716386836953461
3.904958514031023,0.09585084312129766
3.9090907452628016,0.09585084312129766
3.9132229764945805,0.09585084312129766
3.9173552077263594,0.0945378178730607
3.9214874389581382,0.0945378178730607
3.925619670189917,0.0945378178730607
3.929751901421696,0.09585084312129766
3.933884132653475,0.0945378178730607
3.9380163638852537,0.0945378178730607
3.9421485951170325,0.0945378178730607
3.9462808263488114,0.09585084312129766
3.9504130575805902,0.09585084312129766
3.954545288812369,0.09585084312129766
3.958677520044148,0.0945378178730607
3.962809751275927,0.09585084312129766
3.9669419825077057,0.09716386836953461
3.9710742137394845,0.09585084312129766
3.9752064449712634,0.09585084312129766
3.9793386762030423,0.09585084312129766
3.983470907434821,0.0945378178730607
3.9876031386666,0.09585084312129766
3.991735369898379,0.0945378178730607
3.9958676011301577,0.0945378178730607
3.9999998323619366,0.09585084312129766
4.004132063593715,0.09585084312129766
4.008264294825494,0.09585084312129766
4.012396526057273,0.09585084312129766
4.016528757289052,0.09322479262482375
4.020660988520831,0.0945378178730607
4.02479321975261,0.0945378178730607
4.028925450984389,0.09585084312129766
4.0330576822161674,0.09585084312129766
4.037189913447946,0.0945378178730607
4.041322144679725,0.09716386836953461
4.045454375911504,0.09585084312129766
4.049586607143283,0.09585084312129766
4.053718838375062,0.0945378178730607
4.057851069606841,0.0945378178730607
4.0619833008386195,0.09322479262482375
4.066115532070398,0.0945378178730607
4.070247763302177,0.09585084312129766
4.074379994533956,0.0945378178730607
4.078512225765735,0.09585084312129766
4.082644456997514,0.09585084312129766
4.086776688229293,0.0945378178730607
4.0909089194610715,0.09716386836953461
4.09504115069285,0.09585084312129766
4.099173381924629,0.09585084312129766
4.103305613156408,0.09585084312129766
4.107437844388187,0.09585084312129766
4.111570075619966,0.09716386836953461
4.115702306851745,0.09585084312129766
4.1198345380835235,0.09585084312129766
4.123966769315302,0.0945378178730607
4.128099000547081,0.0945378178730607
4.13223123177886,0.0945378178730607
4.136363463010639,0.0945378178730607
4.140495694242418,0.09585084312129766
4.144627925474197,0.09585084312129766
4.1487601567059755,0.0945378178730607
4.152892387937754,0.09585084312129766
4.157024619169533,0.09585084312129766
4.161156850401312,0.0945378178730607
4.165289081633091,0.09585084312129766
4.16942131286487,0.0945378178730607
4.173553544096649,0.09585084312129766
4.1776857753284276,0.09585084312129766
4.181818006560206,0.0945378178730607
4.185950237791985,0.09716386836953461
4.190082469023764,0.09585084312129766
4.194214700255543,0.0945378178730607
4.198346931487322,0.0945378178730607
4.202479162719101,0.0945378178730607
4.20661139395088,0.0945378178730607
4.210743625182658,0.0945378178730607
4.214875856414437,0.0945378178730607
4.219008087646216,0.0945378178730607
4.223140318877995,0.09716386836953461
4.227272550109774,0.0945378178730607
4.231404781341553,0.09585084312129766
4.235537012573332,0.0945378178730607
4.2396692438051105,0.09585084312129766
4.243801475036889,0.09585084312129766
4.247933706268668,0.0945378178730607
4.252065937500447,0.09585084312129766
4.256198168732226,0.09585084312129766
4.260330399964005,0.09585084312129766
4.264462631195784,0.0945378178730607
4.2685948624275625,0.09585084312129766
4.272727093659341,0.09322479262482375
4.27685932489112,0.09716386836953461
4.280991556122899,0.0945378178730607
4.285123787354678,0.09585084312129766
4.289256018586457,0.09585084312129766
4.293388249818236,0.09585084312129766
4.2975204810500145,0.09585084312129766
4.301652712281793,0.09716386836953461
4.305784943513572,0.0945378178730607
4.309917174745351,0.09585084312129766
4.31404940597713,0.09585084312129766
4.318181637208909,0.0945378178730607
4.322313868440688,0.0945378178730607
4.3264460996724665,0.09716386836953461
4.330578330904245,0.0945378178730607
4.334710562136024,0.09585084312129766
4.338842793367803,0.09716386836953461
4.342975024599582,0.09322479262482375
4.347107255831361,0.09585084312129766
4.35123948706314,0.0945378178730607
4.3553717182949185,0.0945378178730607
4.359503949526697,0.09585084312129766
4.363636180758476,0.0945378178730607
4.367768411990255,0.09322479262482375
4.371900643222034,0.0945378178730607
4.376032874453813,0.0945378178730607
4.380165105685592,0.09585084312129766
4.384297336917371,0.09585084312129766
4.388429568149149,0.09585084312129766
4.392561799380928,0.0945378178730607
4.396694030612707,0.09585084312129766
4.400826261844486,0.09322479262482375
4.404958493076265,0.0919117673765868
4.409090724308044,0.09585084312129766
4.413222955539823,0.0945378178730607
4.417355186771601,0.0945378178730607
4.42148741800338,0.0945378178730607
4.425619649235159,0.0945378178730607
4.429751880466938,0.0945378178730607
4.433884111698717,0.09322479262482375
4.438016342930496,0.0945378178730607
4.442148574162275,0.0945378178730607
4.4462808053940535,0.09585084312129766
4.450413036625832,0.0945378178730607
4.454545267857611,0.09585084312129766
4.45867749908939,0.0945378178730607
4.462809730321169,0.09585084312129766
4.466941961552948,0.0945378178730607
4.471074192784727,0.09585084312129766
4.4752064240165055,0.09585084312129766
4.479338655248284,0.0945378178730607
4.483470886480063,0.09585084312129766
4.487603117711842,0.0945378178730607
4.491735348943621,0.09585084312129766
4.4958675801754,0.09322479262482375
4.499999811407179,0.09585084312129766
4.5041320426389575,0.0945378178730607
4.508264273870736,0.0945378178730607
4.512396505102515,0.09716386836953461
4.516528736334294,0.09585084312129766
4.520660967566073,0.0945378178730607
4.524793198797852,0.09585084312129766
4.528925430029631,0.09322479262482375
4.5330576612614095,0.09585084312129766
4.537189892493188,0.09585084312129766
4.541322123724967,0.0945378178730607
4.545454354956746,0.0945378178730607
4.549586586188525,0.09322479262482375
4.553718817420304,0.0945378178730607
4.557851048652083,0.0945378178730607
4.5619832798838615,0.09585084312129766
4.56611551111564,0.09585084312129766
4.570247742347419,0.09716386836953461
4.574379973579198,0.09585084312129766
4.578512204810977,0.0945378178730607
4.582644436042756,0.09585084312129766
4.586776667274535,0.09585084312129766
4.590908898506314,0.09585084312129766
4.595041129738092,0.0945378178730607
4.599173360969871,0.09585084312129766
4.60330559220165,0.09585084312129766
4.607437823433429,0.0945378178730607
4.611570054665208,0.0945378178730607
4.615702285896987,0.09585084312129766
4.619834517128766,0.0945378178730607
4.623966748360544,0.0945378178730607
4.628098979592323,0.0945378178730607
4.632231210824102,0.09585084312129766
4.636363442055881,0.0945378178730607
4.64049567328766,0.0945378178730607
4.644627904519439,0.0945378178730607
4.648760135751218,0.09585084312129766
4.6528923669829965,0.0945378178730607
4.657024598214775,0.09585084312129766
4.661156829446554,0.09716386836953461
4.665289060678333,0.0945378178730607
4.669421291910112,0.0945378178730607
4.673553523141891,0.0945378178730607
4.67768575437367,0.0945378178730607
4.6818179856054485,0.09585084312129766
4.685950216837227,0.0945378178730607
4.690082448069006,0.0945378178730607
4.694214679300785,0.09716386836953461
4.698346910532564,0.0945378178730607
4.702479141764343,0.09585084312129766
4.706611372996122,0.0945378178730607
4.7107436042279005,0.0945378178730607
4.714875835459679,0.0945378178730607
4.719008066691458,0.09585084312129766
4.723140297923237,0.0945378178730607
4.727272529155016,0.09585084312129766
4.731404760386795,0.09716386836953461
4.735536991618574,0.09716386836953461
4.7396692228503525,0.09716386836953461
4.743801454082131,0.09585084312129766
4.74793368531391,0.09585084312129766
4.752065916545689,0.0945378178730607
4.756198147777468,0.09322479262482375
4.760330379009247,0.0945378178730607
4.764462610241026,0.0945378178730607
4.7685948414728045,0.0945378178730607
4.772727072704583,0.0945378178730607
4.776859303936362,0.09716386836953461
4.780991535168141,0.09585084312129766
4.78512376639992,0.09585084312129766
4.789255997631699,0.09585084312129766
4.793388228863478,0.09585084312129766
4.797520460095257,0.09585084312129766
4.801652691327035,0.09585084312129766
4.805784922558814,0.0945378178730607
4.809917153790593,0.0945378178730607
4.814049385022372,0.0945378178730607
4.818181616254151,0.0945378178730607
4.82231384748593,0.0945378178730607
4.826446078717709,0.0945378178730607
4.8305783099494874,0.09322479262482375
4.834710541181266,0.0945378178730607
4.838842772413045,0.09585084312129766
4.842975003644824,0.0945378178730607
4.847107234876603,0.09585084312129766
4.851239466108382,0.09585084312129766
4.855371697340161,0.0945378178730607
4.8595039285719395,0.0945378178730607
4.863636159803718,0.0945378178730607
4.867768391035497,0.09585084312129766
4.871900622267276,0.09585084312129766
4.876032853499055,0.09585084312129766
4.880165084730834,0.09585084312129766
4.884297315962613,0.0945378178730607
4.8884295471943915,0.09322479262482375
4.89256177842617,0.0945378178730607
4.896694009657949,0.0945378178730607
4.900826240889728,0.09322479262482375
4.904958472121507,0.0945378178730607
4.909090703353286,0.09585084312129766
4.913222934585065,0.09585084312129766
4.9173551658168435,0.09585084312129766
4.921487397048622,0.09716386836953461
4.925619628280401,0.09585084312129766
4.92975185951218,0.09585084312129766
4.933884090743959,0.0945378178730607
4.938016321975738,0.09716386836953461
4.942148553207517,0.09585084312129766
4.9462807844392955,0.0945378178730607
4.950413015671074,0.09585084312129766
4.954545246902853,0.0945378178730607
4.958677478134632,0.0945378178730607
4.962809709366411,0.09585084312129766
4.96694194059819,0.09716386836953461
4.971074171829969,0.0945378178730607
4.9752064030617476,0.09716386836953461
4.979338634293526,0.09716386836953461
4.983470865525305,0.09585084312129766
4.987603096757084,0.09585084312129766
4.991735327988863,0.09585084312129766
4.995867559220642,0.09322479262482375
4.999999790452421,0.0945378178730607
5.0041320216842,0.09716386836953461
5.008264252915978,0.0945378178730607
5.012396484147757,0.09585084312129766
5.016528715379536,0.09716386836953461
5.020660946611315,0.09585084312129766
5.024793177843094,0.0945378178730607
5.028925409074873,0.09585084312129766
5.033057640306652,0.09716386836953461
5.0371898715384305,0.0945378178730607
5.041322102770209,0.09322479262482375
5.045454334001988,0.09585084312129766
5.049586565233767,0.0945378178730607
5.053718796465546,0.09716386836953461
5.057851027697325,0.09585084312129766
5.061983258929104,0.09585084312129766
5.0661154901608825,0.09322479262482375
5.070247721392661,0.0945378178730607
5.07437995262444,0.0945378178730607
5.078512183856219,0.09585084312129766
5.082644415087998,0.0945378178730607
5.086776646319777,0.09716386836953461
5.090908877551556,0.09585084312129766
5.0950411087833345,0.0945378178730607
5.099173340015113,0.09322479262482375
5.103305571246892,0.0945378178730607
5.107437802478671,0.0945378178730607
5.11157003371045,0.0945378178730607
5.115702264942229,0.09585084312129766
5.119834496174008,0.09585084312129766
5.1239667274057865,0.09585084312129766
5.128098958637565,0.09585084312129766
5.132231189869344,0.0945378178730607
5.136363421101123,0.0945378178730607
5.140495652332902,0.0945378178730607
5.144627883564681,0.09716386836953461
5.14876011479646,0.09585084312129766
5.1528923460282385,0.0945378178730607
5.157024577260017,0.09585084312129766
5.161156808491796,0.0945378178730607
5.165289039723575,0.0945378178730607
5.169421270955354,0.0945378178730607
5.173553502187133,0.09322479262482375
5.177685733418912,0.0945378178730607
5.1818179646506906,0.09585084312129766
5.185950195882469,0.0945378178730607
5.190082427114248,0.0945378178730607
5.194214658346027,0.09585084312129766
5.198346889577806,0.09585084312129766
5.202479120809585,0.0945378178730607
5.206611352041364,0.09585084312129766
5.210743583273143,0.09585084312129766
5.214875814504921,0.09322479262482375
5.2190080457367,0.09585084312129766
5.223140276968479,0.0945378178730607
5.227272508200258,0.0945378178730607
5.231404739432037,0.09585084312129766
5.235536970663816,0.09585084312129766
5.239669201895595,0.09322479262482375
5.2438014331273735,0.0945378178730607
5.247933664359152,0.0945378178730607
5.252065895590931,0.0945378178730607
5.25619812682271,0.0945378178730607
5.260330358054489,0.0945378178730607
5.264462589286268,0.0945378178730607
5.268594820518047,0.09585084312129766
5.2727270517498255,0.09585084312129766
5.276859282981604,0.0945378178730607
5.280991514213383,0.09585084312129766
5.285123745445162,0.09716386836953461
5.289255976676941,0.0945378178730607
5.29338820790872,0.09585084312129766
5.297520439140499,0.0945378178730607
5.3016526703722775,0.09585084312129766
5.305784901604056,0.09585084312129766
5.309917132835835,0.09585084312129766
5.314049364067614,0.09322479262482375
5.318181595299393,0.0945378178730607
5.322313826531172,0.09322479262482375
5.326446057762951,0.0945378178730607
5.3305782889947295,0.09585084312129766
5.334710520226508,0.09585084312129766
5.338842751458287,0.0945378178730607
5.342974982690066,0.0945378178730607
5.347107213921845,0.0945378178730607
5.351239445153624,0.09585084312129766
5.355371676385403,0.09585084312129766
5.3595039076171815,0.09716386836953461
5.36363613884896,0.0945378178730607
5.367768370080739,0.0945378178730607
5.371900601312518,0.09585084312129766
5.376032832544297,0.0945378178730607
5.380165063776076,0.0945378178730607
5.384297295007855,0.0945378178730607
5.388429526239634,0.0945378178730607
5.392561757471412,0.0945378178730607
5.396693988703191,0.09322479262482375
5.40082621993497,0.09585084312129766
5.404958451166749,0.0945378178730607
5.409090682398528,0.0945378178730607
5.413222913630307,0.09716386836953461
5.417355144862086,0.09585084312129766
5.421487376093864,0.0945378178730607
5.425619607325643,0.0945378178730607
5.429751838557422,0.09585084312129766
5.433884069789201,0.09322479262482375
5.43801630102098,0.09716386836953461
5.442148532252759,0.09585084312129766
5.446280763484538,0.0945378178730607
5.4504129947163165,0.09585084312129766
5.454545225948095,0.0945378178730607
5.458677457179874,0.0945378178730607
5.462809688411653,0.0945378178730607
5.466941919643432,0.09585084312129766
5.471074150875211,0.09585084312129766
5.47520638210699,0.0945378178730607
5.4793386133387685,0.09585084312129766
5.483470844570547,0.09585084312129766
5.487603075802326,0.09585084312129766
5.491735307034105,0.09716386836953461
5.495867538265884,0.0945378178730607
5.499999769497663,0.09322479262482375
5.504132000729442,0.09585084312129766
5.5082642319612205,0.09585084312129766
5.512396463192999,0.09585084312129766
5.516528694424778,0.09585084312129766
5.520660925656557,0.0945378178730607
5.524793156888336,0.0945378178730607
5.528925388120115,0.09585084312129766
5.533057619351894,0.0945378178730607
5.5371898505836725,0.0945378178730607
5.541322081815451,0.0945378178730607
5.54545431304723,0.0945378178730607
5.549586544279009,0.0945378178730607
5.553718775510788,0.0945378178730607
5.557851006742567,0.0945378178730607
5.561983237974346,0.0945378178730607
5.5661154692061245,0.0945378178730607
5.570247700437903,0.09585084312129766
5.574379931669682,0.0945378178730607
5.578512162901461,0.0945378178730607
5.58264439413324,0.09585084312129766
5.586776625365019,0.09585084312129766
5.590908856596798,0.09585084312129766
5.595041087828577,0.09585084312129766
5.599173319060355,0.0945378178730607
5.603305550292134,0.09585084312129766
5.607437781523913,0.0945378178730607
5.611570012755692,0.09585084312129766
5.615702243987471,0.09585084312129766
5.61983447521925,0.09716386836953461
5.623966706451029,0.09585084312129766
5.6280989376828074,0.09585084312129766
5.632231168914586,0.09585084312129766
5.636363400146365,0.09585084312129766
5.640495631378144,0.09585084312129766
5.644627862609923,0.09585084312129766
5.648760093841702,0.09585084312129766
5.652892325073481,0.0945378178730607
5.6570245563052595,0.09322479262482375
5.661156787537038,0.09322479262482375
5.665289018768817,0.09322479262482375
5.669421250000596,0.09585084312129766
5.673553481232375,0.09716386836953461
5.677685712464154,0.09585084312129766
5.681817943695933,0.09585084312129766
5.6859501749277115,0.09585084312129766
5.69008240615949,0.09585084312129766
5.694214637391269,0.09585084312129766
5.698346868623048,0.09585084312129766
5.702479099854827,0.09322479262482375
5.706611331086606,0.0945378178730607
5.710743562318385,0.0945378178730607
5.7148757935501635,0.0945378178730607
5.719008024781942,0.0945378178730607
5.723140256013721,0.0945378178730607
5.7272724872455,0.09322479262482375
5.731404718477279,0.09322479262482375
5.735536949709058,0.0945378178730607
5.739669180940837,0.0945378178730607
5.7438014121726155,0.09585084312129766
5.747933643404394,0.09585084312129766
5.752065874636173,0.09585084312129766
5.756198105867952,0.0945378178730607
5.760330337099731,0.0945378178730607
5.76446256833151,0.0945378178730607
5.768594799563289,0.0945378178730607
5.7727270307950675,0.0945378178730607
5.776859262026846,0.09585084312129766
5.780991493258625,0.0945378178730607
5.785123724490404,0.0945378178730607
5.789255955722183,0.09585084312129766
5.793388186953962,0.09322479262482375
5.797520418185741,0.09322479262482375
5.80165264941752,0.09322479262482375
5.805784880649298,0.09322479262482375
5.809917111881077,0.09585084312129766
5.814049343112856,0.09322479262482375
5.818181574344635,0.0945378178730607
5.822313805576414,0.09585084312129766
5.826446036808193,0.09585084312129766
5.830578268039972,0.09585084312129766
5.8347104992717505,0.09585084312129766
5.838842730503529,0.09585084312129766
5.842974961735308,0.09322479262482375
5.847107192967087,0.09585084312129766
5.851239424198866,0.0945378178730607
5.855371655430645,0.09585084312129766
5.859503886662424,0.0945378178730607
5.8636361178942025,0.09585084312129766
5.867768349125981,0.09585084312129766
5.87190058035776,0.0945378178730607
5.876032811589539,0.0945378178730607
5.880165042821318,0.0945378178730607
5.884297274053097,0.0945378178730607
5.888429505284876,0.0945378178730607
5.8925617365166545,0.09585084312129766
5.896693967748433,0.0945378178730607
5.900826198980212,0.09585084312129766
5.904958430211991,0.0945378178730607
5.90909066144377,0.09322479262482375
5.913222892675549,0.09585084312129766
5.917355123907328,0.0945378178730607
5.9214873551391065,0.0945378178730607
5.925619586370885,0.0945378178730607
5.929751817602664,0.09585084312129766
5.933884048834443,0.0945378178730607
5.938016280066222,0.09585084312129766
5.942148511298001,0.09322479262482375
5.94628074252978,0.0945378178730607
5.9504129737615585,0.09585084312129766
5.954545204993337,0.09585084312129766
5.958677436225116,0.09585084312129766
5.962809667456895,0.0945378178730607
5.966941898688674,0.09716386836953461
5.971074129920453,0.09585084312129766
5.975206361152232,0.09585084312129766
5.9793385923840106,0.0945378178730607
5.983470823615789,0.09585084312129766
5.987603054847568,0.09322479262482375
5.991735286079347,0.09585084312129766
5.995867517311126,0.09585084312129766
5.999999748542905,0.0945378178730607
6.004131979774684,0.09585084312129766
6.008264211006463,0.0945378178730607
6.012396442238241,0.0919117673765868
6.01652867347002,0.0945378178730607
6.020660904701799,0.0945378178730607
6.024793135933578,0.0945378178730607
6.028925367165357,0.0945378178730607
6.033057598397136,0.09585084312129766
6.037189829628915,0.09585084312129766
6.0413220608606935,0.09585084312129766
6.045454292092472,0.0945378178730607
6.049586523324251,0.09585084312129766
6.05371875455603,0.0945378178730607
6.057850985787809,0.09585084312129766
6.061983217019588,0.09322479262482375
6.066115448251367,0.09322479262482375
6.0702476794831455,0.09585084312129766
6.074379910714924,0.0945378178730607
6.078512141946703,0.0945378178730607
6.082644373178482,0.0945378178730607
6.086776604410261,0.09585084312129766
6.09090883564204,0.09716386836953461
6.095041066873819,0.09716386836953461
6.0991732981055975,0.09585084312129766
6.103305529337376,0.0945378178730607
6.107437760569155,0.09585084312129766
6.111569991800934,0.09322479262482375
6.115702223032713,0.09322479262482375
6.119834454264492,0.0945378178730607
6.123966685496271,0.0945378178730607
6.1280989167280495,0.0945378178730607
6.132231147959828,0.09585084312129766
6.136363379191607,0.0945378178730607
6.140495610423386,0.0945378178730607
6.144627841655165,0.0945378178730607
6.148760072886944,0.0945378178730607
6.152892304118723,0.09585084312129766
6.1570245353505015,0.0945378178730607
6.16115676658228,0.09585084312129766
6.165288997814059,0.09585084312129766
6.169421229045838,0.0945378178730607
6.173553460277617,0.09716386836953461
6.177685691509396,0.09322479262482375
6.181817922741175,0.09322479262482375
6.185950153972954,0.09585084312129766
6.190082385204732,0.09322479262482375
6.194214616436511,0.09322479262482375
6.19834684766829,0.09716386836953461
6.202479078900069,0.09585084312129766
6.206611310131848,0.0945378178730607
6.210743541363627,0.0945378178730607
6.214875772595406,0.0945378178730607
6.219008003827184,0.09322479262482375
6.223140235058963,0.0945378178730607
6.227272466290742,0.09585084312129766
6.231404697522521,0.0945378178730607
6.2355369287543,0.0945378178730607
6.239669159986079,0.09585084312129766
6.243801391217858,0.09585084312129766
6.2479336224496365,0.09322479262482375
6.252065853681415,0.0945378178730607
6.256198084913194,0.0945378178730607
6.260330316144973,0.0919117673765868
6.264462547376752,0.09322479262482375
6.268594778608531,0.0945378178730607
6.27272700984031,0.0945378178730607
6.2768592410720885,0.0945378178730607
6.280991472303867,0.0945378178730607
6.285123703535646,0.0945378178730607
6.289255934767425,0.0945378178730607
6.293388165999204,0.09585084312129766
6.297520397230983,0.0945378178730607
6.301652628462762,0.09585084312129766
6.3057848596945405,0.09585084312129766
6.309917090926319,0.09585084312129766
6.314049322158098,0.09716386836953461
6.318181553389877,0.09585084312129766
6.322313784621656,0.09322479262482375
6.326446015853435,0.0945378178730607
6.330578247085214,0.0945378178730607
6.3347104783169925,0.0945378178730607
6.338842709548771,0.0945378178730607
6.34297494078055,0.09322479262482375
6.347107172012329,0.0945378178730607
6.351239403244108,0.0945378178730607
6.355371634475887,0.09585084312129766
6.359503865707666,0.09322479262482375
6.3636360969394445,0.0945378178730607
6.367768328171223,0.09716386836953461
6.371900559403002,0.0945378178730607
6.376032790634781,0.09585084312129766
6.38016502186656,0.09585084312129766
6.384297253098339,0.09585084312129766
6.388429484330118,0.09322479262482375
6.392561715561897,0.09716386836953461
6.396693946793675,0.0945378178730607
6.400826178025454,0.0945378178730607
6.404958409257233,0.09585084312129766
6.409090640489012,0.09585084312129766
6.413222871720791,0.0945378178730607
6.41735510295257,0.0945378178730607
6.421487334184349,0.0945378178730607
6.425619565416127,0.09585084312129766
6.429751796647906,0.0945378178730607
6.433884027879685,0.09585084312129766
6.438016259111464,0.09716386836953461
6.442148490343243,0.09716386836953461
6.446280721575022,0.09585084312129766
6.450412952806801,0.09716386836953461
6.4545451840385795,0.09585084312129766
6.458677415270358,0.0945378178730607
6.462809646502137,0.09585084312129766
6.466941877733916,0.09585084312129766
6.471074108965695,0.0945378178730607
6.475206340197474,0.09585084312129766
6.479338571429253,0.09585084312129766
6.4834708026610315,0.0945378178730607
6.48760303389281,0.0945378178730607
6.491735265124589,0.09322479262482375
6.495867496356368,0.0945378178730607
6.499999727588147,0.0945378178730607
6.504131958819926,0.09585084312129766
6.508264190051705,0.09585084312129766
6.5123964212834835,0.0945378178730607
6.516528652515262,0.09847689361777157
6.520660883747041,0.09585084312129766
6.52479311497882,0.09322479262482375
6.528925346210599,0.0945378178730607
6.533057577442378,0.09585084312129766
6.537189808674157,0.0945378178730607
6.5413220399059355,0.09585084312129766
6.545454271137714,0.09322479262482375
6.549586502369493,0.09585084312129766
6.553718733601272,0.09585084312129766
6.557850964833051,0.09716386836953461
6.56198319606483,0.09585084312129766
6.566115427296609,0.09716386836953461
6.5702476585283875,0.0945378178730607
6.574379889760166,0.09585084312129766
6.578512120991945,0.0945378178730607
6.582644352223724,0.0945378178730607
6.586776583455503,0.0945378178730607
6.590908814687282,0.09716386836953461
6.595041045919061,0.09585084312129766
6.59917327715084,0.0945378178730607
6.603305508382618,0.09585084312129766
6.607437739614397,0.0945378178730607
6.611569970846176,0.0945378178730607
6.615702202077955,0.09716386836953461
6.619834433309734,0.0945378178730607
6.623966664541513,0.09585084312129766
6.628098895773292,0.0945378178730607
6.6322311270050704,0.0945378178730607
6.636363358236849,0.0945378178730607
6.640495589468628,0.09585084312129766
6.644627820700407,0.09585084312129766
6.648760051932186,0.09585084312129766
6.652892283163965,0.09585084312129766
6.657024514395744,0.09585084312129766
6.6611567456275225,0.09585084312129766
6.665288976859301,0.09585084312129766
6.66942120809108,0.0945378178730607
6.673553439322859,0.09716386836953461
6.677685670554638,0.0945378178730607
6.681817901786417,0.0945378178730607
6.685950133018196,0.09585084312129766
6.6900823642499745,0.09585084312129766
6.694214595481753,0.09585084312129766
6.698346826713532,0.0945378178730607
6.702479057945311,0.09585084312129766
6.70661128917709,0.09585084312129766
6.710743520408869,0.09716386836953461
6.714875751640648,0.09716386836953461
6.7190079828724265,0.09585084312129766
6.723140214104205,0.09716386836953461
6.727272445335984,0.09585084312129766
6.731404676567763,0.0945378178730607
6.735536907799542,0.0945378178730607
6.739669139031321,0.09585084312129766
6.7438013702631,0.09585084312129766
6.7479336014948785,0.09585084312129766
6.752065832726657,0.09716386836953461
6.756198063958436,0.0945378178730607
6.760330295190215,0.09585084312129766
6.764462526421994,0.09585084312129766
6.768594757653773,0.0945378178730607
6.772726988885552,0.09585084312129766
6.7768592201173306,0.09585084312129766
6.780991451349109,0.0945378178730607
6.785123682580888,0.09716386836953461
6.789255913812667,0.09716386836953461
6.793388145044446,0.09585084312129766
6.797520376276225,0.09716386836953461
6.801652607508004,0.09585084312129766
6.805784838739783,0.0945378178730607
6.809917069971561,0.09585084312129766
6.81404930120334,0.09322479262482375
6.818181532435119,0.09716386836953461
6.822313763666898,0.09585084312129766
6.826445994898677,0.0945378178730607
6.830578226130456,0.0945378178730607
6.834710457362235,0.0945378178730607
6.8388426885940135,0.0945378178730607
6.842974919825792,0.0945378178730607
6.847107151057571,0.09716386836953461
6.85123938228935,0.09585084312129766
6.855371613521129,0.09585084312129766
6.859503844752908,0.09716386836953461
6.863636075984687,0.09716386836953461
6.8677683072164655,0.0945378178730607
6.871900538448244,0.0945378178730607
6.876032769680023,0.09585084312129766
6.880165000911802,0.09322479262482375
6.884297232143581,0.09585084312129766
6.88842946337536,0.09585084312129766
6.892561694607139,0.09585084312129766
6.8966939258389175,0.0945378178730607
6.900826157070696,0.0945378178730607
6.904958388302475,0.09585084312129766
6.909090619534254,0.0945378178730607
6.913222850766033,0.09322479262482375
6.917355081997812,0.09585084312129766
6.921487313229591,0.0945378178730607
6.9256195444613695,0.09716386836953461
6.929751775693148,0.0945378178730607
6.933884006924927,0.09585084312129766
6.938016238156706,0.09716386836953461
6.942148469388485,0.0945378178730607
6.946280700620264,0.09585084312129766
6.950412931852043,0.09585084312129766
6.9545451630838215,0.0945378178730607
6.9586773943156,0.09585084312129766
6.962809625547379,0.09585084312129766
6.966941856779158,0.0945378178730607
6.971074088010937,0.09585084312129766
6.975206319242716,0.0945378178730607
6.979338550474495,0.0945378178730607
6.9834707817062736,0.0945378178730607
6.987603012938052,0.09585084312129766
6.991735244169831,0.09585084312129766
6.99586747540161,0.09585084312129766
6.999999706633389,0.09585084312129766
7.004131937865168,0.09585084312129766
7.008264169096947,0.09585084312129766
7.012396400328726,0.09585084312129766
7.016528631560504,0.09322479262482375
7.020660862792283,0.09322479262482375
7.024793094024062,0.0945378178730607
7.028925325255841,0.09585084312129766
7.03305755648762,0.09585084312129766
7.037189787719399,0.09585084312129766
7.041322018951178,0.09585084312129766
7.0454542501829565,0.09716386836953461
7.049586481414735,0.0945378178730607
7.053718712646514,0.0945378178730607
7.057850943878293,0.09585084312129766
7.061983175110072,0.09716386836953461
7.066115406341851,0.0945378178730607
7.07024763757363,0.09585084312129766
7.0743798688054085,0.09585084312129766
7.078512100037187,0.0945378178730607
7.082644331268966,0.09585084312129766
7.086776562500745,0.09585084312129766
7.090908793732524,0.09585084312129766
7.095041024964303,0.09585084312129766
7.099173256196082,0.0945378178730607
7.1033054874278605,0.0945378178730607
7.107437718659639,0.09585084312129766
7.111569949891418,0.0945378178730607
7.115702181123197,0.09585084312129766
7.119834412354976,0.0945378178730607
7.123966643586755,0.0945378178730607
7.128098874818534,0.09585084312129766
7.1322311060503125,0.09585084312129766
7.136363337282091,0.09716386836953461
7.14049556851387,0.09716386836953461
7.144627799745649,0.09585084312129766
7.148760030977428,0.09585084312129766
7.152892262209207,0.09585084312129766
7.157024493440986,0.0945378178730607
7.1611567246727645,0.09585084312129766
7.165288955904543,0.09585084312129766
7.169421187136322,0.09322479262482375
7.173553418368101,0.09322479262482375
7.17768564959988,0.0945378178730607
7.181817880831659,0.09585084312129766
7.185950112063438,0.09585084312129766
7.190082343295217,0.09585084312129766
7.194214574526995,0.09585084312129766
7.198346805758774,0.09585084312129766
7.202479036990553,0.09585084312129766
7.206611268222332,0.0945378178730607
7.210743499454111,0.09585084312129766
7.21487573068589,0.09585084312129766
7.219007961917669,0.09585084312129766
7.223140193149447,0.09716386836953461
7.227272424381226,0.09322479262482375
7.231404655613005,0.0945378178730607
7.235536886844784,0.09322479262482375
7.239669118076563,0.09322479262482375
7.243801349308342,0.09585084312129766
7.247933580540121,0.09585084312129766
7.2520658117718995,0.0945378178730607
7.256198043003678,0.0945378178730607
7.260330274235457,0.0945378178730607
7.264462505467236,0.0945378178730607
7.268594736699015,0.0945378178730607
7.272726967930794,0.09585084312129766
7.276859199162573,0.09585084312129766
7.2809914303943515,0.09585084312129766
7.28512366162613,0.09585084312129766
7.289255892857909,0.09585084312129766
7.293388124089688,0.09585084312129766
7.297520355321467,0.0945378178730607
7.301652586553246,0.0945378178730607
7.305784817785025,0.09585084312129766
7.3099170490168035,0.09585084312129766
7.314049280248582,0.09585084312129766
7.318181511480361,0.0945378178730607
7.32231374271214,0.09585084312129766
7.326445973943919,0.0945378178730607
7.330578205175698,0.0945378178730607
7.334710436407477,0.0945378178730607
7.3388426676392555,0.09585084312129766
7.342974898871034,0.09585084312129766
7.347107130102813,0.09585084312129766
7.351239361334592,0.0945378178730607
7.355371592566371,0.09585084312129766
7.35950382379815,0.09585084312129766
7.363636055029929,0.09585084312129766
7.3677682862617075,0.0945378178730607
7.371900517493486,0.09585084312129766
7.376032748725265,0.09585084312129766
7.380164979957044,0.0945378178730607
7.384297211188823,0.09585084312129766
7.388429442420602,0.0945378178730607
7.392561673652381,0.0945378178730607
7.39669390488416,0.0945378178730607
7.400826136115938,0.09585084312129766
7.404958367347717,0.09585084312129766
7.409090598579496,0.09585084312129766
7.413222829811275,0.09585084312129766
7.417355061043054,0.0945378178730607
7.421487292274833,0.0945378178730607
7.425619523506612,0.0945378178730607
7.4297517547383904,0.0945378178730607
7.433883985970169,0.0945378178730607
7.438016217201948,0.0945378178730607
7.442148448433727,0.09585084312129766
7.446280679665506,0.0945378178730607
7.450412910897285,0.09585084312129766
7.454545142129064,0.09716386836953461
7.4586773733608425,0.09716386836953461
7.462809604592621,0.0945378178730607
7.4669418358244,0.0945378178730607
7.471074067056179,0.0945378178730607
7.475206298287958,0.09585084312129766
7.479338529519737,0.09585084312129766
7.483470760751516,0.09716386836953461
7.4876029919832945,0.0945378178730607
7.491735223215073,0.09585084312129766
7.495867454446852,0.09585084312129766
7.499999685678631,0.0945378178730607
7.50413191691041,0.0945378178730607
7.508264148142189,0.09322479262482375
7.512396379373968,0.0945378178730607
7.5165286106057465,0.0945378178730607
7.520660841837525,0.09585084312129766
7.524793073069304,0.09585084312129766
7.528925304301083,0.09585084312129766
7.533057535532862,0.09585084312129766
7.537189766764641,0.09585084312129766
7.54132199799642,0.09585084312129766
7.5454542292281985,0.09716386836953461
7.549586460459977,0.0945378178730607
7.553718691691756,0.09716386836953461
7.557850922923535,0.09716386836953461
7.561983154155314,0.0945378178730607
7.566115385387093,0.0945378178730607
7.570247616618872,0.0945378178730607
7.5743798478506505,0.09322479262482375
7.578512079082429,0.09585084312129766
7.582644310314208,0.09716386836953461
7.586776541545987,0.09585084312129766
7.590908772777766,0.09585084312129766
7.595041004009545,0.09585084312129766
7.599173235241324,0.09322479262482375
7.603305466473103,0.09322479262482375
7.607437697704881,0.09585084312129766
7.61156992893666,0.0945378178730607
7.615702160168439,0.0945378178730607
7.619834391400218,0.09716386836953461
7.623966622631997,0.0945378178730607
7.628098853863776,0.09585084312129766
7.632231085095555,0.09716386836953461
7.6363633163273335,0.09585084312129766
7.640495547559112,0.0945378178730607
7.644627778790891,0.0945378178730607
7.64876001002267,0.0945378178730607
7.652892241254449,0.0945378178730607
7.657024472486228,0.09585084312129766
7.661156703718007,0.0945378178730607
7.6652889349497855,0.09585084312129766
7.669421166181564,0.09585084312129766
7.673553397413343,0.0945378178730607
7.677685628645122,0.0945378178730607
7.681817859876901,0.09585084312129766
7.68595009110868,0.09585084312129766
7.690082322340459,0.09585084312129766
7.6942145535722375,0.09585084312129766
7.698346784804016,0.09585084312129766
7.702479016035795,0.09585084312129766
7.706611247267574,0.09585084312129766
7.710743478499353,0.0945378178730607
7.714875709731132,0.0945378178730607
7.719007940962911,0.09585084312129766
7.7231401721946895,0.0945378178730607
7.727272403426468,0.09322479262482375
7.731404634658247,0.0945378178730607
7.735536865890026,0.09585084312129766
7.739669097121805,0.09585084312129766
7.743801328353584,0.09585084312129766
7.747933559585363,0.0945378178730607
7.7520657908171415,0.0945378178730607
7.75619802204892,0.09716386836953461
7.760330253280699,0.09585084312129766
7.764462484512478,0.09585084312129766
7.768594715744257,0.09585084312129766
7.772726946976036,0.09585084312129766
7.776859178207815,0.09585084312129766
7.7809914094395936,0.0945378178730607
7.785123640671372,0.09322479262482375
7.789255871903151,0.0945378178730607
7.79338810313493,0.0945378178730607
7.797520334366709,0.09585084312129766
7.801652565598488,0.0945378178730607
7.805784796830267,0.09716386836953461
7.809917028062046,0.0945378178730607
7.814049259293824,0.0945378178730607
7.818181490525603,0.09716386836953461
7.822313721757382,0.0945378178730607
7.826445952989161,0.09322479262482375
7.83057818422094,0.09585084312129766
7.834710415452719,0.0945378178730607
7.838842646684498,0.0945378178730607
7.8429748779162765,0.09585084312129766
7.847107109148055,0.0945378178730607
7.851239340379834,0.09322479262482375
7.855371571611613,0.09585084312129766
7.859503802843392,0.0945378178730607
7.863636034075171,0.0945378178730607
7.86776826530695,0.09716386836953461
7.8719004965387285,0.09585084312129766
7.876032727770507,0.0945378178730607
7.880164959002286,0.09585084312129766
7.884297190234065,0.09585084312129766
7.888429421465844,0.09585084312129766
7.892561652697623,0.09716386836953461
7.896693883929402,0.09716386836953461
7.9008261151611805,0.09716386836953461
7.904958346392959,0.09716386836953461
7.909090577624738,0.09716386836953461
7.913222808856517,0.09585084312129766
7.917355040088296,0.0945378178730607
7.921487271320075,0.09322479262482375
7.925619502551854,0.09585084312129766
7.9297517337836325,0.09585084312129766
7.933883965015411,0.0945378178730607
7.93801619624719,0.09585084312129766
7.942148427478969,0.09585084312129766
7.946280658710748,0.0945378178730607
7.950412889942527,0.09585084312129766
7.954545121174306,0.09585084312129766
7.9586773524060845,0.0945378178730607
7.962809583637863,0.09585084312129766
7.966941814869642,0.09716386836953461
7.971074046101421,0.09585084312129766
7.9752062773332,0.0945378178730607
7.979338508564979,0.0945378178730607
7.983470739796758,0.09585084312129766
7.987602971028537,0.0945378178730607
7.991735202260315,0.0945378178730607
7.995867433492094,0.0945378178730607
7.999999664723873,0.09322479262482375
8.004131895955652,0.09585084312129766
8.00826412718743,0.09585084312129766
8.01239635841921,0.09585084312129766
8.016528589650989,0.0945378178730607
8.020660820882767,0.0945378178730607
8.024793052114546,0.09585084312129766
8.028925283346325,0.09716386836953461
8.033057514578104,0.09716386836953461
8.037189745809883,0.09585084312129766
8.041321977041662,0.09585084312129766
8.04545420827344,0.0945378178730607
8.04958643950522,0.09322479262482375
8.053718670736998,0.09585084312129766
8.057850901968777,0.09585084312129766
8.061983133200556,0.0945378178730607
8.066115364432335,0.09585084312129766
8.070247595664114,0.0945378178730607
8.074379826895893,0.09585084312129766
8.078512058127671,0.0945378178730607
8.08264428935945,0.0945378178730607
8.08677652059123,0.09585084312129766
8.090908751823008,0.09585084312129766
8.095040983054787,0.0945378178730607
8.099173214286566,0.0945378178730607
8.103305445518345,0.09585084312129766
8.107437676750124,0.09585084312129766
8.111569907981902,0.09585084312129766
8.115702139213681,0.09716386836953461
8.11983437044546,0.0945378178730607
8.123966601677239,0.09585084312129766
8.128098832909018,0.0945378178730607
8.132231064140797,0.09322479262482375
8.136363295372576,0.0945378178730607
8.140495526604354,0.09585084312129766
8.144627757836133,0.09585084312129766
8.148759989067912,0.0945378178730607
8.152892220299691,0.09585084312129766
8.15702445153147,0.09585084312129766
8.161156682763249,0.0945378178730607
8.165288913995028,0.09322479262482375
8.169421145226806,0.0945378178730607
8.173553376458585,0.09585084312129766
8.177685607690364,0.0945378178730607
8.181817838922143,0.09716386836953461
8.185950070153922,0.09847689361777157
8.1900823013857,0.0945378178730607
8.19421453261748,0.09716386836953461
8.198346763849258,0.09322479262482375
8.202478995081037,0.0945378178730607
8.206611226312816,0.0945378178730607
8.210743457544595,0.0945378178730607
8.214875688776374,0.09716386836953461
8.219007920008153,0.09585084312129766
8.223140151239932,0.0945378178730607
8.22727238247171,0.0945378178730607
8.23140461370349,0.0945378178730607
8.235536844935268,0.0945378178730607
8.239669076167047,0.09716386836953461
8.243801307398826,0.09585084312129766
8.247933538630605,0.0945378178730607
8.252065769862384,0.09585084312129766
8.256198001094162,0.09585084312129766
8.260330232325941,0.09585084312129766
8.26446246355772,0.0945378178730607
8.268594694789499,0.09322479262482375
8.272726926021278,0.0945378178730607
8.276859157253057,0.0945378178730607
8.280991388484836,0.0945378178730607
8.285123619716614,0.09716386836953461
8.289255850948393,0.09585084312129766
8.293388082180172,0.09585084312129766
8.297520313411951,0.09585084312129766
8.30165254464373,0.0945378178730607
8.305784775875509,0.09585084312129766
8.309917007107288,0.09585084312129766
8.314049238339067,0.09585084312129766
8.318181469570845,0.09585084312129766
8.322313700802624,0.09585084312129766
8.326445932034403,0.0945378178730607
8.330578163266182,0.0945378178730607
8.33471039449796,0.0945378178730607
8.33884262572974,0.0945378178730607
8.342974856961519,0.0945378178730607
8.347107088193297,0.0945378178730607
8.351239319425076,0.09585084312129766
8.355371550656855,0.09585084312129766
8.359503781888634,0.09585084312129766
8.363636013120413,0.09585084312129766
8.367768244352192,0.0945378178730607
8.37190047558397,0.09716386836953461
8.37603270681575,0.09585084312129766
8.380164938047528,0.09322479262482375
8.384297169279307,0.09585084312129766
8.388429400511086,0.09585084312129766
8.392561631742865,0.09585084312129766
8.396693862974644,0.09585084312129766
8.400826094206423,0.09585084312129766
8.404958325438201,0.0945378178730607
8.40909055666998,0.09585084312129766
8.41322278790176,0.09322479262482375
8.417355019133538,0.0945378178730607
8.421487250365317,0.0945378178730607
8.425619481597096,0.0945378178730607
8.429751712828875,0.09716386836953461
8.433883944060653,0.09585084312129766
8.438016175292432,0.0945378178730607
8.442148406524211,0.09585084312129766
8.44628063775599,0.0945378178730607
8.450412868987769,0.0945378178730607
8.454545100219548,0.09585084312129766
8.458677331451327,0.09585084312129766
8.462809562683105,0.09585084312129766
8.466941793914884,0.09322479262482375
8.471074025146663,0.09585084312129766
8.475206256378442,0.0945378178730607
8.479338487610221,0.0945378178730607
8.483470718842,0.0945378178730607
8.487602950073779,0.0945378178730607
8.491735181305557,0.0945378178730607
8.495867412537336,0.0945378178730607
8.499999643769115,0.09585084312129766
8.504131875000894,0.09585084312129766
8.508264106232673,0.09585084312129766
8.512396337464452,0.0945378178730607
8.51652856869623,0.09585084312129766
8.52066079992801,0.09585084312129766
8.524793031159788,0.09585084312129766
8.528925262391567,0.09716386836953461
8.533057493623346,0.09716386836953461
8.537189724855125,0.09585084312129766
8.541321956086904,0.0945378178730607
8.545454187318683,0.0945378178730607
8.549586418550462,0.09322479262482375
8.55371864978224,0.09585084312129766
8.55785088101402,0.0945378178730607
8.561983112245798,0.09716386836953461
8.566115343477577,0.09716386836953461
8.570247574709356,0.09585084312129766
8.574379805941135,0.09585084312129766
8.578512037172914,0.0945378178730607
8.582644268404692,0.09585084312129766
8.586776499636471,0.09585084312129766
8.59090873086825,0.09585084312129766
8.595040962100029,0.09585084312129766
8.599173193331808,0.09585084312129766
8.603305424563587,0.09585084312129766
8.607437655795366,0.09322479262482375
8.611569887027144,0.0945378178730607
8.615702118258923,0.09585084312129766
8.619834349490702,0.09716386836953461
8.623966580722481,0.0945378178730607
8.62809881195426,0.0945378178730607
8.632231043186039,0.09585084312129766
8.636363274417818,0.09585084312129766
8.640495505649596,0.09585084312129766
8.644627736881375,0.09585084312129766
8.648759968113154,0.09716386836953461
8.652892199344933,0.09585084312129766
8.657024430576712,0.09585084312129766
8.66115666180849,0.09585084312129766
8.66528889304027,0.0945378178730607
8.669421124272048,0.09322479262482375
8.673553355503827,0.09716386836953461
8.677685586735606,0.09585084312129766
8.681817817967385,0.0945378178730607
8.685950049199164,0.0945378178730607
8.690082280430943,0.09322479262482375
8.694214511662722,0.0945378178730607
8.6983467428945,0.09585084312129766
8.70247897412628,0.09585084312129766
8.706611205358058,0.09716386836953461
8.710743436589837,0.09716386836953461
8.714875667821616,0.0945378178730607
8.719007899053395,0.0945378178730607
8.723140130285174,0.09585084312129766
8.727272361516953,0.09585084312129766
8.731404592748731,0.0945378178730607
8.73553682398051,0.09716386836953461
8.739669055212289,0.09585084312129766
8.743801286444068,0.09585084312129766
8.747933517675847,0.0945378178730607
8.752065748907626,0.0945378178730607
8.756197980139405,0.0945378178730607
8.760330211371183,0.09585084312129766
8.764462442602962,0.0945378178730607
8.768594673834741,0.09716386836953461
8.77272690506652,0.0945378178730607
8.776859136298299,0.09585084312129766
8.780991367530078,0.09585084312129766
8.785123598761857,0.0945378178730607
8.789255829993635,0.09585084312129766
8.793388061225414,0.09585084312129766
8.797520292457193,0.09585084312129766
8.801652523688972,0.09585084312129766
8.80578475492075,0.09585084312129766
8.80991698615253,0.09585084312129766
8.814049217384309,0.09585084312129766
8.818181448616087,0.0945378178730607
8.822313679847866,0.0945378178730607
8.826445911079645,0.0945378178730607
8.830578142311424,0.09585084312129766
8.834710373543203,0.0945378178730607
8.838842604774982,0.0945378178730607
8.84297483600676,0.09716386836953461
8.84710706723854,0.09585084312129766
8.851239298470318,0.09585084312129766
8.855371529702097,0.09716386836953461
8.859503760933876,0.0945378178730607
8.863635992165655,0.09585084312129766
8.867768223397434,0.09585084312129766
8.871900454629213,0.09585084312129766
8.876032685860991,0.09716386836953461
8.88016491709277,0.0945378178730607
8.88429714832455,0.09585084312129766
8.888429379556328,0.09585084312129766
8.892561610788107,0.09322479262482375
8.896693842019886,0.0945378178730607
8.900826073251665,0.09585084312129766
8.904958304483443,0.0945378178730607
8.909090535715222,0.09585084312129766
8.913222766947001,0.09585084312129766
8.91735499817878,0.0945378178730607
8.921487229410559,0.09585084312129766
8.925619460642338,0.0945378178730607
8.929751691874117,0.0945378178730607
8.933883923105896,0.0945378178730607
8.938016154337674,0.0945378178730607
8.942148385569453,0.0945378178730607
8.946280616801232,0.09716386836953461
8.950412848033011,0.09585084312129766
8.95454507926479,0.09585084312129766
8.958677310496569,0.09585084312129766
8.962809541728348,0.0945378178730607
8.966941772960126,0.09585084312129766
8.971074004191905,0.0945378178730607
8.975206235423684,0.0945378178730607
8.979338466655463,0.0945378178730607
8.983470697887242,0.0945378178730607
8.98760292911902,0.09585084312129766
8.9917351603508,0.09585084312129766
8.995867391582578,0.0945378178730607
8.999999622814357,0.0945378178730607
9.004131854046136,0.09585084312129766
9.008264085277915,0.09585084312129766
9.012396316509694,0.09585084312129766
9.016528547741473,0.09585084312129766
9.020660778973252,0.09585084312129766
9.02479301020503,0.0945378178730607
9.02892524143681,0.09585084312129766
9.033057472668588,0.09585084312129766
9.037189703900367,0.0945378178730607
9.041321935132146,0.09585084312129766
9.045454166363925,0.09716386836953461
9.049586397595704,0.0945378178730607
9.053718628827482,0.09585084312129766
9.057850860059261,0.09716386836953461
9.06198309129104,0.09585084312129766
9.066115322522819,0.09322479262482375
9.070247553754598,0.0945378178730607
9.074379784986377,0.09585084312129766
9.078512016218156,0.09585084312129766
9.082644247449934,0.0945378178730607
9.086776478681713,0.09585084312129766
9.090908709913492,0.09716386836953461
9.095040941145271,0.0945378178730607
9.09917317237705,0.0945378178730607
9.103305403608829,0.09585084312129766
9.107437634840608,0.09585084312129766
9.111569866072387,0.09585084312129766
9.115702097304165,0.09585084312129766
9.119834328535944,0.0945378178730607
9.123966559767723,0.0945378178730607
9.128098790999502,0.09716386836953461
9.13223102223128,0.0945378178730607
9.13636325346306,0.09585084312129766
9.140495484694839,0.09585084312129766
9.144627715926617,0.0945378178730607
9.148759947158396,0.09585084312129766
9.152892178390175,0.09585084312129766
9.157024409621954,0.09585084312129766
9.161156640853733,0.09585084312129766
9.165288872085512,0.0945378178730607
9.16942110331729,0.0945378178730607
9.17355333454907,0.09322479262482375
9.177685565780848,0.0945378178730607
9.181817797012627,0.09322479262482375
9.185950028244406,0.09585084312129766
9.190082259476185,0.09585084312129766
9.194214490707964,0.09585084312129766
9.198346721939743,0.09585084312129766
9.202478953171521,0.09585084312129766
9.2066111844033,0.09585084312129766
9.21074341563508,0.0945378178730607
9.214875646866858,0.0945378178730607
9.219007878098637,0.09585084312129766
9.223140109330416,0.0945378178730607
9.227272340562195,0.09585084312129766
9.231404571793973,0.0945378178730607
9.235536803025752,0.0945378178730607
9.239669034257531,0.09322479262482375
9.24380126548931,0.0945378178730607
9.247933496721089,0.09585084312129766
9.252065727952868,0.0945378178730607
9.256197959184647,0.09585084312129766
9.260330190416425,0.09585084312129766
9.264462421648204,0.09585084312129766
9.268594652879983,0.09585084312129766
9.272726884111762,0.0945378178730607
9.276859115343541,0.0945378178730607
9.28099134657532,0.0945378178730607
9.285123577807099,0.09585084312129766
9.289255809038877,0.0945378178730607
9.293388040270656,0.09585084312129766
9.297520271502435,0.09585084312129766
9.301652502734214,0.09322479262482375
9.305784733965993,0.0945378178730607
9.309916965197772,0.0945378178730607
9.31404919642955,0.0919117673765868
9.31818142766133,0.0945378178730607
9.322313658893108,0.0945378178730607
9.326445890124887,0.09585084312129766
9.330578121356666,0.09585084312129766
9.334710352588445,0.09585084312129766
9.338842583820224,0.09716386836953461
9.342974815052003,0.09585084312129766
9.347107046283782,0.0945378178730607
9.35123927751556,0.09322479262482375
9.35537150874734,0.09585084312129766
9.359503739979118,0.09585084312129766
9.363635971210897,0.09585084312129766
9.367768202442676,0.09716386836953461
9.371900433674455,0.09585084312129766
9.376032664906234,0.09716386836953461
9.380164896138012,0.0945378178730607
9.384297127369791,0.09585084312129766
9.38842935860157,0.09322479262482375
9.392561589833349,0.0945378178730607
9.396693821065128,0.09585084312129766
9.400826052296907,0.09716386836953461
9.404958283528686,0.09585084312129766
9.409090514760464,0.0945378178730607
9.413222745992243,0.0945378178730607
9.417354977224022,0.09585084312129766
9.421487208455801,0.09585084312129766
9.42561943968758,0.0945378178730607
9.429751670919359,0.09716386836953461
9.433883902151138,0.0945378178730607
9.438016133382916,0.09585084312129766
9.442148364614695,0.09585084312129766
9.446280595846474,0.09585084312129766
9.450412827078253,0.0945378178730607
9.454545058310032,0.0945378178730607
9.45867728954181,0.09585084312129766
9.46280952077359,0.09585084312129766
9.466941752005368,0.09585084312129766
9.471073983237147,0.09585084312129766
9.475206214468926,0.09716386836953461
9.479338445700705,0.09585084312129766
9.483470676932484,0.0945378178730607
9.487602908164263,0.0945378178730607
9.491735139396042,0.0945378178730607
9.49586737062782,0.0945378178730607
9.4999996018596,0.0945378178730607
9.504131833091378,0.0945378178730607
9.508264064323157,0.0945378178730607
9.512396295554936,0.09322479262482375
9.516528526786715,0.0945378178730607
9.520660758018494,0.0945378178730607
9.524792989250273,0.09716386836953461
9.528925220482051,0.09585084312129766
9.53305745171383,0.0945378178730607
9.537189682945609,0.09585084312129766
9.541321914177388,0.09322479262482375
9.545454145409167,0.09585084312129766
9.549586376640946,0.09585084312129766
9.553718607872725,0.0945378178730607
9.557850839104503,0.0945378178730607
9.561983070336282,0.09585084312129766
9.566115301568061,0.0945378178730607
9.57024753279984,0.09322479262482375
9.574379764031619,0.0945378178730607
9.578511995263398,0.0945378178730607
9.582644226495177,0.0945378178730607
9.586776457726955,0.0945378178730607
9.590908688958734,0.09322479262482375
9.595040920190513,0.0945378178730607
9.599173151422292,0.09585084312129766
9.60330538265407,0.09585084312129766
9.60743761388585,0.0945378178730607
9.611569845117629,0.09716386836953461
9.615702076349407,0.09716386836953461
9.619834307581186,0.0945378178730607
9.623966538812965,0.09585084312129766
9.628098770044744,0.0945378178730607
9.632231001276523,0.0945378178730607
9.636363232508302,0.09716386836953461
9.64049546374008,0.0945378178730607
9.64462769497186,0.09585084312129766
9.648759926203638,0.0945378178730607
9.652892157435417,0.09322479262482375
9.657024388667196,0.0945378178730607
9.661156619898975,0.0945378178730607
9.665288851130754,0.09585084312129766
9.669421082362533,0.09716386836953461
9.673553313594311,0.09585084312129766
9.67768554482609,0.09585084312129766
9.68181777605787,0.0945378178730607
9.685950007289648,0.0945378178730607
9.690082238521427,0.0945378178730607
9.694214469753206,0.0945378178730607
9.698346700984985,0.0945378178730607
9.702478932216763,0.09585084312129766
9.706611163448542,0.0945378178730607
9.710743394680321,0.0945378178730607
9.7148756259121,0.0945378178730607
9.719007857143879,0.09322479262482375
9.723140088375658,0.09585084312129766
9.727272319607437,0.09716386836953461
9.731404550839216,0.0945378178730607
9.735536782070994,0.09585084312129766
9.739669013302773,0.0945378178730607
9.743801244534552,0.0945378178730607
9.747933475766331,0.09585084312129766
9.75206570699811,0.0945378178730607
9.756197938229889,0.0945378178730607
9.760330169461668,0.09585084312129766
9.764462400693446,0.0945378178730607
9.768594631925225,0.0945378178730607
9.772726863157004,0.09322479262482375
9.776859094388783,0.09322479262482375
9.780991325620562,0.09322479262482375
9.78512355685234,0.09585084312129766
9.78925578808412,0.0945378178730607
9.793388019315898,0.0945378178730607
9.797520250547677,0.0945378178730607
9.801652481779456,0.0945378178730607
9.805784713011235,0.0945378178730607
9.809916944243014,0.09585084312129766
9.814049175474793,0.0945378178730607
9.818181406706572,0.09585084312129766
9.82231363793835,0.09585084312129766
9.82644586917013,0.0945378178730607
9.830578100401908,0.0945378178730607
9.834710331633687,0.09585084312129766
9.838842562865466,0.09322479262482375
9.842974794097245,0.0945378178730607
9.847107025329024,0.0945378178730607
9.851239256560802,0.0945378178730607
9.855371487792581,0.0945378178730607
9.85950371902436,0.0945378178730607
9.863635950256139,0.09585084312129766
9.867768181487918,0.09585084312129766
9.871900412719697,0.09322479262482375
9.876032643951476,0.09585084312129766
9.880164875183254,0.09585084312129766
9.884297106415033,0.0945378178730607
9.888429337646812,0.0945378178730607
9.892561568878591,0.0945378178730607
9.89669380011037,0.09585084312129766
9.900826031342149,0.0945378178730607
9.904958262573928,0.09322479262482375
9.909090493805707,0.0945378178730607
9.913222725037485,0.0945378178730607
9.917354956269264,0.09322479262482375
9.921487187501043,0.09585084312129766
9.925619418732822,0.09585084312129766
9.9297516499646,0.0945378178730607
9.93388388119638,0.0945378178730607
9.938016112428159,0.09585084312129766
9.942148343659937,0.0945378178730607
9.946280574891716,0.09585084312129766
9.950412806123495,0.09585084312129766
9.954545037355274,0.0945378178730607
9.958677268587053,0.09585084312129766
9.962809499818832,0.09585084312129766
9.96694173105061,0.0945378178730607
9.97107396228239,0.09585084312129766
9.975206193514168,0.0945378178730607
9.979338424745947,0.09322479262482375
9.983470655977726,0.0945378178730607
9.987602887209505,0.0945378178730607
9.991735118441284,0.09585084312129766
9.995867349673063,0.09322479262482375
9.999999580904841,0.0945378178730607
10.00413181213662,0.0945378178730607
10.0082640433684,0.0945378178730607
10.012396274600178,0.09322479262482375
10.016528505831957,0.0945378178730607
10.020660737063736,0.0945378178730607
10.024792968295515,0.09585084312129766
10.028925199527293,0.09585084312129766
10.033057430759072,0.09585084312129766
10.037189661990851,0.0945378178730607
10.04132189322263,0.09322479262482375
10.045454124454409,0.0945378178730607
10.049586355686188,0.0945378178730607
10.053718586917967,0.09585084312129766
10.057850818149745,0.09585084312129766
10.061983049381524,0.09585084312129766
10.066115280613303,0.0945378178730607
10.070247511845082,0.0945378178730607
10.074379743076861,0.0945378178730607
10.07851197430864,0.0945378178730607
10.082644205540419,0.0945378178730607
10.086776436772197,0.0945378178730607
10.090908668003976,0.09322479262482375
10.095040899235755,0.09322479262482375
10.099173130467534,0.0945378178730607
10.103305361699313,0.09322479262482375
10.107437592931092,0.0945378178730607
10.11156982416287,0.09322479262482375
10.11570205539465,0.0945378178730607
10.119834286626428,0.09322479262482375
10.123966517858207,0.09322479262482375
10.128098749089986,0.09322479262482375
10.132230980321765,0.09322479262482375
10.136363211553544,0.0919117673765868
10.140495442785323,0.0945378178730607
10.144627674017102,0.0945378178730607
10.14875990524888,0.09322479262482375
10.15289213648066,0.0945378178730607
10.157024367712438,0.0945378178730607
10.161156598944217,0.09585084312129766
10.165288830175996,0.09585084312129766
10.169421061407775,0.09585084312129766
10.173553292639554,0.0945378178730607
10.177685523871332,0.0945378178730607
10.181817755103111,0.0945378178730607
10.18594998633489,0.0945378178730607
10.190082217566669,0.09322479262482375
10.194214448798448,0.0945378178730607
10.198346680030227,0.09585084312129766
10.202478911262006,0.0945378178730607
10.206611142493784,0.0945378178730607
10.210743373725563,0.0945378178730607
10.214875604957342,0.0945378178730607
10.219007836189121,0.0945378178730607
10.2231400674209,0.09322479262482375
10.227272298652679,0.0945378178730607
10.231404529884458,0.0945378178730607
10.235536761116236,0.0945378178730607
10.239668992348015,0.09585084312129766
10.243801223579794,0.0945378178730607
10.247933454811573,0.0945378178730607
10.252065686043352,0.09322479262482375
10.25619791727513,0.09322479262482375
10.26033014850691,0.09322479262482375
10.264462379738688,0.0945378178730607
10.268594610970467,0.0945378178730607
10.272726842202246,0.09322479262482375
10.276859073434025,0.09585084312129766
10.280991304665804,0.09716386836953461
10.285123535897583,0.09322479262482375
10.289255767129362,0.09322479262482375
10.29338799836114,0.09322479262482375
10.29752022959292,0.0945378178730607
10.301652460824698,0.09585084312129766
10.305784692056477,0.0945378178730607
10.309916923288256,0.09585084312129766
10.314049154520035,0.09585084312129766
10.318181385751814,0.09322479262482375
10.322313616983593,0.09322479262482375
10.326445848215371,0.09322479262482375
10.33057807944715,0.0945378178730607
10.334710310678929,0.09322479262482375
10.338842541910708,0.09585084312129766
10.342974773142487,0.0945378178730607
10.347107004374266,0.09322479262482375
10.351239235606045,0.0945378178730607
10.355371466837823,0.09322479262482375
10.359503698069602,0.09585084312129766
10.363635929301381,0.09585084312129766
10.36776816053316,0.09585084312129766
10.371900391764939,0.0945378178730607
10.376032622996718,0.0945378178730607
10.380164854228497,0.09716386836953461
10.384297085460275,0.09716386836953461
10.388429316692054,0.0945378178730607
10.392561547923833,0.09322479262482375
10.396693779155612,0.09322479262482375
10.40082601038739,0.0945378178730607
10.40495824161917,0.09322479262482375
10.409090472850949,0.0945378178730607
10.413222704082727,0.0945378178730607
10.417354935314506,0.09585084312129766
10.421487166546285,0.09585084312129766
10.425619397778064,0.09322479262482375
10.429751629009843,0.09322479262482375
10.433883860241622,0.0945378178730607
10.4380160914734,0.09585084312129766
10.44214832270518,0.09716386836953461
10.446280553936958,0.09585084312129766
10.450412785168737,0.09585084312129766
10.454545016400516,0.09585084312129766
10.458677247632295,0.0919117673765868
10.462809478864074,0.0945378178730607
10.466941710095853,0.09322479262482375
10.471073941327631,0.09322479262482375
10.47520617255941,0.0945378178730607
10.47933840379119,0.0945378178730607
10.483470635022968,0.0945378178730607
10.487602866254747,0.09322479262482375
10.491735097486526,0.09322479262482375
10.495867328718305,0.0945378178730607
10.499999559950083,0.0945378178730607
10.504131791181862,0.09585084312129766
10.508264022413641,0.09585084312129766
10.51239625364542,0.0945378178730607
10.516528484877199,0.09585084312129766
10.520660716108978,0.09322479262482375
10.524792947340757,0.0945378178730607
10.528925178572536,0.0945378178730607
10.533057409804314,0.0945378178730607
10.537189641036093,0.0945378178730607
10.541321872267872,0.0945378178730607
10.545454103499651,0.0945378178730607
10.54958633473143,0.09322479262482375
10.553718565963209,0.0945378178730607
10.557850797194988,0.09322479262482375
10.561983028426766,0.09585084312129766
10.566115259658545,0.0945378178730607
10.570247490890324,0.0945378178730607
10.574379722122103,0.09585084312129766
10.578511953353882,0.09585084312129766
10.58264418458566,0.09585084312129766
10.58677641581744,0.0945378178730607
10.590908647049218,0.09585084312129766
10.595040878280997,0.09322479262482375
10.599173109512776,0.0945378178730607
10.603305340744555,0.0945378178730607
10.607437571976334,0.09585084312129766
10.611569803208113,0.0945378178730607
10.615702034439892,0.09585084312129766
10.61983426567167,0.09585084312129766
10.62396649690345,0.09585084312129766
10.628098728135228,0.09716386836953461
10.632230959367007,0.0945378178730607
10.636363190598786,0.0945378178730607
10.640495421830565,0.0945378178730607
10.644627653062344,0.09716386836953461
10.648759884294122,0.0945378178730607
10.652892115525901,0.09585084312129766
10.65702434675768,0.09585084312129766
10.661156577989459,0.0945378178730607
10.665288809221238,0.09585084312129766
10.669421040453017,0.09585084312129766
10.673553271684796,0.09585084312129766
10.677685502916574,0.09585084312129766
10.681817734148353,0.0945378178730607
10.685949965380132,0.09585084312129766
10.690082196611911,0.0945378178730607
10.69421442784369,0.09585084312129766
10.698346659075469,0.09716386836953461
10.702478890307248,0.09716386836953461
10.706611121539026,0.09585084312129766
10.710743352770805,0.09585084312129766
10.714875584002584,0.09585084312129766
10.719007815234363,0.09585084312129766
10.723140046466142,0.0945378178730607
10.72727227769792,0.0945378178730607
10.7314045089297,0.09585084312129766
10.735536740161479,0.0945378178730607
10.739668971393257,0.09585084312129766
10.743801202625036,0.0945378178730607
10.747933433856815,0.09585084312129766
10.752065665088594,0.09585084312129766
10.756197896320373,0.09716386836953461
10.760330127552152,0.09585084312129766
10.76446235878393,0.09585084312129766
10.76859459001571,0.09716386836953461
10.772726821247488,0.09322479262482375
10.776859052479267,0.09585084312129766
10.780991283711046,0.09716386836953461
10.785123514942825,0.09716386836953461
10.789255746174604,0.09585084312129766
10.793387977406383,0.09585084312129766
10.797520208638161,0.09585084312129766
10.80165243986994,0.0945378178730607
10.80578467110172,0.0945378178730607
10.809916902333498,0.09585084312129766
10.814049133565277,0.09585084312129766
10.818181364797056,0.09716386836953461
10.822313596028835,0.09716386836953461
10.826445827260613,0.0945378178730607
10.830578058492392,0.09585084312129766
10.834710289724171,0.0945378178730607
10.83884252095595,0.09585084312129766
10.842974752187729,0.0945378178730607
10.847106983419508,0.09585084312129766
10.851239214651287,0.09716386836953461
10.855371445883065,0.09716386836953461
10.859503677114844,0.09585084312129766
10.863635908346623,0.09585084312129766
10.867768139578402,0.09585084312129766
10.871900370810181,0.09585084312129766
10.87603260204196,0.0945378178730607
10.880164833273739,0.09585084312129766
10.884297064505517,0.09585084312129766
10.888429295737296,0.0945378178730607
10.892561526969075,0.0945378178730607
10.896693758200854,0.09585084312129766
10.900825989432633,0.09716386836953461
10.904958220664412,0.09585084312129766
10.90909045189619,0.09585084312129766
10.91322268312797,0.09585084312129766
10.917354914359748,0.0945378178730607
10.921487145591527,0.0945378178730607
10.925619376823306,0.0945378178730607
10.929751608055085,0.09585084312129766
10.933883839286864,0.09716386836953461
10.938016070518643,0.0945378178730607
10.942148301750422,0.09322479262482375
10.9462805329822,0.0945378178730607
10.95041276421398,0.09322479262482375
10.954544995445758,0.09585084312129766
10.958677226677537,0.09585084312129766
10.962809457909316,0.09585084312129766
10.966941689141095,0.09585084312129766
10.971073920372874,0.09585084312129766
10.975206151604652,0.0945378178730607
10.979338382836431,0.09585084312129766
10.98347061406821,0.09716386836953461
10.987602845299989,0.09585084312129766
10.991735076531768,0.0945378178730607
10.995867307763547,0.09585084312129766
10.999999538995326,0.09585084312129766
11.004131770227104,0.09585084312129766
11.008264001458883,0.09322479262482375
11.012396232690662,0.0945378178730607
11.016528463922441,0.09322479262482375
11.02066069515422,0.09322479262482375
11.024792926385999,0.09585084312129766
11.028925157617778,0.09585084312129766
11.033057388849556,0.0945378178730607
11.037189620081335,0.0945378178730607
11.041321851313114,0.09716386836953461
11.045454082544893,0.09585084312129766
11.049586313776672,0.09585084312129766
11.05371854500845,0.09716386836953461
11.05785077624023,0.0945378178730607
11.061983007472008,0.09585084312129766
11.066115238703787,0.09716386836953461
11.070247469935566,0.09585084312129766
11.074379701167345,0.09716386836953461
11.078511932399124,0.0945378178730607
11.082644163630903,0.09585084312129766
11.086776394862682,0.09585084312129766
11.09090862609446,0.09585084312129766
11.09504085732624,0.0945378178730607
11.099173088558018,0.09585084312129766
11.103305319789797,0.09585084312129766
11.107437551021576,0.09585084312129766
11.111569782253355,0.0945378178730607
11.115702013485134,0.09585084312129766
11.119834244716913,0.09585084312129766
11.123966475948691,0.09585084312129766
11.12809870718047,0.09585084312129766
11.132230938412249,0.09585084312129766
11.136363169644028,0.09585084312129766
11.140495400875807,0.09716386836953461
11.144627632107586,0.09585084312129766
11.148759863339365,0.09716386836953461
11.152892094571143,0.0945378178730607
11.157024325802922,0.0945378178730607
11.161156557034701,0.09716386836953461
11.16528878826648,0.09585084312129766
11.169421019498259,0.09585084312129766
11.173553250730038,0.09716386836953461
11.177685481961817,0.09585084312129766
11.181817713193595,0.09585084312129766
11.185949944425374,0.09585084312129766
11.190082175657153,0.09585084312129766
11.194214406888932,0.09585084312129766
11.19834663812071,0.09716386836953461
11.20247886935249,0.09847689361777157
11.206611100584269,0.09585084312129766
11.210743331816047,0.09585084312129766
11.214875563047826,0.0945378178730607
11.219007794279605,0.09585084312129766
11.223140025511384,0.09585084312129766
11.227272256743163,0.0945378178730607
11.231404487974942,0.0945378178730607
11.23553671920672,0.09585084312129766
11.2396689504385,0.0945378178730607
11.243801181670278,0.0945378178730607
11.247933412902057,0.0945378178730607
11.252065644133836,0.09585084312129766
11.256197875365615,0.09585084312129766
11.260330106597394,0.09585084312129766
11.264462337829173,0.09585084312129766
11.268594569060951,0.09585084312129766
11.27272680029273,0.09716386836953461
11.27685903152451,0.09716386836953461
11.280991262756288,0.0945378178730607
11.285123493988067,0.09585084312129766
11.289255725219846,0.09585084312129766
11.293387956451625,0.0945378178730607
11.297520187683403,0.09585084312129766
11.301652418915182,0.0945378178730607
11.305784650146961,0.0945378178730607
11.30991688137874,0.09585084312129766
11.314049112610519,0.0945378178730607
11.318181343842298,0.09716386836953461
11.322313575074077,0.09585084312129766
11.326445806305856,0.09585084312129766
11.330578037537634,0.0945378178730607
11.334710268769413,0.09585084312129766
11.338842500001192,0.09716386836953461
11.342974731232971,0.09585084312129766
11.34710696246475,0.0945378178730607
11.351239193696529,0.0945378178730607
11.355371424928308,0.09585084312129766
11.359503656160086,0.0945378178730607
11.363635887391865,0.0945378178730607
11.367768118623644,0.09716386836953461
11.371900349855423,0.09847689361777157
11.376032581087202,0.09585084312129766
11.38016481231898,0.09585084312129766
11.38429704355076,0.0945378178730607
11.388429274782538,0.09585084312129766
11.392561506014317,0.09585084312129766
11.396693737246096,0.0945378178730607
11.400825968477875,0.0945378178730607
11.404958199709654,0.09585084312129766
11.409090430941433,0.09585084312129766
11.413222662173212,0.0945378178730607
11.41735489340499,0.0945378178730607
11.42148712463677,0.09585084312129766
11.425619355868548,0.0945378178730607
11.429751587100327,0.09585084312129766
11.433883818332106,0.09585084312129766
11.438016049563885,0.09585084312129766
11.442148280795664,0.0945378178730607
11.446280512027442,0.0945378178730607
11.450412743259221,0.09585084312129766
11.454544974491,0.0945378178730607
11.458677205722779,0.0945378178730607
11.462809436954558,0.0945378178730607
11.466941668186337,0.09585084312129766
11.471073899418116,0.09322479262482375
11.475206130649894,0.0945378178730607
11.479338361881673,0.09585084312129766
11.483470593113452,0.09585084312129766
11.487602824345231,0.09585084312129766
11.49173505557701,0.0945378178730607
11.495867286808789,0.09585084312129766
11.499999518040568,0.0945378178730607
11.504131749272346,0.0945378178730607
11.508263980504125,0.09585084312129766
11.512396211735904,0.09716386836953461
11.516528442967683,0.09585084312129766
11.520660674199462,0.0945378178730607
11.52479290543124,0.09585084312129766
11.52892513666302,0.09585084312129766
11.533057367894799,0.09716386836953461
11.537189599126577,0.0945378178730607
11.541321830358356,0.09585084312129766
11.545454061590135,0.09585084312129766
11.549586292821914,0.0945378178730607
11.553718524053693,0.0945378178730607
11.557850755285472,0.0945378178730607
11.56198298651725,0.09716386836953461
11.56611521774903,0.0945378178730607
11.570247448980808,0.09585084312129766
11.574379680212587,0.0945378178730607
11.578511911444366,0.09322479262482375
11.582644142676145,0.0945378178730607
11.586776373907924,0.09585084312129766
11.590908605139703,0.0945378178730607
11.595040836371481,0.0945378178730607
11.59917306760326,0.09585084312129766
11.60330529883504,0.09585084312129766
11.607437530066818,0.09585084312129766
11.611569761298597,0.09585084312129766
11.615701992530376,0.09585084312129766
11.619834223762155,0.0945378178730607
11.623966454993933,0.09585084312129766
11.628098686225712,0.0945378178730607
11.632230917457491,0.0945378178730607
11.63636314868927,0.0945378178730607
11.640495379921049,0.0945378178730607
11.644627611152828,0.0945378178730607
11.648759842384607,0.0945378178730607
11.652892073616385,0.0945378178730607
11.657024304848164,0.09322479262482375
11.661156536079943,0.0945378178730607
11.665288767311722,0.09585084312129766
11.669420998543501,0.0945378178730607
11.67355322977528,0.09585084312129766
11.677685461007059,0.0945378178730607
11.681817692238837,0.09585084312129766
11.685949923470616,0.0945378178730607
11.690082154702395,0.09585084312129766
11.694214385934174,0.09716386836953461
11.698346617165953,0.09585084312129766
11.702478848397732,0.09585084312129766
11.70661107962951,0.09585084312129766
11.71074331086129,0.0945378178730607
11.714875542093068,0.0945378178730607
11.719007773324847,0.09585084312129766
11.723140004556626,0.09322479262482375
11.727272235788405,0.09322479262482375
11.731404467020184,0.09585084312129766
11.735536698251963,0.0945378178730607
11.739668929483742,0.09716386836953461
11.74380116071552,0.0945378178730607
11.7479333919473,0.09585084312129766
11.752065623179078,0.09585084312129766
11.756197854410857,0.09716386836953461
11.760330085642636,0.09716386836953461
11.764462316874415,0.0945378178730607
11.768594548106194,0.0945378178730607
11.772726779337972,0.09322479262482375
11.776859010569751,0.09322479262482375
11.78099124180153,0.0945378178730607
11.785123473033309,0.09585084312129766
11.789255704265088,0.09322479262482375
11.793387935496867,0.0945378178730607
11.797520166728646,0.09585084312129766
11.801652397960424,0.0945378178730607
11.805784629192203,0.0945378178730607
11.809916860423982,0.09585084312129766
11.814049091655761,0.09585084312129766
11.81818132288754,0.09585084312129766
11.822313554119319,0.09585084312129766
11.826445785351098,0.09585084312129766
11.830578016582876,0.09585084312129766
11.834710247814655,0.09585084312129766
11.838842479046434,0.09585084312129766
11.842974710278213,0.0945378178730607
11.847106941509992,0.0945378178730607
11.85123917274177,0.09585084312129766
11.85537140397355,0.09585084312129766
11.859503635205328,0.0945378178730607
11.863635866437107,0.09322479262482375
11.867768097668886,0.0945378178730607
11.871900328900665,0.09585084312129766
11.876032560132444,0.0945378178730607
11.880164791364223,0.09716386836953461
11.884297022596002,0.09585084312129766
11.88842925382778,0.0945378178730607
11.89256148505956,0.0945378178730607
11.896693716291338,0.09585084312129766
11.900825947523117,0.0945378178730607
11.904958178754896,0.0945378178730607
11.909090409986675,0.0945378178730607
11.913222641218454,0.0945378178730607
11.917354872450233,0.0945378178730607
11.921487103682011,0.09585084312129766
11.92561933491379,0.09322479262482375
11.929751566145569,0.09585084312129766
11.933883797377348,0.09585084312129766
11.938016028609127,0.09585084312129766
11.942148259840906,0.09585084312129766
11.946280491072685,0.0945378178730607
11.950412722304463,0.09585084312129766
11.954544953536242,0.09585084312129766
11.958677184768021,0.09585084312129766
11.9628094159998,0.09716386836953461
11.966941647231579,0.0945378178730607
11.971073878463358,0.0945378178730607
11.975206109695137,0.0945378178730607
11.979338340926915,0.0945378178730607
11.983470572158694,0.09585084312129766
11.987602803390473,0.0945378178730607
11.991735034622252,0.0945378178730607
11.99586726585403,0.09322479262482375
11.99999949708581,0.0945378178730607
12.004131728317589,0.09585084312129766
12.008263959549367,0.0945378178730607
12.012396190781146,0.09322479262482375
12.016528422012925,0.0945378178730607
12.020660653244704,0.09322479262482375
12.024792884476483,0.09585084312129766
12.028925115708262,0.09585084312129766
12.03305734694004,0.09585084312129766
12.03718957817182,0.0945378178730607
12.041321809403598,0.0945378178730607
12.045454040635377,0.09585084312129766
12.049586271867156,0.09322479262482375
12.053718503098935,0.09322479262482375
12.057850734330714,0.0945378178730607
12.061982965562493,0.0945378178730607
12.066115196794271,0.0945378178730607
12.07024742802605,0.0945378178730607
12.07437965925783,0.09585084312129766
12.078511890489608,0.0945378178730607
12.082644121721387,0.09585084312129766
12.086776352953166,0.09322479262482375
12.090908584184945,0.0945378178730607
12.095040815416723,0.0945378178730607
12.099173046648502,0.0945378178730607
12.103305277880281,0.0945378178730607
12.10743750911206,0.0945378178730607
12.111569740343839,0.0945378178730607
12.115701971575618,0.0945378178730607
12.119834202807397,0.0945378178730607
12.123966434039176,0.0945378178730607
12.128098665270954,0.09322479262482375
12.132230896502733,0.09322479262482375
12.136363127734512,0.09322479262482375
12.140495358966291,0.0945378178730607
12.14462759019807,0.0945378178730607
12.148759821429849,0.0945378178730607
12.152892052661628,0.0945378178730607
12.157024283893406,0.0945378178730607
12.161156515125185,0.0945378178730607
12.165288746356964,0.09585084312129766
12.169420977588743,0.0945378178730607
12.173553208820522,0.0945378178730607
12.1776854400523,0.0945378178730607
12.18181767128408,0.09585084312129766
12.185949902515858,0.0945378178730607
12.190082133747637,0.0945378178730607
12.194214364979416,0.09322479262482375
12.198346596211195,0.09322479262482375
12.202478827442974,0.0945378178730607
12.206611058674753,0.0945378178730607
12.210743289906532,0.0945378178730607
12.21487552113831,0.0945378178730607
12.21900775237009,0.0945378178730607
12.223139983601868,0.0945378178730607
12.227272214833647,0.09716386836953461
12.231404446065426,0.09585084312129766
12.235536677297205,0.0945378178730607
12.239668908528984,0.09585084312129766
12.243801139760762,0.0945378178730607
12.247933370992541,0.09585084312129766
12.25206560222432,0.09585084312129766
12.256197833456099,0.0945378178730607
12.260330064687878,0.0945378178730607
12.264462295919657,0.0945378178730607
12.268594527151436,0.09322479262482375
12.272726758383214,0.09322479262482375
12.276858989614993,0.09585084312129766
12.280991220846772,0.0945378178730607
12.285123452078551,0.0945378178730607
12.28925568331033,0.0945378178730607
12.293387914542109,0.09585084312129766
12.297520145773888,0.09585084312129766
12.301652377005666,0.09322479262482375
12.305784608237445,0.09585084312129766
12.309916839469224,0.0945378178730607
12.314049070701003,0.09322479262482375
12.318181301932782,0.0945378178730607
12.32231353316456,0.0945378178730607
12.32644576439634,0.09322479262482375
12.330577995628119,0.0945378178730607
12.334710226859897,0.0945378178730607
12.338842458091676,0.09322479262482375
12.342974689323455,0.09322479262482375
12.347106920555234,0.09322479262482375
12.351239151787013,0.0945378178730607
12.355371383018792,0.09585084312129766
12.35950361425057,0.0945378178730607
12.36363584548235,0.0945378178730607
12.367768076714128,0.0945378178730607
12.371900307945907,0.09585084312129766
12.376032539177686,0.0945378178730607
12.380164770409465,0.0945378178730607
12.384297001641244,0.0945378178730607
12.388429232873023,0.0945378178730607
12.392561464104801,0.0945378178730607
12.39669369533658,0.0945378178730607
12.40082592656836,0.0945378178730607
12.404958157800138,0.09322479262482375
12.409090389031917,0.0945378178730607
12.413222620263696,0.0945378178730607
12.417354851495475,0.09322479262482375
12.421487082727253,0.0945378178730607
12.425619313959032,0.09322479262482375
12.429751545190811,0.0945378178730607
12.43388377642259,0.0945378178730607
12.438016007654369,0.09716386836953461
12.442148238886148,0.0945378178730607
12.446280470117927,0.09585084312129766
12.450412701349705,0.0945378178730607
12.454544932581484,0.0945378178730607
12.458677163813263,0.0945378178730607
12.462809395045042,0.09585084312129766
12.466941626276821,0.0919117673765868
12.4710738575086,0.0945378178730607
12.475206088740379,0.0945378178730607
12.479338319972157,0.0945378178730607
12.483470551203936,0.09322479262482375
12.487602782435715,0.0945378178730607
12.491735013667494,0.09322479262482375
12.495867244899273,0.09585084312129766
12.499999476131052,0.09585084312129766
12.50413170736283,0.09585084312129766
12.50826393859461,0.09585084312129766
12.512396169826388,0.0945378178730607
12.516528401058167,0.09322479262482375
12.520660632289946,0.09322479262482375
12.524792863521725,0.09322479262482375
12.528925094753504,0.09585084312129766
12.533057325985283,0.0945378178730607
12.537189557217062,0.0945378178730607
12.54132178844884,0.09585084312129766
12.54545401968062,0.09585084312129766
12.549586250912398,0.09322479262482375
12.553718482144177,0.09322479262482375
12.557850713375956,0.0945378178730607
12.561982944607735,0.0945378178730607
12.566115175839514,0.0945378178730607
12.570247407071292,0.0945378178730607
12.574379638303071,0.09585084312129766
12.57851186953485,0.0945378178730607
12.582644100766629,0.09322479262482375
12.586776331998408,0.0945378178730607
12.590908563230187,0.09322479262482375
12.595040794461966,0.09585084312129766
12.599173025693744,0.09322479262482375
12.603305256925523,0.09322479262482375
12.607437488157302,0.09585084312129766
12.611569719389081,0.0945378178730607
12.61570195062086,0.09322479262482375
12.619834181852639,0.09322479262482375
12.623966413084418,0.0945378178730607
12.628098644316196,0.0945378178730607
12.632230875547975,0.0945378178730607
12.636363106779754,0.0945378178730607
12.640495338011533,0.09585084312129766
12.644627569243312,0.0945378178730607
12.64875980047509,0.09585084312129766
12.65289203170687,0.0945378178730607
12.657024262938648,0.0945378178730607
12.661156494170427,0.0945378178730607
12.665288725402206,0.09322479262482375
12.669420956633985,0.09322479262482375
12.673553187865764,0.09585084312129766
12.677685419097543,0.09585084312129766
12.681817650329322,0.0945378178730607
12.6859498815611,0.09585084312129766
12.69008211279288,0.0945378178730607
12.694214344024658,0.09322479262482375
12.698346575256437,0.09585084312129766
12.702478806488216,0.0945378178730607
12.706611037719995,0.09322479262482375
12.710743268951774,0.0945378178730607
12.714875500183553,0.0945378178730607
12.719007731415331,0.09585084312129766
12.72313996264711,0.0945378178730607
12.727272193878889,0.0945378178730607
12.731404425110668,0.09322479262482375
12.735536656342447,0.09322479262482375
12.739668887574226,0.09322479262482375
12.743801118806005,0.0945378178730607
12.747933350037783,0.0945378178730607
12.752065581269562,0.0919117673765868
12.756197812501341,0.09322479262482375
12.76033004373312,0.09716386836953461
12.764462274964899,0.09585084312129766
12.768594506196678,0.0945378178730607
12.772726737428457,0.09585084312129766
12.776858968660235,0.09585084312129766
12.780991199892014,0.09716386836953461
12.785123431123793,0.09716386836953461
12.789255662355572,0.0945378178730607
12.79338789358735,0.0945378178730607
12.79752012481913,0.09585084312129766
12.801652356050909,0.0945378178730607
12.805784587282687,0.0945378178730607
12.809916818514466,0.09585084312129766
12.814049049746245,0.0945378178730607
12.818181280978024,0.09585084312129766
12.822313512209803,0.09585084312129766
12.826445743441582,0.0945378178730607
12.83057797467336,0.09585084312129766
12.83471020590514,0.09585084312129766
12.838842437136918,0.0945378178730607
12.842974668368697,0.0945378178730607
12.847106899600476,0.09585084312129766
12.851239130832255,0.09585084312129766
12.855371362064034,0.09585084312129766
12.859503593295813,0.09585084312129766
12.863635824527591,0.09585084312129766
12.86776805575937,0.0945378178730607
12.87190028699115,0.09322479262482375
12.876032518222928,0.09585084312129766
12.880164749454707,0.0945378178730607
12.884296980686486,0.09322479262482375
12.888429211918265,0.09585084312129766
12.892561443150043,0.09585084312129766
12.896693674381822,0.0945378178730607
12.900825905613601,0.0945378178730607
12.90495813684538,0.0945378178730607
12.909090368077159,0.09585084312129766
12.913222599308938,0.09585084312129766
12.917354830540717,0.09585084312129766
12.921487061772496,0.0945378178730607
12.925619293004274,0.0945378178730607
12.929751524236053,0.09585084312129766
12.933883755467832,0.0945378178730607
12.938015986699611,0.09585084312129766
12.94214821793139,0.0945378178730607
12.946280449163169,0.09585084312129766
12.950412680394948,0.0945378178730607
12.954544911626726,0.09585084312129766
12.958677142858505,0.0945378178730607
12.962809374090284,0.0945378178730607
12.966941605322063,0.09716386836953461
12.971073836553842,0.09585084312129766
12.97520606778562,0.09716386836953461
12.9793382990174,0.09716386836953461
12.983470530249178,0.09585084312129766
12.987602761480957,0.09716386836953461
12.991734992712736,0.09585084312129766
12.995867223944515,0.09585084312129766
12.999999455176294,0.0945378178730607
13.004131686408073,0.09585084312129766
13.008263917639852,0.09716386836953461
13.01239614887163,0.09585084312129766
13.01652838010341,0.09585084312129766
13.020660611335188,0.09585084312129766
13.024792842566967,0.0945378178730607
13.028925073798746,0.09585084312129766
13.033057305030525,0.09585084312129766
13.037189536262304,0.09585084312129766
13.041321767494082,0.09716386836953461
13.045453998725861,0.09716386836953461
13.04958622995764,0.09716386836953461
13.053718461189419,0.09585084312129766
13.057850692421198,0.09585084312129766
13.061982923652977,0.09716386836953461
13.066115154884756,0.09585084312129766
13.070247386116534,0.0945378178730607
13.074379617348313,0.09322479262482375
13.078511848580092,0.09585084312129766
13.082644079811871,0.09716386836953461
13.08677631104365,0.09585084312129766
13.090908542275429,0.09585084312129766
13.095040773507208,0.09716386836953461
13.099173004738986,0.0945378178730607
13.103305235970765,0.09585084312129766
13.107437467202544,0.0945378178730607
13.111569698434323,0.09585084312129766
13.115701929666102,0.09716386836953461
13.11983416089788,0.09716386836953461
13.12396639212966,0.09585084312129766
13.128098623361439,0.09716386836953461
13.132230854593217,0.09585084312129766
13.136363085824996,0.09585084312129766
13.140495317056775,0.09585084312129766
13.144627548288554,0.09585084312129766
13.148759779520333,0.09585084312129766
13.152892010752112,0.09716386836953461
13.15702424198389,0.09585084312129766
13.16115647321567,0.09585084312129766
13.165288704447448,0.0945378178730607
13.169420935679227,0.09585084312129766
13.173553166911006,0.0945378178730607
13.177685398142785,0.09847689361777157
13.181817629374564,0.09585084312129766
13.185949860606343,0.09585084312129766
13.190082091838121,0.09716386836953461
13.1942143230699,0.09716386836953461
13.19834655430168,0.09716386836953461
13.202478785533458,0.09585084312129766
13.206611016765237,0.09585084312129766
13.210743247997016,0.09585084312129766
13.214875479228795,0.09585084312129766
13.219007710460573,0.09585084312129766
13.223139941692352,0.09585084312129766
13.227272172924131,0.09585084312129766
13.23140440415591,0.09585084312129766
13.235536635387689,0.0945378178730607
13.239668866619468,0.0945378178730607
13.243801097851247,0.09585084312129766
13.247933329083025,0.09716386836953461
13.252065560314804,0.09716386836953461
13.256197791546583,0.09585084312129766
13.260330022778362,0.09716386836953461
13.264462254010141,0.09585084312129766
13.26859448524192,0.09716386836953461
13.272726716473699,0.0945378178730607
13.276858947705477,0.09585084312129766
13.280991178937256,0.09322479262482375
13.285123410169035,0.09585084312129766
13.289255641400814,0.09716386836953461
13.293387872632593,0.09716386836953461
13.297520103864372,0.09716386836953461
13.30165233509615,0.09716386836953461
13.30578456632793,0.09585084312129766
13.309916797559708,0.0945378178730607
13.314049028791487,0.09585084312129766
13.318181260023266,0.09585084312129766
13.322313491255045,0.09716386836953461
13.326445722486824,0.09716386836953461
13.330577953718603,0.09585084312129766
13.334710184950382,0.09716386836953461
13.33884241618216,0.09716386836953461
13.34297464741394,0.09585084312129766
13.347106878645718,0.0945378178730607
13.351239109877497,0.0945378178730607
13.355371341109276,0.09585084312129766
13.359503572341055,0.09716386836953461
13.363635803572834,0.09585084312129766
13.367768034804612,0.0945378178730607
13.371900266036391,0.09585084312129766
13.37603249726817,0.09585084312129766
13.380164728499949,0.09585084312129766
13.384296959731728,0.09585084312129766
13.388429190963507,0.09585084312129766
13.392561422195286,0.09585084312129766
13.396693653427064,0.09585084312129766
13.400825884658843,0.09585084312129766
13.404958115890622,0.09585084312129766
13.409090347122401,0.09585084312129766
13.41322257835418,0.0945378178730607
13.417354809585959,0.09585084312129766
13.421487040817738,0.09585084312129766
13.425619272049516,0.09585084312129766
13.429751503281295,0.09716386836953461
13.433883734513074,0.09585084312129766
13.438015965744853,0.09716386836953461
13.442148196976632,0.09585084312129766
13.44628042820841,0.09585084312129766
13.45041265944019,0.09716386836953461
13.454544890671968,0.09585084312129766
13.458677121903747,0.09716386836953461
13.462809353135526,0.09585084312129766
13.466941584367305,0.09716386836953461
13.471073815599084,0.09585084312129766
13.475206046830863,0.09585084312129766
13.479338278062642,0.09585084312129766
13.48347050929442,0.09585084312129766
13.4876027405262,0.09585084312129766
13.491734971757978,0.0945378178730607
13.495867202989757,0.0945378178730607
13.499999434221536,0.09585084312129766
13.504131665453315,0.09585084312129766
13.508263896685094,0.0945378178730607
13.512396127916873,0.09585084312129766
13.516528359148651,0.09585084312129766
13.52066059038043,0.09585084312129766
13.524792821612209,0.09585084312129766
13.528925052843988,0.0945378178730607
13.533057284075767,0.09716386836953461
13.537189515307546,0.09716386836953461
13.541321746539325,0.09716386836953461
13.545453977771103,0.09585084312129766
13.549586209002882,0.0945378178730607
13.553718440234661,0.09585084312129766
13.55785067146644,0.0945378178730607
13.561982902698219,0.09585084312129766
13.566115133929998,0.09585084312129766
13.570247365161777,0.09585084312129766
13.574379596393555,0.0945378178730607
13.578511827625334,0.09585084312129766
13.582644058857113,0.0945378178730607
13.586776290088892,0.09585084312129766
13.59090852132067,0.0945378178730607
13.59504075255245,0.09585084312129766
13.599172983784229,0.09716386836953461
13.603305215016007,0.09585084312129766
13.607437446247786,0.09585084312129766
13.611569677479565,0.09585084312129766
13.615701908711344,0.09716386836953461
13.619834139943123,0.09585084312129766
13.623966371174902,0.0945378178730607
13.62809860240668,0.09585084312129766
13.63223083363846,0.0945378178730607
13.636363064870238,0.0945378178730607
13.640495296102017,0.09716386836953461
13.644627527333796,0.0945378178730607
13.648759758565575,0.09585084312129766
13.652891989797354,0.0945378178730607
13.657024221029133,0.09585084312129766
13.661156452260911,0.09585084312129766
13.66528868349269,0.09585084312129766
13.66942091472447,0.09585084312129766
13.673553145956248,0.09585084312129766
13.677685377188027,0.0945378178730607
13.681817608419806,0.09716386836953461
13.685949839651585,0.0945378178730607
13.690082070883363,0.09585084312129766
13.694214302115142,0.09585084312129766
13.698346533346921,0.09585084312129766
13.7024787645787,0.09585084312129766
13.706610995810479,0.09585084312129766
13.710743227042258,0.0945378178730607
13.714875458274037,0.0945378178730607
13.719007689505816,0.09585084312129766
13.723139920737594,0.0945378178730607
13.727272151969373,0.0945378178730607
13.731404383201152,0.0945378178730607
13.735536614432931,0.09585084312129766
13.73966884566471,0.0945378178730607
13.743801076896489,0.09585084312129766
13.747933308128268,0.09585084312129766
13.752065539360046,0.09585084312129766
13.756197770591825,0.09585084312129766
13.760330001823604,0.09585084312129766
13.764462233055383,0.0945378178730607
13.768594464287162,0.09585084312129766
13.77272669551894,0.0945378178730607
13.77685892675072,0.09585084312129766
13.780991157982498,0.0945378178730607
13.785123389214277,0.09585084312129766
13.789255620446056,0.09585084312129766
13.793387851677835,0.09585084312129766
13.797520082909614,0.09585084312129766
13.801652314141393,0.09585084312129766
13.805784545373172,0.09585084312129766
13.80991677660495,0.0945378178730607
13.81404900783673,0.09585084312129766
13.818181239068508,0.09585084312129766
13.822313470300287,0.09585084312129766
13.826445701532066,0.09585084312129766
13.830577932763845,0.09716386836953461
13.834710163995624,0.09585084312129766
13.838842395227402,0.09322479262482375
13.842974626459181,0.09585084312129766
13.84710685769096,0.0945378178730607
13.851239088922739,0.0945378178730607
13.855371320154518,0.0945378178730607
13.859503551386297,0.09585084312129766
13.863635782618076,0.09585084312129766
13.867768013849854,0.0945378178730607
13.871900245081633,0.09585084312129766
13.876032476313412,0.09585084312129766
13.880164707545191,0.0945378178730607
13.88429693877697,0.09585084312129766
13.888429170008749,0.0945378178730607
13.892561401240528,0.09585084312129766
13.896693632472306,0.09585084312129766
13.900825863704085,0.09716386836953461
13.904958094935864,0.0945378178730607
13.909090326167643,0.09585084312129766
13.913222557399422,0.09716386836953461
13.9173547886312,0.0945378178730607
13.92148701986298,0.09716386836953461
13.925619251094759,0.09585084312129766
13.929751482326537,0.09716386836953461
13.933883713558316,0.0945378178730607
13.938015944790095,0.0945378178730607
13.942148176021874,0.09847689361777157
13.946280407253653,0.09585084312129766
13.950412638485432,0.09585084312129766
13.95454486971721,0.09585084312129766
13.95867710094899,0.09585084312129766
13.962809332180768,0.0945378178730607
13.966941563412547,0.09716386836953461
13.971073794644326,0.09585084312129766
13.975206025876105,0.0945378178730607
13.979338257107884,0.09585084312129766
13.983470488339663,0.0945378178730607
13.987602719571441,0.0945378178730607
13.99173495080322,0.0945378178730607
13.995867182035,0.09322479262482375
13.999999413266778,0.0945378178730607
14.004131644498557,0.0945378178730607
14.008263875730336,0.0945378178730607
14.012396106962115,0.0945378178730607
14.016528338193893,0.09585084312129766
14.020660569425672,0.09585084312129766
14.024792800657451,0.0945378178730607
14.02892503188923,0.0945378178730607
14.033057263121009,0.09716386836953461
14.037189494352788,0.09716386836953461
14.041321725584567,0.09585084312129766
14.045453956816345,0.0945378178730607
14.049586188048124,0.09585084312129766
14.053718419279903,0.0945378178730607
14.057850650511682,0.0945378178730607
14.061982881743461,0.0945378178730607
14.06611511297524,0.0945378178730607
14.070247344207019,0.09585084312129766
14.074379575438797,0.0945378178730607
14.078511806670576,0.09585084312129766
14.082644037902355,0.09585084312129766
14.086776269134134,0.09585084312129766
14.090908500365913,0.09585084312129766
14.095040731597692,0.0945378178730607
14.09917296282947,0.09585084312129766
14.10330519406125,0.09585084312129766
14.107437425293028,0.09585084312129766
14.111569656524807,0.0945378178730607
14.115701887756586,0.0945378178730607
14.119834118988365,0.0945378178730607
14.123966350220144,0.0945378178730607
14.128098581451923,0.0945378178730607
14.132230812683702,0.09585084312129766
14.13636304391548,0.09585084312129766
14.14049527514726,0.09585084312129766
14.144627506379038,0.0945378178730607
14.148759737610817,0.0945378178730607
14.152891968842596,0.0945378178730607
14.157024200074375,0.0945378178730607
14.161156431306154,0.0945378178730607
14.165288662537932,0.09585084312129766
14.169420893769711,0.0945378178730607
14.17355312500149,0.0945378178730607
14.177685356233269,0.0945378178730607
14.181817587465048,0.09322479262482375
14.185949818696827,0.09585084312129766
14.190082049928606,0.09585084312129766
14.194214281160384,0.0945378178730607
14.198346512392163,0.09585084312129766
14.202478743623942,0.0945378178730607
14.206610974855721,0.09585084312129766
14.2107432060875,0.09585084312129766
14.214875437319279,0.0945378178730607
14.219007668551058,0.09585084312129766
14.223139899782836,0.09585084312129766
14.227272131014615,0.09585084312129766
14.231404362246394,0.09585084312129766
14.235536593478173,0.09585084312129766
14.239668824709952,0.0945378178730607
14.24380105594173,0.09585084312129766
14.24793328717351,0.0945378178730607
14.252065518405288,0.0945378178730607
14.256197749637067,0.0945378178730607
14.260329980868846,0.09322479262482375
14.264462212100625,0.09585084312129766
14.268594443332404,0.09322479262482375
14.272726674564183,0.09585084312129766
14.276858905795962,0.09585084312129766
14.28099113702774,0.0945378178730607
14.28512336825952,0.09585084312129766
14.289255599491298,0.09585084312129766
14.293387830723077,0.0945378178730607
14.297520061954856,0.09585084312129766
14.301652293186635,0.0945378178730607
14.305784524418414,0.0945378178730607
14.309916755650192,0.09585084312129766
14.314048986881971,0.0945378178730607
14.31818121811375,0.0919117673765868
14.322313449345529,0.0945378178730607
14.326445680577308,0.0945378178730607
14.330577911809087,0.09322479262482375
14.334710143040866,0.0945378178730607
14.338842374272645,0.0945378178730607
14.342974605504423,0.0945378178730607
14.347106836736202,0.0945378178730607
14.351239067967981,0.0945378178730607
14.35537129919976,0.09585084312129766
14.359503530431539,0.09585084312129766
14.363635761663318,0.09585084312129766
14.367767992895097,0.0945378178730607
14.371900224126875,0.0945378178730607
14.376032455358654,0.0945378178730607
14.380164686590433,0.09585084312129766
14.384296917822212,0.0945378178730607
14.38842914905399,0.09585084312129766
14.39256138028577,0.09585084312129766
14.396693611517549,0.0919117673765868
14.400825842749327,0.09322479262482375
14.404958073981106,0.09322479262482375
14.409090305212885,0.0945378178730607
14.413222536444664,0.09716386836953461
14.417354767676443,0.09585084312129766
14.421486998908222,0.09585084312129766
14.42561923014,0.09585084312129766
14.42975146137178,0.0945378178730607
14.433883692603558,0.0945378178730607
14.438015923835337,0.09585084312129766
14.442148155067116,0.09585084312129766
14.446280386298895,0.0945378178730607
14.450412617530674,0.09585084312129766
14.454544848762453,0.09585084312129766
14.458677079994231,0.09322479262482375
14.46280931122601,0.09585084312129766
14.46694154245779,0.0945378178730607
14.471073773689568,0.0945378178730607
14.475206004921347,0.09322479262482375
14.479338236153126,0.09322479262482375
14.483470467384905,0.0945378178730607
14.487602698616683,0.0945378178730607
14.491734929848462,0.09585084312129766
14.495867161080241,0.09322479262482375
14.49999939231202,0.0945378178730607
14.504131623543799,0.0945378178730607
14.508263854775578,0.0945378178730607
14.512396086007357,0.09585084312129766
14.516528317239136,0.0945378178730607
14.520660548470914,0.0945378178730607
14.524792779702693,0.0945378178730607
14.528925010934472,0.0945378178730607
14.533057242166251,0.0945378178730607
14.53718947339803,0.0945378178730607
14.541321704629809,0.0945378178730607
14.545453935861588,0.0945378178730607
14.549586167093366,0.0945378178730607
14.553718398325145,0.0945378178730607
14.557850629556924,0.0945378178730607
14.561982860788703,0.0945378178730607
14.566115092020482,0.0945378178730607
14.57024732325226,0.0945378178730607
14.57437955448404,0.09322479262482375
14.578511785715818,0.09585084312129766
14.582644016947597,0.09585084312129766
14.586776248179376,0.09716386836953461
14.590908479411155,0.0945378178730607
14.595040710642934,0.09585084312129766
14.599172941874713,0.0945378178730607
14.603305173106492,0.09585084312129766
14.60743740433827,0.09585084312129766
14.61156963557005,0.0945378178730607
14.615701866801828,0.0945378178730607
14.619834098033607,0.09322479262482375
14.623966329265386,0.0945378178730607
14.628098560497165,0.09585084312129766
14.632230791728944,0.0945378178730607
14.636363022960722,0.0945378178730607
14.640495254192501,0.09585084312129766
14.64462748542428,0.0945378178730607
14.648759716656059,0.09585084312129766
14.652891947887838,0.0945378178730607
14.657024179119617,0.09585084312129766
14.661156410351396,0.09585084312129766
14.665288641583174,0.09585084312129766
14.669420872814953,0.09585084312129766
14.673553104046732,0.09322479262482375
14.677685335278511,0.0945378178730607
14.68181756651029,0.0945378178730607
14.685949797742069,0.09322479262482375
14.690082028973848,0.09322479262482375
14.694214260205626,0.0945378178730607
14.698346491437405,0.0945378178730607
14.702478722669184,0.09585084312129766
14.706610953900963,0.0945378178730607
14.710743185132742,0.0945378178730607
14.71487541636452,0.09585084312129766
14.7190076475963,0.0945378178730607
14.723139878828079,0.09585084312129766
14.727272110059857,0.0945378178730607
14.731404341291636,0.09585084312129766
14.735536572523415,0.0945378178730607
14.739668803755194,0.09585084312129766
14.743801034986973,0.09322479262482375
14.747933266218752,0.09585084312129766
14.75206549745053,0.0945378178730607
14.75619772868231,0.09322479262482375
14.760329959914088,0.09585084312129766
14.764462191145867,0.09585084312129766
14.768594422377646,0.09716386836953461
14.772726653609425,0.09585084312129766
14.776858884841204,0.09322479262482375
14.780991116072983,0.09585084312129766
14.785123347304761,0.09322479262482375
14.78925557853654,0.09585084312129766
14.79338780976832,0.09585084312129766
14.797520041000098,0.0945378178730607
14.801652272231877,0.09585084312129766
14.805784503463656,0.09322479262482375
14.809916734695435,0.09585084312129766
14.814048965927213,0.0945378178730607
14.818181197158992,0.09322479262482375
14.822313428390771,0.0945378178730607
14.82644565962255,0.0945378178730607
14.830577890854329,0.0945378178730607
14.834710122086108,0.09585084312129766
14.838842353317887,0.0945378178730607
14.842974584549665,0.0945378178730607
14.847106815781444,0.09585084312129766
14.851239047013223,0.09716386836953461
14.855371278245002,0.09585084312129766
14.859503509476781,0.0945378178730607
14.86363574070856,0.09322479262482375
14.867767971940339,0.0945378178730607
14.871900203172117,0.09322479262482375
14.876032434403896,0.09585084312129766
14.880164665635675,0.0945378178730607
14.884296896867454,0.0945378178730607
14.888429128099233,0.09322479262482375
14.892561359331012,0.09322479262482375
14.89669359056279,0.0945378178730607
14.90082582179457,0.0945378178730607
14.904958053026348,0.09585084312129766
14.909090284258127,0.0945378178730607
14.913222515489906,0.0945378178730607
14.917354746721685,0.0945378178730607
14.921486977953464,0.09585084312129766
14.925619209185243,0.09585084312129766
14.929751440417022,0.09322479262482375
14.9338836716488,0.09322479262482375
14.93801590288058,0.09322479262482375
14.942148134112358,0.09585084312129766
14.946280365344137,0.09322479262482375
14.950412596575916,0.0945378178730607
14.954544827807695,0.0945378178730607
14.958677059039474,0.09585084312129766
14.962809290271252,0.09585084312129766
14.966941521503031,0.09585084312129766
14.97107375273481,0.09585084312129766
14.975205983966589,0.09322479262482375
14.979338215198368,0.0945378178730607
14.983470446430147,0.0945378178730607
14.987602677661926,0.0945378178730607
14.991734908893704,0.09585084312129766
14.995867140125483,0.09585084312129766
14.999999371357262,0.0945378178730607
15.004131602589041,0.09585084312129766
15.00826383382082,0.0945378178730607
15.012396065052599,0.0945378178730607
15.016528296284378,0.0945378178730607
15.020660527516156,0.09322479262482375
15.024792758747935,0.09322479262482375
15.028924989979714,0.0945378178730607
15.033057221211493,0.0945378178730607
15.037189452443272,0.0945378178730607
15.04132168367505,0.09585084312129766
15.04545391490683,0.09585084312129766
15.049586146138608,0.09585084312129766
15.053718377370387,0.09585084312129766
15.057850608602166,0.09585084312129766
15.061982839833945,0.0945378178730607
15.066115071065724,0.09585084312129766
15.070247302297503,0.09322479262482375
15.074379533529282,0.09322479262482375
15.07851176476106,0.09322479262482375
15.08264399599284,0.0919117673765868
15.086776227224618,0.0945378178730607
15.090908458456397,0.09585084312129766
15.095040689688176,0.0945378178730607
15.099172920919955,0.0945378178730607
15.103305152151734,0.09585084312129766
15.107437383383512,0.09585084312129766
15.111569614615291,0.09585084312129766
15.11570184584707,0.0945378178730607
15.119834077078849,0.0945378178730607
15.123966308310628,0.09585084312129766
15.128098539542407,0.0945378178730607
15.132230770774186,0.0945378178730607
15.136363002005965,0.09322479262482375
15.140495233237743,0.0919117673765868
15.144627464469522,0.09585084312129766
15.148759695701301,0.09585084312129766
15.15289192693308,0.0945378178730607
15.157024158164859,0.0945378178730607
15.161156389396638,0.0945378178730607
15.165288620628417,0.09585084312129766
15.169420851860195,0.09322479262482375
15.173553083091974,0.0945378178730607
15.177685314323753,0.09585084312129766
15.181817545555532,0.0945378178730607
15.18594977678731,0.09585084312129766
15.19008200801909,0.09585084312129766
15.194214239250869,0.09716386836953461
15.198346470482647,0.09585084312129766
15.202478701714426,0.09585084312129766
15.206610932946205,0.0945378178730607
15.210743164177984,0.0945378178730607
15.214875395409763,0.0945378178730607
15.219007626641542,0.0945378178730607
15.22313985787332,0.0945378178730607
15.2272720891051,0.09585084312129766
15.231404320336878,0.0945378178730607
15.235536551568657,0.0945378178730607
15.239668782800436,0.09585084312129766
15.243801014032215,0.0945378178730607
15.247933245263994,0.09322479262482375
15.252065476495773,0.09322479262482375
15.256197707727551,0.09585084312129766
15.26032993895933,0.09585084312129766
15.26446217019111,0.09585084312129766
15.268594401422888,0.09716386836953461
15.272726632654667,0.09585084312129766
15.276858863886446,0.09322479262482375
15.280991095118225,0.0945378178730607
15.285123326350003,0.0945378178730607
15.289255557581782,0.09322479262482375
15.293387788813561,0.09585084312129766
15.29752002004534,0.09585084312129766
15.301652251277119,0.09322479262482375
15.305784482508898,0.0945378178730607
15.309916713740677,0.09585084312129766
15.314048944972456,0.0945378178730607
15.318181176204234,0.09585084312129766
15.322313407436013,0.0945378178730607
15.326445638667792,0.09322479262482375
15.330577869899571,0.0945378178730607
15.33471010113135,0.09585084312129766
15.338842332363129,0.09585084312129766
15.342974563594908,0.0945378178730607
15.347106794826686,0.09585084312129766
15.351239026058465,0.09585084312129766
15.355371257290244,0.0945378178730607
15.359503488522023,0.0945378178730607
15.363635719753802,0.09585084312129766
15.36776795098558,0.0945378178730607
15.37190018221736,0.09322479262482375
15.376032413449138,0.09585084312129766
15.380164644680917,0.0945378178730607
15.384296875912696,0.0945378178730607
15.388429107144475,0.09322479262482375
15.392561338376254,0.09716386836953461
15.396693569608033,0.09585084312129766
15.400825800839812,0.09585084312129766
15.40495803207159,0.09585084312129766
15.40909026330337,0.09716386836953461
15.413222494535148,0.09585084312129766
15.417354725766927,0.09322479262482375
15.421486956998706,0.0945378178730607
15.425619188230485,0.0945378178730607
15.429751419462264,0.0945378178730607
15.433883650694042,0.0945378178730607
15.438015881925821,0.0945378178730607
15.4421481131576,0.0945378178730607
15.446280344389379,0.0945378178730607
15.450412575621158,0.09585084312129766
15.454544806852937,0.0945378178730607
15.458677038084716,0.0945378178730607
15.462809269316494,0.0945378178730607
15.466941500548273,0.09585084312129766
15.471073731780052,0.09585084312129766
15.475205963011831,0.09322479262482375
15.47933819424361,0.0945378178730607
15.483470425475389,0.09585084312129766
15.487602656707168,0.09585084312129766
15.491734887938946,0.09322479262482375
15.495867119170725,0.0945378178730607
15.499999350402504,0.0945378178730607
15.504131581634283,0.0945378178730607
15.508263812866062,0.0945378178730607
15.51239604409784,0.0945378178730607
15.51652827532962,0.0945378178730607
15.520660506561399,0.0945378178730607
15.524792737793177,0.09716386836953461
15.528924969024956,0.0945378178730607
15.533057200256735,0.0945378178730607
15.537189431488514,0.0945378178730607
15.541321662720293,0.0945378178730607
15.545453893952072,0.0945378178730607
15.54958612518385,0.09716386836953461
15.55371835641563,0.09585084312129766
15.557850587647408,0.0945378178730607
15.561982818879187,0.0945378178730607
15.566115050110966,0.09322479262482375
15.570247281342745,0.09322479262482375
15.574379512574524,0.0945378178730607
15.578511743806303,0.0945378178730607
15.582643975038081,0.0945378178730607
15.58677620626986,0.09322479262482375
15.59090843750164,0.0945378178730607
15.595040668733418,0.09585084312129766
15.599172899965197,0.09585084312129766
15.603305131196976,0.09716386836953461
15.607437362428755,0.09716386836953461
15.611569593660533,0.09585084312129766
15.615701824892312,0.0945378178730607
15.619834056124091,0.0919117673765868
15.62396628735587,0.0945378178730607
15.628098518587649,0.0945378178730607
15.632230749819428,0.09322479262482375
15.636362981051207,0.0945378178730607
15.640495212282985,0.09322479262482375
15.644627443514764,0.0945378178730607
15.648759674746543,0.0945378178730607
15.652891905978322,0.09585084312129766
15.657024137210101,0.09585084312129766
15.66115636844188,0.09322479262482375
15.665288599673659,0.09585084312129766
15.669420830905437,0.09585084312129766
15.673553062137216,0.09585084312129766
15.677685293368995,0.0945378178730607
15.681817524600774,0.09585084312129766
15.685949755832553,0.09585084312129766
15.690081987064332,0.09585084312129766
15.69421421829611,0.0945378178730607
15.69834644952789,0.0945378178730607
15.702478680759668,0.09322479262482375
15.706610911991447,0.0945378178730607
15.710743143223226,0.09585084312129766
15.714875374455005,0.09322479262482375
15.719007605686784,0.0945378178730607
15.723139836918563,0.0945378178730607
15.727272068150342,0.0945378178730607
15.73140429938212,0.0945378178730607
15.7355365306139,0.09585084312129766
15.739668761845678,0.09585084312129766
15.743800993077457,0.0945378178730607
15.747933224309236,0.09322479262482375
15.752065455541015,0.09585084312129766
15.756197686772794,0.0945378178730607
15.760329918004572,0.0945378178730607
15.764462149236351,0.09322479262482375
15.76859438046813,0.09322479262482375
15.772726611699909,0.09585084312129766
15.776858842931688,0.09585084312129766
15.780991074163467,0.0945378178730607
15.785123305395246,0.0945378178730607
15.789255536627024,0.0945378178730607
15.793387767858803,0.0945378178730607
15.797519999090582,0.09322479262482375
15.801652230322361,0.09585084312129766
15.80578446155414,0.09585084312129766
15.809916692785919,0.09585084312129766
15.814048924017698,0.09585084312129766
15.818181155249476,0.09585084312129766
15.822313386481255,0.0945378178730607
15.826445617713034,0.0945378178730607
15.830577848944813,0.09322479262482375
15.834710080176592,0.09585084312129766
15.83884231140837,0.09585084312129766
15.84297454264015,0.0945378178730607
15.847106773871928,0.0945378178730607
15.851239005103707,0.09322479262482375
15.855371236335486,0.0945378178730607
15.859503467567265,0.0919117673765868
15.863635698799044,0.09322479262482375
15.867767930030823,0.09322479262482375
15.871900161262602,0.0945378178730607
15.87603239249438,0.09716386836953461
15.88016462372616,0.09585084312129766
15.884296854957938,0.09585084312129766
15.888429086189717,0.09585084312129766
15.892561317421496,0.09322479262482375
15.896693548653275,0.0945378178730607
15.900825779885054,0.0945378178730607
15.904958011116832,0.0945378178730607
15.909090242348611,0.09322479262482375
15.91322247358039,0.09322479262482375
15.917354704812169,0.0945378178730607
15.921486936043948,0.09322479262482375
15.925619167275727,0.0945378178730607
15.929751398507506,0.0945378178730607
15.933883629739285,0.09322479262482375
15.938015860971063,0.0945378178730607
15.942148092202842,0.09585084312129766
15.946280323434621,0.09585084312129766
15.9504125546664,0.09585084312129766
15.954544785898179,0.09585084312129766
15.958677017129958,0.09585084312129766
15.962809248361737,0.0945378178730607
15.966941479593515,0.09322479262482375
15.971073710825294,0.0945378178730607
15.975205942057073,0.0945378178730607
15.979338173288852,0.09322479262482375
15.98347040452063,0.09585084312129766
15.98760263575241,0.0945378178730607
15.991734866984189,0.0945378178730607
15.995867098215967,0.09322479262482375
15.999999329447746,0.0945378178730607
16.004131560679525,0.0945378178730607
16.008263791911304,0.0945378178730607
16.012396023143083,0.09585084312129766
16.01652825437486,0.09847689361777157
16.02066048560664,0.0945378178730607
16.02479271683842,0.0945378178730607
16.0289249480702,0.0945378178730607
16.033057179301977,0.0945378178730607
16.037189410533756,0.09716386836953461
16.041321641765535,0.0945378178730607
16.045453872997314,0.09322479262482375
16.049586104229093,0.09585084312129766
16.05371833546087,0.0945378178730607
16.05785056669265,0.09322479262482375
16.06198279792443,0.0945378178730607
16.066115029156208,0.0945378178730607
16.070247260387987,0.09585084312129766
16.074379491619766,0.0945378178730607
16.078511722851545,0.09322479262482375
16.082643954083323,0.09585084312129766
16.086776185315102,0.09585084312129766
16.09090841654688,0.0945378178730607
16.09504064777866,0.0945378178730607
16.09917287901044,0.0945378178730607
16.103305110242218,0.0945378178730607
16.107437341473997,0.09585084312129766
16.111569572705775,0.09322479262482375
16.115701803937554,0.0945378178730607
16.119834035169333,0.0945378178730607
16.123966266401112,0.0945378178730607
16.12809849763289,0.09322479262482375
16.13223072886467,0.0945378178730607
16.13636296009645,0.09322479262482375
16.140495191328228,0.09585084312129766
16.144627422560006,0.09585084312129766
16.148759653791785,0.0945378178730607
16.152891885023564,0.0945378178730607
16.157024116255343,0.09585084312129766
16.161156347487122,0.09585084312129766
16.1652885787189,0.0945378178730607
16.16942080995068,0.09585084312129766
16.17355304118246,0.0945378178730607
16.177685272414237,0.0945378178730607
16.181817503646016,0.0945378178730607
16.185949734877795,0.0945378178730607
16.190081966109574,0.09322479262482375
16.194214197341353,0.09322479262482375
16.19834642857313,0.0945378178730607
16.20247865980491,0.0945378178730607
16.20661089103669,0.09585084312129766
16.210743122268468,0.0945378178730607
16.214875353500247,0.0945378178730607
16.219007584732026,0.09585084312129766
16.223139815963805,0.09585084312129766
16.227272047195584,0.09585084312129766
16.231404278427362,0.09585084312129766
16.23553650965914,0.09585084312129766
16.23966874089092,0.09585084312129766
16.2438009721227,0.09585084312129766
16.247933203354478,0.09322479262482375
16.252065434586257,0.0945378178730607
16.256197665818036,0.0945378178730607
16.260329897049814,0.0945378178730607
16.264462128281593,0.0945378178730607
16.268594359513372,0.09585084312129766
16.27272659074515,0.0945378178730607
16.27685882197693,0.09585084312129766
16.28099105320871,0.0945378178730607
16.285123284440488,0.0945378178730607
16.289255515672266,0.0945378178730607
16.293387746904045,0.0945378178730607
16.297519978135824,0.09585084312129766
16.301652209367603,0.0945378178730607
16.305784440599382,0.0945378178730607
16.30991667183116,0.09322479262482375
16.31404890306294,0.0945378178730607
16.31818113429472,0.0945378178730607
16.322313365526497,0.0945378178730607
16.326445596758276,0.0945378178730607
16.330577827990055,0.0945378178730607
16.334710059221834,0.0945378178730607
16.338842290453613,0.0945378178730607
16.34297452168539,0.09585084312129766
16.34710675291717,0.0945378178730607
16.35123898414895,0.0945378178730607
16.35537121538073,0.09322479262482375
16.359503446612507,0.0945378178730607
16.363635677844286,0.0945378178730607
16.367767909076065,0.0945378178730607
16.371900140307844,0.0945378178730607
16.376032371539623,0.09585084312129766
16.3801646027714,0.09585084312129766
16.38429683400318,0.09585084312129766
16.38842906523496,0.0945378178730607
16.392561296466738,0.0945378178730607
16.396693527698517,0.0945378178730607
16.400825758930296,0.09322479262482375
16.404957990162075,0.0945378178730607
16.409090221393853,0.09585084312129766
16.413222452625632,0.0945378178730607
16.41735468385741,0.0945378178730607
16.42148691508919,0.09585084312129766
16.42561914632097,0.09585084312129766
16.429751377552748,0.09585084312129766
16.433883608784527,0.09585084312129766
16.438015840016305,0.0945378178730607
16.442148071248084,0.0945378178730607
16.446280302479863,0.09716386836953461
16.450412533711642,0.09322479262482375
16.45454476494342,0.09585084312129766
16.4586769961752,0.09322479262482375
16.46280922740698,0.0945378178730607
16.466941458638757,0.0945378178730607
16.471073689870536,0.0945378178730607
16.475205921102315,0.09585084312129766
16.479338152334094,0.09322479262482375
16.483470383565873,0.0945378178730607
16.48760261479765,0.0945378178730607
16.49173484602943,0.0945378178730607
16.49586707726121,0.09585084312129766
16.49999930849299,0.09585084312129766
16.504131539724767,0.09585084312129766
16.508263770956546,0.0945378178730607
16.512396002188325,0.0945378178730607
16.516528233420104,0.09585084312129766
16.520660464651883,0.0945378178730607
16.52479269588366,0.0945378178730607
16.52892492711544,0.0945378178730607
16.53305715834722,0.09585084312129766
16.537189389578998,0.0945378178730607
16.541321620810777,0.0945378178730607
16.545453852042556,0.09585084312129766
16.549586083274335,0.09585084312129766
16.553718314506114,0.09322479262482375
16.557850545737892,0.0945378178730607
16.56198277696967,0.09585084312129766
16.56611500820145,0.09585084312129766
16.57024723943323,0.09585084312129766
16.574379470665008,0.0945378178730607
16.578511701896787,0.09322479262482375
16.582643933128566,0.09716386836953461
16.586776164360344,0.0945378178730607
16.590908395592123,0.09585084312129766
16.595040626823902,0.09322479262482375
16.59917285805568,0.09322479262482375
16.60330508928746,0.09322479262482375
16.60743732051924,0.0945378178730607
16.611569551751018,0.0945378178730607
16.615701782982796,0.09322479262482375
16.619834014214575,0.0945378178730607
16.623966245446354,0.0945378178730607
16.628098476678133,0.09585084312129766
16.632230707909912,0.09322479262482375
16.63636293914169,0.09585084312129766
16.64049517037347,0.09716386836953461
16.64462740160525,0.09716386836953461
16.648759632837027,0.09585084312129766
16.652891864068806,0.0945378178730607
16.657024095300585,0.0945378178730607
16.661156326532364,0.09322479262482375
16.665288557764143,0.09585084312129766
16.66942078899592,0.09322479262482375
16.6735530202277,0.0945378178730607
16.67768525145948,0.09585084312129766
16.681817482691258,0.09585084312129766
16.685949713923037,0.09322479262482375
16.690081945154816,0.09585084312129766
16.694214176386595,0.0945378178730607
16.698346407618374,0.0945378178730607
16.702478638850152,0.0945378178730607
16.70661087008193,0.0945378178730607
16.71074310131371,0.0945378178730607
16.71487533254549,0.09322479262482375
16.719007563777268,0.0945378178730607
16.723139795009047,0.0945378178730607
16.727272026240826,0.09585084312129766
16.731404257472605,0.09585084312129766
16.735536488704383,0.09585084312129766
16.739668719936162,0.09322479262482375
16.74380095116794,0.0945378178730607
16.74793318239972,0.0945378178730607
16.7520654136315,0.0945378178730607
16.756197644863278,0.0945378178730607
16.760329876095057,0.0945378178730607
16.764462107326835,0.09585084312129766
16.768594338558614,0.0945378178730607
16.772726569790393,0.09585084312129766
16.776858801022172,0.09585084312129766
16.78099103225395,0.09585084312129766
16.78512326348573,0.0945378178730607
16.78925549471751,0.0945378178730607
16.793387725949287,0.09585084312129766
16.797519957181066,0.0945378178730607
16.801652188412845,0.0945378178730607
16.805784419644624,0.0945378178730607
16.809916650876403,0.09322479262482375
16.81404888210818,0.0945378178730607
16.81818111333996,0.09585084312129766
16.82231334457174,0.09585084312129766
16.82644557580352,0.0919117673765868
16.830577807035297,0.0945378178730607
16.834710038267076,0.09585084312129766
16.838842269498855,0.09585084312129766
16.842974500730634,0.0945378178730607
16.847106731962413,0.09585084312129766
16.85123896319419,0.0945378178730607
16.85537119442597,0.09585084312129766
16.85950342565775,0.0945378178730607
16.863635656889528,0.09322479262482375
16.867767888121307,0.0945378178730607
16.871900119353086,0.09322479262482375
16.876032350584865,0.09585084312129766
16.880164581816643,0.09585084312129766
16.884296813048422,0.0945378178730607
16.8884290442802,0.0945378178730607
16.89256127551198,0.0945378178730607
16.89669350674376,0.09322479262482375
16.900825737975538,0.0945378178730607
16.904957969207317,0.0945378178730607
16.909090200439095,0.0945378178730607
16.913222431670874,0.09585084312129766
16.917354662902653,0.09585084312129766
16.921486894134432,0.09585084312129766
16.92561912536621,0.0945378178730607
16.92975135659799,0.09322479262482375
16.93388358782977,0.0945378178730607
16.938015819061548,0.0945378178730607
16.942148050293326,0.09322479262482375
16.946280281525105,0.0945378178730607
16.950412512756884,0.09585084312129766
16.954544743988663,0.0945378178730607
16.958676975220442,0.0945378178730607
16.96280920645222,0.0945378178730607
16.966941437684,0.0945378178730607
16.97107366891578,0.09585084312129766
16.975205900147557,0.09585084312129766
16.979338131379336,0.09585084312129766
16.983470362611115,0.09585084312129766
16.987602593842894,0.09585084312129766
16.991734825074673,0.09585084312129766
16.99586705630645,0.0945378178730607
16.99999928753823,0.0945378178730607
17.00413151877001,0.0945378178730607
17.008263750001788,0.09322479262482375
17.012395981233567,0.09322479262482375
17.016528212465346,0.0945378178730607
17.020660443697125,0.09585084312129766
17.024792674928904,0.0945378178730607
17.028924906160682,0.0945378178730607
17.03305713739246,0.09716386836953461
17.03718936862424,0.0945378178730607
17.04132159985602,0.0945378178730607
17.045453831087798,0.09585084312129766
17.049586062319577,0.09716386836953461
17.053718293551356,0.0945378178730607
17.057850524783134,0.09585084312129766
17.061982756014913,0.0945378178730607
17.066114987246692,0.0945378178730607
17.07024721847847,0.0945378178730607
17.07437944971025,0.09585084312129766
17.07851168094203,0.09585084312129766
17.082643912173808,0.0945378178730607
17.086776143405586,0.0945378178730607
17.090908374637365,0.09585084312129766
17.095040605869144,0.0945378178730607
17.099172837100923,0.09585084312129766
17.103305068332702,0.0945378178730607
17.10743729956448,0.0945378178730607
17.11156953079626,0.09585084312129766
17.11570176202804,0.09585084312129766
17.119833993259817,0.09585084312129766
17.123966224491596,0.09716386836953461
17.128098455723375,0.0945378178730607
17.132230686955154,0.09585084312129766
17.136362918186933,0.0945378178730607
17.14049514941871,0.0945378178730607
17.14462738065049,0.0945378178730607
17.14875961188227,0.09322479262482375
17.15289184311405,0.0945378178730607
17.157024074345827,0.0945378178730607
17.161156305577606,0.0945378178730607
17.165288536809385,0.0945378178730607
17.169420768041164,0.0945378178730607
17.173552999272943,0.0945378178730607
17.17768523050472,0.0945378178730607
17.1818174617365,0.09322479262482375
17.18594969296828,0.0945378178730607
17.190081924200058,0.09322479262482375
17.194214155431837,0.09585084312129766
17.198346386663616,0.0945378178730607
17.202478617895395,0.09322479262482375
17.206610849127173,0.0945378178730607
17.210743080358952,0.0945378178730607
17.21487531159073,0.09322479262482375
17.21900754282251,0.0945378178730607
17.22313977405429,0.0945378178730607
17.227272005286068,0.09322479262482375
17.231404236517847,0.0945378178730607
17.235536467749625,0.09322479262482375
17.239668698981404,0.0945378178730607
17.243800930213183,0.09322479262482375
17.247933161444962,0.0945378178730607
17.25206539267674,0.0919117673765868
17.25619762390852,0.0945378178730607
17.2603298551403,0.09585084312129766
17.264462086372077,0.09322479262482375
17.268594317603856,0.0945378178730607
17.272726548835635,0.0945378178730607
17.276858780067414,0.09585084312129766
17.280991011299193,0.09585084312129766
17.28512324253097,0.09585084312129766
17.28925547376275,0.0945378178730607
17.29338770499453,0.0945378178730607
17.29751993622631,0.0945378178730607
17.301652167458087,0.0919117673765868
17.305784398689866,0.09585084312129766
17.309916629921645,0.09585084312129766
17.314048861153424,0.09585084312129766
17.318181092385203,0.09716386836953461
17.32231332361698,0.0945378178730607
17.32644555484876,0.0945378178730607
17.33057778608054,0.09716386836953461
17.334710017312318,0.09585084312129766
17.338842248544097,0.0945378178730607
17.342974479775876,0.09585084312129766
17.347106711007655,0.0945378178730607
17.351238942239434,0.0945378178730607
17.355371173471212,0.0945378178730607
17.35950340470299,0.09322479262482375
17.36363563593477,0.09322479262482375
17.36776786716655,0.09322479262482375
17.371900098398328,0.0945378178730607
17.376032329630107,0.09322479262482375
17.380164560861886,0.0945378178730607
17.384296792093664,0.09585084312129766
17.388429023325443,0.09585084312129766
17.392561254557222,0.09585084312129766
17.396693485789,0.09585084312129766
17.40082571702078,0.09585084312129766
17.40495794825256,0.09716386836953461
17.409090179484338,0.0945378178730607
17.413222410716116,0.09585084312129766
17.417354641947895,0.09585084312129766
17.421486873179674,0.0945378178730607
17.425619104411453,0.09322479262482375
17.429751335643232,0.0945378178730607
17.43388356687501,0.09322479262482375
17.43801579810679,0.09585084312129766
17.44214802933857,0.0945378178730607
17.446280260570347,0.0945378178730607
17.450412491802126,0.0945378178730607
17.454544723033905,0.0945378178730607
17.458676954265684,0.0945378178730607
17.462809185497463,0.0945378178730607
17.46694141672924,0.09585084312129766
17.47107364796102,0.09585084312129766
17.4752058791928,0.09585084312129766
17.479338110424578,0.09322479262482375
17.483470341656357,0.09585084312129766
17.487602572888136,0.0945378178730607
17.491734804119915,0.09322479262482375
17.495867035351694,0.0945378178730607
17.499999266583472,0.0945378178730607
17.50413149781525,0.09585084312129766
17.50826372904703,0.09585084312129766
17.51239596027881,0.09322479262482375
17.516528191510588,0.0945378178730607
17.520660422742367,0.09585084312129766
17.524792653974146,0.0945378178730607
17.528924885205925,0.09585084312129766
17.533057116437703,0.09585084312129766
17.537189347669482,0.09322479262482375
17.54132157890126,0.0945378178730607
17.54545381013304,0.09322479262482375
17.54958604136482,0.0945378178730607
17.553718272596598,0.09716386836953461
17.557850503828377,0.09585084312129766
17.561982735060155,0.09585084312129766
17.566114966291934,0.0945378178730607
17.570247197523713,0.0919117673765868
17.574379428755492,0.0945378178730607
17.57851165998727,0.0945378178730607
17.58264389121905,0.0945378178730607
17.58677612245083,0.09585084312129766
17.590908353682607,0.0945378178730607
17.595040584914386,0.09585084312129766
17.599172816146165,0.0945378178730607
17.603305047377944,0.09716386836953461
17.607437278609723,0.09716386836953461
17.6115695098415,0.0945378178730607
17.61570174107328,0.0945378178730607
17.61983397230506,0.0945378178730607
17.62396620353684,0.0945378178730607
17.628098434768617,0.09585084312129766
17.632230666000396,0.09585084312129766
17.636362897232175,0.09585084312129766
17.640495128463954,0.09585084312129766
17.644627359695733,0.09322479262482375
17.64875959092751,0.09322479262482375
17.65289182215929,0.0945378178730607
17.65702405339107,0.09585084312129766
17.661156284622848,0.09585084312129766
17.665288515854627,0.0945378178730607
17.669420747086406,0.0945378178730607
17.673552978318185,0.09585084312129766
17.677685209549963,0.09585084312129766
17.681817440781742,0.0945378178730607
17.68594967201352,0.0945378178730607
17.6900819032453,0.09322479262482375
17.69421413447708,0.09322479262482375
17.698346365708858,0.09322479262482375
17.702478596940637,0.0945378178730607
17.706610828172415,0.0945378178730607
17.710743059404194,0.0945378178730607
17.714875290635973,0.09585084312129766
17.719007521867752,0.0945378178730607
17.72313975309953,0.09585084312129766
17.72727198433131,0.0945378178730607
17.73140421556309,0.09585084312129766
17.735536446794868,0.09585084312129766
17.739668678026646,0.09585084312129766
17.743800909258425,0.09585084312129766
17.747933140490204,0.0945378178730607
17.752065371721983,0.09585084312129766
17.756197602953762,0.09585084312129766
17.76032983418554,0.09716386836953461
17.76446206541732,0.0945378178730607
17.7685942966491,0.09322479262482375
17.772726527880877,0.0945378178730607
17.776858759112656,0.09585084312129766
17.780990990344435,0.0945378178730607
17.785123221576214,0.0945378178730607
17.789255452807993,0.0945378178730607
17.79338768403977,0.0945378178730607
17.79751991527155,0.0945378178730607
17.80165214650333,0.0945378178730607
17.805784377735108,0.0945378178730607
17.809916608966887,0.09585084312129766
17.814048840198666,0.09585084312129766
17.818181071430445,0.09716386836953461
17.822313302662224,0.09585084312129766
17.826445533894002,0.09585084312129766
17.83057776512578,0.0945378178730607
17.83470999635756,0.09322479262482375
17.83884222758934,0.09585084312129766
17.842974458821118,0.0945378178730607
17.847106690052897,0.0945378178730607
17.851238921284676,0.0945378178730607
17.855371152516454,0.0945378178730607
17.859503383748233,0.0945378178730607
17.863635614980012,0.0945378178730607
17.86776784621179,0.0945378178730607
17.87190007744357,0.0945378178730607
17.87603230867535,0.09585084312129766
17.880164539907128,0.09585084312129766
17.884296771138906,0.0945378178730607
17.888429002370685,0.09585084312129766
17.892561233602464,0.09322479262482375
17.896693464834243,0.0945378178730607
17.900825696066022,0.09322479262482375
17.9049579272978,0.0945378178730607
17.90909015852958,0.09322479262482375
17.91322238976136,0.0945378178730607
17.917354620993137,0.0945378178730607
17.921486852224916,0.09322479262482375
17.925619083456695,0.09322479262482375
17.929751314688474,0.0945378178730607
17.933883545920253,0.09585084312129766
17.93801577715203,0.09585084312129766
17.94214800838381,0.09585084312129766
17.94628023961559,0.0945378178730607
17.95041247084737,0.09585084312129766
17.954544702079147,0.0945378178730607
17.958676933310926,0.0945378178730607
17.962809164542705,0.0945378178730607
17.966941395774484,0.0945378178730607
17.971073627006263,0.09322479262482375
17.97520585823804,0.09322479262482375
17.97933808946982,0.0945378178730607
17.9834703207016,0.09585084312129766
17.987602551933378,0.0945378178730607
17.991734783165157,0.09585084312129766
17.995867014396936,0.09585084312129766
17.999999245628715,0.09322479262482375
18.004131476860493,0.0945378178730607
18.008263708092272,0.09322479262482375
18.01239593932405,0.09322479262482375
18.01652817055583,0.0945378178730607
18.02066040178761,0.0945378178730607
18.024792633019388,0.0945378178730607
18.028924864251167,0.0945378178730607
18.033057095482945,0.09322479262482375
18.037189326714724,0.0945378178730607
18.041321557946503,0.0945378178730607
18.045453789178282,0.0945378178730607
18.04958602041006,0.09322479262482375
18.05371825164184,0.0945378178730607
18.05785048287362,0.09322479262482375
18.061982714105397,0.0945378178730607
18.066114945337176,0.0945378178730607
18.070247176568955,0.0945378178730607
18.074379407800734,0.0945378178730607
18.078511639032513,0.0945378178730607
18.08264387026429,0.09322479262482375
18.08677610149607,0.0945378178730607
18.09090833272785,0.0945378178730607
18.09504056395963,0.09585084312129766
18.099172795191407,0.09585084312129766
18.103305026423186,0.09585084312129766
18.107437257654965,0.09585084312129766
18.111569488886744,0.0945378178730607
18.115701720118523,0.09322479262482375
18.1198339513503,0.09322479262482375
18.12396618258208,0.0919117673765868
18.12809841381386,0.09322479262482375
18.132230645045638,0.09322479262482375
18.136362876277417,0.0945378178730607
18.140495107509196,0.0945378178730607
18.144627338740975,0.0945378178730607
18.148759569972754,0.09716386836953461
18.152891801204532,0.09585084312129766
18.15702403243631,0.0919117673765868
18.16115626366809,0.09322479262482375
18.16528849489987,0.0945378178730607
18.169420726131648,0.0945378178730607
18.173552957363427,0.0945378178730607
18.177685188595206,0.0945378178730607
18.181817419826984,0.0919117673765868
18.185949651058763,0.0919117673765868
18.190081882290542,0.0919117673765868
18.19421411352232,0.0945378178730607
18.1983463447541,0.0945378178730607
18.20247857598588,0.0945378178730607
18.206610807217658,0.0945378178730607
18.210743038449436,0.0945378178730607
18.214875269681215,0.0945378178730607
18.219007500912994,0.09585084312129766
18.223139732144773,0.0945378178730607
18.227271963376552,0.09585084312129766
18.23140419460833,0.0945378178730607
18.23553642584011,0.09322479262482375
18.23966865707189,0.0945378178730607
18.243800888303667,0.09322479262482375
18.247933119535446,0.0945378178730607
18.252065350767225,0.0945378178730607
18.256197581999004,0.09585084312129766
18.260329813230783,0.09322479262482375
18.26446204446256,0.09322479262482375
18.26859427569434,0.09585084312129766
18.27272650692612,0.0945378178730607
18.276858738157898,0.0945378178730607
18.280990969389677,0.0945378178730607
18.285123200621456,0.0945378178730607
18.289255431853235,0.09585084312129766
18.293387663085014,0.0945378178730607
18.297519894316792,0.09322479262482375
18.30165212554857,0.0945378178730607
18.30578435678035,0.0945378178730607
18.30991658801213,0.0945378178730607
18.314048819243908,0.0945378178730607
18.318181050475687,0.0919117673765868
18.322313281707466,0.09585084312129766
18.326445512939245,0.09322479262482375
18.330577744171023,0.09322479262482375
18.334709975402802,0.09322479262482375
18.33884220663458,0.0945378178730607
18.34297443786636,0.09716386836953461
18.34710666909814,0.0945378178730607
18.351238900329918,0.09585084312129766
18.355371131561697,0.0945378178730607
18.359503362793475,0.0945378178730607
18.363635594025254,0.0945378178730607
18.367767825257033,0.09322479262482375
18.371900056488812,0.0945378178730607
18.37603228772059,0.0945378178730607
18.38016451895237,0.0945378178730607
18.38429675018415,0.09716386836953461
18.388428981415927,0.09322479262482375
18.392561212647706,0.0945378178730607
18.396693443879485,0.09322479262482375
18.400825675111264,0.0945378178730607
18.404957906343043,0.0945378178730607
18.40909013757482,0.09322479262482375
18.4132223688066,0.09322479262482375
18.41735460003838,0.09585084312129766
18.42148683127016,0.0945378178730607
18.425619062501937,0.09716386836953461
18.429751293733716,0.09585084312129766
18.433883524965495,0.09585084312129766
18.438015756197274,0.09322479262482375
18.442147987429053,0.09585084312129766
18.44628021866083,0.0945378178730607
18.45041244989261,0.09322479262482375
18.45454468112439,0.09322479262482375
18.458676912356168,0.09322479262482375
18.462809143587947,0.09322479262482375
18.466941374819726,0.0945378178730607
18.471073606051505,0.0945378178730607
18.475205837283283,0.0945378178730607
18.479338068515062,0.09585084312129766
18.48347029974684,0.09585084312129766
18.48760253097862,0.09585084312129766
18.4917347622104,0.0945378178730607
18.495866993442178,0.09585084312129766
18.499999224673957,0.0945378178730607
18.504131455905735,0.0945378178730607
18.508263687137514,0.0945378178730607
18.512395918369293,0.0945378178730607
18.516528149601072,0.09716386836953461
18.52066038083285,0.0945378178730607
18.52479261206463,0.09322479262482375
18.52892484329641,0.09585084312129766
18.533057074528188,0.09322479262482375
18.537189305759966,0.0945378178730607
18.541321536991745,0.0945378178730607
18.545453768223524,0.09585084312129766
18.549585999455303,0.0945378178730607
18.553718230687082,0.09585084312129766
18.55785046191886,0.09716386836953461
18.56198269315064,0.09716386836953461
18.56611492438242,0.09585084312129766
18.570247155614197,0.09585084312129766
18.574379386845976,0.0945378178730607
18.578511618077755,0.0945378178730607
18.582643849309534,0.0945378178730607
18.586776080541313,0.0945378178730607
18.59090831177309,0.0945378178730607
18.59504054300487,0.0945378178730607
18.59917277423665,0.09716386836953461
18.603305005468428,0.09585084312129766
18.607437236700207,0.09585084312129766
18.611569467931986,0.0945378178730607
18.615701699163765,0.0945378178730607
18.619833930395544,0.0945378178730607
18.623966161627322,0.0945378178730607
18.6280983928591,0.0945378178730607
18.63223062409088,0.0945378178730607
18.63636285532266,0.09585084312129766
18.640495086554438,0.09585084312129766
18.644627317786217,0.09585084312129766
18.648759549017996,0.09585084312129766
18.652891780249774,0.09585084312129766
18.657024011481553,0.09585084312129766
18.661156242713332,0.09322479262482375
18.66528847394511,0.0945378178730607
18.66942070517689,0.0945378178730607
18.67355293640867,0.09322479262482375
18.677685167640448,0.09585084312129766
18.681817398872226,0.0945378178730607
18.685949630104005,0.0945378178730607
18.690081861335784,0.09585084312129766
18.694214092567563,0.0945378178730607
18.698346323799342,0.09585084312129766
18.70247855503112,0.09585084312129766
18.7066107862629,0.09322479262482375
18.71074301749468,0.09585084312129766
18.714875248726457,0.09716386836953461
18.719007479958236,0.09585084312129766
18.723139711190015,0.09716386836953461
18.727271942421794,0.0945378178730607
18.731404173653573,0.09585084312129766
18.73553640488535,0.09322479262482375
18.73966863611713,0.09322479262482375
18.74380086734891,0.09322479262482375
18.74793309858069,0.09585084312129766
18.752065329812467,0.09716386836953461
18.756197561044246,0.09585084312129766
18.760329792276025,0.0945378178730607
18.764462023507804,0.09585084312129766
18.768594254739583,0.09585084312129766
18.77272648597136,0.0945378178730607
18.77685871720314,0.09585084312129766
18.78099094843492,0.09585084312129766
18.785123179666698,0.0945378178730607
18.789255410898477,0.09585084312129766
18.793387642130256,0.09322479262482375
18.797519873362035,0.09322479262482375
18.801652104593813,0.09322479262482375
18.805784335825592,0.09585084312129766
18.80991656705737,0.0945378178730607
18.81404879828915,0.09585084312129766
18.81818102952093,0.09716386836953461
18.822313260752708,0.09585084312129766
18.826445491984487,0.0945378178730607
18.830577723216265,0.09585084312129766
18.834709954448044,0.0945378178730607
18.838842185679823,0.0945378178730607
18.842974416911602,0.0945378178730607
18.84710664814338,0.0945378178730607
18.85123887937516,0.09585084312129766
18.85537111060694,0.09716386836953461
18.859503341838717,0.09716386836953461
18.863635573070496,0.09585084312129766
18.867767804302275,0.0945378178730607
18.871900035534054,0.0945378178730607
18.876032266765833,0.0945378178730607
18.88016449799761,0.09585084312129766
18.88429672922939,0.09322479262482375
18.88842896046117,0.09322479262482375
18.89256119169295,0.09716386836953461
18.896693422924727,0.09585084312129766
18.900825654156506,0.0945378178730607
18.904957885388285,0.09585084312129766
18.909090116620064,0.09585084312129766
18.913222347851843,0.0945378178730607
18.91735457908362,0.0945378178730607
18.9214868103154,0.0945378178730607
18.92561904154718,0.0945378178730607
18.929751272778958,0.09585084312129766
18.933883504010737,0.09585084312129766
18.938015735242516,0.09585084312129766
18.942147966474295,0.0945378178730607
18.946280197706074,0.09322479262482375
18.950412428937852,0.0945378178730607
18.95454466016963,0.0945378178730607
18.95867689140141,0.0945378178730607
18.96280912263319,0.09585084312129766
18.966941353864968,0.0945378178730607
18.971073585096747,0.09716386836953461
18.975205816328526,0.0945378178730607
18.979338047560304,0.09585084312129766
18.983470278792083,0.0945378178730607
18.987602510023862,0.09585084312129766
18.99173474125564,0.0945378178730607
18.99586697248742,0.09585084312129766
18.9999992037192,0.09585084312129766
19.004131434950978,0.09585084312129766
19.008263666182756,0.0945378178730607
19.012395897414535,0.0945378178730607
19.016528128646314,0.09322479262482375
19.020660359878093,0.0945378178730607
19.024792591109872,0.0945378178730607
19.02892482234165,0.0945378178730607
19.03305705357343,0.09585084312129766
19.03718928480521,0.0945378178730607
19.041321516036987,0.09716386836953461
19.045453747268766,0.09585084312129766
19.049585978500545,0.09585084312129766
19.053718209732324,0.09585084312129766
19.057850440964103,0.09585084312129766
19.06198267219588,0.09585084312129766
19.06611490342766,0.0945378178730607
19.07024713465944,0.0945378178730607
19.074379365891218,0.0945378178730607
19.078511597122997,0.0945378178730607
19.082643828354776,0.09585084312129766
19.086776059586555,0.09322479262482375
19.090908290818334,0.09585084312129766
19.095040522050112,0.09585084312129766
19.09917275328189,0.09585084312129766
19.10330498451367,0.09585084312129766
19.10743721574545,0.09585084312129766
19.111569446977228,0.09585084312129766
19.115701678209007,0.09585084312129766
19.119833909440786,0.09585084312129766
19.123966140672565,0.09585084312129766
19.128098371904343,0.0945378178730607
19.132230603136122,0.09585084312129766
19.1363628343679,0.09585084312129766
19.14049506559968,0.0945378178730607
19.14462729683146,0.0945378178730607
19.148759528063238,0.0945378178730607
19.152891759295017,0.0945378178730607
19.157023990526795,0.0945378178730607
19.161156221758574,0.09585084312129766
19.165288452990353,0.09585084312129766
19.169420684222132,0.09716386836953461
19.17355291545391,0.0945378178730607
19.17768514668569,0.09716386836953461
19.18181737791747,0.09585084312129766
19.185949609149247,0.09585084312129766
19.190081840381026,0.09716386836953461
19.194214071612805,0.09585084312129766
19.198346302844584,0.09585084312129766
19.202478534076363,0.09585084312129766
19.20661076530814,0.0945378178730607
19.21074299653992,0.0945378178730607
19.2148752277717,0.0945378178730607
19.21900745900348,0.0945378178730607
19.223139690235257,0.09585084312129766
19.227271921467036,0.0945378178730607
19.231404152698815,0.09322479262482375
19.235536383930594,0.0945378178730607
19.239668615162373,0.0945378178730607
19.24380084639415,0.09716386836953461
19.24793307762593,0.0945378178730607
19.25206530885771,0.09585084312129766
19.256197540089488,0.09585084312129766
19.260329771321267,0.0945378178730607
19.264462002553046,0.09585084312129766
19.268594233784825,0.0945378178730607
19.272726465016603,0.0945378178730607
19.276858696248382,0.0945378178730607
19.28099092748016,0.0945378178730607
19.28512315871194,0.0945378178730607
19.28925538994372,0.09322479262482375
19.293387621175498,0.09322479262482375
19.297519852407277,0.09322479262482375
19.301652083639055,0.0945378178730607
19.305784314870834,0.0945378178730607
19.309916546102613,0.0945378178730607
19.314048777334392,0.09585084312129766
19.31818100856617,0.09585084312129766
19.32231323979795,0.09585084312129766
19.32644547102973,0.09716386836953461
19.330577702261508,0.09585084312129766
19.334709933493286,0.0945378178730607
19.338842164725065,0.09585084312129766
19.342974395956844,0.09585084312129766
19.347106627188623,0.09585084312129766
19.351238858420402,0.09585084312129766
19.35537108965218,0.09716386836953461
19.35950332088396,0.0945378178730607
19.36363555211574,0.0945378178730607
19.367767783347517,0.0945378178730607
19.371900014579296,0.09585084312129766
19.376032245811075,0.09585084312129766
19.380164477042854,0.0945378178730607
19.384296708274633,0.09585084312129766
19.38842893950641,0.09585084312129766
19.39256117073819,0.09585084312129766
19.39669340196997,0.09585084312129766
19.400825633201748,0.0945378178730607
19.404957864433527,0.0945378178730607
19.409090095665306,0.0945378178730607
19.413222326897085,0.0945378178730607
19.417354558128864,0.09322479262482375
19.421486789360642,0.09322479262482375
19.42561902059242,0.0945378178730607
19.4297512518242,0.09585084312129766
19.43388348305598,0.0945378178730607
19.438015714287758,0.09585084312129766
19.442147945519537,0.0945378178730607
19.446280176751316,0.0945378178730607
19.450412407983094,0.0945378178730607
19.454544639214873,0.0945378178730607
19.458676870446652,0.09585084312129766
19.46280910167843,0.0945378178730607
19.46694133291021,0.09585084312129766
19.47107356414199,0.09585084312129766
19.475205795373768,0.09585084312129766
19.479338026605546,0.0945378178730607
19.483470257837325,0.0945378178730607
19.487602489069104,0.0945378178730607
19.491734720300883,0.0945378178730607
19.495866951532662,0.0945378178730607
19.49999918276444,0.09585084312129766
19.50413141399622,0.0945378178730607
19.508263645228,0.09322479262482375
19.512395876459777,0.0945378178730607
19.516528107691556,0.09585084312129766
19.520660338923335,0.0945378178730607
19.524792570155114,0.09585084312129766
19.528924801386893,0.09585084312129766
19.53305703261867,0.09585084312129766
19.53718926385045,0.0945378178730607
19.54132149508223,0.09585084312129766
19.54545372631401,0.0945378178730607
19.549585957545787,0.0945378178730607
19.553718188777566,0.0945378178730607
19.557850420009345,0.0945378178730607
19.561982651241124,0.0945378178730607
19.566114882472903,0.0945378178730607
19.57024711370468,0.09322479262482375
19.57437934493646,0.09716386836953461
19.57851157616824,0.09322479262482375
19.582643807400018,0.0945378178730607
19.586776038631797,0.0945378178730607
19.590908269863576,0.09585084312129766
19.595040501095355,0.09585084312129766
19.599172732327133,0.0945378178730607
19.603304963558912,0.09585084312129766
19.60743719479069,0.09585084312129766
19.61156942602247,0.0945378178730607
19.61570165725425,0.09322479262482375
19.619833888486028,0.0945378178730607
19.623966119717807,0.0945378178730607
19.628098350949585,0.09322479262482375
19.632230582181364,0.0945378178730607
19.636362813413143,0.0945378178730607
19.640495044644922,0.0945378178730607
19.6446272758767,0.09322479262482375
19.64875950710848,0.09585084312129766
19.65289173834026,0.09585084312129766
19.657023969572037,0.0945378178730607
19.661156200803816,0.09585084312129766
19.665288432035595,0.0945378178730607
19.669420663267374,0.0945378178730607
19.673552894499153,0.0945378178730607
19.67768512573093,0.0945378178730607
19.68181735696271,0.0945378178730607
19.68594958819449,0.09322479262482375
19.69008181942627,0.09322479262482375
19.694214050658047,0.0945378178730607
19.698346281889826,0.09585084312129766
19.702478513121605,0.0919117673765868
19.706610744353384,0.09322479262482375
19.710742975585163,0.0945378178730607
19.71487520681694,0.0945378178730607
19.71900743804872,0.09322479262482375
19.7231396692805,0.09585084312129766
19.727271900512278,0.09322479262482375
19.731404131744057,0.0945378178730607
19.735536362975836,0.0945378178730607
19.739668594207615,0.0945378178730607
19.743800825439394,0.09585084312129766
19.747933056671172,0.09585084312129766
19.75206528790295,0.09585084312129766
19.75619751913473,0.0945378178730607
19.76032975036651,0.0945378178730607
19.764461981598288,0.09585084312129766
19.768594212830067,0.0945378178730607
19.772726444061846,0.0945378178730607
19.776858675293624,0.0945378178730607
19.780990906525403,0.0945378178730607
19.785123137757182,0.0945378178730607
19.78925536898896,0.09322479262482375
19.79338760022074,0.09585084312129766
19.79751983145252,0.0945378178730607
19.801652062684298,0.0945378178730607
19.805784293916076,0.09716386836953461
19.809916525147855,0.0945378178730607
19.814048756379634,0.09585084312129766
19.818180987611413,0.09585084312129766
19.822313218843192,0.09585084312129766
19.82644545007497,0.0945378178730607
19.83057768130675,0.0945378178730607
19.83470991253853,0.09322479262482375
19.838842143770307,0.0945378178730607
19.842974375002086,0.0945378178730607
19.847106606233865,0.0945378178730607
19.851238837465644,0.0945378178730607
19.855371068697423,0.09716386836953461
19.8595032999292,0.0945378178730607
19.86363553116098,0.09585084312129766
19.86776776239276,0.0945378178730607
19.871899993624538,0.09585084312129766
19.876032224856317,0.09716386836953461
19.880164456088096,0.09585084312129766
19.884296687319875,0.0945378178730607
19.888428918551654,0.0945378178730607
19.892561149783432,0.09322479262482375
19.89669338101521,0.0945378178730607
19.90082561224699,0.09585084312129766
19.90495784347877,0.0945378178730607
19.909090074710548,0.0945378178730607
19.913222305942327,0.0945378178730607
19.917354537174106,0.0945378178730607
19.921486768405885,0.09585084312129766
19.925618999637663,0.0945378178730607
19.929751230869442,0.09322479262482375
19.93388346210122,0.09585084312129766
19.938015693333,0.09585084312129766
19.94214792456478,0.0945378178730607
19.946280155796558,0.09585084312129766
19.950412387028337,0.0945378178730607
19.954544618260115,0.0945378178730607
19.958676849491894,0.09322479262482375
19.962809080723673,0.09585084312129766
19.966941311955452,0.0945378178730607
19.97107354318723,0.09322479262482375
19.97520577441901,0.0945378178730607
19.97933800565079,0.0945378178730607
19.983470236882567,0.0945378178730607
19.987602468114346,0.09585084312129766
19.991734699346125,0.09585084312129766
19.995866930577904,0.09585084312129766
19.999999161809683,0.09716386836953461
20.00413139304146,0.09585084312129766
20.00826362427324,0.09585084312129766
20.01239585550502,0.09585084312129766
20.0165280867368,0.0945378178730607
20.020660317968577,0.0945378178730607
20.024792549200356,0.0945378178730607
20.028924780432135,0.09322479262482375
20.033057011663914,0.09322479262482375
20.037189242895693,0.0945378178730607
20.04132147412747,0.0945378178730607
20.04545370535925,0.0945378178730607
20.04958593659103,0.0945378178730607
20.053718167822808,0.09585084312129766
20.057850399054587,0.0945378178730607
20.061982630286366,0.0945378178730607
20.066114861518145,0.0945378178730607
20.070247092749923,0.0945378178730607
20.074379323981702,0.0945378178730607
20.07851155521348,0.09322479262482375
20.08264378644526,0.09585084312129766
20.08677601767704,0.09585084312129766
20.090908248908818,0.0945378178730607
20.095040480140597,0.09585084312129766
20.099172711372375,0.09585084312129766
20.103304942604154,0.0945378178730607
20.107437173835933,0.09322479262482375
20.111569405067712,0.09585084312129766
20.11570163629949,0.0945378178730607
20.11983386753127,0.0945378178730607
20.12396609876305,0.09322479262482375
20.128098329994828,0.0945378178730607
20.132230561226606,0.0945378178730607
20.136362792458385,0.0945378178730607
20.140495023690164,0.09585084312129766
20.144627254921943,0.09585084312129766
20.148759486153722,0.0945378178730607
20.1528917173855,0.0945378178730607
20.15702394861728,0.0945378178730607
20.16115617984906,0.0945378178730607
20.165288411080837,0.09585084312129766
20.169420642312616,0.0945378178730607
20.173552873544395,0.0919117673765868
20.177685104776174,0.09322479262482375
20.181817336007953,0.09322479262482375
20.18594956723973,0.0945378178730607
20.19008179847151,0.09585084312129766
20.19421402970329,0.09585084312129766
20.198346260935068,0.0945378178730607
20.202478492166847,0.0945378178730607
20.206610723398626,0.09585084312129766
20.210742954630405,0.09585084312129766
20.214875185862184,0.09585084312129766
20.219007417093962,0.0945378178730607
20.22313964832574,0.09322479262482375
20.22727187955752,0.09585084312129766
20.2314041107893,0.09585084312129766
20.235536342021078,0.0945378178730607
20.239668573252857,0.0945378178730607
20.243800804484636,0.0945378178730607
20.247933035716414,0.0945378178730607
20.252065266948193,0.09322479262482375
20.256197498179972,0.0945378178730607
20.26032972941175,0.0945378178730607
20.26446196064353,0.0945378178730607
20.26859419187531,0.09585084312129766
20.272726423107088,0.09585084312129766
20.276858654338866,0.09585084312129766
20.280990885570645,0.0945378178730607
20.285123116802424,0.0945378178730607
20.289255348034203,0.0945378178730607
20.293387579265982,0.09585084312129766
20.29751981049776,0.0945378178730607
20.30165204172954,0.09585084312129766
20.30578427296132,0.0945378178730607
20.309916504193097,0.09322479262482375
20.314048735424876,0.09322479262482375
20.318180966656655,0.09585084312129766
20.322313197888434,0.09322479262482375
20.326445429120213,0.09585084312129766
20.33057766035199,0.09322479262482375
20.33470989158377,0.0945378178730607
20.33884212281555,0.0945378178730607
20.34297435404733,0.0945378178730607
20.347106585279107,0.0945378178730607
20.351238816510886,0.0945378178730607
20.355371047742665,0.09585084312129766
20.359503278974444,0.09322479262482375
20.363635510206223,0.0945378178730607
20.367767741438,0.09585084312129766
20.37189997266978,0.0945378178730607
20.37603220390156,0.09322479262482375
20.380164435133338,0.0945378178730607
20.384296666365117,0.09322479262482375
20.388428897596896,0.09322479262482375
20.392561128828675,0.0945378178730607
20.396693360060453,0.09716386836953461
20.400825591292232,0.09585084312129766
20.40495782252401,0.09322479262482375
20.40909005375579,0.09322479262482375
20.41322228498757,0.09585084312129766
20.417354516219348,0.09585084312129766
20.421486747451127,0.0945378178730607
20.425618978682905,0.09585084312129766
20.429751209914684,0.09585084312129766
20.433883441146463,0.09585084312129766
20.438015672378242,0.09585084312129766
20.44214790361002,0.0945378178730607
20.4462801348418,0.0945378178730607
20.45041236607358,0.0945378178730607
20.454544597305357,0.0945378178730607
20.458676828537136,0.0945378178730607
20.462809059768915,0.09585084312129766
20.466941291000694,0.0945378178730607
20.471073522232473,0.09585084312129766
20.47520575346425,0.09585084312129766
20.47933798469603,0.09585084312129766
20.48347021592781,0.09585084312129766
20.48760244715959,0.09322479262482375
20.491734678391367,0.09322479262482375
20.495866909623146,0.0945378178730607
20.499999140854925,0.0945378178730607
20.504131372086704,0.09585084312129766
20.508263603318483,0.09585084312129766
20.51239583455026,0.09585084312129766
20.51652806578204,0.0919117673765868
20.52066029701382,0.0945378178730607
20.524792528245598,0.09322479262482375
20.528924759477377,0.0945378178730607
20.533056990709156,0.0945378178730607
20.537189221940935,0.0945378178730607
20.541321453172714,0.0945378178730607
20.545453684404492,0.09585084312129766
20.54958591563627,0.09585084312129766
20.55371814686805,0.09585084312129766
20.55785037809983,0.0945378178730607
20.561982609331608,0.09585084312129766
20.566114840563387,0.0945378178730607
20.570247071795166,0.09322479262482375
20.574379303026944,0.0945378178730607
20.578511534258723,0.09585084312129766
20.582643765490502,0.09585084312129766
20.58677599672228,0.0945378178730607
20.59090822795406,0.09585084312129766
20.59504045918584,0.09322479262482375
20.599172690417618,0.0945378178730607
20.603304921649396,0.0945378178730607
20.607437152881175,0.0945378178730607
20.611569384112954,0.0945378178730607
20.615701615344733,0.0945378178730607
20.619833846576512,0.0945378178730607
20.62396607780829,0.09322479262482375
20.62809830904007,0.0945378178730607
20.63223054027185,0.0945378178730607
20.636362771503627,0.09585084312129766
20.640495002735406,0.0945378178730607
20.644627233967185,0.09585084312129766
20.648759465198964,0.09585084312129766
20.652891696430743,0.09322479262482375
20.65702392766252,0.09322479262482375
20.6611561588943,0.09322479262482375
20.66528839012608,0.0945378178730607
20.669420621357858,0.09322479262482375
20.673552852589637,0.09585084312129766
20.677685083821416,0.09585084312129766
20.681817315053195,0.0945378178730607
20.685949546284974,0.09322479262482375
20.690081777516752,0.0945378178730607
20.69421400874853,0.0945378178730607
20.69834623998031,0.09585084312129766
20.70247847121209,0.09585084312129766
20.706610702443868,0.0945378178730607
20.710742933675647,0.09585084312129766
20.714875164907426,0.09585084312129766
20.719007396139205,0.09585084312129766
20.723139627370983,0.0945378178730607
20.727271858602762,0.09585084312129766
20.73140408983454,0.0945378178730607
20.73553632106632,0.0945378178730607
20.7396685522981,0.0945378178730607
20.743800783529878,0.09585084312129766
20.747933014761657,0.0945378178730607
20.752065245993435,0.09322479262482375
20.756197477225214,0.0945378178730607
20.760329708456993,0.09716386836953461
20.764461939688772,0.0945378178730607
20.76859417092055,0.09585084312129766
20.77272640215233,0.09585084312129766
20.77685863338411,0.0945378178730607
20.780990864615887,0.09585084312129766
20.785123095847666,0.09322479262482375
20.789255327079445,0.0945378178730607
20.793387558311224,0.0945378178730607
20.797519789543003,0.0945378178730607
20.80165202077478,0.09322479262482375
20.80578425200656,0.0945378178730607
20.80991648323834,0.09585084312129766
20.81404871447012,0.09322479262482375
20.818180945701897,0.09322479262482375
20.822313176933676,0.09585084312129766
20.826445408165455,0.09585084312129766
20.830577639397234,0.0945378178730607
20.834709870629013,0.09585084312129766
20.83884210186079,0.0945378178730607
20.84297433309257,0.09585084312129766
20.84710656432435,0.09585084312129766
20.851238795556128,0.09322479262482375
20.855371026787907,0.0945378178730607
20.859503258019686,0.09322479262482375
20.863635489251465,0.0945378178730607
20.867767720483243,0.09322479262482375
20.871899951715022,0.09585084312129766
20.8760321829468,0.0945378178730607
20.88016441417858,0.09322479262482375
20.88429664541036,0.0945378178730607
20.888428876642138,0.09585084312129766
20.892561107873917,0.09716386836953461
20.896693339105695,0.09716386836953461
20.900825570337474,0.0945378178730607
20.904957801569253,0.0945378178730607
20.909090032801032,0.0945378178730607
20.91322226403281,0.09322479262482375
20.91735449526459,0.09322479262482375
20.92148672649637,0.0945378178730607
20.925618957728148,0.0945378178730607
20.929751188959926,0.0945378178730607
20.933883420191705,0.0945378178730607
20.938015651423484,0.09322479262482375
20.942147882655263,0.0945378178730607
20.946280113887042,0.0945378178730607
20.95041234511882,0.09322479262482375
20.9545445763506,0.09322479262482375
20.95867680758238,0.0945378178730607
20.962809038814157,0.09716386836953461
20.966941270045936,0.0945378178730607
20.971073501277715,0.09322479262482375
20.975205732509494,0.09585084312129766
20.979337963741273,0.09585084312129766
20.98347019497305,0.09585084312129766
20.98760242620483,0.0945378178730607
20.99173465743661,0.09585084312129766
20.995866888668388,0.09716386836953461
20.999999119900167,0.09585084312129766
21.004131351131946,0.09322479262482375
21.008263582363725,0.09585084312129766
21.012395813595504,0.09322479262482375
21.016528044827282,0.0945378178730607
21.02066027605906,0.0945378178730607
21.02479250729084,0.0945378178730607
21.02892473852262,0.0945378178730607
21.033056969754398,0.09585084312129766
21.037189200986177,0.0945378178730607
21.041321432217956,0.0945378178730607
21.045453663449734,0.09322479262482375
21.049585894681513,0.0945378178730607
21.053718125913292,0.09585084312129766
21.05785035714507,0.09585084312129766
21.06198258837685,0.09585084312129766
21.06611481960863,0.0945378178730607
21.070247050840408,0.09585084312129766
21.074379282072186,0.09585084312129766
21.078511513303965,0.0945378178730607
21.082643744535744,0.09585084312129766
21.086775975767523,0.09322479262482375
21.090908206999302,0.09322479262482375
21.09504043823108,0.09585084312129766
21.09917266946286,0.09585084312129766
21.10330490069464,0.09322479262482375
21.107437131926417,0.09322479262482375
21.111569363158196,0.09585084312129766
21.115701594389975,0.0945378178730607
21.119833825621754,0.09585084312129766
21.123966056853533,0.09322479262482375
21.12809828808531,0.0945378178730607
21.13223051931709,0.09716386836953461
21.13636275054887,0.0945378178730607
21.14049498178065,0.09585084312129766
21.144627213012427,0.0945378178730607
21.148759444244206,0.09585084312129766
21.152891675475985,0.0945378178730607
21.157023906707764,0.09322479262482375
21.161156137939543,0.09322479262482375
21.16528836917132,0.09322479262482375
21.1694206004031,0.0945378178730607
21.17355283163488,0.09585084312129766
21.177685062866658,0.09585084312129766
21.181817294098437,0.09716386836953461
21.185949525330216,0.0945378178730607
21.190081756561995,0.0945378178730607
21.194213987793773,0.09322479262482375
21.198346219025552,0.09322479262482375
21.20247845025733,0.0945378178730607
21.20661068148911,0.09716386836953461
21.21074291272089,0.0919117673765868
21.214875143952668,0.09716386836953461
21.219007375184447,0.09585084312129766
21.223139606416225,0.0945378178730607
21.227271837648004,0.09585084312129766
21.231404068879783,0.09585084312129766
21.235536300111562,0.0945378178730607
21.23966853134334,0.09716386836953461
21.24380076257512,0.0945378178730607
21.2479329938069,0.0945378178730607
21.252065225038677,0.09585084312129766
21.256197456270456,0.0945378178730607
21.260329687502235,0.0945378178730607
21.264461918734014,0.09322479262482375
21.268594149965793,0.09322479262482375
21.27272638119757,0.0945378178730607
21.27685861242935,0.09585084312129766
21.28099084366113,0.0945378178730607
21.28512307489291,0.0945378178730607
21.289255306124687,0.09585084312129766
21.293387537356466,0.0945378178730607
21.297519768588245,0.09585084312129766
21.301651999820024,0.0945378178730607
21.305784231051803,0.0945378178730607
21.30991646228358,0.0945378178730607
21.31404869351536,0.09585084312129766
21.31818092474714,0.09716386836953461
21.322313155978918,0.09585084312129766
21.326445387210697,0.09585084312129766
21.330577618442476,0.0945378178730607
21.334709849674255,0.0945378178730607
21.338842080906034,0.09585084312129766
21.342974312137812,0.0945378178730607
21.34710654336959,0.0945378178730607
21.35123877460137,0.0945378178730607
21.35537100583315,0.0945378178730607
21.359503237064928,0.0945378178730607
21.363635468296707,0.0945378178730607
21.367767699528486,0.0945378178730607
21.371899930760264,0.09585084312129766
21.376032161992043,0.0945378178730607
21.380164393223822,0.09585084312129766
21.3842966244556,0.09585084312129766
21.38842885568738,0.0945378178730607
21.39256108691916,0.09585084312129766
21.396693318150938,0.09585084312129766
21.400825549382716,0.09585084312129766
21.404957780614495,0.0945378178730607
21.409090011846274,0.09322479262482375
21.413222243078053,0.09322479262482375
21.417354474309832,0.09322479262482375
21.42148670554161,0.09322479262482375
21.42561893677339,0.0945378178730607
21.42975116800517,0.0945378178730607
21.433883399236947,0.0945378178730607
21.438015630468726,0.09585084312129766
21.442147861700505,0.0945378178730607
21.446280092932284,0.0945378178730607
21.450412324164063,0.0945378178730607
21.45454455539584,0.0945378178730607
21.45867678662762,0.09585084312129766
21.4628090178594,0.0945378178730607
21.466941249091178,0.09585084312129766
21.471073480322957,0.0945378178730607
21.475205711554736,0.09585084312129766
21.479337942786515,0.09585084312129766
21.483470174018294,0.0945378178730607
21.487602405250072,0.0945378178730607
21.49173463648185,0.0945378178730607
21.49586686771363,0.0945378178730607
21.49999909894541,0.0945378178730607
21.504131330177188,0.0945378178730607
21.508263561408967,0.09322479262482375
21.512395792640746,0.0945378178730607
21.516528023872524,0.09585084312129766
21.520660255104303,0.09716386836953461
21.524792486336082,0.09585084312129766
21.52892471756786,0.0945378178730607
21.53305694879964,0.0945378178730607
21.53718918003142,0.09585084312129766
21.541321411263198,0.0945378178730607
21.545453642494977,0.09322479262482375
21.549585873726755,0.09585084312129766
21.553718104958534,0.09585084312129766
21.557850336190313,0.09585084312129766
21.561982567422092,0.0945378178730607
21.56611479865387,0.09322479262482375
21.57024702988565,0.0945378178730607
21.57437926111743,0.0945378178730607
21.578511492349207,0.09585084312129766
21.582643723580986,0.09716386836953461
21.586775954812765,0.0945378178730607
21.590908186044544,0.09585084312129766
21.595040417276323,0.09585084312129766
21.5991726485081,0.0945378178730607
21.60330487973988,0.09585084312129766
21.60743711097166,0.09585084312129766
21.61156934220344,0.09585084312129766
21.615701573435217,0.09585084312129766
21.619833804666996,0.0945378178730607
21.623966035898775,0.09585084312129766
21.628098267130554,0.09322479262482375
21.632230498362333,0.09585084312129766
21.63636272959411,0.0945378178730607
21.64049496082589,0.09585084312129766
21.64462719205767,0.0945378178730607
21.648759423289448,0.09716386836953461
21.652891654521227,0.09585084312129766
21.657023885753006,0.09585084312129766
21.661156116984785,0.09585084312129766
21.665288348216563,0.09585084312129766
21.669420579448342,0.09585084312129766
21.67355281068012,0.0945378178730607
21.6776850419119,0.0945378178730607
21.68181727314368,0.0945378178730607
21.685949504375458,0.09585084312129766
21.690081735607237,0.09585084312129766
21.694213966839015,0.0945378178730607
21.698346198070794,0.09585084312129766
21.702478429302573,0.0945378178730607
21.706610660534352,0.0945378178730607
21.71074289176613,0.09585084312129766
21.71487512299791,0.09585084312129766
21.71900735422969,0.09585084312129766
21.723139585461468,0.09585084312129766
21.727271816693246,0.0945378178730607
21.731404047925025,0.09585084312129766
21.735536279156804,0.09585084312129766
21.739668510388583,0.0945378178730607
21.743800741620362,0.09585084312129766
21.74793297285214,0.09585084312129766
21.75206520408392,0.0945378178730607
21.7561974353157,0.09585084312129766
21.760329666547477,0.09585084312129766
21.764461897779256,0.0945378178730607
21.768594129011035,0.09322479262482375
21.772726360242814,0.0945378178730607
21.776858591474593,0.09322479262482375
21.78099082270637,0.0945378178730607
21.78512305393815,0.0945378178730607
21.78925528516993,0.0945378178730607
21.793387516401708,0.09716386836953461
21.797519747633487,0.0945378178730607
21.801651978865266,0.09716386836953461
21.805784210097045,0.09585084312129766
21.809916441328824,0.09716386836953461
21.814048672560602,0.09585084312129766
21.81818090379238,0.0945378178730607
21.82231313502416,0.09585084312129766
21.82644536625594,0.09585084312129766
21.830577597487718,0.0945378178730607
21.834709828719497,0.09585084312129766
21.838842059951276,0.09585084312129766
21.842974291183054,0.09585084312129766
21.847106522414833,0.0945378178730607
21.851238753646612,0.0945378178730607
21.85537098487839,0.09585084312129766
21.85950321611017,0.0945378178730607
21.86363544734195,0.09585084312129766
21.867767678573728,0.0945378178730607
21.871899909805506,0.09585084312129766
21.876032141037285,0.09585084312129766
21.880164372269064,0.09585084312129766
21.884296603500843,0.0945378178730607
21.888428834732622,0.09585084312129766
21.8925610659644,0.0945378178730607
21.89669329719618,0.09716386836953461
21.90082552842796,0.09716386836953461
21.904957759659737,0.09585084312129766
21.909089990891516,0.09585084312129766
21.913222222123295,0.0945378178730607
21.917354453355074,0.0945378178730607
21.921486684586853,0.0945378178730607
21.92561891581863,0.0945378178730607
21.92975114705041,0.0945378178730607
21.93388337828219,0.0945378178730607
21.93801560951397,0.09716386836953461
21.942147840745747,0.09716386836953461
21.946280071977526,0.09585084312129766
21.950412303209305,0.0945378178730607
21.954544534441084,0.0945378178730607
21.958676765672863,0.09585084312129766
21.96280899690464,0.0945378178730607
21.96694122813642,0.0945378178730607
21.9710734593682,0.09585084312129766
21.975205690599978,0.0945378178730607
21.979337921831757,0.0945378178730607
21.983470153063536,0.0945378178730607
21.987602384295315,0.09585084312129766
21.991734615527093,0.09585084312129766
21.995866846758872,0.0945378178730607
21.99999907799065,0.09716386836953461
22.00413130922243,0.09585084312129766
22.00826354045421,0.0945378178730607
22.012395771685988,0.09585084312129766
22.016528002917767,0.09716386836953461
22.020660234149545,0.09585084312129766
22.024792465381324,0.09585084312129766
22.028924696613103,0.09585084312129766
22.033056927844882,0.0945378178730607
22.03718915907666,0.0945378178730607
22.04132139030844,0.0945378178730607
22.04545362154022,0.09585084312129766
22.049585852771997,0.09716386836953461
22.053718084003776,0.0945378178730607
22.057850315235555,0.09585084312129766
22.061982546467334,0.09716386836953461
22.066114777699113,0.09585084312129766
22.07024700893089,0.09716386836953461
22.07437924016267,0.09585084312129766
22.07851147139445,0.0945378178730607
22.08264370262623,0.09585084312129766
22.086775933858007,0.0945378178730607
22.090908165089786,0.09716386836953461
22.095040396321565,0.09585084312129766
22.099172627553344,0.0945378178730607
22.103304858785123,0.09585084312129766
22.1074370900169,0.09585084312129766
22.11156932124868,0.09585084312129766
22.11570155248046,0.09585084312129766
22.119833783712238,0.0945378178730607
22.123966014944017,0.09585084312129766
22.128098246175796,0.09716386836953461
22.132230477407575,0.09585084312129766
22.136362708639354,0.0945378178730607
22.140494939871132,0.09585084312129766
22.14462717110291,0.09716386836953461
22.14875940233469,0.09585084312129766
22.15289163356647,0.09585084312129766
22.157023864798248,0.0945378178730607
22.161156096030027,0.09585084312129766
22.165288327261806,0.09585084312129766
22.169420558493584,0.0945378178730607
22.173552789725363,0.09585084312129766
22.177685020957142,0.0945378178730607
22.18181725218892,0.0945378178730607
22.1859494834207,0.0945378178730607
22.19008171465248,0.09585084312129766
22.194213945884258,0.09585084312129766
22.198346177116036,0.0945378178730607
22.202478408347815,0.0945378178730607
22.206610639579594,0.09716386836953461
22.210742870811373,0.09716386836953461
22.214875102043152,0.09716386836953461
22.21900733327493,0.09716386836953461
22.22313956450671,0.09585084312129766
22.22727179573849,0.09716386836953461
22.231404026970267,0.09585084312129766
22.235536258202046,0.09585084312129766
22.239668489433825,0.0945378178730607
22.243800720665604,0.09585084312129766
22.247932951897383,0.0945378178730607
22.25206518312916,0.09585084312129766
22.25619741436094,0.09716386836953461
22.26032964559272,0.09322479262482375
22.264461876824498,0.09585084312129766
22.268594108056277,0.09585084312129766
22.272726339288056,0.09585084312129766
22.276858570519835,0.09716386836953461
22.280990801751614,0.09585084312129766
22.285123032983392,0.0945378178730607
22.28925526421517,0.09585084312129766
22.29338749544695,0.09585084312129766
22.29751972667873,0.09322479262482375
22.301651957910508,0.09585084312129766
22.305784189142287,0.0945378178730607
22.309916420374066,0.09585084312129766
22.314048651605844,0.0945378178730607
22.318180882837623,0.09585084312129766
22.322313114069402,0.09585084312129766
22.32644534530118,0.09585084312129766
22.33057757653296,0.09585084312129766
22.33470980776474,0.09585084312129766
22.338842038996518,0.09847689361777157
22.342974270228297,0.09585084312129766
22.347106501460075,0.09585084312129766
22.351238732691854,0.09585084312129766
22.355370963923633,0.09585084312129766
22.359503195155412,0.0945378178730607
22.36363542638719,0.0945378178730607
22.36776765761897,0.0945378178730607
22.37189988885075,0.0945378178730607
22.376032120082527,0.09585084312129766
22.380164351314306,0.09585084312129766
22.384296582546085,0.0945378178730607
22.388428813777864,0.0945378178730607
22.392561045009643,0.0945378178730607
22.39669327624142,0.09585084312129766
22.4008255074732,0.0945378178730607
22.40495773870498,0.0945378178730607
22.40908996993676,0.0945378178730607
22.413222201168537,0.09585084312129766
22.417354432400316,0.09585084312129766
22.421486663632095,0.0945378178730607
22.425618894863874,0.09716386836953461
22.429751126095653,0.09585084312129766
22.43388335732743,0.0945378178730607
22.43801558855921,0.09585084312129766
22.44214781979099,0.09322479262482375
22.446280051022768,0.09585084312129766
22.450412282254547,0.09585084312129766
22.454544513486326,0.0945378178730607
22.458676744718105,0.0945378178730607
22.462808975949883,0.0945378178730607
22.466941207181662,0.0945378178730607
22.47107343841344,0.0945378178730607
22.47520566964522,0.0945378178730607
22.479337900877,0.0945378178730607
22.483470132108778,0.09585084312129766
22.487602363340557,0.0945378178730607
22.491734594572335,0.09585084312129766
22.495866825804114,0.09585084312129766
22.499999057035893,0.0945378178730607
22.504131288267672,0.09585084312129766
22.50826351949945,0.09585084312129766
22.51239575073123,0.09585084312129766
22.51652798196301,0.09322479262482375
22.520660213194788,0.0945378178730607
22.524792444426566,0.09322479262482375
22.528924675658345,0.09322479262482375
22.533056906890124,0.09585084312129766
22.537189138121903,0.09322479262482375
22.541321369353682,0.09585084312129766
22.54545360058546,0.09585084312129766
22.54958583181724,0.0945378178730607
22.55371806304902,0.09585084312129766
22.557850294280797,0.09585084312129766
22.561982525512576,0.0945378178730607
22.566114756744355,0.09585084312129766
22.570246987976134,0.0945378178730607
22.574379219207913,0.09322479262482375
22.57851145043969,0.0945378178730607
22.58264368167147,0.0945378178730607
22.58677591290325,0.0945378178730607
22.590908144135028,0.0945378178730607
22.595040375366807,0.09585084312129766
22.599172606598586,0.0945378178730607
22.603304837830365,0.09585084312129766
22.607437069062144,0.0945378178730607
22.611569300293922,0.0945378178730607
22.6157015315257,0.0945378178730607
22.61983376275748,0.0945378178730607
22.62396599398926,0.0945378178730607
22.628098225221038,0.0945378178730607
22.632230456452817,0.09322479262482375
22.636362687684596,0.09585084312129766
22.640494918916374,0.09585084312129766
22.644627150148153,0.0945378178730607
22.648759381379932,0.0945378178730607
22.65289161261171,0.0945378178730607
22.65702384384349,0.0945378178730607
22.66115607507527,0.09322479262482375
22.665288306307048,0.09585084312129766
22.669420537538826,0.09585084312129766
22.673552768770605,0.09322479262482375
22.677685000002384,0.09585084312129766
22.681817231234163,0.09322479262482375
22.685949462465942,0.0945378178730607
22.69008169369772,0.09585084312129766
22.6942139249295,0.09322479262482375
22.69834615616128,0.09716386836953461
22.702478387393057,0.09585084312129766
22.706610618624836,0.0945378178730607
22.710742849856615,0.09322479262482375
22.714875081088394,0.0945378178730607
22.719007312320173,0.09585084312129766
22.72313954355195,0.09585084312129766
22.72727177478373,0.09585084312129766
22.73140400601551,0.09322479262482375
22.73553623724729,0.09585084312129766
22.739668468479067,0.0945378178730607
22.743800699710846,0.0945378178730607
22.747932930942625,0.09585084312129766
22.752065162174404,0.09322479262482375
22.756197393406183,0.09322479262482375
22.76032962463796,0.09585084312129766
22.76446185586974,0.0945378178730607
22.76859408710152,0.09585084312129766
22.772726318333298,0.09585084312129766
22.776858549565077,0.09322479262482375
22.780990780796856,0.0945378178730607
22.785123012028635,0.09585084312129766
22.789255243260413,0.0945378178730607
22.793387474492192,0.09322479262482375
22.79751970572397,0.0945378178730607
22.80165193695575,0.0919117673765868
22.80578416818753,0.09322479262482375
22.809916399419308,0.0945378178730607
22.814048630651087,0.0945378178730607
22.818180861882865,0.09322479262482375
22.822313093114644,0.0945378178730607
22.826445324346423,0.09322479262482375
22.830577555578202,0.0945378178730607
22.83470978680998,0.0945378178730607
22.83884201804176,0.09322479262482375
22.84297424927354,0.0945378178730607
22.847106480505317,0.09585084312129766
22.851238711737096,0.09585084312129766
22.855370942968875,0.09322479262482375
22.859503174200654,0.09322479262482375
22.863635405432433,0.0945378178730607
22.86776763666421,0.09585084312129766
22.87189986789599,0.09322479262482375
22.87603209912777,0.09322479262482375
22.88016433035955,0.0945378178730607
22.884296561591327,0.0945378178730607
22.888428792823106,0.0919117673765868
22.892561024054885,0.0945378178730607
22.896693255286664,0.09585084312129766
22.900825486518443,0.0945378178730607
22.90495771775022,0.09322479262482375
22.909089948982,0.09585084312129766
22.91322218021378,0.0945378178730607
22.917354411445558,0.09322479262482375
22.921486642677337,0.0945378178730607
22.925618873909116,0.09585084312129766
22.929751105140895,0.09322479262482375
22.933883336372674,0.09322479262482375
22.938015567604452,0.0945378178730607
22.94214779883623,0.0945378178730607
22.94628003006801,0.0945378178730607
22.95041226129979,0.0945378178730607
22.954544492531568,0.0945378178730607
22.958676723763347,0.0945378178730607
22.962808954995126,0.0945378178730607
22.966941186226904,0.0945378178730607
22.971073417458683,0.09585084312129766
22.975205648690462,0.0945378178730607
22.97933787992224,0.09322479262482375
22.98347011115402,0.09322479262482375
22.9876023423858,0.0945378178730607
22.991734573617578,0.09322479262482375
22.995866804849356,0.0945378178730607
22.999999036081135,0.0945378178730607
23.004131267312914,0.0945378178730607
23.008263498544693,0.09322479262482375
23.012395729776472,0.09322479262482375
23.01652796100825,0.09322479262482375
23.02066019224003,0.0919117673765868
23.02479242347181,0.09322479262482375
23.028924654703587,0.0945378178730607
23.033056885935366,0.09585084312129766
23.037189117167145,0.0945378178730607
23.041321348398924,0.0945378178730607
23.045453579630703,0.09585084312129766
23.04958581086248,0.09585084312129766
23.05371804209426,0.0945378178730607
23.05785027332604,0.0945378178730607
23.061982504557818,0.0945378178730607
23.066114735789597,0.09322479262482375
23.070246967021376,0.0945378178730607
23.074379198253155,0.0945378178730607
23.078511429484934,0.09322479262482375
23.082643660716712,0.09322479262482375
23.08677589194849,0.09322479262482375
23.09090812318027,0.0945378178730607
23.09504035441205,0.09322479262482375
23.099172585643828,0.09322479262482375
23.103304816875607,0.09322479262482375
23.107437048107386,0.0945378178730607
23.111569279339164,0.0945378178730607
23.115701510570943,0.0945378178730607
23.119833741802722,0.0945378178730607
23.1239659730345,0.0945378178730607
23.12809820426628,0.0945378178730607
23.13223043549806,0.0945378178730607
23.136362666729838,0.09322479262482375
23.140494897961617,0.0945378178730607
23.144627129193395,0.0945378178730607
23.148759360425174,0.0919117673765868
23.152891591656953,0.09322479262482375
23.157023822888732,0.09322479262482375
23.16115605412051,0.09322479262482375
23.16528828535229,0.0945378178730607
23.16942051658407,0.09322479262482375
23.173552747815847,0.0945378178730607
23.177684979047626,0.0945378178730607
23.181817210279405,0.09322479262482375
23.185949441511184,0.09585084312129766
23.190081672742963,0.09585084312129766
23.19421390397474,0.0945378178730607
23.19834613520652,0.0945378178730607
23.2024783664383,0.0945378178730607
23.20661059767008,0.0945378178730607
23.210742828901857,0.0945378178730607
23.214875060133636,0.0919117673765868
23.219007291365415,0.0945378178730607
23.223139522597194,0.0945378178730607
23.227271753828973,0.09322479262482375
23.23140398506075,0.0945378178730607
23.23553621629253,0.0945378178730607
23.23966844752431,0.09322479262482375
23.243800678756088,0.09322479262482375
23.247932909987867,0.0919117673765868
23.252065141219646,0.09322479262482375
23.256197372451425,0.0945378178730607
23.260329603683203,0.0945378178730607
23.264461834914982,0.0945378178730607
23.26859406614676,0.0945378178730607
23.27272629737854,0.0945378178730607
23.27685852861032,0.0945378178730607
23.280990759842098,0.09322479262482375
23.285122991073877,0.0945378178730607
23.289255222305655,0.0945378178730607
23.293387453537434,0.09322479262482375
23.297519684769213,0.0945378178730607
23.301651916000992,0.0945378178730607
23.30578414723277,0.0945378178730607
23.30991637846455,0.09585084312129766
23.31404860969633,0.0945378178730607
23.318180840928108,0.09585084312129766
23.322313072159886,0.0945378178730607
23.326445303391665,0.09585084312129766
23.330577534623444,0.0945378178730607
23.334709765855223,0.0945378178730607
23.338841997087002,0.09322479262482375
23.34297422831878,0.0945378178730607
23.34710645955056,0.09322479262482375
23.35123869078234,0.09322479262482375
23.355370922014117,0.0945378178730607
23.359503153245896,0.09322479262482375
23.363635384477675,0.0945378178730607
23.367767615709454,0.0945378178730607
23.371899846941233,0.0945378178730607
23.37603207817301,0.09322479262482375
23.38016430940479,0.0945378178730607
23.38429654063657,0.0945378178730607
23.388428771868348,0.0945378178730607
23.392561003100127,0.09585084312129766
23.396693234331906,0.09716386836953461
23.400825465563685,0.0945378178730607
23.404957696795464,0.09585084312129766
23.409089928027242,0.0945378178730607
23.41322215925902,0.09322479262482375
23.4173543904908,0.0945378178730607
23.42148662172258,0.0945378178730607
23.425618852954358,0.0945378178730607
23.429751084186137,0.09322479262482375
23.433883315417916,0.09322479262482375
23.438015546649694,0.0945378178730607
23.442147777881473,0.09322479262482375
23.446280009113252,0.0945378178730607
23.45041224034503,0.09585084312129766
23.45454447157681,0.09585084312129766
23.45867670280859,0.09585084312129766
23.462808934040368,0.0945378178730607
23.466941165272146,0.09322479262482375
23.471073396503925,0.09322479262482375
23.475205627735704,0.09585084312129766
23.479337858967483,0.0945378178730607
23.483470090199262,0.0945378178730607
23.48760232143104,0.09322479262482375
23.49173455266282,0.0945378178730607
23.4958667838946,0.09585084312129766
23.499999015126377,0.09585084312129766
23.504131246358156,0.0945378178730607
23.508263477589935,0.0945378178730607
23.512395708821714,0.0945378178730607
23.516527940053493,0.09585084312129766
23.52066017128527,0.09322479262482375
23.52479240251705,0.0945378178730607
23.52892463374883,0.09585084312129766
23.53305686498061,0.09585084312129766
23.537189096212387,0.09585084312129766
23.541321327444166,0.09322479262482375
23.545453558675945,0.0945378178730607
23.549585789907724,0.09585084312129766
23.553718021139503,0.0945378178730607
23.55785025237128,0.09585084312129766
23.56198248360306,0.0945378178730607
23.56611471483484,0.09585084312129766
23.570246946066618,0.0945378178730607
23.574379177298397,0.09585084312129766
23.578511408530176,0.09585084312129766
23.582643639761955,0.0945378178730607
23.586775870993733,0.0945378178730607
23.590908102225512,0.09585084312129766
23.59504033345729,0.0945378178730607
23.59917256468907,0.0945378178730607
23.60330479592085,0.0945378178730607
23.607437027152628,0.09585084312129766
23.611569258384407,0.09585084312129766
23.615701489616185,0.0945378178730607
23.619833720847964,0.09322479262482375
23.623965952079743,0.0945378178730607
23.628098183311522,0.0945378178730607
23.6322304145433,0.09322479262482375
23.63636264577508,0.09322479262482375
23.64049487700686,0.09716386836953461
23.644627108238637,0.09585084312129766
23.648759339470416,0.0945378178730607
23.652891570702195,0.0945378178730607
23.657023801933974,0.0945378178730607
23.661156033165753,0.0945378178730607
23.66528826439753,0.09585084312129766
23.66942049562931,0.09585084312129766
23.67355272686109,0.0945378178730607
23.67768495809287,0.0945378178730607
23.681817189324647,0.09585084312129766
23.685949420556426,0.0945378178730607
23.690081651788205,0.09585084312129766
23.694213883019984,0.09585084312129766
23.698346114251763,0.0945378178730607
23.70247834548354,0.09322479262482375
23.70661057671532,0.0945378178730607
23.7107428079471,0.0945378178730607
23.714875039178878,0.09585084312129766
23.719007270410657,0.09585084312129766
23.723139501642436,0.09716386836953461
23.727271732874215,0.09585084312129766
23.731403964105994,0.09585084312129766
23.735536195337772,0.0945378178730607
23.73966842656955,0.0945378178730607
23.74380065780133,0.0945378178730607
23.74793288903311,0.09322479262482375
23.752065120264888,0.0919117673765868
23.756197351496667,0.0945378178730607
23.760329582728446,0.09585084312129766
23.764461813960224,0.0945378178730607
23.768594045192003,0.0945378178730607
23.772726276423782,0.0945378178730607
23.77685850765556,0.0945378178730607
23.78099073888734,0.09585084312129766
23.78512297011912,0.09716386836953461
23.789255201350898,0.09585084312129766
23.793387432582676,0.0945378178730607
23.797519663814455,0.09585084312129766
23.801651895046234,0.0945378178730607
23.805784126278013,0.09585084312129766
23.809916357509792,0.09716386836953461
23.81404858874157,0.09585084312129766
23.81818081997335,0.09585084312129766
23.82231305120513,0.09585084312129766
23.826445282436907,0.0945378178730607
23.830577513668686,0.09322479262482375
23.834709744900465,0.09585084312129766
23.838841976132244,0.0945378178730607
23.842974207364023,0.0945378178730607
23.8471064385958,0.09585084312129766
23.85123866982758,0.09585084312129766
23.85537090105936,0.09322479262482375
23.859503132291138,0.0945378178730607
23.863635363522917,0.09585084312129766
23.867767594754696,0.0945378178730607
23.871899825986475,0.09716386836953461
23.876032057218254,0.0945378178730607
23.880164288450032,0.09585084312129766
23.88429651968181,0.09585084312129766
23.88842875091359,0.0945378178730607
23.89256098214537,0.09585084312129766
23.896693213377148,0.09716386836953461
23.900825444608927,0.0945378178730607
23.904957675840706,0.0945378178730607
23.909089907072484,0.0919117673765868
23.913222138304263,0.0945378178730607
23.917354369536042,0.09585084312129766
23.92148660076782,0.09322479262482375
23.9256188319996,0.0919117673765868
23.92975106323138,0.09322479262482375
23.933883294463158,0.0945378178730607
23.938015525694937,0.09585084312129766
23.942147756926715,0.09585084312129766
23.946279988158494,0.0945378178730607
23.950412219390273,0.0945378178730607
23.954544450622052,0.0945378178730607
23.95867668185383,0.0945378178730607
23.96280891308561,0.0945378178730607
23.96694114431739,0.09585084312129766
23.971073375549167,0.09322479262482375
23.975205606780946,0.09322479262482375
23.979337838012725,0.0945378178730607
23.983470069244504,0.0945378178730607
23.987602300476283,0.09322479262482375
23.99173453170806,0.0945378178730607
23.99586676293984,0.09322479262482375
23.99999899417162,0.0945378178730607
24.0041312254034,0.09585084312129766
24.008263456635177,0.0945378178730607
24.012395687866956,0.0945378178730607
24.016527919098735,0.0945378178730607
24.020660150330514,0.09585084312129766
24.024792381562293,0.0945378178730607
24.02892461279407,0.09322479262482375
24.03305684402585,0.09322479262482375
24.03718907525763,0.0945378178730607
24.041321306489408,0.09322479262482375
24.045453537721187,0.09585084312129766
24.049585768952966,0.09585084312129766
24.053718000184745,0.09585084312129766
24.057850231416523,0.0945378178730607
24.061982462648302,0.09716386836953461
24.06611469388008,0.09716386836953461
24.07024692511186,0.09585084312129766
24.07437915634364,0.09585084312129766
24.078511387575418,0.0945378178730607
24.082643618807197,0.09585084312129766
24.086775850038975,0.09585084312129766
24.090908081270754,0.0945378178730607
24.095040312502533,0.0945378178730607
24.099172543734312,0.09585084312129766
24.10330477496609,0.09585084312129766
24.10743700619787,0.0945378178730607
24.11156923742965,0.09322479262482375
24.115701468661427,0.0945378178730607
24.119833699893206,0.0945378178730607
24.123965931124985,0.09585084312129766
24.128098162356764,0.09322479262482375
24.132230393588543,0.09585084312129766
24.136362624820322,0.09585084312129766
24.1404948560521,0.0945378178730607
24.14462708728388,0.09585084312129766
24.14875931851566,0.09585084312129766
24.152891549747437,0.09585084312129766
24.157023780979216,0.0945378178730607
24.161156012210995,0.0945378178730607
24.165288243442774,0.0945378178730607
24.169420474674553,0.0945378178730607
24.17355270590633,0.09585084312129766
24.17768493713811,0.0945378178730607
24.18181716836989,0.09585084312129766
24.185949399601668,0.0945378178730607
24.190081630833447,0.09585084312129766
24.194213862065226,0.09716386836953461
24.198346093297005,0.09585084312129766
24.202478324528784,0.09585084312129766
24.206610555760562,0.09585084312129766
24.21074278699234,0.09585084312129766
24.21487501822412,0.0945378178730607
24.2190072494559,0.09716386836953461
24.223139480687678,0.0945378178730607
24.227271711919457,0.09585084312129766
24.231403943151236,0.09585084312129766
24.235536174383014,0.09585084312129766
24.239668405614793,0.09585084312129766
24.243800636846572,0.09585084312129766
24.24793286807835,0.0945378178730607
24.25206509931013,0.09716386836953461
24.25619733054191,0.09585084312129766
24.260329561773688,0.0945378178730607
24.264461793005466,0.0945378178730607
24.268594024237245,0.09716386836953461
24.272726255469024,0.09585084312129766
24.276858486700803,0.0945378178730607
24.280990717932582,0.0945378178730607
24.28512294916436,0.0945378178730607
24.28925518039614,0.0945378178730607
24.29338741162792,0.09585084312129766
24.297519642859697,0.0945378178730607
24.301651874091476,0.0945378178730607
24.305784105323255,0.0945378178730607
24.309916336555034,0.0945378178730607
24.314048567786813,0.09585084312129766
24.31818079901859,0.09585084312129766
24.32231303025037,0.09322479262482375
24.32644526148215,0.0945378178730607
24.330577492713928,0.09585084312129766
24.334709723945707,0.0945378178730607
24.338841955177486,0.09585084312129766
24.342974186409265,0.09585084312129766
24.347106417641044,0.09716386836953461
24.351238648872823,0.09585084312129766
24.3553708801046,0.09585084312129766
24.35950311133638,0.09716386836953461
24.36363534256816,0.09585084312129766
24.367767573799938,0.09585084312129766
24.371899805031717,0.0945378178730607
24.376032036263496,0.0945378178730607
24.380164267495275,0.09585084312129766
24.384296498727053,0.0945378178730607
24.388428729958832,0.0945378178730607
24.39256096119061,0.09585084312129766
24.39669319242239,0.0945378178730607
24.40082542365417,0.09585084312129766
24.404957654885948,0.09716386836953461
24.409089886117727,0.0945378178730607
24.413222117349505,0.09585084312129766
24.417354348581284,0.09585084312129766
24.421486579813063,0.0945378178730607
24.425618811044842,0.09716386836953461
24.42975104227662,0.09585084312129766
24.4338832735084,0.09585084312129766
24.43801550474018,0.0945378178730607
24.442147735971957,0.09585084312129766
24.446279967203736,0.0945378178730607
24.450412198435515,0.0945378178730607
24.454544429667294,0.0945378178730607
24.458676660899073,0.09585084312129766
24.46280889213085,0.09585084312129766
24.46694112336263,0.09585084312129766
24.47107335459441,0.09585084312129766
24.47520558582619,0.09585084312129766
24.479337817057967,0.09585084312129766
24.483470048289746,0.09585084312129766
24.487602279521525,0.09585084312129766
24.491734510753304,0.09585084312129766
24.495866741985083,0.09585084312129766
24.49999897321686,0.09585084312129766
24.50413120444864,0.09585084312129766
24.50826343568042,0.09585084312129766
24.512395666912198,0.09322479262482375
24.516527898143977,0.0945378178730607
24.520660129375756,0.09585084312129766
24.524792360607535,0.0945378178730607
24.528924591839314,0.0945378178730607
24.533056823071092,0.09585084312129766
24.53718905430287,0.09585084312129766
24.54132128553465,0.0945378178730607
24.54545351676643,0.09585084312129766
24.549585747998208,0.09585084312129766
24.553717979229987,0.09585084312129766
24.557850210461766,0.09716386836953461
24.561982441693544,0.09585084312129766
24.566114672925323,0.09716386836953461
24.570246904157102,0.09585084312129766
24.57437913538888,0.0945378178730607
24.57851136662066,0.09585084312129766
24.58264359785244,0.0945378178730607
24.586775829084218,0.0945378178730607
24.590908060315996,0.0945378178730607
24.595040291547775,0.09585084312129766
24.599172522779554,0.0945378178730607
24.603304754011333,0.0945378178730607
24.607436985243112,0.09585084312129766
24.61156921647489,0.09585084312129766
24.61570144770667,0.09585084312129766
24.61983367893845,0.0945378178730607
24.623965910170227,0.0945378178730607
24.628098141402006,0.09585084312129766
24.632230372633785,0.09585084312129766
24.636362603865564,0.09585084312129766
24.640494835097343,0.0945378178730607
24.64462706632912,0.09585084312129766
24.6487592975609,0.0945378178730607
24.65289152879268,0.09585084312129766
24.657023760024458,0.09585084312129766
24.661155991256237,0.09585084312129766
24.665288222488016,0.09585084312129766
24.669420453719795,0.09716386836953461
24.673552684951574,0.09585084312129766
24.677684916183352,0.09585084312129766
24.68181714741513,0.09585084312129766
24.68594937864691,0.0945378178730607
24.69008160987869,0.0945378178730607
24.694213841110468,0.09585084312129766
24.698346072342247,0.0945378178730607
24.702478303574026,0.09716386836953461
24.706610534805804,0.09716386836953461
24.710742766037583,0.09585084312129766
24.714874997269362,0.0945378178730607
24.71900722850114,0.09322479262482375
24.72313945973292,0.0945378178730607
24.7272716909647,0.0945378178730607
24.731403922196478,0.09585084312129766
24.735536153428257,0.09585084312129766
24.739668384660035,0.0945378178730607
24.743800615891814,0.09716386836953461
24.747932847123593,0.09585084312129766
24.752065078355372,0.09585084312129766
24.75619730958715,0.09585084312129766
24.76032954081893,0.09585084312129766
24.76446177205071,0.09585084312129766
24.768594003282487,0.09585084312129766
24.772726234514266,0.0945378178730607
24.776858465746045,0.09585084312129766
24.780990696977824,0.09585084312129766
24.785122928209603,0.0945378178730607
24.78925515944138,0.09585084312129766
24.79338739067316,0.09585084312129766
24.79751962190494,0.09585084312129766
24.80165185313672,0.0945378178730607
24.805784084368497,0.0945378178730607
24.809916315600276,0.09585084312129766
24.814048546832055,0.09585084312129766
24.818180778063834,0.09585084312129766
24.822313009295613,0.09585084312129766
24.82644524052739,0.0945378178730607
24.83057747175917,0.09585084312129766
24.83470970299095,0.09716386836953461
24.838841934222728,0.0945378178730607
24.842974165454507,0.09585084312129766
24.847106396686286,0.09716386836953461
24.851238627918065,0.0945378178730607
24.855370859149843,0.0945378178730607
24.859503090381622,0.09585084312129766
24.8636353216134,0.0945378178730607
24.86776755284518,0.09322479262482375
24.87189978407696,0.0945378178730607
24.876032015308738,0.0945378178730607
24.880164246540517,0.0945378178730607
24.884296477772295,0.0945378178730607
24.888428709004074,0.09585084312129766
24.892560940235853,0.09716386836953461
24.896693171467632,0.09585084312129766
24.90082540269941,0.09585084312129766
24.90495763393119,0.09716386836953461
24.90908986516297,0.09585084312129766
24.913222096394747,0.09585084312129766
24.917354327626526,0.0945378178730607
24.921486558858305,0.0945378178730607
24.925618790090084,0.0945378178730607
24.929751021321863,0.0945378178730607
24.933883252553642,0.0945378178730607
24.93801548378542,0.0945378178730607
24.9421477150172,0.09585084312129766
24.94627994624898,0.09585084312129766
24.950412177480757,0.09585084312129766
24.954544408712536,0.09585084312129766
24.958676639944315,0.09585084312129766
24.962808871176094,0.09585084312129766
24.966941102407873,0.0945378178730607
24.97107333363965,0.09585084312129766
24.97520556487143,0.0945378178730607
24.97933779610321,0.09585084312129766
24.983470027334988,0.09716386836953461
24.987602258566767,0.09585084312129766
24.991734489798546,0.09716386836953461
24.995866721030325,0.09585084312129766
24.999998952262104,0.0945378178730607
25.004131183493882,0.09322479262482375
25.00826341472566,0.0945378178730607
25.01239564595744,0.09585084312129766
25.01652787718922,0.09585084312129766
25.020660108420998,0.09585084312129766
25.024792339652777,0.09716386836953461
25.028924570884556,0.09585084312129766
25.033056802116334,0.0945378178730607
25.037189033348113,0.0945378178730607
25.041321264579892,0.0945378178730607
25.04545349581167,0.0945378178730607
25.04958572704345,0.09585084312129766
25.05371795827523,0.09585084312129766
25.057850189507008,0.09585084312129766
25.061982420738786,0.0945378178730607
25.066114651970565,0.0945378178730607
25.070246883202344,0.09716386836953461
25.074379114434123,0.09716386836953461
25.078511345665902,0.0945378178730607
25.08264357689768,0.0945378178730607
25.08677580812946,0.09585084312129766
25.09090803936124,0.0945378178730607
25.095040270593017,0.09322479262482375
25.099172501824796,0.0945378178730607
25.103304733056575,0.09585084312129766
25.107436964288354,0.09585084312129766
25.111569195520133,0.09585084312129766
25.11570142675191,0.09716386836953461
25.11983365798369,0.09585084312129766
25.12396588921547,0.09585084312129766
25.128098120447248,0.0945378178730607
25.132230351679027,0.09322479262482375
25.136362582910806,0.09322479262482375
25.140494814142585,0.0945378178730607
25.144627045374364,0.0945378178730607
25.148759276606143,0.0945378178730607
25.15289150783792,0.0945378178730607
25.1570237390697,0.0945378178730607
25.16115597030148,0.0945378178730607
25.165288201533258,0.0945378178730607
25.169420432765037,0.0945378178730607
25.173552663996816,0.0945378178730607
25.177684895228595,0.0945378178730607
25.181817126460373,0.09585084312129766
25.185949357692152,0.09585084312129766
25.19008158892393,0.09585084312129766
25.19421382015571,0.09322479262482375
25.19834605138749,0.0945378178730607
25.202478282619268,0.09585084312129766
25.206610513851047,0.0945378178730607
25.210742745082825,0.09322479262482375
25.214874976314604,0.0945378178730607
25.219007207546383,0.0945378178730607
25.223139438778162,0.0945378178730607
25.22727167000994,0.0945378178730607
25.23140390124172,0.09585084312129766
25.2355361324735,0.09585084312129766
25.239668363705277,0.09585084312129766
25.243800594937056,0.09585084312129766
25.247932826168835,0.09585084312129766
25.252065057400614,0.09585084312129766
25.256197288632393,0.0945378178730607
25.26032951986417,0.09322479262482375
25.26446175109595,0.09585084312129766
25.26859398232773,0.0945378178730607
25.27272621355951,0.0945378178730607
25.276858444791287,0.0945378178730607
25.280990676023066,0.0945378178730607
25.285122907254845,0.0945378178730607
25.289255138486624,0.0945378178730607
25.293387369718403,0.09585084312129766
25.29751960095018,0.09322479262482375
25.30165183218196,0.0945378178730607
25.30578406341374,0.09585084312129766
25.309916294645518,0.0945378178730607
25.314048525877297,0.09585084312129766
25.318180757109076,0.09585084312129766
25.322312988340855,0.0945378178730607
25.326445219572634,0.09322479262482375
25.330577450804412,0.0945378178730607
25.33470968203619,0.09322479262482375
25.33884191326797,0.09585084312129766
25.34297414449975,0.09322479262482375
25.347106375731528,0.09585084312129766
25.351238606963307,0.0945378178730607
25.355370838195086,0.09585084312129766
25.359503069426864,0.0945378178730607
25.363635300658643,0.0945378178730607
25.367767531890422,0.0945378178730607
25.3718997631222,0.09322479262482375
25.37603199435398,0.0945378178730607
25.38016422558576,0.09322479262482375
25.384296456817538,0.09585084312129766
25.388428688049316,0.09585084312129766
25.392560919281095,0.09322479262482375
25.396693150512874,0.0919117673765868
25.400825381744653,0.09322479262482375
25.404957612976432,0.0945378178730607
25.40908984420821,0.09322479262482375
25.41322207543999,0.0945378178730607
25.41735430667177,0.09585084312129766
25.421486537903547,0.0945378178730607
25.425618769135326,0.0945378178730607
25.429751000367105,0.09585084312129766
25.433883231598884,0.09585084312129766
25.438015462830663,0.09322479262482375
25.44214769406244,0.0945378178730607
25.44627992529422,0.0945378178730607
25.450412156526,0.0945378178730607
25.454544387757778,0.09585084312129766
25.458676618989557,0.0945378178730607
25.462808850221336,0.0945378178730607
25.466941081453115,0.0945378178730607
25.471073312684894,0.09585084312129766
25.475205543916672,0.0945378178730607
25.47933777514845,0.0945378178730607
25.48347000638023,0.09585084312129766
25.48760223761201,0.0945378178730607
25.491734468843788,0.0945378178730607
25.495866700075567,0.0945378178730607
25.499998931307346,0.09585084312129766
25.504131162539124,0.09585084312129766
25.508263393770903,0.09585084312129766
25.512395625002682,0.09585084312129766
25.51652785623446,0.0945378178730607
25.52066008746624,0.09322479262482375
25.52479231869802,0.09716386836953461
25.528924549929798,0.09585084312129766
25.533056781161577,0.0945378178730607
25.537189012393355,0.0945378178730607
25.541321243625134,0.0945378178730607
25.545453474856913,0.0945378178730607
25.549585706088692,0.09322479262482375
25.55371793732047,0.09322479262482375
25.55785016855225,0.0945378178730607
25.56198239978403,0.0945378178730607
25.566114631015807,0.0945378178730607
25.570246862247586,0.0945378178730607
25.574379093479365,0.09585084312129766
25.578511324711144,0.09585084312129766
25.582643555942923,0.0945378178730607
25.5867757871747,0.0945378178730607
25.59090801840648,0.09585084312129766
25.59504024963826,0.09322479262482375
25.59917248087004,0.0919117673765868
25.603304712101817,0.0945378178730607
25.607436943333596,0.09322479262482375
25.611569174565375,0.0945378178730607
25.615701405797154,0.0945378178730607
25.619833637028933,0.0945378178730607
25.62396586826071,0.0919117673765868
25.62809809949249,0.09322479262482375
25.63223033072427,0.09322479262482375
25.636362561956048,0.09322479262482375
25.640494793187827,0.0945378178730607
25.644627024419606,0.09322479262482375
25.648759255651385,0.09585084312129766
25.652891486883163,0.09585084312129766
25.657023718114942,0.0945378178730607
25.66115594934672,0.09716386836953461
25.6652881805785,0.0945378178730607
25.66942041181028,0.09585084312129766
25.673552643042058,0.0945378178730607
25.677684874273837,0.09322479262482375
25.681817105505615,0.09585084312129766
25.685949336737394,0.0945378178730607
25.690081567969173,0.0945378178730607
25.694213799200952,0.0945378178730607
25.69834603043273,0.09322479262482375
25.70247826166451,0.0945378178730607
25.70661049289629,0.0945378178730607
25.710742724128067,0.0945378178730607
25.714874955359846,0.09585084312129766
25.719007186591625,0.0945378178730607
25.723139417823404,0.09585084312129766
25.727271649055183,0.09585084312129766
25.731403880286962,0.09716386836953461
25.73553611151874,0.0945378178730607
25.73966834275052,0.09585084312129766
25.7438005739823,0.0945378178730607
25.747932805214077,0.0945378178730607
25.752065036445856,0.09322479262482375
25.756197267677635,0.0945378178730607
25.760329498909414,0.09322479262482375
25.764461730141193,0.0945378178730607
25.76859396137297,0.0945378178730607
25.77272619260475,0.0945378178730607
25.77685842383653,0.0945378178730607
25.780990655068308,0.0945378178730607
25.785122886300087,0.0945378178730607
25.789255117531866,0.09322479262482375
25.793387348763645,0.09585084312129766
25.797519579995424,0.0945378178730607
25.801651811227202,0.09585084312129766
25.80578404245898,0.0945378178730607
25.80991627369076,0.0945378178730607
25.81404850492254,0.0945378178730607
25.818180736154318,0.0945378178730607
25.822312967386097,0.0945378178730607
25.826445198617876,0.09322479262482375
25.830577429849654,0.0945378178730607
25.834709661081433,0.09322479262482375
25.838841892313212,0.09322479262482375
25.84297412354499,0.09585084312129766
25.84710635477677,0.09585084312129766
25.85123858600855,0.09585084312129766
25.855370817240328,0.0945378178730607
25.859503048472106,0.09585084312129766
25.863635279703885,0.09585084312129766
25.867767510935664,0.0945378178730607
25.871899742167443,0.09322479262482375
25.876031973399222,0.09585084312129766
25.880164204631,0.09585084312129766
25.88429643586278,0.0945378178730607
25.88842866709456,0.0945378178730607
25.892560898326337,0.09322479262482375
25.896693129558116,0.09322479262482375
25.900825360789895,0.09585084312129766
25.904957592021674,0.0945378178730607
25.909089823253453,0.09322479262482375
25.91322205448523,0.0945378178730607
25.91735428571701,0.0945378178730607
25.92148651694879,0.0945378178730607
25.925618748180568,0.09716386836953461
25.929750979412347,0.09585084312129766
25.933883210644126,0.09716386836953461
25.938015441875905,0.09585084312129766
25.942147673107684,0.09322479262482375
25.946279904339463,0.0945378178730607
25.95041213557124,0.0945378178730607
25.95454436680302,0.09585084312129766
25.9586765980348,0.0945378178730607
25.962808829266578,0.0945378178730607
25.966941060498357,0.0945378178730607
25.971073291730136,0.0945378178730607
25.975205522961915,0.0945378178730607
25.979337754193693,0.09585084312129766
25.983469985425472,0.09716386836953461
25.98760221665725,0.0945378178730607
25.99173444788903,0.09322479262482375
25.99586667912081,0.0945378178730607
25.999998910352588,0.09716386836953461
26.004131141584367,0.09585084312129766
26.008263372816145,0.09716386836953461
26.012395604047924,0.09585084312129766
26.016527835279703,0.09585084312129766
26.020660066511482,0.09585084312129766
26.02479229774326,0.0945378178730607
26.02892452897504,0.0945378178730607
26.03305676020682,0.09322479262482375
26.037188991438597,0.09585084312129766
26.041321222670376,0.0945378178730607
26.045453453902155,0.0945378178730607
26.049585685133934,0.0945378178730607
26.053717916365713,0.0945378178730607
26.05785014759749,0.09585084312129766
26.06198237882927,0.09585084312129766
26.06611461006105,0.09585084312129766
26.07024684129283,0.09585084312129766
26.074379072524607,0.09716386836953461
26.078511303756386,0.09716386836953461
26.082643534988165,0.0945378178730607
26.086775766219944,0.0945378178730607
26.090907997451723,0.0945378178730607
26.0950402286835,0.0945378178730607
26.09917245991528,0.0945378178730607
26.10330469114706,0.0945378178730607
26.107436922378838,0.0945378178730607
26.111569153610617,0.0945378178730607
26.115701384842396,0.09585084312129766
26.119833616074175,0.09585084312129766
26.123965847305954,0.0945378178730607
26.128098078537732,0.09585084312129766
26.13223030976951,0.09585084312129766
26.13636254100129,0.0945378178730607
26.14049477223307,0.09585084312129766
26.144627003464848,0.09585084312129766
26.148759234696627,0.09585084312129766
26.152891465928406,0.09585084312129766
26.157023697160184,0.09585084312129766
26.161155928391963,0.09585084312129766
26.165288159623742,0.0945378178730607
26.16942039085552,0.0945378178730607
26.1735526220873,0.09585084312129766
26.17768485331908,0.09716386836953461
26.181817084550858,0.09585084312129766
26.185949315782636,0.09585084312129766
26.190081547014415,0.09585084312129766
26.194213778246194,0.09585084312129766
26.198346009477973,0.09585084312129766
26.202478240709752,0.09585084312129766
26.20661047194153,0.09716386836953461
26.21074270317331,0.09716386836953461
26.21487493440509,0.09585084312129766
26.219007165636867,0.0945378178730607
26.223139396868646,0.09585084312129766
26.227271628100425,0.09716386836953461
26.231403859332204,0.0945378178730607
26.235536090563983,0.0945378178730607
26.23966832179576,0.09585084312129766
26.24380055302754,0.09716386836953461
26.24793278425932,0.0945378178730607
26.252065015491098,0.09585084312129766
26.256197246722877,0.09585084312129766
26.260329477954656,0.09716386836953461
26.264461709186435,0.09716386836953461
26.268593940418214,0.09585084312129766
26.272726171649992,0.09585084312129766
26.27685840288177,0.09716386836953461
26.28099063411355,0.0945378178730607
26.28512286534533,0.09585084312129766
26.289255096577108,0.09716386836953461
26.293387327808887,0.09585084312129766
26.297519559040666,0.0945378178730607
26.301651790272444,0.09716386836953461
26.305784021504223,0.09716386836953461
26.309916252736002,0.09585084312129766
26.31404848396778,0.09585084312129766
26.31818071519956,0.09585084312129766
26.32231294643134,0.09585084312129766
26.326445177663118,0.09585084312129766
26.330577408894897,0.0945378178730607
26.334709640126675,0.09585084312129766
26.338841871358454,0.09585084312129766
26.342974102590233,0.0945378178730607
26.347106333822012,0.09585084312129766
26.35123856505379,0.09585084312129766
26.35537079628557,0.09585084312129766
26.35950302751735,0.09585084312129766
26.363635258749127,0.0945378178730607
26.367767489980906,0.0945378178730607
26.371899721212685,0.09716386836953461
26.376031952444464,0.09585084312129766
26.380164183676243,0.0945378178730607
26.38429641490802,0.09585084312129766
26.3884286461398,0.0945378178730607
26.39256087737158,0.09585084312129766
26.39669310860336,0.09585084312129766
26.400825339835137,0.09585084312129766
26.404957571066916,0.09716386836953461
26.409089802298695,0.09585084312129766
26.413222033530474,0.09585084312129766
26.417354264762253,0.09585084312129766
26.42148649599403,0.09716386836953461
26.42561872722581,0.09585084312129766
26.42975095845759,0.09585084312129766
26.433883189689368,0.09585084312129766
26.438015420921147,0.0945378178730607
26.442147652152926,0.0945378178730607
26.446279883384705,0.09585084312129766
26.450412114616483,0.09585084312129766
26.454544345848262,0.09585084312129766
26.45867657708004,0.09585084312129766
26.46280880831182,0.0945378178730607
26.4669410395436,0.0945378178730607
26.471073270775378,0.09716386836953461
26.475205502007157,0.09716386836953461
26.479337733238935,0.09716386836953461
26.483469964470714,0.0945378178730607
26.487602195702493,0.09585084312129766
26.491734426934272,0.09716386836953461
26.49586665816605,0.0945378178730607
26.49999888939783,0.09322479262482375
26.50413112062961,0.0945378178730607
26.508263351861387,0.0945378178730607
26.512395583093166,0.09585084312129766
26.516527814324945,0.0945378178730607
26.520660045556724,0.0945378178730607
26.524792276788503,0.09585084312129766
26.528924508020282,0.09585084312129766
26.53305673925206,0.09585084312129766
26.53718897048384,0.09585084312129766
26.54132120171562,0.09585084312129766
26.545453432947397,0.09585084312129766
26.549585664179176,0.0945378178730607
26.553717895410955,0.09585084312129766
26.557850126642734,0.09585084312129766
26.561982357874513,0.09585084312129766
26.56611458910629,0.09585084312129766
26.57024682033807,0.09716386836953461
26.57437905156985,0.09716386836953461
26.578511282801628,0.09716386836953461
26.582643514033407,0.09585084312129766
26.586775745265186,0.0945378178730607
26.590907976496965,0.0945378178730607
26.595040207728744,0.09322479262482375
26.599172438960522,0.09585084312129766
26.6033046701923,0.09716386836953461
26.60743690142408,0.09585084312129766
26.61156913265586,0.0945378178730607
26.615701363887638,0.09585084312129766
26.619833595119417,0.09585084312129766
26.623965826351196,0.09585084312129766
26.628098057582974,0.09716386836953461
26.632230288814753,0.0945378178730607
26.636362520046532,0.0945378178730607
26.64049475127831,0.09847689361777157
26.64462698251009,0.09716386836953461
26.64875921374187,0.09585084312129766
26.652891444973648,0.0945378178730607
26.657023676205426,0.09716386836953461
26.661155907437205,0.09585084312129766
26.665288138668984,0.09585084312129766
26.669420369900763,0.09585084312129766
26.673552601132542,0.09585084312129766
26.67768483236432,0.0945378178730607
26.6818170635961,0.09585084312129766
26.68594929482788,0.09585084312129766
26.690081526059657,0.09585084312129766
26.694213757291436,0.09585084312129766
26.698345988523215,0.09716386836953461
26.702478219754994,0.0945378178730607
26.706610450986773,0.0945378178730607
26.71074268221855,0.09716386836953461
26.71487491345033,0.09585084312129766
26.71900714468211,0.0945378178730607
26.723139375913888,0.0945378178730607
26.727271607145667,0.09585084312129766
26.731403838377446,0.09585084312129766
26.735536069609225,0.09585084312129766
26.739668300841004,0.09716386836953461
26.743800532072783,0.09716386836953461
26.74793276330456,0.09585084312129766
26.75206499453634,0.09585084312129766
26.75619722576812,0.0945378178730607
26.760329456999898,0.0945378178730607
26.764461688231677,0.0945378178730607
26.768593919463456,0.0945378178730607
26.772726150695235,0.09585084312129766
26.776858381927013,0.0945378178730607
26.780990613158792,0.09585084312129766
26.78512284439057,0.09716386836953461
26.78925507562235,0.09585084312129766
26.79338730685413,0.09585084312129766
26.797519538085908,0.09585084312129766
26.801651769317687,0.09585084312129766
26.805784000549465,0.09585084312129766
26.809916231781244,0.09585084312129766
26.814048463013023,0.09322479262482375
26.818180694244802,0.09585084312129766
26.82231292547658,0.09585084312129766
26.82644515670836,0.09847689361777157
26.83057738794014,0.09585084312129766
26.834709619171917,0.09585084312129766
26.838841850403696,0.09716386836953461
26.842974081635475,0.0945378178730607
26.847106312867254,0.09585084312129766
26.851238544099033,0.0945378178730607
26.85537077533081,0.09322479262482375
26.85950300656259,0.0945378178730607
26.86363523779437,0.0945378178730607
26.86776746902615,0.0945378178730607
26.871899700257927,0.09585084312129766
26.876031931489706,0.09585084312129766
26.880164162721485,0.0945378178730607
26.884296393953264,0.09585084312129766
26.888428625185043,0.09585084312129766
26.89256085641682,0.09322479262482375
26.8966930876486,0.09585084312129766
26.90082531888038,0.09716386836953461
26.904957550112158,0.09716386836953461
26.909089781343937,0.09847689361777157
26.913222012575716,0.09716386836953461
26.917354243807495,0.09585084312129766
26.921486475039274,0.0945378178730607
26.925618706271052,0.09322479262482375
26.92975093750283,0.0945378178730607
26.93388316873461,0.09585084312129766
26.93801539996639,0.09585084312129766
26.942147631198168,0.09716386836953461
26.946279862429947,0.09585084312129766
26.950412093661726,0.09585084312129766
26.954544324893504,0.09585084312129766
26.958676556125283,0.09585084312129766
26.962808787357062,0.09585084312129766
26.96694101858884,0.09585084312129766
26.97107324982062,0.09585084312129766
26.9752054810524,0.09585084312129766
26.979337712284178,0.0945378178730607
26.983469943515956,0.09322479262482375
26.987602174747735,0.09585084312129766
26.991734405979514,0.0945378178730607
26.995866637211293,0.0945378178730607
26.999998868443072,0.09585084312129766
27.00413109967485,0.0945378178730607
27.00826333090663,0.0945378178730607
27.01239556213841,0.09585084312129766
27.016527793370187,0.09585084312129766
27.020660024601966,0.09585084312129766
27.024792255833745,0.09716386836953461
27.028924487065524,0.09585084312129766
27.033056718297303,0.09716386836953461
27.03718894952908,0.09716386836953461
27.04132118076086,0.09585084312129766
27.04545341199264,0.0945378178730607
27.049585643224418,0.09585084312129766
27.053717874456197,0.09585084312129766
27.057850105687976,0.09585084312129766
27.061982336919755,0.09585084312129766
27.066114568151534,0.09716386836953461
27.070246799383312,0.09585084312129766
27.07437903061509,0.09585084312129766
27.07851126184687,0.09585084312129766
27.08264349307865,0.09585084312129766
27.086775724310428,0.09716386836953461
27.090907955542207,0.09585084312129766
27.095040186773986,0.09585084312129766
27.099172418005764,0.0945378178730607
27.103304649237543,0.09585084312129766
27.107436880469322,0.0945378178730607
27.1115691117011,0.0945378178730607
27.11570134293288,0.09716386836953461
27.11983357416466,0.09322479262482375
27.123965805396438,0.09585084312129766
27.128098036628217,0.09585084312129766
27.132230267859995,0.0945378178730607
27.136362499091774,0.09585084312129766
27.140494730323553,0.0945378178730607
27.144626961555332,0.09585084312129766
27.14875919278711,0.09585084312129766
27.15289142401889,0.0945378178730607
27.15702365525067,0.0945378178730607
27.161155886482447,0.0945378178730607
27.165288117714226,0.0945378178730607
27.169420348946005,0.09585084312129766
27.173552580177784,0.09585084312129766
27.177684811409563,0.09585084312129766
27.18181704264134,0.09322479262482375
27.18594927387312,0.09585084312129766
27.1900815051049,0.0945378178730607
27.19421373633668,0.0945378178730607
27.198345967568457,0.0945378178730607
27.202478198800236,0.0945378178730607
27.206610430032015,0.09322479262482375
27.210742661263794,0.09585084312129766
27.214874892495573,0.0945378178730607
27.21900712372735,0.0945378178730607
27.22313935495913,0.0945378178730607
27.22727158619091,0.0945378178730607
27.231403817422688,0.09585084312129766
27.235536048654467,0.09585084312129766
27.239668279886246,0.09716386836953461
27.243800511118025,0.09716386836953461
27.247932742349803,0.0945378178730607
27.252064973581582,0.0945378178730607
27.25619720481336,0.09716386836953461
27.26032943604514,0.09585084312129766
27.26446166727692,0.09585084312129766
27.268593898508698,0.0945378178730607
27.272726129740477,0.0945378178730607
27.276858360972255,0.09585084312129766
27.280990592204034,0.0945378178730607
27.285122823435813,0.0945378178730607
27.289255054667592,0.0945378178730607
27.29338728589937,0.09585084312129766
27.29751951713115,0.09585084312129766
27.30165174836293,0.09585084312129766
27.305783979594707,0.09585084312129766
27.309916210826486,0.09585084312129766
27.314048442058265,0.09585084312129766
27.318180673290044,0.09585084312129766
27.322312904521823,0.0945378178730607
27.326445135753602,0.0945378178730607
27.33057736698538,0.0945378178730607
27.33470959821716,0.0945378178730607
27.33884182944894,0.0945378178730607
27.342974060680717,0.0945378178730607
27.347106291912496,0.09585084312129766
27.351238523144275,0.0945378178730607
27.355370754376054,0.0945378178730607
27.359502985607833,0.09322479262482375
27.36363521683961,0.0945378178730607
27.36776744807139,0.0945378178730607
27.37189967930317,0.0945378178730607
27.376031910534948,0.09585084312129766
27.380164141766727,0.0945378178730607
27.384296372998506,0.09585084312129766
27.388428604230285,0.09585084312129766
27.392560835462064,0.09585084312129766
27.396693066693842,0.09322479262482375
27.40082529792562,0.09585084312129766
27.4049575291574,0.0945378178730607
27.40908976038918,0.09585084312129766
27.413221991620958,0.0945378178730607
27.417354222852737,0.09585084312129766
27.421486454084516,0.09585084312129766
27.425618685316294,0.0945378178730607
27.429750916548073,0.09585084312129766
27.433883147779852,0.09585084312129766
27.43801537901163,0.09585084312129766
27.44214761024341,0.0945378178730607
27.44627984147519,0.0945378178730607
27.450412072706968,0.0945378178730607
27.454544303938746,0.09585084312129766
27.458676535170525,0.09585084312129766
27.462808766402304,0.0945378178730607
27.466940997634083,0.09322479262482375
27.471073228865862,0.0945378178730607
27.47520546009764,0.0945378178730607
27.47933769132942,0.0945378178730607
27.4834699225612,0.0945378178730607
27.487602153792977,0.0945378178730607
27.491734385024756,0.0945378178730607
27.495866616256535,0.09585084312129766
27.499998847488314,0.09585084312129766
27.504131078720093,0.09322479262482375
27.50826330995187,0.0945378178730607
27.51239554118365,0.0945378178730607
27.51652777241543,0.09585084312129766
27.520660003647208,0.0945378178730607
27.524792234878987,0.09716386836953461
27.528924466110766,0.09716386836953461
27.533056697342545,0.09716386836953461
27.537188928574324,0.0945378178730607
27.541321159806103,0.0945378178730607
27.54545339103788,0.09322479262482375
27.54958562226966,0.0919117673765868
27.55371785350144,0.09322479262482375
27.557850084733218,0.09322479262482375
27.561982315964997,0.09585084312129766
27.566114547196776,0.0945378178730607
27.570246778428555,0.09322479262482375
27.574379009660333,0.09585084312129766
27.578511240892112,0.09585084312129766
27.58264347212389,0.09716386836953461
27.58677570335567,0.09585084312129766
27.59090793458745,0.09585084312129766
27.595040165819228,0.09585084312129766
27.599172397051007,0.09585084312129766
27.603304628282785,0.0945378178730607
27.607436859514564,0.09585084312129766
27.611569090746343,0.0945378178730607
27.615701321978122,0.09322479262482375
27.6198335532099,0.09322479262482375
27.62396578444168,0.09322479262482375
27.62809801567346,0.0945378178730607
27.632230246905237,0.0945378178730607
27.636362478137016,0.09585084312129766
27.640494709368795,0.0945378178730607
27.644626940600574,0.0945378178730607
27.648759171832353,0.09585084312129766
27.65289140306413,0.09716386836953461
27.65702363429591,0.09585084312129766
27.66115586552769,0.09585084312129766
27.66528809675947,0.09322479262482375
27.669420327991247,0.0945378178730607
27.673552559223026,0.09585084312129766
27.677684790454805,0.09585084312129766
27.681817021686584,0.09585084312129766
27.685949252918363,0.09585084312129766
27.69008148415014,0.0945378178730607
27.69421371538192,0.09322479262482375
27.6983459466137,0.0945378178730607
27.702478177845478,0.0945378178730607
27.706610409077257,0.09322479262482375
27.710742640309036,0.0945378178730607
27.714874871540815,0.09585084312129766
27.719007102772593,0.09585084312129766
27.723139334004372,0.0945378178730607
27.72727156523615,0.09322479262482375
27.73140379646793,0.09585084312129766
27.73553602769971,0.0945378178730607
27.739668258931488,0.09585084312129766
27.743800490163267,0.09585084312129766
27.747932721395046,0.09585084312129766
27.752064952626824,0.0945378178730607
27.756197183858603,0.0945378178730607
27.760329415090382,0.0945378178730607
27.76446164632216,0.0945378178730607
27.76859387755394,0.0945378178730607
27.77272610878572,0.0945378178730607
27.776858340017498,0.0945378178730607
27.780990571249276,0.09585084312129766
27.785122802481055,0.0945378178730607
27.789255033712834,0.0945378178730607
27.793387264944613,0.09585084312129766
27.797519496176392,0.0945378178730607
27.80165172740817,0.09585084312129766
27.80578395863995,0.09585084312129766
27.80991618987173,0.0945378178730607
27.814048421103507,0.09716386836953461
27.818180652335286,0.09585084312129766
27.822312883567065,0.09585084312129766
27.826445114798844,0.0945378178730607
27.830577346030623,0.09322479262482375
27.8347095772624,0.09322479262482375
27.83884180849418,0.09322479262482375
27.84297403972596,0.09585084312129766
27.847106270957738,0.09716386836953461
27.851238502189517,0.09585084312129766
27.855370733421296,0.0945378178730607
27.859502964653075,0.0945378178730607
27.863635195884854,0.0945378178730607
27.867767427116632,0.09585084312129766
27.87189965834841,0.09585084312129766
27.87603188958019,0.0945378178730607
27.88016412081197,0.0945378178730607
27.884296352043748,0.09716386836953461
27.888428583275527,0.0945378178730607
27.892560814507306,0.09322479262482375
27.896693045739084,0.0945378178730607
27.900825276970863,0.0945378178730607
27.904957508202642,0.09716386836953461
27.90908973943442,0.09585084312129766
27.9132219706662,0.09585084312129766
27.91735420189798,0.0945378178730607
27.921486433129758,0.0945378178730607
27.925618664361537,0.09585084312129766
27.929750895593315,0.0945378178730607
27.933883126825094,0.0945378178730607
27.938015358056873,0.09585084312129766
27.942147589288652,0.09585084312129766
27.94627982052043,0.09585084312129766
27.95041205175221,0.0945378178730607
27.95454428298399,0.09585084312129766
27.958676514215767,0.09585084312129766
27.962808745447546,0.09585084312129766
27.966940976679325,0.09322479262482375
27.971073207911104,0.09322479262482375
27.975205439142883,0.0945378178730607
27.97933767037466,0.0945378178730607
27.98346990160644,0.09585084312129766
27.98760213283822,0.09585084312129766
27.99173436407,0.0945378178730607
27.995866595301777,0.09716386836953461
27.999998826533556,0.09585084312129766
28.004131057765335,0.09585084312129766
28.008263288997114,0.09585084312129766
28.012395520228893,0.09322479262482375
28.01652775146067,0.0945378178730607
28.02065998269245,0.09716386836953461
28.02479221392423,0.09585084312129766
28.028924445156008,0.0945378178730607
28.033056676387787,0.0945378178730607
28.037188907619566,0.0945378178730607
28.041321138851345,0.0919117673765868
28.045453370083123,0.09585084312129766
28.049585601314902,0.0945378178730607
28.05371783254668,0.09585084312129766
28.05785006377846,0.09585084312129766
28.06198229501024,0.0945378178730607
28.066114526242018,0.0945378178730607
28.070246757473797,0.0945378178730607
28.074378988705575,0.0945378178730607
28.078511219937354,0.09716386836953461
28.082643451169133,0.09585084312129766
28.086775682400912,0.09716386836953461
28.09090791363269,0.09585084312129766
28.09504014486447,0.09585084312129766
28.09917237609625,0.0945378178730607
28.103304607328027,0.0945378178730607
28.107436838559806,0.0945378178730607
28.111569069791585,0.09322479262482375
28.115701301023364,0.09585084312129766
28.119833532255143,0.0945378178730607
28.123965763486922,0.0945378178730607
28.1280979947187,0.09716386836953461
28.13223022595048,0.09585084312129766
28.13636245718226,0.09585084312129766
28.140494688414037,0.0945378178730607
28.144626919645816,0.09585084312129766
28.148759150877595,0.09585084312129766
28.152891382109374,0.09585084312129766
28.157023613341153,0.09585084312129766
28.16115584457293,0.09716386836953461
28.16528807580471,0.09585084312129766
28.16942030703649,0.0945378178730607
28.173552538268268,0.0945378178730607
28.177684769500047,0.0945378178730607
28.181817000731826,0.0945378178730607
28.185949231963605,0.09322479262482375
28.190081463195384,0.0945378178730607
28.194213694427162,0.09585084312129766
28.19834592565894,0.0945378178730607
28.20247815689072,0.0945378178730607
28.2066103881225,0.0945378178730607
28.210742619354278,0.09585084312129766
28.214874850586057,0.09585084312129766
28.219007081817836,0.09585084312129766
28.223139313049614,0.09322479262482375
28.227271544281393,0.09585084312129766
28.231403775513172,0.09585084312129766
28.23553600674495,0.0945378178730607
28.23966823797673,0.09585084312129766
28.24380046920851,0.0945378178730607
28.247932700440288,0.09585084312129766
28.252064931672066,0.0945378178730607
28.256197162903845,0.09585084312129766
28.260329394135624,0.09585084312129766
28.264461625367403,0.0945378178730607
28.268593856599182,0.09585084312129766
28.27272608783096,0.09716386836953461
28.27685831906274,0.0945378178730607
28.28099055029452,0.0945378178730607
28.285122781526297,0.09585084312129766
28.289255012758076,0.0945378178730607
28.293387243989855,0.09585084312129766
28.297519475221634,0.09585084312129766
28.301651706453413,0.09322479262482375
28.30578393768519,0.09585084312129766
28.30991616891697,0.0945378178730607
28.31404840014875,0.09585084312129766
28.318180631380528,0.09585084312129766
28.322312862612307,0.09322479262482375
28.326445093844086,0.09322479262482375
28.330577325075865,0.09585084312129766
28.334709556307644,0.09585084312129766
28.338841787539423,0.09716386836953461
28.3429740187712,0.09716386836953461
28.34710625000298,0.0945378178730607
28.35123848123476,0.09585084312129766
28.355370712466538,0.0945378178730607
28.359502943698317,0.09585084312129766
28.363635174930096,0.09716386836953461
28.367767406161875,0.0945378178730607
28.371899637393653,0.0945378178730607
28.376031868625432,0.0945378178730607
28.38016409985721,0.09585084312129766
28.38429633108899,0.0945378178730607
28.38842856232077,0.0945378178730607
28.392560793552548,0.0945378178730607
28.396693024784327,0.0945378178730607
28.400825256016105,0.09585084312129766
28.404957487247884,0.09716386836953461
28.409089718479663,0.09585084312129766
28.413221949711442,0.0945378178730607
28.41735418094322,0.0945378178730607
28.421486412175,0.09716386836953461
28.42561864340678,0.09585084312129766
28.429750874638557,0.0945378178730607
28.433883105870336,0.09322479262482375
28.438015337102115,0.09322479262482375
28.442147568333894,0.0945378178730607
28.446279799565673,0.0945378178730607
28.45041203079745,0.09585084312129766
28.45454426202923,0.09322479262482375
28.45867649326101,0.09585084312129766
28.46280872449279,0.09716386836953461
28.466940955724567,0.09585084312129766
28.471073186956346,0.09585084312129766
28.475205418188125,0.09847689361777157
28.479337649419904,0.09716386836953461
28.483469880651683,0.09585084312129766
28.48760211188346,0.09716386836953461
28.49173434311524,0.0945378178730607
28.49586657434702,0.0945378178730607
28.499998805578798,0.09322479262482375
28.504131036810577,0.09585084312129766
28.508263268042356,0.09585084312129766
28.512395499274135,0.09585084312129766
28.516527730505913,0.09585084312129766
28.520659961737692,0.0945378178730607
28.52479219296947,0.09585084312129766
28.52892442420125,0.0945378178730607
28.53305665543303,0.0945378178730607
28.537188886664808,0.0945378178730607
28.541321117896587,0.09585084312129766
28.545453349128366,0.09716386836953461
28.549585580360144,0.09585084312129766
28.553717811591923,0.09716386836953461
28.557850042823702,0.09585084312129766
28.56198227405548,0.09585084312129766
28.56611450528726,0.09585084312129766
28.57024673651904,0.09585084312129766
28.574378967750818,0.09585084312129766
28.578511198982596,0.0945378178730607
28.582643430214375,0.09585084312129766
28.586775661446154,0.09716386836953461
28.590907892677933,0.0945378178730607
28.595040123909712,0.0945378178730607
28.59917235514149,0.09716386836953461
28.60330458637327,0.09585084312129766
28.60743681760505,0.09585084312129766
28.611569048836827,0.0945378178730607
28.615701280068606,0.09716386836953461
28.619833511300385,0.09716386836953461
28.623965742532164,0.09716386836953461
28.628097973763943,0.09716386836953461
28.63223020499572,0.09585084312129766
28.6363624362275,0.09585084312129766
28.64049466745928,0.09585084312129766
28.644626898691058,0.09585084312129766
28.648759129922837,0.09585084312129766
28.652891361154616,0.09585084312129766
28.657023592386395,0.09585084312129766
28.661155823618174,0.09585084312129766
28.665288054849952,0.09585084312129766
28.66942028608173,0.09585084312129766
28.67355251731351,0.0945378178730607
28.67768474854529,0.09585084312129766
28.681816979777068,0.09585084312129766
28.685949211008847,0.09585084312129766
28.690081442240626,0.09585084312129766
28.694213673472404,0.09585084312129766
28.698345904704183,0.09585084312129766
28.702478135935962,0.0945378178730607
28.70661036716774,0.09585084312129766
28.71074259839952,0.0945378178730607
28.7148748296313,0.0919117673765868
28.719007060863078,0.0945378178730607
28.723139292094857,0.0945378178730607
28.727271523326635,0.0945378178730607
28.731403754558414,0.09585084312129766
28.735535985790193,0.0945378178730607
28.739668217021972,0.09716386836953461
28.74380044825375,0.09716386836953461
28.74793267948553,0.09716386836953461
28.75206491071731,0.09585084312129766
28.756197141949087,0.09585084312129766
28.760329373180866,0.09585084312129766
28.764461604412645,0.09716386836953461
28.768593835644424,0.0945378178730607
28.772726066876203,0.09585084312129766
28.77685829810798,0.09585084312129766
28.78099052933976,0.09585084312129766
28.78512276057154,0.0945378178730607
28.78925499180332,0.0945378178730607
28.793387223035097,0.09585084312129766
28.797519454266876,0.0945378178730607
28.801651685498655,0.09716386836953461
28.805783916730434,0.09585084312129766
28.809916147962213,0.09716386836953461
28.81404837919399,0.09716386836953461
28.81818061042577,0.09585084312129766
28.82231284165755,0.09716386836953461
28.826445072889328,0.09585084312129766
28.830577304121107,0.09847689361777157
28.834709535352886,0.09585084312129766
28.838841766584665,0.09585084312129766
28.842973997816443,0.09585084312129766
28.847106229048222,0.09585084312129766
28.85123846028,0.09585084312129766
28.85537069151178,0.0945378178730607
28.85950292274356,0.09585084312129766
28.863635153975338,0.09585084312129766
28.867767385207117,0.0945378178730607
28.871899616438895,0.0945378178730607
28.876031847670674,0.09585084312129766
28.880164078902453,0.09585084312129766
28.884296310134232,0.09585084312129766
28.88842854136601,0.09585084312129766
28.89256077259779,0.09585084312129766
28.89669300382957,0.09585084312129766
28.900825235061347,0.0945378178730607
28.904957466293126,0.09716386836953461
28.909089697524905,0.09585084312129766
28.913221928756684,0.09716386836953461
28.917354159988463,0.09716386836953461
28.921486391220242,0.0945378178730607
28.92561862245202,0.09585084312129766
28.9297508536838,0.09585084312129766
28.93388308491558,0.09716386836953461
28.938015316147357,0.09585084312129766
28.942147547379136,0.0945378178730607
28.946279778610915,0.0945378178730607
28.950412009842694,0.09585084312129766
28.954544241074473,0.0945378178730607
28.95867647230625,0.09585084312129766
28.96280870353803,0.09847689361777157
28.96694093476981,0.09716386836953461
28.971073166001588,0.09585084312129766
28.975205397233367,0.09716386836953461
28.979337628465146,0.09716386836953461
28.983469859696925,0.09585084312129766
28.987602090928704,0.09716386836953461
28.991734322160482,0.0945378178730607
28.99586655339226,0.09585084312129766
28.99999878462404,0.09585084312129766
29.00413101585582,0.09585084312129766
29.008263247087598,0.09585084312129766
29.012395478319377,0.0945378178730607
29.016527709551156,0.0945378178730607
29.020659940782934,0.09585084312129766
29.024792172014713,0.09585084312129766
29.028924403246492,0.09585084312129766
29.03305663447827,0.09716386836953461
29.03718886571005,0.09716386836953461
29.04132109694183,0.09585084312129766
29.045453328173608,0.09585084312129766
29.049585559405386,0.09585084312129766
29.053717790637165,0.09585084312129766
29.057850021868944,0.09585084312129766
29.061982253100723,0.09585084312129766
29.066114484332502,0.09716386836953461
29.07024671556428,0.09585084312129766
29.07437894679606,0.09585084312129766
29.07851117802784,0.0945378178730607
29.082643409259617,0.0945378178730607
29.086775640491396,0.09585084312129766
29.090907871723175,0.09585084312129766
29.095040102954954,0.09585084312129766
29.099172334186733,0.09585084312129766
29.10330456541851,0.09585084312129766
29.10743679665029,0.09585084312129766
29.11156902788207,0.0945378178730607
29.115701259113848,0.09585084312129766
29.119833490345627,0.09716386836953461
29.123965721577406,0.09585084312129766
29.128097952809185,0.09585084312129766
29.132230184040964,0.09322479262482375
29.136362415272743,0.0945378178730607
29.14049464650452,0.0945378178730607
29.1446268777363,0.0945378178730607
29.14875910896808,0.09585084312129766
29.152891340199858,0.09585084312129766
29.157023571431637,0.0945378178730607
29.161155802663416,0.0945378178730607
29.165288033895195,0.09716386836953461
29.169420265126973,0.09847689361777157
29.173552496358752,0.09585084312129766
29.17768472759053,0.09716386836953461
29.18181695882231,0.0945378178730607
29.18594919005409,0.0945378178730607
29.190081421285868,0.0945378178730607
29.194213652517647,0.09585084312129766
29.198345883749425,0.09585084312129766
29.202478114981204,0.09585084312129766
29.206610346212983,0.0945378178730607
29.210742577444762,0.09716386836953461
29.21487480867654,0.0945378178730607
29.21900703990832,0.0945378178730607
29.2231392711401,0.0945378178730607
29.227271502371877,0.09585084312129766
29.231403733603656,0.09585084312129766
29.235535964835435,0.09585084312129766
29.239668196067214,0.09585084312129766
29.243800427298993,0.09585084312129766
29.24793265853077,0.09585084312129766
29.25206488976255,0.0945378178730607
29.25619712099433,0.09716386836953461
29.26032935222611,0.09585084312129766
29.264461583457887,0.09585084312129766
29.268593814689666,0.0945378178730607
29.272726045921445,0.0945378178730607
29.276858277153224,0.0945378178730607
29.280990508385003,0.0945378178730607
29.28512273961678,0.09585084312129766
29.28925497084856,0.0945378178730607
29.29338720208034,0.09585084312129766
29.297519433312118,0.0945378178730607
29.301651664543897,0.09585084312129766
29.305783895775676,0.09585084312129766
29.309916127007455,0.0945378178730607
29.314048358239233,0.0945378178730607
29.318180589471012,0.09585084312129766
29.32231282070279,0.09585084312129766
29.32644505193457,0.09585084312129766
29.33057728316635,0.09585084312129766
29.334709514398128,0.09585084312129766
29.338841745629907,0.09322479262482375
29.342973976861686,0.09585084312129766
29.347106208093464,0.0945378178730607
29.351238439325243,0.09322479262482375
29.355370670557022,0.0945378178730607
29.3595029017888,0.09322479262482375
29.36363513302058,0.09585084312129766
29.36776736425236,0.0945378178730607
29.371899595484138,0.09716386836953461
29.376031826715916,0.09585084312129766
29.380164057947695,0.09585084312129766
29.384296289179474,0.09716386836953461
29.388428520411253,0.0945378178730607
29.392560751643032,0.09585084312129766
29.39669298287481,0.09585084312129766
29.40082521410659,0.0945378178730607
29.40495744533837,0.09322479262482375
29.409089676570147,0.09322479262482375
29.413221907801926,0.09322479262482375
29.417354139033705,0.0945378178730607
29.421486370265484,0.0945378178730607
29.425618601497263,0.0945378178730607
29.42975083272904,0.09585084312129766
29.43388306396082,0.0945378178730607
29.4380152951926,0.0945378178730607
29.442147526424378,0.09585084312129766
29.446279757656157,0.0945378178730607
29.450411988887936,0.09585084312129766
29.454544220119715,0.0945378178730607
29.458676451351494,0.09585084312129766
29.462808682583272,0.0945378178730607
29.46694091381505,0.0945378178730607
29.47107314504683,0.0945378178730607
29.47520537627861,0.09585084312129766
29.479337607510388,0.09322479262482375
29.483469838742167,0.0945378178730607
29.487602069973946,0.09585084312129766
29.491734301205724,0.09585084312129766
29.495866532437503,0.0945378178730607
29.499998763669282,0.0945378178730607
29.50413099490106,0.0945378178730607
29.50826322613284,0.09585084312129766
29.51239545736462,0.09585084312129766
29.516527688596398,0.0945378178730607
29.520659919828176,0.09585084312129766
29.524792151059955,0.0945378178730607
29.528924382291734,0.0945378178730607
29.533056613523513,0.09716386836953461
29.537188844755292,0.09585084312129766
29.54132107598707,0.0945378178730607
29.54545330721885,0.0945378178730607
29.54958553845063,0.09322479262482375
29.553717769682407,0.09322479262482375
29.557850000914186,0.0919117673765868
29.561982232145965,0.09322479262482375
29.566114463377744,0.0945378178730607
29.570246694609523,0.09585084312129766
29.5743789258413,0.09585084312129766
29.57851115707308,0.09585084312129766
29.58264338830486,0.0945378178730607
29.58677561953664,0.09585084312129766
29.590907850768417,0.09716386836953461
29.595040082000196,0.0945378178730607
29.599172313231975,0.09716386836953461
29.603304544463754,0.09716386836953461
29.607436775695533,0.09585084312129766
29.61156900692731,0.0945378178730607
29.61570123815909,0.0945378178730607
29.61983346939087,0.0945378178730607
29.623965700622648,0.09322479262482375
29.628097931854427,0.0945378178730607
29.632230163086206,0.0945378178730607
29.636362394317985,0.09322479262482375
29.640494625549763,0.09585084312129766
29.644626856781542,0.09585084312129766
29.64875908801332,0.0945378178730607
29.6528913192451,0.0945378178730607
29.65702355047688,0.0945378178730607
29.661155781708658,0.09585084312129766
29.665288012940437,0.0945378178730607
29.669420244172215,0.0945378178730607
29.673552475403994,0.0945378178730607
29.677684706635773,0.0945378178730607
29.681816937867552,0.0945378178730607
29.68594916909933,0.09585084312129766
29.69008140033111,0.0945378178730607
29.69421363156289,0.09322479262482375
29.698345862794667,0.0945378178730607
29.702478094026446,0.0945378178730607
29.706610325258225,0.09322479262482375
29.710742556490004,0.0945378178730607
29.714874787721783,0.09322479262482375
29.719007018953562,0.09322479262482375
29.72313925018534,0.09585084312129766
29.72727148141712,0.09585084312129766
29.7314037126489,0.0945378178730607
29.735535943880677,0.09322479262482375
29.739668175112456,0.09585084312129766
29.743800406344235,0.0945378178730607
29.747932637576014,0.0945378178730607
29.752064868807793,0.0945378178730607
29.75619710003957,0.0945378178730607
29.76032933127135,0.0945378178730607
29.76446156250313,0.0945378178730607
29.768593793734908,0.09585084312129766
29.772726024966687,0.0945378178730607
29.776858256198466,0.09585084312129766
29.780990487430245,0.09585084312129766
29.785122718662024,0.0945378178730607
29.789254949893802,0.0945378178730607
29.79338718112558,0.09585084312129766
29.79751941235736,0.09322479262482375
29.80165164358914,0.09585084312129766
29.805783874820918,0.09716386836953461
29.809916106052697,0.09585084312129766
29.814048337284476,0.09585084312129766
29.818180568516254,0.09585084312129766
29.822312799748033,0.0945378178730607
29.826445030979812,0.09585084312129766
29.83057726221159,0.0945378178730607
29.83470949344337,0.09322479262482375
29.83884172467515,0.09322479262482375
29.842973955906928,0.0945378178730607
29.847106187138706,0.09322479262482375
29.851238418370485,0.0945378178730607
29.855370649602264,0.09322479262482375
29.859502880834043,0.09322479262482375
29.863635112065822,0.09585084312129766
29.8677673432976,0.09585084312129766
29.87189957452938,0.0945378178730607
29.87603180576116,0.09322479262482375
29.880164036992937,0.09585084312129766
29.884296268224716,0.0945378178730607
29.888428499456495,0.0945378178730607
29.892560730688274,0.0945378178730607
29.896692961920053,0.0945378178730607
29.90082519315183,0.0945378178730607
29.90495742438361,0.0945378178730607
29.90908965561539,0.0945378178730607
29.913221886847168,0.09585084312129766
29.917354118078947,0.09585084312129766
29.921486349310726,0.0945378178730607
29.925618580542505,0.0945378178730607
29.929750811774284,0.09585084312129766
29.933883043006063,0.0945378178730607
29.93801527423784,0.0945378178730607
29.94214750546962,0.0945378178730607
29.9462797367014,0.0945378178730607
29.950411967933178,0.09322479262482375
29.954544199164957,0.09322479262482375
29.958676430396736,0.09322479262482375
29.962808661628515,0.0945378178730607
29.966940892860293,0.09322479262482375
29.971073124092072,0.09322479262482375
29.97520535532385,0.0945378178730607
29.97933758655563,0.09322479262482375
29.98346981778741,0.0945378178730607
29.987602049019188,0.0945378178730607
29.991734280250967,0.0945378178730607
29.995866511482745,0.0945378178730607
29.999998742714524,0.09585084312129766
30.004130973946303,0.09585084312129766
30.008263205178082,0.0945378178730607
30.01239543640986,0.0945378178730607
30.01652766764164,0.09585084312129766
30.02065989887342,0.0945378178730607
30.024792130105197,0.0945378178730607
30.028924361336976,0.0945378178730607
30.033056592568755,0.0945378178730607
30.037188823800534,0.09322479262482375
30.041321055032313,0.0945378178730607
30.04545328626409,0.0945378178730607
30.04958551749587,0.0945378178730607
30.05371774872765,0.09322479262482375
30.05784997995943,0.0945378178730607
30.061982211191207,0.09585084312129766
30.066114442422986,0.09585084312129766
30.070246673654765,0.09716386836953461
30.074378904886544,0.09585084312129766
30.078511136118323,0.09585084312129766
30.0826433673501,0.09585084312129766
30.08677559858188,0.0945378178730607
30.09090782981366,0.0945378178730607
30.095040061045438,0.09322479262482375
30.099172292277217,0.09322479262482375
30.103304523508996,0.0945378178730607
30.107436754740775,0.0945378178730607
30.111568985972553,0.0945378178730607
30.115701217204332,0.09585084312129766
30.11983344843611,0.0945378178730607
30.12396567966789,0.0945378178730607
30.12809791089967,0.0945378178730607
30.132230142131448,0.0945378178730607
30.136362373363227,0.0945378178730607
30.140494604595006,0.09585084312129766
30.144626835826784,0.0945378178730607
30.148759067058563,0.09585084312129766
30.152891298290342,0.09585084312129766
30.15702352952212,0.09585084312129766
30.1611557607539,0.09585084312129766
30.16528799198568,0.0919117673765868
30.169420223217458,0.0945378178730607
30.173552454449236,0.09585084312129766
30.177684685681015,0.0945378178730607
30.181816916912794,0.09322479262482375
30.185949148144573,0.0945378178730607
30.190081379376352,0.0945378178730607
30.19421361060813,0.0945378178730607
30.19834584183991,0.09585084312129766
30.20247807307169,0.09716386836953461
30.206610304303467,0.09716386836953461
30.210742535535246,0.09716386836953461
30.214874766767025,0.0945378178730607
30.219006997998804,0.09585084312129766
30.223139229230583,0.0945378178730607
30.22727146046236,0.09322479262482375
30.23140369169414,0.0945378178730607
30.23553592292592,0.0945378178730607
30.239668154157698,0.09585084312129766
30.243800385389477,0.0945378178730607
30.247932616621256,0.0945378178730607
30.252064847853035,0.09716386836953461
30.256197079084814,0.09585084312129766
30.260329310316592,0.09585084312129766
30.26446154154837,0.0945378178730607
30.26859377278015,0.0945378178730607
30.27272600401193,0.09585084312129766
30.276858235243708,0.09585084312129766
30.280990466475487,0.0945378178730607
30.285122697707266,0.09322479262482375
30.289254928939044,0.09322479262482375
30.293387160170823,0.0945378178730607
30.297519391402602,0.0945378178730607
30.30165162263438,0.0945378178730607
30.30578385386616,0.09322479262482375
30.30991608509794,0.0945378178730607
30.314048316329718,0.09585084312129766
30.318180547561496,0.09716386836953461
30.322312778793275,0.09322479262482375
30.326445010025054,0.0945378178730607
30.330577241256833,0.0945378178730607
30.334709472488612,0.09716386836953461
30.33884170372039,0.09585084312129766
30.34297393495217,0.09585084312129766
30.34710616618395,0.09716386836953461
30.351238397415727,0.09716386836953461
30.355370628647506,0.09585084312129766
30.359502859879285,0.0945378178730607
30.363635091111064,0.0945378178730607
30.367767322342843,0.0945378178730607
30.37189955357462,0.09585084312129766
30.3760317848064,0.0945378178730607
30.38016401603818,0.0945378178730607
30.38429624726996,0.0945378178730607
30.388428478501737,0.09585084312129766
30.392560709733516,0.0945378178730607
30.396692940965295,0.0945378178730607
30.400825172197074,0.0945378178730607
30.404957403428853,0.09585084312129766
30.40908963466063,0.09585084312129766
30.41322186589241,0.09585084312129766
30.41735409712419,0.09585084312129766
30.421486328355968,0.09585084312129766
30.425618559587747,0.09585084312129766
30.429750790819526,0.09585084312129766
30.433883022051305,0.09585084312129766
30.438015253283083,0.09716386836953461
30.442147484514862,0.09585084312129766
30.44627971574664,0.0945378178730607
30.45041194697842,0.09585084312129766
30.4545441782102,0.0945378178730607
30.458676409441978,0.0919117673765868
30.462808640673757,0.09585084312129766
30.466940871905535,0.0945378178730607
30.471073103137314,0.09585084312129766
30.475205334369093,0.0945378178730607
30.479337565600872,0.0945378178730607
30.48346979683265,0.0945378178730607
30.48760202806443,0.09585084312129766
30.49173425929621,0.09585084312129766
30.495866490527987,0.09585084312129766
30.499998721759766,0.0945378178730607
30.504130952991545,0.09585084312129766
30.508263184223324,0.09585084312129766
30.512395415455103,0.0945378178730607
30.516527646686882,0.0945378178730607
30.52065987791866,0.0945378178730607
30.52479210915044,0.0945378178730607
30.52892434038222,0.0945378178730607
30.533056571613997,0.09322479262482375
30.537188802845776,0.0945378178730607
30.541321034077555,0.09585084312129766
30.545453265309334,0.09585084312129766
30.549585496541113,0.09585084312129766
30.55371772777289,0.09716386836953461
30.55784995900467,0.09585084312129766
30.56198219023645,0.0919117673765868
30.566114421468228,0.0945378178730607
30.570246652700007,0.09585084312129766
30.574378883931786,0.09585084312129766
30.578511115163565,0.09585084312129766
30.582643346395344,0.09585084312129766
30.586775577627122,0.09585084312129766
30.5909078088589,0.09585084312129766
30.59504004009068,0.09585084312129766
30.59917227132246,0.09716386836953461
30.603304502554238,0.0945378178730607
30.607436733786017,0.09322479262482375
30.611568965017796,0.09322479262482375
30.615701196249574,0.09585084312129766
30.619833427481353,0.09585084312129766
30.623965658713132,0.09585084312129766
30.62809788994491,0.09585084312129766
30.63223012117669,0.09585084312129766
30.63636235240847,0.09716386836953461
30.640494583640248,0.09716386836953461
30.644626814872026,0.09585084312129766
30.648759046103805,0.0945378178730607
30.652891277335584,0.09585084312129766
30.657023508567363,0.09585084312129766
30.661155739799142,0.09585084312129766
30.66528797103092,0.09585084312129766
30.6694202022627,0.0945378178730607
30.67355243349448,0.09716386836953461
30.677684664726257,0.0945378178730607
30.681816895958036,0.09716386836953461
30.685949127189815,0.0945378178730607
30.690081358421594,0.09585084312129766
30.694213589653373,0.09716386836953461
30.69834582088515,0.09585084312129766
30.70247805211693,0.0945378178730607
30.70661028334871,0.09716386836953461
30.710742514580488,0.09585084312129766
30.714874745812267,0.0945378178730607
30.719006977044046,0.09716386836953461
30.723139208275825,0.09585084312129766
30.727271439507604,0.0945378178730607
30.731403670739383,0.09716386836953461
30.73553590197116,0.09585084312129766
30.73966813320294,0.09585084312129766
30.74380036443472,0.09585084312129766
30.747932595666498,0.09716386836953461
30.752064826898277,0.09585084312129766
30.756197058130056,0.09716386836953461
30.760329289361835,0.09585084312129766
30.764461520593613,0.09585084312129766
30.768593751825392,0.0945378178730607
30.77272598305717,0.0945378178730607
30.77685821428895,0.09585084312129766
30.78099044552073,0.0945378178730607
30.785122676752508,0.0945378178730607
30.789254907984287,0.09585084312129766
30.793387139216065,0.0945378178730607
30.797519370447844,0.09716386836953461
30.801651601679623,0.09585084312129766
30.805783832911402,0.09585084312129766
30.80991606414318,0.09585084312129766
30.81404829537496,0.09716386836953461
30.81818052660674,0.0945378178730607
30.822312757838517,0.0945378178730607
30.826444989070296,0.09716386836953461
30.830577220302075,0.09585084312129766
30.834709451533854,0.09716386836953461
30.838841682765633,0.09716386836953461
30.84297391399741,0.09716386836953461
30.84710614522919,0.09585084312129766
30.85123837646097,0.09716386836953461
30.85537060769275,0.09585084312129766
30.859502838924527,0.09585084312129766
30.863635070156306,0.09585084312129766
30.867767301388085,0.0945378178730607
30.871899532619864,0.09322479262482375
30.876031763851643,0.09322479262482375
30.88016399508342,0.09585084312129766
30.8842962263152,0.09716386836953461
30.88842845754698,0.0945378178730607
30.892560688778758,0.09716386836953461
30.896692920010537,0.09585084312129766
30.900825151242316,0.09847689361777157
30.904957382474095,0.09585084312129766
30.909089613705873,0.09716386836953461
30.913221844937652,0.09716386836953461
30.91735407616943,0.0945378178730607
30.92148630740121,0.09585084312129766
30.92561853863299,0.09716386836953461
30.929750769864768,0.09585084312129766
30.933883001096547,0.0945378178730607
30.938015232328326,0.09322479262482375
30.942147463560104,0.09585084312129766
30.946279694791883,0.09585084312129766
30.950411926023662,0.09585084312129766
30.95454415725544,0.0945378178730607
30.95867638848722,0.09585084312129766
30.962808619719,0.0945378178730607
30.966940850950778,0.09585084312129766
30.971073082182556,0.09716386836953461
30.975205313414335,0.09585084312129766
30.979337544646114,0.09716386836953461
30.983469775877893,0.09585084312129766
30.987602007109672,0.09585084312129766
30.99173423834145,0.09585084312129766
30.99586646957323,0.0945378178730607
30.99999870080501,0.09585084312129766
31.004130932036787,0.0945378178730607
31.008263163268566,0.09585084312129766
31.012395394500345,0.09585084312129766
31.016527625732124,0.09585084312129766
31.020659856963903,0.09585084312129766
31.02479208819568,0.09716386836953461
31.02892431942746,0.09716386836953461
31.03305655065924,0.09716386836953461
31.037188781891018,0.09585084312129766
31.041321013122797,0.0945378178730607
31.045453244354576,0.09585084312129766
31.049585475586355,0.0945378178730607
31.053717706818134,0.0945378178730607
31.057849938049912,0.0945378178730607
31.06198216928169,0.09716386836953461
31.06611440051347,0.09585084312129766
31.07024663174525,0.09585084312129766
31.074378862977028,0.0945378178730607
31.078511094208807,0.09585084312129766
31.082643325440586,0.09585084312129766
31.086775556672364,0.09585084312129766
31.090907787904143,0.09585084312129766
31.095040019135922,0.09585084312129766
31.0991722503677,0.09585084312129766
31.10330448159948,0.09585084312129766
31.10743671283126,0.0945378178730607
31.111568944063038,0.09716386836953461
31.115701175294816,0.09716386836953461
31.119833406526595,0.0945378178730607
31.123965637758374,0.09585084312129766
31.128097868990153,0.09585084312129766
31.132230100221932,0.09585084312129766
31.13636233145371,0.09585084312129766
31.14049456268549,0.09585084312129766
31.14462679391727,0.09847689361777157
31.148759025149047,0.09585084312129766
31.152891256380826,0.09585084312129766
31.157023487612605,0.0945378178730607
31.161155718844384,0.09716386836953461
31.165287950076163,0.0945378178730607
31.16942018130794,0.09585084312129766
31.17355241253972,0.09585084312129766
31.1776846437715,0.09716386836953461
31.18181687500328,0.09585084312129766
31.185949106235057,0.09585084312129766
31.190081337466836,0.09585084312129766
31.194213568698615,0.0945378178730607
31.198345799930394,0.09322479262482375
31.202478031162173,0.09585084312129766
31.20661026239395,0.0945378178730607
31.21074249362573,0.09585084312129766
31.21487472485751,0.09585084312129766
31.219006956089288,0.09585084312129766
31.223139187321067,0.0945378178730607
31.227271418552846,0.09585084312129766
31.231403649784625,0.0945378178730607
31.235535881016403,0.0945378178730607
31.239668112248182,0.0945378178730607
31.24380034347996,0.09585084312129766
31.24793257471174,0.0945378178730607
31.25206480594352,0.0945378178730607
31.256197037175298,0.09585084312129766
31.260329268407077,0.09585084312129766
31.264461499638855,0.0945378178730607
31.268593730870634,0.09585084312129766
31.272725962102413,0.09585084312129766
31.276858193334192,0.09585084312129766
31.28099042456597,0.09585084312129766
31.28512265579775,0.09322479262482375
31.28925488702953,0.09585084312129766
31.293387118261307,0.09585084312129766
31.297519349493086,0.0945378178730607
31.301651580724865,0.09585084312129766
31.305783811956644,0.09585084312129766
31.309916043188423,0.09585084312129766
31.314048274420202,0.0945378178730607
31.31818050565198,0.09716386836953461
31.32231273688376,0.09585084312129766
31.32644496811554,0.0945378178730607
31.330577199347317,0.0945378178730607
31.334709430579096,0.0945378178730607
31.338841661810875,0.09322479262482375
31.342973893042654,0.0945378178730607
31.347106124274433,0.0945378178730607
31.35123835550621,0.0945378178730607
31.35537058673799,0.0945378178730607
31.35950281796977,0.0945378178730607
31.363635049201548,0.09585084312129766
31.367767280433327,0.0945378178730607
31.371899511665106,0.09585084312129766
31.376031742896885,0.09585084312129766
31.380163974128664,0.09585084312129766
31.384296205360442,0.09585084312129766
31.38842843659222,0.09585084312129766
31.392560667824,0.0945378178730607
31.39669289905578,0.0945378178730607
31.400825130287558,0.0945378178730607
31.404957361519337,0.0945378178730607
31.409089592751116,0.09322479262482375
31.413221823982894,0.09322479262482375
31.417354055214673,0.09585084312129766
31.421486286446452,0.09585084312129766
31.42561851767823,0.0945378178730607
31.42975074891001,0.09585084312129766
31.43388298014179,0.09322479262482375
31.438015211373568,0.0945378178730607
31.442147442605346,0.0945378178730607
31.446279673837125,0.0945378178730607
31.450411905068904,0.0945378178730607
31.454544136300683,0.09585084312129766
31.458676367532462,0.09716386836953461
31.46280859876424,0.09585084312129766
31.46694082999602,0.09585084312129766
31.4710730612278,0.0945378178730607
31.475205292459577,0.0945378178730607
31.479337523691356,0.09322479262482375
31.483469754923135,0.09322479262482375
31.487601986154914,0.0945378178730607
31.491734217386693,0.0945378178730607
31.49586644861847,0.09322479262482375
31.49999867985025,0.0945378178730607
31.50413091108203,0.09322479262482375
31.508263142313808,0.09585084312129766
31.512395373545587,0.0945378178730607
31.516527604777366,0.09585084312129766
31.520659836009145,0.09585084312129766
31.524792067240924,0.0945378178730607
31.528924298472703,0.0945378178730607
31.53305652970448,0.0945378178730607
31.53718876093626,0.09585084312129766
31.54132099216804,0.0945378178730607
31.545453223399818,0.0945378178730607
31.549585454631597,0.0945378178730607
31.553717685863376,0.09322479262482375
31.557849917095155,0.0945378178730607
31.561982148326933,0.0945378178730607
31.566114379558712,0.09585084312129766
31.57024661079049,0.0945378178730607
31.57437884202227,0.09585084312129766
31.57851107325405,0.09585084312129766
31.582643304485828,0.09716386836953461
31.586775535717607,0.09585084312129766
31.590907766949385,0.09585084312129766
31.595039998181164,0.0945378178730607
31.599172229412943,0.09585084312129766
31.603304460644722,0.0945378178730607
31.6074366918765,0.0945378178730607
31.61156892310828,0.09585084312129766
31.61570115434006,0.09585084312129766
31.619833385571837,0.0945378178730607
31.623965616803616,0.0945378178730607
31.628097848035395,0.0945378178730607
31.632230079267174,0.0945378178730607
31.636362310498953,0.09585084312129766
31.64049454173073,0.0945378178730607
31.64462677296251,0.09585084312129766
31.64875900419429,0.0945378178730607
31.65289123542607,0.0945378178730607
31.657023466657847,0.09585084312129766
31.661155697889626,0.09585084312129766
31.665287929121405,0.09716386836953461
31.669420160353184,0.09716386836953461
31.673552391584963,0.09716386836953461
31.67768462281674,0.0945378178730607
31.68181685404852,0.09585084312129766
31.6859490852803,0.0945378178730607
31.690081316512078,0.09585084312129766
31.694213547743857,0.0945378178730607
31.698345778975636,0.09322479262482375
31.702478010207415,0.0945378178730607
31.706610241439193,0.09322479262482375
31.710742472670972,0.09585084312129766
31.71487470390275,0.0945378178730607
31.71900693513453,0.09716386836953461
31.72313916636631,0.0945378178730607
31.727271397598088,0.09322479262482375
31.731403628829867,0.09585084312129766
31.735535860061646,0.09585084312129766
31.739668091293424,0.09585084312129766
31.743800322525203,0.09585084312129766
31.747932553756982,0.0945378178730607
31.75206478498876,0.0945378178730607
31.75619701622054,0.0945378178730607
31.76032924745232,0.0945378178730607
31.764461478684098,0.0945378178730607
31.768593709915876,0.0945378178730607
31.772725941147655,0.09585084312129766
31.776858172379434,0.09585084312129766
31.780990403611213,0.09585084312129766
31.785122634842992,0.0945378178730607
31.78925486607477,0.0945378178730607
31.79338709730655,0.0945378178730607
31.79751932853833,0.09585084312129766
31.801651559770107,0.09585084312129766
31.805783791001886,0.09585084312129766
31.809916022233665,0.09716386836953461
31.814048253465444,0.09322479262482375
31.818180484697223,0.0945378178730607
31.822312715929,0.0945378178730607
31.82644494716078,0.0945378178730607
31.83057717839256,0.09585084312129766
31.834709409624338,0.09585084312129766
31.838841640856117,0.0945378178730607
31.842973872087896,0.0945378178730607
31.847106103319675,0.0945378178730607
31.851238334551454,0.09716386836953461
31.855370565783232,0.09585084312129766
31.85950279701501,0.09585084312129766
31.86363502824679,0.0945378178730607
31.86776725947857,0.09585084312129766
31.871899490710348,0.09322479262482375
31.876031721942127,0.09585084312129766
31.880163953173906,0.09585084312129766
31.884296184405684,0.0945378178730607
31.888428415637463,0.09322479262482375
31.892560646869242,0.0945378178730607
31.89669287810102,0.09585084312129766
31.9008251093328,0.0945378178730607
31.90495734056458,0.0945378178730607
31.909089571796358,0.0945378178730607
31.913221803028136,0.0945378178730607
31.917354034259915,0.0945378178730607
31.921486265491694,0.0945378178730607
31.925618496723473,0.09585084312129766
31.929750727955252,0.09716386836953461
31.93388295918703,0.09585084312129766
31.93801519041881,0.09585084312129766
31.94214742165059,0.09322479262482375
31.946279652882367,0.0945378178730607
31.950411884114146,0.09585084312129766
31.954544115345925,0.0945378178730607
31.958676346577704,0.0945378178730607
31.962808577809483,0.0945378178730607
31.96694080904126,0.09585084312129766
31.97107304027304,0.0945378178730607
31.97520527150482,0.09322479262482375
31.9793375027366,0.0945378178730607
31.983469733968377,0.09716386836953461
31.987601965200156,0.09585084312129766
31.991734196431935,0.09585084312129766
31.995866427663714,0.09585084312129766
31.999998658895493,0.09585084312129766
32.00413089012727,0.09585084312129766
32.00826312135905,0.0945378178730607
32.01239535259083,0.09585084312129766
32.01652758382261,0.0945378178730607
32.02065981505439,0.09322479262482375
32.024792046286166,0.0945378178730607
32.028924277517945,0.09585084312129766
32.03305650874972,0.09585084312129766
32.0371887399815,0.09585084312129766
32.04132097121328,0.0945378178730607
32.04545320244506,0.0945378178730607
32.04958543367684,0.0945378178730607
32.05371766490862,0.09585084312129766
32.0578498961404,0.0945378178730607
32.061982127372175,0.09322479262482375
32.066114358603954,0.09585084312129766
32.07024658983573,0.09585084312129766
32.07437882106751,0.0945378178730607
32.07851105229929,0.09585084312129766
32.08264328353107,0.0945378178730607
32.08677551476285,0.0945378178730607
32.09090774599463,0.0945378178730607
32.095039977226406,0.0945378178730607
32.099172208458185,0.0945378178730607
32.103304439689964,0.09322479262482375
32.10743667092174,0.09322479262482375
32.11156890215352,0.09585084312129766
32.1157011333853,0.0945378178730607
32.11983336461708,0.09585084312129766
32.12396559584886,0.09585084312129766
32.12809782708064,0.09585084312129766
32.132230058312416,0.09585084312129766
32.136362289544195,0.09585084312129766
32.140494520775974,0.0945378178730607
32.14462675200775,0.0945378178730607
32.14875898323953,0.0945378178730607
32.15289121447131,0.09585084312129766
32.15702344570309,0.0945378178730607
32.16115567693487,0.0945378178730607
32.16528790816665,0.0945378178730607
32.169420139398426,0.09322479262482375
32.173552370630205,0.09585084312129766
32.17768460186198,0.0945378178730607
32.18181683309376,0.0945378178730607
32.18594906432554,0.09585084312129766
32.19008129555732,0.0945378178730607
32.1942135267891,0.09585084312129766
32.19834575802088,0.09585084312129766
32.20247798925266,0.09585084312129766
32.206610220484436,0.0945378178730607
32.210742451716214,0.09585084312129766
32.21487468294799,0.09585084312129766
32.21900691417977,0.09585084312129766
32.22313914541155,0.09585084312129766
32.22727137664333,0.09585084312129766
32.23140360787511,0.0945378178730607
32.23553583910689,0.0945378178730607
32.239668070338666,0.09322479262482375
32.243800301570445,0.0919117673765868
32.247932532802224,0.0945378178730607
32.252064764034,0.09716386836953461
32.25619699526578,0.09585084312129766
32.26032922649756,0.09585084312129766
32.26446145772934,0.09585084312129766
32.26859368896112,0.09322479262482375
32.2727259201929,0.0945378178730607
32.276858151424676,0.09716386836953461
32.280990382656455,0.09585084312129766
32.285122613888234,0.0945378178730607
32.28925484512001,0.0945378178730607
32.29338707635179,0.09585084312129766
32.29751930758357,0.09585084312129766
32.30165153881535,0.09585084312129766
32.30578377004713,0.0945378178730607
32.30991600127891,0.09585084312129766
32.314048232510686,0.0945378178730607
32.318180463742465,0.09322479262482375
32.322312694974244,0.09322479262482375
32.32644492620602,0.09322479262482375
32.3305771574378,0.09585084312129766
32.33470938866958,0.09716386836953461
32.33884161990136,0.09585084312129766
32.34297385113314,0.09585084312129766
32.34710608236492,0.09585084312129766
32.351238313596696,0.09585084312129766
32.355370544828475,0.09322479262482375
32.35950277606025,0.0945378178730607
32.36363500729203,0.09585084312129766
32.36776723852381,0.09585084312129766
32.37189946975559,0.0945378178730607
32.37603170098737,0.09322479262482375
32.38016393221915,0.0945378178730607
32.38429616345093,0.09585084312129766
32.388428394682705,0.09322479262482375
32.392560625914484,0.09585084312129766
32.39669285714626,0.0945378178730607
32.40082508837804,0.09585084312129766
32.40495731960982,0.09322479262482375
32.4090895508416,0.0945378178730607
32.41322178207338,0.0945378178730607
32.41735401330516,0.09716386836953461
32.421486244536936,0.09585084312129766
32.425618475768715,0.0945378178730607
32.429750707000494,0.0945378178730607
32.43388293823227,0.0945378178730607
32.43801516946405,0.0945378178730607
32.44214740069583,0.0945378178730607
32.44627963192761,0.0945378178730607
32.45041186315939,0.0945378178730607
32.45454409439117,0.09585084312129766
32.458676325622946,0.09585084312129766
32.462808556854725,0.09322479262482375
32.466940788086504,0.09585084312129766
32.47107301931828,0.09585084312129766
32.47520525055006,0.09585084312129766
32.47933748178184,0.09716386836953461
32.48346971301362,0.0945378178730607
32.4876019442454,0.09716386836953461
32.49173417547718,0.09585084312129766
32.495866406708956,0.09716386836953461
32.499998637940735,0.09322479262482375
32.50413086917251,0.0945378178730607
32.50826310040429,0.09585084312129766
32.51239533163607,0.09585084312129766
32.51652756286785,0.0945378178730607
32.52065979409963,0.0945378178730607
32.52479202533141,0.09585084312129766
32.52892425656319,0.09716386836953461
32.533056487794966,0.09716386836953461
32.537188719026744,0.09585084312129766
32.54132095025852,0.09716386836953461
32.5454531814903,0.09585084312129766
32.54958541272208,0.0945378178730607
32.55371764395386,0.09585084312129766
32.55784987518564,0.0945378178730607
32.56198210641742,0.09585084312129766
32.566114337649196,0.09585084312129766
32.570246568880975,0.09585084312129766
32.574378800112754,0.09585084312129766
32.57851103134453,0.0945378178730607
32.58264326257631,0.0945378178730607
32.58677549380809,0.09585084312129766
32.59090772503987,0.0945378178730607
32.59503995627165,0.09716386836953461
32.59917218750343,0.09322479262482375
32.603304418735206,0.09585084312129766
32.607436649966985,0.09585084312129766
32.611568881198764,0.09585084312129766
32.61570111243054,0.0945378178730607
32.61983334366232,0.09585084312129766
32.6239655748941,0.09585084312129766
32.62809780612588,0.09847689361777157
32.63223003735766,0.0945378178730607
32.63636226858944,0.09585084312129766
32.640494499821216,0.0945378178730607
32.644626731052995,0.09585084312129766
32.648758962284774,0.09585084312129766
32.65289119351655,0.09322479262482375
32.65702342474833,0.09585084312129766
32.66115565598011,0.0945378178730607
32.66528788721189,0.09585084312129766
32.66942011844367,0.0945378178730607
32.67355234967545,0.09585084312129766
32.677684580907226,0.09585084312129766
32.681816812139004,0.09716386836953461
32.68594904337078,0.09847689361777157
32.69008127460256,0.0945378178730607
32.69421350583434,0.09716386836953461
32.69834573706612,0.09585084312129766
32.7024779682979,0.09585084312129766
32.70661019952968,0.09585084312129766
32.71074243076146,0.09585084312129766
32.714874661993235,0.0945378178730607
32.719006893225014,0.09716386836953461
32.72313912445679,0.09585084312129766
32.72727135568857,0.0945378178730607
32.73140358692035,0.0945378178730607
32.73553581815213,0.09585084312129766
32.73966804938391,0.0945378178730607
32.74380028061569,0.09716386836953461
32.747932511847466,0.0945378178730607
32.752064743079245,0.09716386836953461
32.756196974311024,0.09585084312129766
32.7603292055428,0.09716386836953461
32.76446143677458,0.09716386836953461
32.76859366800636,0.09716386836953461
32.77272589923814,0.09716386836953461
32.77685813046992,0.09585084312129766
32.7809903617017,0.09585084312129766
32.785122592933476,0.0945378178730607
32.789254824165255,0.0945378178730607
32.793387055397034,0.0945378178730607
32.79751928662881,0.0945378178730607
32.80165151786059,0.09585084312129766
32.80578374909237,0.09322479262482375
32.80991598032415,0.09585084312129766
32.81404821155593,0.0945378178730607
32.81818044278771,0.09585084312129766
32.822312674019486,0.09585084312129766
32.826444905251265,0.09585084312129766
32.83057713648304,0.09716386836953461
32.83470936771482,0.09585084312129766
32.8388415989466,0.09585084312129766
32.84297383017838,0.09585084312129766
32.84710606141016,0.09585084312129766
32.85123829264194,0.09716386836953461
32.85537052387372,0.0945378178730607
32.859502755105495,0.0945378178730607
32.863634986337274,0.09322479262482375
32.86776721756905,0.0945378178730607
32.87189944880083,0.0945378178730607
32.87603168003261,0.0945378178730607
32.88016391126439,0.0945378178730607
32.88429614249617,0.09585084312129766
32.88842837372795,0.09585084312129766
32.892560604959726,0.09585084312129766
32.896692836191505,0.09585084312129766
32.900825067423284,0.09585084312129766
32.90495729865506,0.09585084312129766
32.90908952988684,0.0945378178730607
32.91322176111862,0.09585084312129766
32.9173539923504,0.09585084312129766
32.92148622358218,0.09716386836953461
32.92561845481396,0.09585084312129766
32.929750686045736,0.0945378178730607
32.933882917277515,0.0945378178730607
32.938015148509294,0.09585084312129766
32.94214737974107,0.0945378178730607
32.94627961097285,0.09716386836953461
32.95041184220463,0.09716386836953461
32.95454407343641,0.09585084312129766
32.95867630466819,0.09585084312129766
32.96280853589997,0.0945378178730607
32.966940767131746,0.09585084312129766
32.971072998363525,0.09585084312129766
32.9752052295953,0.09716386836953461
32.97933746082708,0.09585084312129766
32.98346969205886,0.09585084312129766
32.98760192329064,0.09716386836953461
32.99173415452242,0.0945378178730607
32.9958663857542,0.0945378178730607
32.99999861698598,0.09585084312129766
33.004130848217756,0.09322479262482375
33.008263079449534,0.09585084312129766
33.01239531068131,0.09585084312129766
33.01652754191309,0.0945378178730607
33.02065977314487,0.0945378178730607
33.02479200437665,0.0945378178730607
33.02892423560843,0.09716386836953461
33.03305646684021,0.09585084312129766
33.037188698071986,0.09716386836953461
33.041320929303765,0.09716386836953461
33.045453160535544,0.09716386836953461
33.04958539176732,0.09585084312129766
33.0537176229991,0.09585084312129766
33.05784985423088,0.0945378178730607
33.06198208546266,0.0945378178730607
33.06611431669444,0.09585084312129766
33.07024654792622,0.09585084312129766
33.074378779157996,0.09585084312129766
33.078511010389775,0.09585084312129766
33.082643241621554,0.09585084312129766
33.08677547285333,0.09585084312129766
33.09090770408511,0.09585084312129766
33.09503993531689,0.09716386836953461
33.09917216654867,0.09585084312129766
33.10330439778045,0.09585084312129766
33.10743662901223,0.09716386836953461
33.111568860244006,0.09585084312129766
33.115701091475785,0.09585084312129766
33.119833322707564,0.09585084312129766
33.12396555393934,0.0945378178730607
33.12809778517112,0.09585084312129766
33.1322300164029,0.09585084312129766
33.13636224763468,0.0945378178730607
33.14049447886646,0.09585084312129766
33.14462671009824,0.09585084312129766
33.148758941330016,0.09716386836953461
33.152891172561795,0.09585084312129766
33.15702340379357,0.09585084312129766
33.16115563502535,0.09716386836953461
33.16528786625713,0.09585084312129766
33.16942009748891,0.09585084312129766
33.17355232872069,0.09585084312129766
33.17768455995247,0.09585084312129766
33.18181679118425,0.09322479262482375
33.185949022416025,0.09585084312129766
33.190081253647804,0.0945378178730607
33.19421348487958,0.0945378178730607
33.19834571611136,0.09322479262482375
33.20247794734314,0.09585084312129766
33.20661017857492,0.09585084312129766
33.2107424098067,0.09585084312129766
33.21487464103848,0.0945378178730607
33.219006872270256,0.0945378178730607
33.223139103502035,0.09585084312129766
33.227271334733814,0.09585084312129766
33.23140356596559,0.09716386836953461
33.23553579719737,0.09585084312129766
33.23966802842915,0.09716386836953461
33.24380025966093,0.09716386836953461
33.24793249089271,0.0945378178730607
33.25206472212449,0.09716386836953461
33.256196953356266,0.09585084312129766
33.260329184588045,0.0945378178730607
33.264461415819824,0.09585084312129766
33.2685936470516,0.09585084312129766
33.27272587828338,0.0945378178730607
33.27685810951516,0.0945378178730607
33.28099034074694,0.0945378178730607
33.28512257197872,0.09585084312129766
33.2892548032105,0.09716386836953461
33.293387034442276,0.09585084312129766
33.297519265674055,0.09716386836953461
33.30165149690583,0.09716386836953461
33.30578372813761,0.09716386836953461
33.30991595936939,0.09585084312129766
33.31404819060117,0.09585084312129766
33.31818042183295,0.09585084312129766
33.32231265306473,0.09585084312129766
33.32644488429651,0.09585084312129766
33.330577115528286,0.09322479262482375
33.334709346760064,0.09585084312129766
33.33884157799184,0.09716386836953461
33.34297380922362,0.09585084312129766
33.3471060404554,0.09585084312129766
33.35123827168718,0.0945378178730607
33.35537050291896,0.09585084312129766
33.35950273415074,0.09322479262482375
33.363634965382516,0.0945378178730607
33.367767196614295,0.09585084312129766
33.371899427846074,0.09585084312129766
33.37603165907785,0.09585084312129766
33.38016389030963,0.09585084312129766
33.38429612154141,0.09716386836953461
33.38842835277319,0.09585084312129766
33.39256058400497,0.09585084312129766
33.39669281523675,0.0945378178730607
33.400825046468526,0.0945378178730607
33.404957277700305,0.0945378178730607
33.409089508932084,0.0945378178730607
33.41322174016386,0.0945378178730607
33.41735397139564,0.0945378178730607
33.42148620262742,0.09585084312129766
33.4256184338592,0.09585084312129766
33.42975066509098,0.09585084312129766
33.43388289632276,0.0945378178730607
33.438015127554536,0.09585084312129766
33.442147358786315,0.09716386836953461
33.446279590018094,0.09585084312129766
33.45041182124987,0.0945378178730607
33.45454405248165,0.09585084312129766
33.45867628371343,0.09585084312129766
33.46280851494521,0.0945378178730607
33.46694074617699,0.0945378178730607
33.47107297740877,0.09585084312129766
33.475205208640546,0.0945378178730607
33.479337439872324,0.09585084312129766
33.4834696711041,0.09322479262482375
33.48760190233588,0.09585084312129766
33.49173413356766,0.0945378178730607
33.49586636479944,0.09716386836953461
33.49999859603122,0.0945378178730607
33.504130827263,0.0945378178730607
33.50826305849478,0.09847689361777157
33.512395289726555,0.09585084312129766
33.516527520958334,0.09585084312129766
33.52065975219011,0.09716386836953461
33.52479198342189,0.09585084312129766
33.52892421465367,0.09585084312129766
33.53305644588545,0.0945378178730607
33.53718867711723,0.0945378178730607
33.54132090834901,0.09585084312129766
33.545453139580786,0.09585084312129766
33.549585370812565,0.0945378178730607
33.553717602044344,0.09585084312129766
33.55784983327612,0.09585084312129766
33.5619820645079,0.09716386836953461
33.56611429573968,0.0945378178730607
33.57024652697146,0.0945378178730607
33.57437875820324,0.09716386836953461
33.57851098943502,0.09585084312129766
33.582643220666796,0.09585084312129766
33.586775451898575,0.09585084312129766
33.590907683130354,0.09585084312129766
33.59503991436213,0.09585084312129766
33.59917214559391,0.09322479262482375
33.60330437682569,0.0945378178730607
33.60743660805747,0.09585084312129766
33.61156883928925,0.0945378178730607
33.61570107052103,0.09585084312129766
33.619833301752806,0.09585084312129766
33.623965532984585,0.0945378178730607
33.62809776421636,0.0945378178730607
33.63222999544814,0.09716386836953461
33.63636222667992,0.0945378178730607
33.6404944579117,0.0945378178730607
33.64462668914348,0.09585084312129766
33.64875892037526,0.0945378178730607
33.65289115160704,0.0945378178730607
33.657023382838815,0.09585084312129766
33.661155614070594,0.0945378178730607
33.66528784530237,0.0945378178730607
33.66942007653415,0.0945378178730607
33.67355230776593,0.0945378178730607
33.67768453899771,0.09322479262482375
33.68181677022949,0.0945378178730607
33.68594900146127,0.0945378178730607
33.690081232693046,0.09585084312129766
33.694213463924825,0.09585084312129766
33.698345695156604,0.09716386836953461
33.70247792638838,0.0945378178730607
33.70661015762016,0.0945378178730607
33.71074238885194,0.09585084312129766
33.71487462008372,0.09585084312129766
33.7190068513155,0.09716386836953461
33.72313908254728,0.09585084312129766
33.727271313779056,0.0945378178730607
33.731403545010835,0.0945378178730607
33.735535776242614,0.09585084312129766
33.73966800747439,0.0945378178730607
33.74380023870617,0.0945378178730607
33.74793246993795,0.09322479262482375
33.75206470116973,0.09585084312129766
33.75619693240151,0.09585084312129766
33.76032916363329,0.0945378178730607
33.764461394865066,0.0945378178730607
33.768593626096845,0.09585084312129766
33.77272585732862,0.0945378178730607
33.7768580885604,0.09585084312129766
33.78099031979218,0.09585084312129766
33.78512255102396,0.09585084312129766
33.78925478225574,0.09585084312129766
33.79338701348752,0.09585084312129766
33.7975192447193,0.09585084312129766
33.801651475951076,0.0945378178730607
33.805783707182854,0.09716386836953461
33.80991593841463,0.09322479262482375
33.81404816964641,0.09585084312129766
33.81818040087819,0.0945378178730607
33.82231263210997,0.0945378178730607
33.82644486334175,0.09322479262482375
33.83057709457353,0.09322479262482375
33.834709325805306,0.0945378178730607
33.838841557037085,0.0945378178730607
33.842973788268864,0.09585084312129766
33.84710601950064,0.09585084312129766
33.85123825073242,0.09585084312129766
33.8553704819642,0.09585084312129766
33.85950271319598,0.09585084312129766
33.86363494442776,0.0945378178730607
33.86776717565954,0.0945378178730607
33.871899406891316,0.0945378178730607
33.876031638123095,0.0945378178730607
33.880163869354874,0.0945378178730607
33.88429610058665,0.0945378178730607
33.88842833181843,0.09322479262482375
33.89256056305021,0.0945378178730607
33.89669279428199,0.0945378178730607
33.90082502551377,0.09322479262482375
33.90495725674555,0.0945378178730607
33.909089487977326,0.0945378178730607
33.913221719209105,0.0945378178730607
33.917353950440884,0.09585084312129766
33.92148618167266,0.09716386836953461
33.92561841290444,0.0945378178730607
33.92975064413622,0.09585084312129766
33.933882875368,0.09716386836953461
33.93801510659978,0.09322479262482375
33.94214733783156,0.0945378178730607
33.946279569063336,0.0945378178730607
33.950411800295115,0.09585084312129766
33.95454403152689,0.0945378178730607
33.95867626275867,0.09322479262482375
33.96280849399045,0.09585084312129766
33.96694072522223,0.0945378178730607
33.97107295645401,0.09585084312129766
33.97520518768579,0.09585084312129766
33.97933741891757,0.09585084312129766
33.983469650149345,0.09585084312129766
33.987601881381124,0.0945378178730607
33.9917341126129,0.0945378178730607
33.99586634384468,0.09585084312129766
33.99999857507646,0.09322479262482375
34.00413080630824,0.09585084312129766
34.00826303754002,0.09585084312129766
34.0123952687718,0.0945378178730607
34.016527500003576,0.0945378178730607
34.020659731235355,0.09585084312129766
34.024791962467134,0.0945378178730607
34.02892419369891,0.0945378178730607
34.03305642493069,0.0945378178730607
34.03718865616247,0.0945378178730607
34.04132088739425,0.09716386836953461
34.04545311862603,0.09322479262482375
34.04958534985781,0.09585084312129766
34.053717581089586,0.09585084312129766
34.057849812321365,0.09585084312129766
34.061982043553144,0.09585084312129766
34.06611427478492,0.09585084312129766
34.0702465060167,0.09716386836953461
34.07437873724848,0.0945378178730607
34.07851096848026,0.09322479262482375
34.08264319971204,0.0945378178730607
34.08677543094382,0.0945378178730607
34.090907662175596,0.09585084312129766
34.095039893407375,0.0945378178730607
34.09917212463915,0.0945378178730607
34.10330435587093,0.09585084312129766
34.10743658710271,0.09322479262482375
34.11156881833449,0.09585084312129766
34.11570104956627,0.0945378178730607
34.11983328079805,0.09322479262482375
34.12396551202983,0.09585084312129766
34.128097743261606,0.0945378178730607
34.132229974493384,0.09585084312129766
34.13636220572516,0.0945378178730607
34.14049443695694,0.0945378178730607
34.14462666818872,0.09585084312129766
34.1487588994205,0.09585084312129766
34.15289113065228,0.0945378178730607
34.15702336188406,0.0945378178730607
34.161155593115836,0.09585084312129766
34.165287824347615,0.0945378178730607
34.169420055579394,0.0945378178730607
34.17355228681117,0.0945378178730607
34.17768451804295,0.09322479262482375
34.18181674927473,0.0945378178730607
34.18594898050651,0.0945378178730607
34.19008121173829,0.09585084312129766
34.19421344297007,0.09585084312129766
34.198345674201846,0.09716386836953461
34.202477905433625,0.09585084312129766
34.206610136665404,0.0945378178730607
34.21074236789718,0.09585084312129766
34.21487459912896,0.09585084312129766
34.21900683036074,0.09322479262482375
34.22313906159252,0.0945378178730607
34.2272712928243,0.0945378178730607
34.23140352405608,0.0945378178730607
34.235535755287856,0.09322479262482375
34.239667986519635,0.09322479262482375
34.243800217751414,0.09585084312129766
34.24793244898319,0.0945378178730607
34.25206468021497,0.09585084312129766
34.25619691144675,0.09585084312129766
34.26032914267853,0.09716386836953461
34.26446137391031,0.09585084312129766
34.26859360514209,0.09585084312129766
34.272725836373866,0.09585084312129766
34.276858067605644,0.09585084312129766
34.28099029883742,0.09585084312129766
34.2851225300692,0.09585084312129766
34.28925476130098,0.09585084312129766
34.29338699253276,0.09585084312129766
34.29751922376454,0.0945378178730607
34.30165145499632,0.0945378178730607
34.3057836862281,0.09585084312129766
34.309915917459875,0.09585084312129766
34.314048148691654,0.09322479262482375
34.31818037992343,0.0945378178730607
34.32231261115521,0.0945378178730607
34.32644484238699,0.09585084312129766
34.33057707361877,0.0945378178730607
34.33470930485055,0.09716386836953461
34.33884153608233,0.09585084312129766
34.342973767314106,0.09585084312129766
34.347105998545885,0.09585084312129766
34.351238229777664,0.0945378178730607
34.35537046100944,0.09585084312129766
34.35950269224122,0.0945378178730607
34.363634923473,0.0945378178730607
34.36776715470478,0.0945378178730607
34.37189938593656,0.09585084312129766
34.37603161716834,0.0945378178730607
34.380163848400116,0.0945378178730607
34.384296079631895,0.09585084312129766
34.388428310863674,0.0945378178730607
34.39256054209545,0.09585084312129766
34.39669277332723,0.0945378178730607
34.40082500455901,0.09585084312129766
34.40495723579079,0.09716386836953461
34.40908946702257,0.09716386836953461
34.41322169825435,0.09716386836953461
34.417353929486126,0.09585084312129766
34.421486160717905,0.09585084312129766
34.42561839194968,0.0945378178730607
34.42975062318146,0.09585084312129766
34.43388285441324,0.09585084312129766
34.43801508564502,0.0945378178730607
34.4421473168768,0.09585084312129766
34.44627954810858,0.0945378178730607
34.45041177934036,0.09322479262482375
34.454544010572135,0.09716386836953461
34.458676241803914,0.0945378178730607
34.46280847303569,0.0945378178730607
34.46694070426747,0.09585084312129766
34.47107293549925,0.09585084312129766
34.47520516673103,0.09716386836953461
34.47933739796281,0.09585084312129766
34.48346962919459,0.0945378178730607
34.487601860426366,0.09322479262482375
34.491734091658145,0.09585084312129766
34.495866322889924,0.09585084312129766
34.4999985541217,0.0945378178730607
34.50413078535348,0.09585084312129766
34.50826301658526,0.0945378178730607
34.51239524781704,0.09585084312129766
34.51652747904882,0.0945378178730607
34.5206597102806,0.0945378178730607
34.524791941512376,0.0945378178730607
34.528924172744155,0.0945378178730607
34.533056403975934,0.09585084312129766
34.53718863520771,0.09585084312129766
34.54132086643949,0.09585084312129766
34.54545309767127,0.09585084312129766
34.54958532890305,0.09585084312129766
34.55371756013483,0.09716386836953461
34.55784979136661,0.0945378178730607
34.561982022598386,0.09585084312129766
34.566114253830165,0.09585084312129766
34.57024648506194,0.09585084312129766
34.57437871629372,0.09585084312129766
34.5785109475255,0.09585084312129766
34.58264317875728,0.0945378178730607
34.58677540998906,0.0945378178730607
34.59090764122084,0.09322479262482375
34.59503987245262,0.09585084312129766
34.599172103684396,0.09585084312129766
34.603304334916174,0.0945378178730607
34.60743656614795,0.09585084312129766
34.61156879737973,0.09585084312129766
34.61570102861151,0.09585084312129766
34.61983325984329,0.09585084312129766
34.62396549107507,0.09716386836953461
34.62809772230685,0.09585084312129766
34.632229953538626,0.09585084312129766
34.636362184770405,0.09322479262482375
34.640494416002184,0.09585084312129766
34.64462664723396,0.0945378178730607
34.64875887846574,0.0945378178730607
34.65289110969752,0.09585084312129766
34.6570233409293,0.0945378178730607
34.66115557216108,0.0945378178730607
34.66528780339286,0.0945378178730607
34.669420034624636,0.09585084312129766
34.673552265856415,0.09322479262482375
34.677684497088194,0.09585084312129766
34.68181672831997,0.09585084312129766
34.68594895955175,0.09585084312129766
34.69008119078353,0.09585084312129766
34.69421342201531,0.0945378178730607
34.69834565324709,0.0945378178730607
34.70247788447887,0.09322479262482375
34.706610115710646,0.0945378178730607
34.710742346942425,0.09585084312129766
34.714874578174204,0.0945378178730607
34.71900680940598,0.09322479262482375
34.72313904063776,0.09322479262482375
34.72727127186954,0.09585084312129766
34.73140350310132,0.0945378178730607
34.7355357343331,0.09585084312129766
34.73966796556488,0.09585084312129766
34.743800196796656,0.09585084312129766
34.747932428028435,0.09585084312129766
34.75206465926021,0.09585084312129766
34.75619689049199,0.0945378178730607
34.76032912172377,0.0945378178730607
34.76446135295555,0.0945378178730607
34.76859358418733,0.0945378178730607
34.77272581541911,0.0945378178730607
34.77685804665089,0.09585084312129766
34.780990277882665,0.0945378178730607
34.785122509114444,0.09585084312129766
34.78925474034622,0.09585084312129766
34.793386971578,0.09585084312129766
34.79751920280978,0.09585084312129766
34.80165143404156,0.09585084312129766
34.80578366527334,0.09585084312129766
34.80991589650512,0.09585084312129766
34.814048127736896,0.09585084312129766
34.818180358968675,0.09716386836953461
34.822312590200454,0.09585084312129766
34.82644482143223,0.09585084312129766
34.83057705266401,0.09585084312129766
34.83470928389579,0.09585084312129766
34.83884151512757,0.09585084312129766
34.84297374635935,0.09585084312129766
34.84710597759113,0.09585084312129766
34.851238208822906,0.09585084312129766
34.855370440054685,0.09585084312129766
34.859502671286464,0.0945378178730607
34.86363490251824,0.09585084312129766
34.86776713375002,0.09322479262482375
34.8718993649818,0.09322479262482375
34.87603159621358,0.09585084312129766
34.88016382744536,0.09585084312129766
34.88429605867714,0.09585084312129766
34.888428289908916,0.0945378178730607
34.892560521140695,0.09716386836953461
34.89669275237247,0.0945378178730607
34.90082498360425,0.09585084312129766
34.90495721483603,0.09585084312129766
34.90908944606781,0.0945378178730607
34.91322167729959,0.09716386836953461
34.91735390853137,0.09585084312129766
34.92148613976315,0.0945378178730607
34.925618370994925,0.0945378178730607
34.929750602226704,0.09585084312129766
34.93388283345848,0.0945378178730607
34.93801506469026,0.0945378178730607
34.94214729592204,0.0945378178730607
34.94627952715382,0.0945378178730607
34.9504117583856,0.09585084312129766
34.95454398961738,0.09585084312129766
34.958676220849156,0.09716386836953461
34.962808452080935,0.09716386836953461
34.966940683312714,0.0945378178730607
34.97107291454449,0.09585084312129766
34.97520514577627,0.09716386836953461
34.97933737700805,0.09585084312129766
34.98346960823983,0.0945378178730607
34.98760183947161,0.0945378178730607
34.99173407070339,0.09585084312129766
34.995866301935166,0.0945378178730607
34.999998533166945,0.09585084312129766
35.004130764398724,0.09585084312129766
35.0082629956305,0.09585084312129766
35.01239522686228,0.09585084312129766
35.01652745809406,0.09585084312129766
35.02065968932584,0.09585084312129766
35.02479192055762,0.09585084312129766
35.0289241517894,0.0945378178730607
35.033056383021176,0.0945378178730607
35.037188614252955,0.09585084312129766
35.041320845484734,0.09585084312129766
35.04545307671651,0.0945378178730607
35.04958530794829,0.09585084312129766
35.05371753918007,0.0945378178730607
35.05784977041185,0.09585084312129766
35.06198200164363,0.0945378178730607
35.06611423287541,0.0945378178730607
35.070246464107186,0.0945378178730607
35.074378695338964,0.0945378178730607
35.07851092657074,0.09585084312129766
35.08264315780252,0.09585084312129766
35.0867753890343,0.09585084312129766
35.09090762026608,0.09716386836953461
35.09503985149786,0.09716386836953461
35.09917208272964,0.09585084312129766
35.10330431396142,0.09585084312129766
35.107436545193195,0.09585084312129766
35.111568776424974,0.0945378178730607
35.11570100765675,0.0945378178730607
35.11983323888853,0.0945378178730607
35.12396547012031,0.09585084312129766
35.12809770135209,0.09585084312129766
35.13222993258387,0.0945378178730607
35.13636216381565,0.09585084312129766
35.140494395047426,0.09585084312129766
35.144626626279205,0.0945378178730607
35.148758857510984,0.09585084312129766
35.15289108874276,0.09585084312129766
35.15702331997454,0.09585084312129766
35.16115555120632,0.09585084312129766
35.1652877824381,0.09585084312129766
35.16942001366988,0.09585084312129766
35.17355224490166,0.09716386836953461
35.177684476133436,0.0945378178730607
35.181816707365215,0.0945378178730607
35.185948938596994,0.0945378178730607
35.19008116982877,0.09585084312129766
35.19421340106055,0.0945378178730607
35.19834563229233,0.09322479262482375
35.20247786352411,0.0945378178730607
35.20661009475589,0.0945378178730607
35.21074232598767,0.09585084312129766
35.214874557219446,0.09585084312129766
35.219006788451225,0.09585084312129766
35.223139019683,0.09585084312129766
35.22727125091478,0.09585084312129766
35.23140348214656,0.0945378178730607
35.23553571337834,0.09585084312129766
35.23966794461012,0.09585084312129766
35.2438001758419,0.09716386836953461
35.24793240707368,0.0945378178730607
35.252064638305455,0.09585084312129766
35.256196869537234,0.0945378178730607
35.26032910076901,0.09585084312129766
35.26446133200079,0.0945378178730607
35.26859356323257,0.09585084312129766
35.27272579446435,0.09585084312129766
35.27685802569613,0.09585084312129766
35.28099025692791,0.09585084312129766
35.285122488159686,0.0945378178730607
35.289254719391465,0.09585084312129766
35.293386950623244,0.09585084312129766
35.29751918185502,0.09585084312129766
35.3016514130868,0.0945378178730607
35.30578364431858,0.0945378178730607
35.30991587555036,0.0945378178730607
35.31404810678214,0.09585084312129766
35.31818033801392,0.09847689361777157
35.322312569245696,0.09585084312129766
35.326444800477475,0.09322479262482375
35.330577031709254,0.0945378178730607
35.33470926294103,0.09585084312129766
35.33884149417281,0.0945378178730607
35.34297372540459,0.09585084312129766
35.34710595663637,0.0945378178730607
35.35123818786815,0.0945378178730607
35.35537041909993,0.09585084312129766
35.359502650331706,0.09585084312129766
35.363634881563485,0.0945378178730607
35.36776711279526,0.09585084312129766
35.37189934402704,0.09585084312129766
35.37603157525882,0.09585084312129766
35.3801638064906,0.09585084312129766
35.38429603772238,0.09585084312129766
35.38842826895416,0.0945378178730607
35.39256050018594,0.0945378178730607
35.396692731417716,0.0945378178730607
35.400824962649494,0.0945378178730607
35.40495719388127,0.0945378178730607
35.40908942511305,0.09585084312129766
35.41322165634483,0.09716386836953461
35.41735388757661,0.09585084312129766
35.42148611880839,0.09322479262482375
35.42561835004017,0.0945378178730607
35.429750581271946,0.0945378178730607
35.433882812503725,0.09585084312129766
35.438015043735504,0.09585084312129766
35.44214727496728,0.0945378178730607
35.44627950619906,0.09585084312129766
35.45041173743084,0.09585084312129766
35.45454396866262,0.0945378178730607
35.4586761998944,0.09585084312129766
35.46280843112618,0.0945378178730607
35.466940662357956,0.0945378178730607
35.471072893589735,0.09322479262482375
35.475205124821514,0.0945378178730607
35.47933735605329,0.0945378178730607
35.48346958728507,0.09585084312129766
35.48760181851685,0.09322479262482375
35.49173404974863,0.09716386836953461
35.49586628098041,0.09716386836953461
35.49999851221219,0.0945378178730607
35.504130743443966,0.09585084312129766
35.508262974675745,0.09716386836953461
35.512395205907524,0.09585084312129766
35.5165274371393,0.09716386836953461
35.52065966837108,0.0945378178730607
35.52479189960286,0.0945378178730607
35.52892413083464,0.09585084312129766
35.53305636206642,0.0945378178730607
35.5371885932982,0.0945378178730607
35.541320824529976,0.09322479262482375
35.545453055761755,0.09322479262482375
35.54958528699353,0.0945378178730607
35.55371751822531,0.09585084312129766
35.55784974945709,0.09585084312129766
35.56198198068887,0.09585084312129766
35.56611421192065,0.09716386836953461
35.57024644315243,0.09585084312129766
35.57437867438421,0.09585084312129766
35.578510905615985,0.0945378178730607
35.582643136847764,0.09585084312129766
35.58677536807954,0.09585084312129766
35.59090759931132,0.09585084312129766
35.5950398305431,0.09716386836953461
35.59917206177488,0.09585084312129766
35.60330429300666,0.09716386836953461
35.60743652423844,0.09585084312129766
35.611568755470216,0.0945378178730607
35.615700986701995,0.09322479262482375
35.619833217933774,0.0945378178730607
35.62396544916555,0.0945378178730607
35.62809768039733,0.0945378178730607
35.63222991162911,0.09585084312129766
35.63636214286089,0.09585084312129766
35.64049437409267,0.09716386836953461
35.64462660532445,0.09716386836953461
35.648758836556226,0.09716386836953461
35.652891067788005,0.09716386836953461
35.657023299019784,0.09716386836953461
35.66115553025156,0.0945378178730607
35.66528776148334,0.0945378178730607
35.66941999271512,0.09585084312129766
35.6735522239469,0.09585084312129766
35.67768445517868,0.0945378178730607
35.68181668641046,0.09585084312129766
35.685948917642236,0.09716386836953461
35.690081148874015,0.09585084312129766
35.69421338010579,0.09585084312129766
35.69834561133757,0.09585084312129766
35.70247784256935,0.09585084312129766
35.70661007380113,0.0945378178730607
35.71074230503291,0.09585084312129766
35.71487453626469,0.09585084312129766
35.71900676749647,0.09585084312129766
35.723138998728245,0.09585084312129766
35.727271229960024,0.09585084312129766
35.7314034611918,0.09585084312129766
35.73553569242358,0.09585084312129766
35.73966792365536,0.0945378178730607
35.74380015488714,0.09585084312129766
35.74793238611892,0.09585084312129766
35.7520646173507,0.09585084312129766
35.756196848582476,0.09585084312129766
35.760329079814255,0.09585084312129766
35.764461311046034,0.09585084312129766
35.76859354227781,0.0945378178730607
35.77272577350959,0.09585084312129766
35.77685800474137,0.09585084312129766
35.78099023597315,0.09585084312129766
35.78512246720493,0.09585084312129766
35.78925469843671,0.09585084312129766
35.793386929668486,0.09716386836953461
35.797519160900265,0.09585084312129766
35.801651392132044,0.09585084312129766
35.80578362336382,0.09585084312129766
35.8099158545956,0.0945378178730607
35.81404808582738,0.0945378178730607
35.81818031705916,0.0945378178730607
35.82231254829094,0.09585084312129766
35.82644477952272,0.09716386836953461
35.830577010754496,0.0945378178730607
35.834709241986275,0.09585084312129766
35.838841473218054,0.09585084312129766
35.84297370444983,0.0945378178730607
35.84710593568161,0.09585084312129766
35.85123816691339,0.0945378178730607
35.85537039814517,0.09716386836953461
35.85950262937695,0.09716386836953461
35.86363486060873,0.09585084312129766
35.867767091840506,0.0945378178730607
35.871899323072284,0.09585084312129766
35.87603155430406,0.0945378178730607
35.88016378553584,0.09322479262482375
35.88429601676762,0.09585084312129766
35.8884282479994,0.0945378178730607
35.89256047923118,0.0945378178730607
35.89669271046296,0.0945378178730607
35.90082494169474,0.0945378178730607
35.904957172926515,0.0945378178730607
35.909089404158294,0.09322479262482375
35.91322163539007,0.0945378178730607
35.91735386662185,0.0945378178730607
35.92148609785363,0.0945378178730607
35.92561832908541,0.09585084312129766
35.92975056031719,0.09716386836953461
35.93388279154897,0.09585084312129766
35.938015022780746,0.09585084312129766
35.942147254012525,0.09585084312129766
35.946279485244304,0.09322479262482375
35.95041171647608,0.09585084312129766
35.95454394770786,0.0945378178730607
35.95867617893964,0.0945378178730607
35.96280841017142,0.09322479262482375
35.9669406414032,0.09585084312129766
35.97107287263498,0.09322479262482375
35.975205103866756,0.09322479262482375
35.979337335098535,0.0945378178730607
35.983469566330314,0.09585084312129766
35.98760179756209,0.09716386836953461
35.99173402879387,0.09716386836953461
35.99586626002565,0.09585084312129766
35.99999849125743,0.09585084312129766
36.00413072248921,0.0945378178730607
36.00826295372099,0.0945378178730607
36.012395184952766,0.0945378178730607
36.016527416184545,0.0945378178730607
36.02065964741632,0.0945378178730607
36.0247918786481,0.0945378178730607
36.02892410987988,0.0945378178730607
36.03305634111166,0.09585084312129766
36.03718857234344,0.09585084312129766
36.04132080357522,0.0945378178730607
36.045453034807,0.0945378178730607
36.049585266038775,0.09585084312129766
36.053717497270554,0.09585084312129766
36.05784972850233,0.09322479262482375
36.06198195973411,0.09585084312129766
36.06611419096589,0.0945378178730607
36.07024642219767,0.09585084312129766
36.07437865342945,0.09585084312129766
36.07851088466123,0.0945378178730607
36.082643115893006,0.09585084312129766
36.086775347124785,0.09585084312129766
36.090907578356564,0.0945378178730607
36.09503980958834,0.0945378178730607
36.09917204082012,0.0945378178730607
36.1033042720519,0.0945378178730607
36.10743650328368,0.09322479262482375
36.11156873451546,0.09585084312129766
36.11570096574724,0.09585084312129766
36.119833196979016,0.09585084312129766
36.123965428210795,0.09585084312129766
36.128097659442574,0.09585084312129766
36.13222989067435,0.09716386836953461
36.13636212190613,0.0945378178730607
36.14049435313791,0.0945378178730607
36.14462658436969,0.0945378178730607
36.14875881560147,0.0945378178730607
36.15289104683325,0.0945378178730607
36.157023278065026,0.09322479262482375
36.161155509296805,0.09585084312129766
36.16528774052858,0.09585084312129766
36.16941997176036,0.09585084312129766
36.17355220299214,0.09585084312129766
36.17768443422392,0.09585084312129766
36.1818166654557,0.09585084312129766
36.18594889668748,0.09716386836953461
36.19008112791926,0.09585084312129766
36.194213359151036,0.09322479262482375
36.198345590382814,0.09716386836953461
36.20247782161459,0.0945378178730607
36.20661005284637,0.09322479262482375
36.21074228407815,0.09322479262482375
36.21487451530993,0.09322479262482375
36.21900674654171,0.09585084312129766
36.22313897777349,0.0945378178730607
36.227271209005266,0.09322479262482375
36.231403440237045,0.09585084312129766
36.235535671468824,0.09585084312129766
36.2396679027006,0.0945378178730607
36.24380013393238,0.09322479262482375
36.24793236516416,0.09322479262482375
36.25206459639594,0.0945378178730607
36.25619682762772,0.0945378178730607
36.2603290588595,0.0945378178730607
36.264461290091276,0.0945378178730607
36.268593521323055,0.09585084312129766
36.272725752554834,0.0945378178730607
36.27685798378661,0.0945378178730607
36.28099021501839,0.0945378178730607
36.28512244625017,0.0945378178730607
36.28925467748195,0.09322479262482375
36.29338690871373,0.0945378178730607
36.29751913994551,0.0945378178730607
36.301651371177286,0.0945378178730607
36.305783602409065,0.09322479262482375
36.309915833640844,0.09585084312129766
36.31404806487262,0.0945378178730607
36.3181802961044,0.0945378178730607
36.32231252733618,0.0945378178730607
36.32644475856796,0.09322479262482375
36.33057698979974,0.09585084312129766
36.33470922103152,0.09585084312129766
36.338841452263296,0.09585084312129766
36.342973683495075,0.09585084312129766
36.34710591472685,0.09585084312129766
36.35123814595863,0.0945378178730607
36.35537037719041,0.09585084312129766
36.35950260842219,0.0945378178730607
36.36363483965397,0.0945378178730607
36.36776707088575,0.0945378178730607
36.37189930211753,0.0945378178730607
36.376031533349305,0.0945378178730607
36.380163764581084,0.09585084312129766
36.38429599581286,0.0945378178730607
36.38842822704464,0.09585084312129766
36.39256045827642,0.09716386836953461
36.3966926895082,0.09585084312129766
36.40082492073998,0.09585084312129766
36.40495715197176,0.0945378178730607
36.409089383203536,0.09322479262482375
36.413221614435315,0.0945378178730607
36.417353845667094,0.09716386836953461
36.42148607689887,0.09585084312129766
36.42561830813065,0.0945378178730607
36.42975053936243,0.09585084312129766
36.43388277059421,0.09585084312129766
36.43801500182599,0.09322479262482375
36.44214723305777,0.09322479262482375
36.446279464289546,0.09585084312129766
36.450411695521325,0.0945378178730607
36.454543926753104,0.09585084312129766
36.45867615798488,0.0945378178730607
36.46280838921666,0.09585084312129766
36.46694062044844,0.09585084312129766
36.47107285168022,0.0945378178730607
36.475205082912,0.09585084312129766
36.47933731414378,0.09585084312129766
36.483469545375556,0.09585084312129766
36.487601776607335,0.09585084312129766
36.49173400783911,0.09585084312129766
36.49586623907089,0.09322479262482375
36.49999847030267,0.0945378178730607
36.50413070153445,0.0945378178730607
36.50826293276623,0.0945378178730607
36.51239516399801,0.09585084312129766
36.51652739522979,0.09322479262482375
36.520659626461565,0.09322479262482375
36.524791857693344,0.09585084312129766
36.52892408892512,0.0945378178730607
36.5330563201569,0.09585084312129766
36.53718855138868,0.09716386836953461
36.54132078262046,0.09322479262482375
36.54545301385224,0.0945378178730607
36.54958524508402,0.09585084312129766
36.553717476315796,0.0945378178730607
36.557849707547575,0.0945378178730607
36.561981938779354,0.09322479262482375
36.56611417001113,0.0945378178730607
36.57024640124291,0.09322479262482375
36.57437863247469,0.0919117673765868
36.57851086370647,0.09322479262482375
36.58264309493825,0.09585084312129766
36.58677532617003,0.0945378178730607
36.590907557401806,0.09585084312129766
36.595039788633585,0.09322479262482375
36.599172019865364,0.09585084312129766
36.60330425109714,0.09716386836953461
36.60743648232892,0.0945378178730607
36.6115687135607,0.09585084312129766
36.61570094479248,0.09585084312129766
36.61983317602426,0.0945378178730607
36.62396540725604,0.0945378178730607
36.628097638487816,0.0945378178730607
36.632229869719595,0.09716386836953461
36.636362100951374,0.09585084312129766
36.64049433218315,0.0945378178730607
36.64462656341493,0.09585084312129766
36.64875879464671,0.0945378178730607
36.65289102587849,0.0945378178730607
36.65702325711027,0.0945378178730607
36.66115548834205,0.09585084312129766
36.665287719573826,0.09585084312129766
36.669419950805604,0.0945378178730607
36.67355218203738,0.09585084312129766
36.67768441326916,0.09585084312129766
36.68181664450094,0.0945378178730607
36.68594887573272,0.09585084312129766
36.6900811069645,0.09716386836953461
36.69421333819628,0.09585084312129766
36.69834556942806,0.0945378178730607
36.702477800659835,0.0945378178730607
36.706610031891614,0.0945378178730607
36.71074226312339,0.0945378178730607
36.71487449435517,0.0945378178730607
36.71900672558695,0.0945378178730607
36.72313895681873,0.09585084312129766
36.72727118805051,0.09585084312129766
36.73140341928229,0.09585084312129766
36.735535650514066,0.09585084312129766
36.739667881745845,0.09716386836953461
36.743800112977624,0.0945378178730607
36.7479323442094,0.0945378178730607
36.75206457544118,0.09585084312129766
36.75619680667296,0.0945378178730607
36.76032903790474,0.0945378178730607
36.76446126913652,0.09716386836953461
36.7685935003683,0.09585084312129766
36.772725731600076,0.09716386836953461
36.776857962831855,0.09585084312129766
36.780990194063634,0.09585084312129766
36.78512242529541,0.09585084312129766
36.78925465652719,0.09322479262482375
36.79338688775897,0.0945378178730607
36.79751911899075,0.09322479262482375
36.80165135022253,0.09716386836953461
36.80578358145431,0.0945378178730607
36.809915812686086,0.0945378178730607
36.814048043917865,0.09585084312129766
36.81818027514964,0.09716386836953461
36.82231250638142,0.09585084312129766
36.8264447376132,0.09585084312129766
36.83057696884498,0.09585084312129766
36.83470920007676,0.09585084312129766
36.83884143130854,0.09322479262482375
36.84297366254032,0.09322479262482375
36.847105893772095,0.09585084312129766
36.851238125003874,0.0945378178730607
36.85537035623565,0.0945378178730607
36.85950258746743,0.0945378178730607
36.86363481869921,0.0945378178730607
36.86776704993099,0.09585084312129766
36.87189928116277,0.09585084312129766
36.87603151239455,0.09585084312129766
36.880163743626326,0.09585084312129766
36.884295974858105,0.09585084312129766
36.888428206089884,0.0945378178730607
36.89256043732166,0.09585084312129766
36.89669266855344,0.0945378178730607
36.90082489978522,0.0945378178730607
36.904957131017,0.09585084312129766
36.90908936224878,0.0945378178730607
36.91322159348056,0.09585084312129766
36.917353824712336,0.09585084312129766
36.921486055944115,0.0945378178730607
36.925618287175894,0.09585084312129766
36.92975051840767,0.09716386836953461
36.93388274963945,0.0945378178730607
36.93801498087123,0.0945378178730607
36.94214721210301,0.0945378178730607
36.94627944333479,0.09585084312129766
36.95041167456657,0.09585084312129766
36.954543905798346,0.09716386836953461
36.958676137030125,0.09585084312129766
36.9628083682619,0.09585084312129766
36.96694059949368,0.09585084312129766
36.97107283072546,0.0945378178730607
36.97520506195724,0.09585084312129766
36.97933729318902,0.09322479262482375
36.9834695244208,0.0945378178730607
36.98760175565258,0.0919117673765868
36.991733986884356,0.09322479262482375
36.995866218116134,0.09585084312129766
36.99999844934791,0.09585084312129766
37.00413068057969,0.09585084312129766
37.00826291181147,0.09322479262482375
37.01239514304325,0.09585084312129766
37.01652737427503,0.09585084312129766
37.02065960550681,0.09585084312129766
37.024791836738586,0.09585084312129766
37.028924067970365,0.0945378178730607
37.033056299202144,0.09585084312129766
37.03718853043392,0.09585084312129766
37.0413207616657,0.09716386836953461
37.04545299289748,0.0945378178730607
37.04958522412926,0.09585084312129766
37.05371745536104,0.09322479262482375
37.05784968659282,0.09585084312129766
37.061981917824596,0.0945378178730607
37.066114149056375,0.09585084312129766
37.070246380288154,0.0945378178730607
37.07437861151993,0.09585084312129766
37.07851084275171,0.09716386836953461
37.08264307398349,0.09585084312129766
37.08677530521527,0.09716386836953461
37.09090753644705,0.09585084312129766
37.09503976767883,0.09585084312129766
37.099171998910606,0.09585084312129766
37.103304230142385,0.09322479262482375
37.107436461374164,0.0945378178730607
37.11156869260594,0.09585084312129766
37.11570092383772,0.0945378178730607
37.1198331550695,0.0945378178730607
37.12396538630128,0.09322479262482375
37.12809761753306,0.0945378178730607
37.13222984876484,0.0945378178730607
37.136362079996616,0.09585084312129766
37.140494311228395,0.09585084312129766
37.14462654246017,0.09585084312129766
37.14875877369195,0.09716386836953461
37.15289100492373,0.09585084312129766
37.15702323615551,0.0945378178730607
37.16115546738729,0.09585084312129766
37.16528769861907,0.09322479262482375
37.16941992985085,0.0945378178730607
37.173552161082625,0.0945378178730607
37.177684392314404,0.09585084312129766
37.18181662354618,0.09585084312129766
37.18594885477796,0.09585084312129766
37.19008108600974,0.0945378178730607
37.19421331724152,0.0945378178730607
37.1983455484733,0.09322479262482375
37.20247777970508,0.09585084312129766
37.206610010936856,0.09585084312129766
37.210742242168635,0.0945378178730607
37.214874473400414,0.09585084312129766
37.21900670463219,0.0945378178730607
37.22313893586397,0.09585084312129766
37.22727116709575,0.0945378178730607
37.23140339832753,0.0945378178730607
37.23553562955931,0.09322479262482375
37.23966786079109,0.09585084312129766
37.243800092022866,0.09585084312129766
37.247932323254645,0.09585084312129766
37.252064554486424,0.0945378178730607
37.2561967857182,0.0919117673765868
37.26032901694998,0.09585084312129766
37.26446124818176,0.09585084312129766
37.26859347941354,0.0945378178730607
37.27272571064532,0.0945378178730607
37.2768579418771,0.0945378178730607
37.280990173108876,0.09585084312129766
37.285122404340655,0.09585084312129766
37.28925463557243,0.0945378178730607
37.29338686680421,0.09585084312129766
37.29751909803599,0.09585084312129766
37.30165132926777,0.09585084312129766
37.30578356049955,0.09716386836953461
37.30991579173133,0.09716386836953461
37.31404802296311,0.09585084312129766
37.318180254194885,0.0945378178730607
37.322312485426664,0.09585084312129766
37.32644471665844,0.09585084312129766
37.33057694789022,0.09585084312129766
37.334709179122,0.09585084312129766
37.33884141035378,0.09716386836953461
37.34297364158556,0.09585084312129766
37.34710587281734,0.09585084312129766
37.351238104049116,0.09716386836953461
37.355370335280895,0.0945378178730607
37.359502566512674,0.09585084312129766
37.36363479774445,0.09585084312129766
37.36776702897623,0.09585084312129766
37.37189926020801,0.0945378178730607
37.37603149143979,0.09585084312129766
37.38016372267157,0.09585084312129766
37.38429595390335,0.09585084312129766
37.388428185135126,0.0945378178730607
37.392560416366905,0.09585084312129766
37.396692647598684,0.0945378178730607
37.40082487883046,0.0945378178730607
37.40495711006224,0.09322479262482375
37.40908934129402,0.0945378178730607
37.4132215725258,0.09585084312129766
37.41735380375758,0.09585084312129766
37.42148603498936,0.09585084312129766
37.425618266221136,0.09585084312129766
37.429750497452915,0.09716386836953461
37.433882728684694,0.09585084312129766
37.43801495991647,0.09716386836953461
37.44214719114825,0.09585084312129766
37.44627942238003,0.09585084312129766
37.45041165361181,0.09585084312129766
37.45454388484359,0.09585084312129766
37.45867611607537,0.0919117673765868
37.462808347307146,0.09585084312129766
37.466940578538924,0.0945378178730607
37.4710728097707,0.0945378178730607
37.47520504100248,0.0945378178730607
37.47933727223426,0.09322479262482375
37.48346950346604,0.0945378178730607
37.48760173469782,0.0945378178730607
37.4917339659296,0.0945378178730607
37.49586619716138,0.0945378178730607
37.499998428393155,0.09585084312129766
37.504130659624934,0.0945378178730607
37.50826289085671,0.09716386836953461
37.51239512208849,0.09585084312129766
37.51652735332027,0.09585084312129766
37.52065958455205,0.09585084312129766
37.52479181578383,0.0945378178730607
37.52892404701561,0.0945378178730607
37.533056278247386,0.09585084312129766
37.537188509479165,0.0945378178730607
37.541320740710944,0.0945378178730607
37.54545297194272,0.09322479262482375
37.5495852031745,0.0945378178730607
37.55371743440628,0.09585084312129766
37.55784966563806,0.0945378178730607
37.56198189686984,0.0945378178730607
37.56611412810162,0.0945378178730607
37.570246359333396,0.09716386836953461
37.574378590565175,0.0945378178730607
37.578510821796954,0.09585084312129766
37.58264305302873,0.09585084312129766
37.58677528426051,0.09585084312129766
37.59090751549229,0.09585084312129766
37.59503974672407,0.0945378178730607
37.59917197795585,0.0945378178730607
37.60330420918763,0.09585084312129766
37.607436440419406,0.0945378178730607
37.611568671651185,0.09585084312129766
37.61570090288296,0.09585084312129766
37.61983313411474,0.09585084312129766
37.62396536534652,0.09585084312129766
37.6280975965783,0.09585084312129766
37.63222982781008,0.0945378178730607
37.63636205904186,0.09585084312129766
37.64049429027364,0.09585084312129766
37.644626521505415,0.09322479262482375
37.648758752737194,0.09585084312129766
37.65289098396897,0.09585084312129766
37.65702321520075,0.09716386836953461
37.66115544643253,0.09585084312129766
37.66528767766431,0.0945378178730607
37.66941990889609,0.09585084312129766
37.67355214012787,0.0945378178730607
37.677684371359646,0.0945378178730607
37.681816602591425,0.09585084312129766
37.685948833823204,0.0945378178730607
37.69008106505498,0.09585084312129766
37.69421329628676,0.09585084312129766
37.69834552751854,0.0945378178730607
37.70247775875032,0.09716386836953461
37.7066099899821,0.0945378178730607
37.71074222121388,0.0945378178730607
37.714874452445656,0.09585084312129766
37.719006683677435,0.09585084312129766
37.723138914909214,0.09585084312129766
37.72727114614099,0.09716386836953461
37.73140337737277,0.09716386836953461
37.73553560860455,0.0945378178730607
37.73966783983633,0.0945378178730607
37.74380007106811,0.0945378178730607
37.74793230229989,0.0945378178730607
37.752064533531666,0.09585084312129766
37.756196764763445,0.09585084312129766
37.76032899599522,0.09585084312129766
37.764461227227,0.0945378178730607
37.76859345845878,0.09585084312129766
37.77272568969056,0.09585084312129766
37.77685792092234,0.09585084312129766
37.78099015215412,0.09585084312129766
37.7851223833859,0.0945378178730607
37.789254614617676,0.09585084312129766
37.793386845849454,0.09585084312129766
37.79751907708123,0.09716386836953461
37.80165130831301,0.09322479262482375
37.80578353954479,0.0945378178730607
37.80991577077657,0.0945378178730607
37.81404800200835,0.0945378178730607
37.81818023324013,0.09322479262482375
37.822312464471906,0.0945378178730607
37.826444695703685,0.09585084312129766
37.830576926935464,0.09716386836953461
37.83470915816724,0.09585084312129766
37.83884138939902,0.09716386836953461
37.8429736206308,0.09585084312129766
37.84710585186258,0.09585084312129766
37.85123808309436,0.0945378178730607
37.85537031432614,0.09322479262482375
37.859502545557916,0.09585084312129766
37.863634776789695,0.09585084312129766
37.867767008021474,0.0945378178730607
37.87189923925325,0.09716386836953461
37.87603147048503,0.09585084312129766
37.88016370171681,0.0945378178730607
37.88429593294859,0.09585084312129766
37.88842816418037,0.09585084312129766
37.89256039541215,0.0945378178730607
37.896692626643926,0.09585084312129766
37.900824857875705,0.09716386836953461
37.904957089107484,0.0945378178730607
37.90908932033926,0.09585084312129766
37.91322155157104,0.09585084312129766
37.91735378280282,0.09585084312129766
37.9214860140346,0.09585084312129766
37.92561824526638,0.0945378178730607
37.92975047649816,0.0945378178730607
37.933882707729936,0.0945378178730607
37.938014938961715,0.09585084312129766
37.94214717019349,0.0945378178730607
37.94627940142527,0.0945378178730607
37.95041163265705,0.0945378178730607
37.95454386388883,0.0945378178730607
37.95867609512061,0.0945378178730607
37.96280832635239,0.09585084312129766
37.96694055758417,0.09585084312129766
37.971072788815945,0.0945378178730607
37.975205020047724,0.0945378178730607
37.9793372512795,0.0945378178730607
37.98346948251128,0.09585084312129766
37.98760171374306,0.09585084312129766
37.99173394497484,0.09585084312129766
37.99586617620662,0.09585084312129766
37.9999984074384,0.0945378178730607
38.004130638670176,0.09585084312129766
38.008262869901955,0.0945378178730607
38.012395101133734,0.09585084312129766
38.01652733236551,0.09585084312129766
38.02065956359729,0.0945378178730607
38.02479179482907,0.0945378178730607
38.02892402606085,0.09585084312129766
38.03305625729263,0.09585084312129766
38.03718848852441,0.09585084312129766
38.041320719756186,0.09585084312129766
38.045452950987965,0.09716386836953461
38.049585182219744,0.09585084312129766
38.05371741345152,0.09585084312129766
38.0578496446833,0.09585084312129766
38.06198187591508,0.0945378178730607
38.06611410714686,0.09585084312129766
38.07024633837864,0.09585084312129766
38.07437856961042,0.09716386836953461
38.078510800842196,0.0945378178730607
38.082643032073975,0.0945378178730607
38.08677526330575,0.0945378178730607
38.09090749453753,0.09322479262482375
38.09503972576931,0.09585084312129766
38.09917195700109,0.0945378178730607
38.10330418823287,0.09716386836953461
38.10743641946465,0.0945378178730607
38.11156865069643,0.09585084312129766
38.115700881928205,0.09585084312129766
38.119833113159984,0.09585084312129766
38.12396534439176,0.0945378178730607
38.12809757562354,0.0945378178730607
38.13222980685532,0.0945378178730607
38.1363620380871,0.09585084312129766
38.14049426931888,0.0945378178730607
38.14462650055066,0.0945378178730607
38.148758731782436,0.0945378178730607
38.152890963014215,0.0945378178730607
38.157023194245994,0.09322479262482375
38.16115542547777,0.09585084312129766
38.16528765670955,0.0945378178730607
38.16941988794133,0.0945378178730607
38.17355211917311,0.0945378178730607
38.17768435040489,0.09585084312129766
38.18181658163667,0.0945378178730607
38.185948812868446,0.09585084312129766
38.190081044100225,0.09585084312129766
38.194213275332004,0.0945378178730607
38.19834550656378,0.09585084312129766
38.20247773779556,0.0945378178730607
38.20660996902734,0.09585084312129766
38.21074220025912,0.0945378178730607
38.2148744314909,0.09585084312129766
38.21900666272268,0.0945378178730607
38.223138893954456,0.0945378178730607
38.227271125186235,0.09585084312129766
38.231403356418014,0.09322479262482375
38.23553558764979,0.0945378178730607
38.23966781888157,0.0945378178730607
38.24380005011335,0.09585084312129766
38.24793228134513,0.09585084312129766
38.25206451257691,0.0945378178730607
38.25619674380869,0.09585084312129766
38.260328975040466,0.0945378178730607
38.264461206272244,0.0945378178730607
38.26859343750402,0.09322479262482375
38.2727256687358,0.0945378178730607
38.27685789996758,0.0945378178730607
38.28099013119936,0.09716386836953461
38.28512236243114,0.09585084312129766
38.28925459366292,0.09585084312129766
38.2933868248947,0.09585084312129766
38.297519056126475,0.09322479262482375
38.301651287358254,0.09322479262482375
38.30578351859003,0.0945378178730607
38.30991574982181,0.0945378178730607
38.31404798105359,0.09585084312129766
38.31818021228537,0.09585084312129766
38.32231244351715,0.09322479262482375
38.32644467474893,0.09716386836953461
38.330576905980706,0.09585084312129766
38.334709137212485,0.0945378178730607
38.338841368444264,0.09585084312129766
38.34297359967604,0.0945378178730607
38.34710583090782,0.09322479262482375
38.3512380621396,0.0945378178730607
38.35537029337138,0.0945378178730607
38.35950252460316,0.0945378178730607
38.36363475583494,0.0945378178730607
38.367766987066716,0.09585084312129766
38.371899218298495,0.0945378178730607
38.376031449530274,0.0945378178730607
38.38016368076205,0.0945378178730607
38.38429591199383,0.09585084312129766
38.38842814322561,0.0945378178730607
38.39256037445739,0.09585084312129766
38.39669260568917,0.0945378178730607
38.40082483692095,0.0945378178730607
38.404957068152726,0.0945378178730607
38.409089299384505,0.09585084312129766
38.41322153061628,0.09716386836953461
38.41735376184806,0.0945378178730607
38.42148599307984,0.09322479262482375
38.42561822431162,0.09585084312129766
38.4297504555434,0.09585084312129766
38.43388268677518,0.0945378178730607
38.43801491800696,0.09585084312129766
38.442147149238735,0.09322479262482375
38.446279380470514,0.09322479262482375
38.45041161170229,0.09322479262482375
38.45454384293407,0.0945378178730607
38.45867607416585,0.09585084312129766
38.46280830539763,0.0945378178730607
38.46694053662941,0.0945378178730607
38.47107276786119,0.09585084312129766
38.475204999092966,0.0945378178730607
38.479337230324745,0.0945378178730607
38.483469461556524,0.0945378178730607
38.4876016927883,0.09322479262482375
38.49173392402008,0.0945378178730607
38.49586615525186,0.09322479262482375
38.49999838648364,0.0945378178730607
38.50413061771542,0.0945378178730607
38.5082628489472,0.09585084312129766
38.512395080178976,0.09585084312129766
38.516527311410755,0.09585084312129766
38.520659542642534,0.0945378178730607
38.52479177387431,0.0945378178730607
38.52892400510609,0.09585084312129766
38.53305623633787,0.0945378178730607
38.53718846756965,0.09585084312129766
38.54132069880143,0.09585084312129766
38.54545293003321,0.0945378178730607
38.549585161264986,0.0945378178730607
38.553717392496765,0.0945378178730607
38.55784962372854,0.09322479262482375
38.56198185496032,0.0945378178730607
38.5661140861921,0.09585084312129766
38.57024631742388,0.09585084312129766
38.57437854865566,0.0945378178730607
38.57851077988744,0.09585084312129766
38.58264301111922,0.0945378178730607
38.586775242350996,0.09322479262482375
38.590907473582774,0.0945378178730607
38.59503970481455,0.0945378178730607
38.59917193604633,0.0945378178730607
38.60330416727811,0.0945378178730607
38.60743639850989,0.0945378178730607
38.61156862974167,0.0945378178730607
38.61570086097345,0.09322479262482375
38.619833092205226,0.0945378178730607
38.623965323437005,0.0945378178730607
38.628097554668784,0.09585084312129766
38.63222978590056,0.0945378178730607
38.63636201713234,0.0945378178730607
38.64049424836412,0.09322479262482375
38.6446264795959,0.0945378178730607
38.64875871082768,0.09322479262482375
38.65289094205946,0.09322479262482375
38.657023173291236,0.0945378178730607
38.661155404523015,0.09585084312129766
38.665287635754794,0.0945378178730607
38.66941986698657,0.09716386836953461
38.67355209821835,0.09585084312129766
38.67768432945013,0.0945378178730607
38.68181656068191,0.0945378178730607
38.68594879191369,0.09322479262482375
38.69008102314547,0.09585084312129766
38.694213254377246,0.09585084312129766
38.698345485609025,0.09585084312129766
38.702477716840804,0.0945378178730607
38.70660994807258,0.09322479262482375
38.71074217930436,0.09322479262482375
38.71487441053614,0.0945378178730607
38.71900664176792,0.0945378178730607
38.7231388729997,0.0945378178730607
38.72727110423148,0.0945378178730607
38.731403335463256,0.09585084312129766
38.735535566695035,0.09716386836953461
38.73966779792681,0.09585084312129766
38.74380002915859,0.09585084312129766
38.74793226039037,0.09585084312129766
38.75206449162215,0.09322479262482375
38.75619672285393,0.0945378178730607
38.76032895408571,0.0945378178730607
38.76446118531749,0.0945378178730607
38.768593416549265,0.09585084312129766
38.772725647781044,0.09585084312129766
38.77685787901282,0.09716386836953461
38.7809901102446,0.09585084312129766
38.78512234147638,0.09585084312129766
38.78925457270816,0.09322479262482375
38.79338680393994,0.0945378178730607
38.79751903517172,0.09585084312129766
38.801651266403496,0.09322479262482375
38.805783497635275,0.0945378178730607
38.809915728867054,0.0945378178730607
38.81404796009883,0.09585084312129766
38.81818019133061,0.09716386836953461
38.82231242256239,0.09585084312129766
38.82644465379417,0.09585084312129766
38.83057688502595,0.09585084312129766
38.83470911625773,0.09585084312129766
38.838841347489506,0.0945378178730607
38.842973578721285,0.0945378178730607
38.847105809953064,0.0945378178730607
38.85123804118484,0.0945378178730607
38.85537027241662,0.09585084312129766
38.8595025036484,0.09322479262482375
38.86363473488018,0.09585084312129766
38.86776696611196,0.09585084312129766
38.87189919734374,0.09585084312129766
38.876031428575516,0.09585084312129766
38.880163659807295,0.09716386836953461
38.88429589103907,0.09716386836953461
38.88842812227085,0.09585084312129766
38.89256035350263,0.0945378178730607
38.89669258473441,0.09322479262482375
38.90082481596619,0.0945378178730607
38.90495704719797,0.09585084312129766
38.90908927842975,0.09585084312129766
38.913221509661525,0.0945378178730607
38.917353740893304,0.0945378178730607
38.92148597212508,0.09585084312129766
38.92561820335686,0.09585084312129766
38.92975043458864,0.0945378178730607
38.93388266582042,0.09585084312129766
38.9380148970522,0.09585084312129766
38.94214712828398,0.09585084312129766
38.946279359515756,0.09585084312129766
38.950411590747535,0.09585084312129766
38.954543821979314,0.09716386836953461
38.95867605321109,0.09716386836953461
38.96280828444287,0.09585084312129766
38.96694051567465,0.0945378178730607
38.97107274690643,0.09716386836953461
38.97520497813821,0.09585084312129766
38.97933720936999,0.09585084312129766
38.983469440601766,0.09585084312129766
38.987601671833545,0.0945378178730607
38.991733903065324,0.09585084312129766
38.9958661342971,0.09585084312129766
38.99999836552888,0.09716386836953461
39.00413059676066,0.09585084312129766
39.00826282799244,0.09585084312129766
39.01239505922422,0.09716386836953461
39.016527290456,0.09716386836953461
39.020659521687776,0.09716386836953461
39.024791752919555,0.09585084312129766
39.028923984151334,0.09585084312129766
39.03305621538311,0.09585084312129766
39.03718844661489,0.0945378178730607
39.04132067784667,0.09585084312129766
39.04545290907845,0.0945378178730607
39.04958514031023,0.09585084312129766
39.05371737154201,0.09322479262482375
39.057849602773786,0.0945378178730607
39.061981834005564,0.09585084312129766
39.06611406523734,0.0945378178730607
39.07024629646912,0.09585084312129766
39.0743785277009,0.0945378178730607
39.07851075893268,0.09716386836953461
39.08264299016446,0.09716386836953461
39.08677522139624,0.09585084312129766
39.09090745262802,0.09716386836953461
39.095039683859795,0.09716386836953461
39.099171915091574,0.09716386836953461
39.10330414632335,0.0945378178730607
39.10743637755513,0.0945378178730607
39.11156860878691,0.0945378178730607
39.11570084001869,0.09716386836953461
39.11983307125047,0.09585084312129766
39.12396530248225,0.0945378178730607
39.128097533714026,0.09585084312129766
39.132229764945805,0.09585084312129766
39.136361996177584,0.0945378178730607
39.14049422740936,0.0945378178730607
39.14462645864114,0.09585084312129766
39.14875868987292,0.09585084312129766
39.1528909211047,0.09585084312129766
39.15702315233648,0.09716386836953461
39.16115538356826,0.09716386836953461
39.165287614800036,0.09585084312129766
39.169419846031815,0.09585084312129766
39.173552077263594,0.0945378178730607
39.17768430849537,0.09585084312129766
39.18181653972715,0.09585084312129766
39.18594877095893,0.09585084312129766
39.19008100219071,0.09716386836953461
39.19421323342249,0.09585084312129766
39.19834546465427,0.09585084312129766
39.202477695886046,0.09585084312129766
39.206609927117825,0.0945378178730607
39.2107421583496,0.09585084312129766
39.21487438958138,0.0945378178730607
39.21900662081316,0.09716386836953461
39.22313885204494,0.09585084312129766
39.22727108327672,0.09716386836953461
39.2314033145085,0.09847689361777157
39.23553554574028,0.09716386836953461
39.239667776972055,0.09585084312129766
39.243800008203834,0.09585084312129766
39.24793223943561,0.0945378178730607
39.25206447066739,0.0945378178730607
39.25619670189917,0.09716386836953461
39.26032893313095,0.09716386836953461
39.26446116436273,0.09716386836953461
39.26859339559451,0.09716386836953461
39.272725626826286,0.09847689361777157
39.276857858058065,0.09716386836953461
39.280990089289844,0.09585084312129766
39.28512232052162,0.09716386836953461
39.2892545517534,0.09585084312129766
39.29338678298518,0.09585084312129766
39.29751901421696,0.0945378178730607
39.30165124544874,0.09847689361777157
39.30578347668052,0.09847689361777157
39.309915707912296,0.09585084312129766
39.314047939144075,0.09585084312129766
39.318180170375854,0.09716386836953461
39.32231240160763,0.0945378178730607
39.32644463283941,0.0945378178730607
39.33057686407119,0.0945378178730607
39.33470909530297,0.09585084312129766
39.33884132653475,0.09716386836953461
39.34297355776653,0.09585084312129766
39.347105788998306,0.09585084312129766
39.351238020230085,0.09585084312129766
39.35537025146186,0.0945378178730607
39.35950248269364,0.0945378178730607
39.36363471392542,0.09585084312129766
39.3677669451572,0.09716386836953461
39.37189917638898,0.09716386836953461
39.37603140762076,0.09716386836953461
39.38016363885254,0.09716386836953461
39.384295870084316,0.09585084312129766
39.388428101316094,0.09585084312129766
39.39256033254787,0.0945378178730607
39.39669256377965,0.09585084312129766
39.40082479501143,0.0945378178730607
39.40495702624321,0.09585084312129766
39.40908925747499,0.09585084312129766
39.41322148870677,0.09585084312129766
39.417353719938546,0.09585084312129766
39.421485951170325,0.0945378178730607
39.425618182402104,0.09585084312129766
39.42975041363388,0.09585084312129766
39.43388264486566,0.09716386836953461
39.43801487609744,0.09716386836953461
39.44214710732922,0.09716386836953461
39.446279338561,0.09585084312129766
39.45041156979278,0.0945378178730607
39.454543801024556,0.09585084312129766
39.458676032256335,0.0945378178730607
39.462808263488114,0.09585084312129766
39.46694049471989,0.09585084312129766
39.47107272595167,0.09585084312129766
39.47520495718345,0.09716386836953461
39.47933718841523,0.09716386836953461
39.48346941964701,0.0945378178730607
39.48760165087879,0.09585084312129766
39.491733882110566,0.09716386836953461
39.495866113342345,0.09585084312129766
39.499998344574124,0.09585084312129766
39.5041305758059,0.09716386836953461
39.50826280703768,0.09585084312129766
39.51239503826946,0.09585084312129766
39.51652726950124,0.0945378178730607
39.52065950073302,0.09585084312129766
39.5247917319648,0.09585084312129766
39.528923963196576,0.09585084312129766
39.533056194428355,0.09585084312129766
39.53718842566013,0.09585084312129766
39.54132065689191,0.09585084312129766
39.54545288812369,0.09716386836953461
39.54958511935547,0.09585084312129766
39.55371735058725,0.09585084312129766
39.55784958181903,0.09585084312129766
39.56198181305081,0.09716386836953461
39.566114044282585,0.09716386836953461
39.570246275514364,0.09585084312129766
39.57437850674614,0.09585084312129766
39.57851073797792,0.09716386836953461
39.5826429692097,0.09585084312129766
39.58677520044148,0.09585084312129766
39.59090743167326,0.09585084312129766
39.59503966290504,0.0945378178730607
39.599171894136816,0.09322479262482375
39.603304125368595,0.09585084312129766
39.607436356600374,0.09716386836953461
39.61156858783215,0.09716386836953461
39.61570081906393,0.09716386836953461
39.61983305029571,0.09716386836953461
39.62396528152749,0.09716386836953461
39.62809751275927,0.0945378178730607
39.63222974399105,0.09716386836953461
39.636361975222826,0.09716386836953461
39.640494206454605,0.09716386836953461
39.644626437686384,0.09716386836953461
39.64875866891816,0.09585084312129766
39.65289090014994,0.09716386836953461
39.65702313138172,0.0945378178730607
39.6611553626135,0.0945378178730607
39.66528759384528,0.0945378178730607
39.66941982507706,0.09585084312129766
39.673552056308836,0.09585084312129766
39.677684287540615,0.0945378178730607
39.68181651877239,0.09716386836953461
39.68594875000417,0.09716386836953461
39.69008098123595,0.09585084312129766
39.69421321246773,0.09585084312129766
39.69834544369951,0.09716386836953461
39.70247767493129,0.09716386836953461
39.70660990616307,0.09716386836953461
39.710742137394845,0.09716386836953461
39.714874368626624,0.09716386836953461
39.7190065998584,0.09716386836953461
39.72313883109018,0.09716386836953461
39.72727106232196,0.0945378178730607
39.73140329355374,0.0945378178730607
39.73553552478552,0.0945378178730607
39.7396677560173,0.09585084312129766
39.743799987249076,0.09585084312129766
39.747932218480855,0.0945378178730607
39.752064449712634,0.0945378178730607
39.75619668094441,0.09716386836953461
39.76032891217619,0.09716386836953461
39.76446114340797,0.0945378178730607
39.76859337463975,0.09716386836953461
39.77272560587153,0.09716386836953461
39.77685783710331,0.09585084312129766
39.780990068335086,0.09585084312129766
39.785122299566865,0.09585084312129766
39.789254530798644,0.09585084312129766
39.79338676203042,0.09585084312129766
39.7975189932622,0.0945378178730607
39.80165122449398,0.0945378178730607
39.80578345572576,0.09585084312129766
39.80991568695754,0.0945378178730607
39.81404791818932,0.09585084312129766
39.818180149421096,0.09585084312129766
39.822312380652875,0.0945378178730607
39.826444611884654,0.09585084312129766
39.83057684311643,0.09716386836953461
39.83470907434821,0.09585084312129766
39.83884130557999,0.09585084312129766
39.84297353681177,0.09716386836953461
39.84710576804355,0.09585084312129766
39.85123799927533,0.09585084312129766
39.855370230507106,0.0945378178730607
39.859502461738884,0.09716386836953461
39.86363469297066,0.0945378178730607
39.86776692420244,0.09585084312129766
39.87189915543422,0.09585084312129766
39.876031386666,0.0945378178730607
39.88016361789778,0.09585084312129766
39.88429584912956,0.09585084312129766
39.88842808036134,0.0945378178730607
39.892560311593115,0.09585084312129766
39.896692542824894,0.09716386836953461
39.90082477405667,0.09716386836953461
39.90495700528845,0.09585084312129766
39.90908923652023,0.0945378178730607
39.91322146775201,0.09585084312129766
39.91735369898379,0.09585084312129766
39.92148593021557,0.09585084312129766
39.925618161447346,0.09585084312129766
39.929750392679125,0.09716386836953461
39.933882623910904,0.09585084312129766
39.93801485514268,0.09716386836953461
39.94214708637446,0.09716386836953461
39.94627931760624,0.09585084312129766
39.95041154883802,0.09716386836953461
39.9545437800698,0.09716386836953461
39.95867601130158,0.09847689361777157
39.962808242533356,0.09716386836953461
39.966940473765135,0.0945378178730607
39.971072704996914,0.0945378178730607
39.97520493622869,0.09585084312129766
39.97933716746047,0.09585084312129766
39.98346939869225,0.09716386836953461
39.98760162992403,0.09585084312129766
39.99173386115581,0.09716386836953461
39.99586609238759,0.09716386836953461
39.999998323619366,0.0945378178730607
40.004130554851145,0.0945378178730607
40.00826278608292,0.0945378178730607
40.0123950173147,0.0945378178730607
40.01652724854648,0.09585084312129766
40.02065947977826,0.09716386836953461
40.02479171101004,0.0945378178730607
40.02892394224182,0.09585084312129766
40.0330561734736,0.09716386836953461
40.037188404705375,0.09716386836953461
40.041320635937154,0.09585084312129766
40.04545286716893,0.09585084312129766
40.04958509840071,0.0945378178730607
40.05371732963249,0.09585084312129766
40.05784956086427,0.09585084312129766
40.06198179209605,0.09716386836953461
40.06611402332783,0.09716386836953461
40.070246254559606,0.09716386836953461
40.074378485791385,0.0945378178730607
40.078510717023164,0.09585084312129766
40.08264294825494,0.09585084312129766
40.08677517948672,0.09585084312129766
40.0909074107185,0.0945378178730607
40.09503964195028,0.0945378178730607
40.09917187318206,0.09585084312129766
40.10330410441384,0.09585084312129766
40.107436335645616,0.09585084312129766
40.111568566877395,0.09716386836953461
40.115700798109174,0.09585084312129766
40.11983302934095,0.09716386836953461
40.12396526057273,0.0945378178730607
40.12809749180451,0.09585084312129766
40.13222972303629,0.09585084312129766
40.13636195426807,0.09585084312129766
40.14049418549985,0.0945378178730607
40.144626416731626,0.0945378178730607
40.148758647963405,0.0945378178730607
40.15289087919518,0.0945378178730607
40.15702311042696,0.0945378178730607
40.16115534165874,0.09585084312129766
40.16528757289052,0.09585084312129766
40.1694198041223,0.09585084312129766
40.17355203535408,0.09585084312129766
40.17768426658586,0.0945378178730607
40.181816497817636,0.0945378178730607
40.185948729049414,0.0945378178730607
40.19008096028119,0.09585084312129766
40.19421319151297,0.09585084312129766
40.19834542274475,0.09585084312129766
40.20247765397653,0.09585084312129766
40.20660988520831,0.0945378178730607
40.21074211644009,0.09322479262482375
40.214874347671866,0.0945378178730607
40.219006578903645,0.0945378178730607
40.223138810135424,0.09585084312129766
40.2272710413672,0.0945378178730607
40.23140327259898,0.0945378178730607
40.23553550383076,0.0945378178730607
40.23966773506254,0.0945378178730607
40.24379996629432,0.0945378178730607
40.2479321975261,0.09585084312129766
40.252064428757876,0.09585084312129766
40.256196659989655,0.09716386836953461
40.260328891221434,0.0945378178730607
40.26446112245321,0.09585084312129766
40.26859335368499,0.09585084312129766
40.27272558491677,0.09585084312129766
40.27685781614855,0.0945378178730607
40.28099004738033,0.0945378178730607
40.28512227861211,0.09585084312129766
40.289254509843886,0.09322479262482375
40.293386741075665,0.09585084312129766
40.297518972307444,0.09585084312129766
40.30165120353922,0.0945378178730607
40.305783434771,0.09585084312129766
40.30991566600278,0.09585084312129766
40.31404789723456,0.0945378178730607
40.31818012846634,0.09322479262482375
40.32231235969812,0.09585084312129766
40.326444590929896,0.0945378178730607
40.330576822161674,0.09585084312129766
40.33470905339345,0.0945378178730607
40.33884128462523,0.09585084312129766
40.34297351585701,0.0945378178730607
40.34710574708879,0.09585084312129766
40.35123797832057,0.09585084312129766
40.35537020955235,0.09322479262482375
40.35950244078413,0.09322479262482375
40.363634672015905,0.09585084312129766
40.367766903247684,0.09585084312129766
40.37189913447946,0.09585084312129766
40.37603136571124,0.0945378178730607
40.38016359694302,0.0945378178730607
40.3842958281748,0.09585084312129766
40.38842805940658,0.09585084312129766
40.39256029063836,0.09322479262482375
40.396692521870136,0.09585084312129766
40.400824753101915,0.09716386836953461
40.404956984333694,0.09716386836953461
40.40908921556547,0.09585084312129766
40.41322144679725,0.0945378178730607
40.41735367802903,0.0945378178730607
40.42148590926081,0.0945378178730607
40.42561814049259,0.09322479262482375
40.42975037172437,0.0945378178730607
40.433882602956146,0.0945378178730607
40.438014834187925,0.09585084312129766
40.442147065419704,0.09585084312129766
40.44627929665148,0.09322479262482375
40.45041152788326,0.0945378178730607
40.45454375911504,0.09585084312129766
40.45867599034682,0.09585084312129766
40.4628082215786,0.09585084312129766
40.46694045281038,0.0945378178730607
40.471072684042156,0.0945378178730607
40.475204915273935,0.09585084312129766
40.47933714650571,0.0945378178730607
40.48346937773749,0.0945378178730607
40.48760160896927,0.09716386836953461
40.49173384020105,0.09585084312129766
40.49586607143283,0.0945378178730607
40.49999830266461,0.0945378178730607
40.50413053389639,0.0945378178730607
40.508262765128165,0.09585084312129766
40.512394996359944,0.09716386836953461
40.51652722759172,0.0945378178730607
40.5206594588235,0.09322479262482375
40.52479169005528,0.09585084312129766
40.52892392128706,0.09585084312129766
40.53305615251884,0.09585084312129766
40.53718838375062,0.0945378178730607
40.541320614982396,0.09585084312129766
40.545452846214175,0.0945378178730607
40.549585077445954,0.0945378178730607
40.55371730867773,0.0945378178730607
40.55784953990951,0.09585084312129766
40.56198177114129,0.0945378178730607
40.56611400237307,0.0945378178730607
40.57024623360485,0.09585084312129766
40.57437846483663,0.09716386836953461
40.578510696068406,0.0945378178730607
40.582642927300185,0.0945378178730607
40.586775158531964,0.09585084312129766
40.59090738976374,0.09322479262482375
40.59503962099552,0.09585084312129766
40.5991718522273,0.09585084312129766
40.60330408345908,0.09585084312129766
40.60743631469086,0.09585084312129766
40.61156854592264,0.09585084312129766
40.615700777154416,0.09585084312129766
40.619833008386195,0.09322479262482375
40.623965239617974,0.09322479262482375
40.62809747084975,0.0945378178730607
40.63222970208153,0.0945378178730607
40.63636193331331,0.0945378178730607
40.64049416454509,0.09322479262482375
40.64462639577687,0.0945378178730607
40.64875862700865,0.0945378178730607
40.652890858240426,0.09716386836953461
40.657023089472204,0.0945378178730607
40.66115532070398,0.0945378178730607
40.66528755193576,0.09585084312129766
40.66941978316754,0.0945378178730607
40.67355201439932,0.0945378178730607
40.6776842456311,0.09585084312129766
40.68181647686288,0.09585084312129766
40.68594870809466,0.09585084312129766
40.690080939326435,0.0945378178730607
40.694213170558214,0.09585084312129766
40.69834540178999,0.0945378178730607
40.70247763302177,0.0945378178730607
40.70660986425355,0.09322479262482375
40.71074209548533,0.0945378178730607
40.71487432671711,0.09585084312129766
40.71900655794889,0.09322479262482375
40.723138789180666,0.0945378178730607
40.727271020412445,0.09585084312129766
40.731403251644224,0.09585084312129766
40.735535482876,0.09716386836953461
40.73966771410778,0.09585084312129766
40.74379994533956,0.0945378178730607
40.74793217657134,0.09585084312129766
40.75206440780312,0.0945378178730607
40.7561966390349,0.09322479262482375
40.760328870266676,0.09585084312129766
40.764461101498455,0.09585084312129766
40.768593332730234,0.0945378178730607
40.77272556396201,0.09322479262482375
40.77685779519379,0.09322479262482375
40.78099002642557,0.09585084312129766
40.78512225765735,0.0945378178730607
40.78925448888913,0.09585084312129766
40.79338672012091,0.0945378178730607
40.797518951352686,0.0945378178730607
40.801651182584465,0.0945378178730607
40.80578341381624,0.09585084312129766
40.80991564504802,0.09322479262482375
40.8140478762798,0.09716386836953461
40.81818010751158,0.09585084312129766
40.82231233874336,0.09322479262482375
40.82644456997514,0.09322479262482375
40.83057680120692,0.0945378178730607
40.834709032438695,0.09322479262482375
40.838841263670474,0.09322479262482375
40.84297349490225,0.0945378178730607
40.84710572613403,0.09716386836953461
40.85123795736581,0.09716386836953461
40.85537018859759,0.0945378178730607
40.85950241982937,0.09716386836953461
40.86363465106115,0.0945378178730607
40.867766882292926,0.0945378178730607
40.871899113524705,0.09585084312129766
40.876031344756484,0.0945378178730607
40.88016357598826,0.09585084312129766
40.88429580722004,0.09585084312129766
40.88842803845182,0.09585084312129766
40.8925602696836,0.09585084312129766
40.89669250091538,0.09585084312129766
40.90082473214716,0.09585084312129766
40.904956963378936,0.09585084312129766
40.909089194610715,0.09716386836953461
40.913221425842494,0.0945378178730607
40.91735365707427,0.0945378178730607
40.92148588830605,0.0945378178730607
40.92561811953783,0.0945378178730607
40.92975035076961,0.09585084312129766
40.93388258200139,0.09585084312129766
40.93801481323317,0.09716386836953461
40.942147044464946,0.09585084312129766
40.946279275696725,0.09585084312129766
40.9504115069285,0.09322479262482375
40.95454373816028,0.09585084312129766
40.95867596939206,0.09322479262482375
40.96280820062384,0.09585084312129766
40.96694043185562,0.09322479262482375
40.9710726630874,0.09322479262482375
40.97520489431918,0.09585084312129766
40.979337125550956,0.09585084312129766
40.983469356782734,0.0945378178730607
40.98760158801451,0.09322479262482375
40.99173381924629,0.09585084312129766
40.99586605047807,0.09585084312129766
40.99999828170985,0.09585084312129766
41.00413051294163,0.0945378178730607
41.00826274417341,0.0945378178730607
41.012394975405186,0.0945378178730607
41.016527206636965,0.09585084312129766
41.020659437868744,0.09716386836953461
41.02479166910052,0.09585084312129766
41.0289239003323,0.09585084312129766
41.03305613156408,0.09585084312129766
41.03718836279586,0.09585084312129766
41.04132059402764,0.09585084312129766
41.04545282525942,0.09585084312129766
41.049585056491196,0.0945378178730607
41.053717287722975,0.09322479262482375
41.057849518954754,0.0945378178730607
41.06198175018653,0.09585084312129766
41.06611398141831,0.09585084312129766
41.07024621265009,0.09585084312129766
41.07437844388187,0.09585084312129766
41.07851067511365,0.0945378178730607
41.08264290634543,0.09585084312129766
41.086775137577206,0.0945378178730607
41.090907368808985,0.09585084312129766
41.095039600040764,0.0945378178730607
41.09917183127254,0.09585084312129766
41.10330406250432,0.09585084312129766
41.1074362937361,0.09716386836953461
41.11156852496788,0.09585084312129766
41.11570075619966,0.0945378178730607
41.11983298743144,0.09585084312129766
41.123965218663216,0.09322479262482375
41.128097449894994,0.09322479262482375
41.13222968112677,0.09585084312129766
41.13636191235855,0.09585084312129766
41.14049414359033,0.09585084312129766
41.14462637482211,0.09716386836953461
41.14875860605389,0.09585084312129766
41.15289083728567,0.0945378178730607
41.15702306851745,0.0945378178730607
41.161155299749225,0.09322479262482375
41.165287530981004,0.0945378178730607
41.16941976221278,0.09716386836953461
41.17355199344456,0.0945378178730607
41.17768422467634,0.09585084312129766
41.18181645590812,0.0945378178730607
41.1859486871399,0.09585084312129766
41.19008091837168,0.0945378178730607
41.194213149603456,0.0945378178730607
41.198345380835235,0.09585084312129766
41.202477612067014,0.0945378178730607
41.20660984329879,0.09585084312129766
41.21074207453057,0.09585084312129766
41.21487430576235,0.09585084312129766
41.21900653699413,0.09585084312129766
41.22313876822591,0.0945378178730607
41.22727099945769,0.09585084312129766
41.231403230689466,0.0945378178730607
41.235535461921245,0.09716386836953461
41.239667693153024,0.0945378178730607
41.2437999243848,0.09585084312129766
41.24793215561658,0.09716386836953461
41.25206438684836,0.09716386836953461
41.25619661808014,0.09585084312129766
41.26032884931192,0.0945378178730607
41.2644610805437,0.0945378178730607
41.268593311775476,0.0945378178730607
41.272725543007255,0.09585084312129766
41.27685777423903,0.09585084312129766
41.28099000547081,0.09585084312129766
41.28512223670259,0.09585084312129766
41.28925446793437,0.09585084312129766
41.29338669916615,0.09716386836953461
41.29751893039793,0.09716386836953461
41.30165116162971,0.09585084312129766
41.305783392861485,0.09585084312129766
41.309915624093264,0.09585084312129766
41.31404785532504,0.09585084312129766
41.31818008655682,0.09585084312129766
41.3223123177886,0.09585084312129766
41.32644454902038,0.09585084312129766
41.33057678025216,0.0945378178730607
41.33470901148394,0.09585084312129766
41.338841242715716,0.09585084312129766
41.342973473947495,0.09585084312129766
41.347105705179274,0.09716386836953461
41.35123793641105,0.09585084312129766
41.35537016764283,0.09585084312129766
41.35950239887461,0.09716386836953461
41.36363463010639,0.09716386836953461
41.36776686133817,0.09585084312129766
41.37189909256995,0.09585084312129766
41.376031323801726,0.09585084312129766
41.380163555033505,0.09585084312129766
41.384295786265284,0.09322479262482375
41.38842801749706,0.0945378178730607
41.39256024872884,0.0945378178730607
41.39669247996062,0.09585084312129766
41.4008247111924,0.09585084312129766
41.40495694242418,0.09585084312129766
41.40908917365596,0.0945378178730607
41.413221404887736,0.0945378178730607
41.417353636119515,0.09716386836953461
41.421485867351294,0.0945378178730607
41.42561809858307,0.09585084312129766
41.42975032981485,0.0945378178730607
41.43388256104663,0.09585084312129766
41.43801479227841,0.09716386836953461
41.44214702351019,0.09716386836953461
41.44627925474197,0.09585084312129766
41.450411485973746,0.09585084312129766
41.454543717205524,0.09716386836953461
41.4586759484373,0.0945378178730607
41.46280817966908,0.09585084312129766
41.46694041090086,0.09585084312129766
41.47107264213264,0.09585084312129766
41.47520487336442,0.0945378178730607
41.4793371045962,0.09716386836953461
41.48346933582798,0.09585084312129766
41.487601567059755,0.09585084312129766
41.491733798291534,0.09716386836953461
41.49586602952331,0.09716386836953461
41.49999826075509,0.09585084312129766
41.50413049198687,0.09585084312129766
41.50826272321865,0.09585084312129766
41.51239495445043,0.0945378178730607
41.51652718568221,0.09585084312129766
41.520659416913986,0.09585084312129766
41.524791648145765,0.09585084312129766
41.528923879377544,0.09716386836953461
41.53305611060932,0.09585084312129766
41.5371883418411,0.09716386836953461
41.54132057307288,0.09585084312129766
41.54545280430466,0.0945378178730607
41.54958503553644,0.09585084312129766
41.55371726676822,0.0945378178730607
41.557849497999996,0.09585084312129766
41.561981729231775,0.09585084312129766
41.566113960463554,0.09716386836953461
41.57024619169533,0.09585084312129766
41.57437842292711,0.09585084312129766
41.57851065415889,0.09716386836953461
41.58264288539067,0.09585084312129766
41.58677511662245,0.09585084312129766
41.59090734785423,0.09585084312129766
41.595039579086006,0.0945378178730607
41.599171810317785,0.0945378178730607
41.60330404154956,0.09585084312129766
41.60743627278134,0.0945378178730607
41.61156850401312,0.09585084312129766
41.6157007352449,0.09716386836953461
41.61983296647668,0.09585084312129766
41.62396519770846,0.09585084312129766
41.62809742894024,0.09716386836953461
41.632229660172015,0.09585084312129766
41.636361891403794,0.09585084312129766
41.64049412263557,0.09585084312129766
41.64462635386735,0.09716386836953461
41.64875858509913,0.0945378178730607
41.65289081633091,0.09716386836953461
41.65702304756269,0.09585084312129766
41.66115527879447,0.09585084312129766
41.665287510026246,0.0945378178730607
41.669419741258025,0.09585084312129766
41.673551972489804,0.09585084312129766
41.67768420372158,0.09585084312129766
41.68181643495336,0.09585084312129766
41.68594866618514,0.09585084312129766
41.69008089741692,0.09585084312129766
41.6942131286487,0.09716386836953461
41.69834535988048,0.09585084312129766
41.702477591112256,0.0945378178730607
41.706609822344035,0.09716386836953461
41.710742053575814,0.09585084312129766
41.71487428480759,0.09585084312129766
41.71900651603937,0.09716386836953461
41.72313874727115,0.09585084312129766
41.72727097850293,0.09585084312129766
41.73140320973471,0.09716386836953461
41.73553544096649,0.09716386836953461
41.739667672198266,0.09585084312129766
41.743799903430045,0.09585084312129766
41.74793213466182,0.09322479262482375
41.7520643658936,0.09585084312129766
41.75619659712538,0.09716386836953461
41.76032882835716,0.09585084312129766
41.76446105958894,0.09585084312129766
41.76859329082072,0.09716386836953461
41.7727255220525,0.09716386836953461
41.776857753284276,0.09716386836953461
41.780989984516054,0.0945378178730607
41.78512221574783,0.09716386836953461
41.78925444697961,0.09585084312129766
41.79338667821139,0.09585084312129766
41.79751890944317,0.0945378178730607
41.80165114067495,0.0945378178730607
41.80578337190673,0.09716386836953461
41.809915603138506,0.09585084312129766
41.814047834370285,0.09585084312129766
41.818180065602064,0.09585084312129766
41.82231229683384,0.09585084312129766
41.82644452806562,0.09585084312129766
41.8305767592974,0.09585084312129766
41.83470899052918,0.09585084312129766
41.83884122176096,0.09716386836953461
41.84297345299274,0.09716386836953461
41.847105684224516,0.09585084312129766
41.851237915456295,0.09585084312129766
41.855370146688074,0.09585084312129766
41.85950237791985,0.09585084312129766
41.86363460915163,0.0945378178730607
41.86776684038341,0.0945378178730607
41.87189907161519,0.09585084312129766
41.87603130284697,0.0945378178730607
41.88016353407875,0.0945378178730607
41.884295765310526,0.09585084312129766
41.888427996542305,0.09585084312129766
41.892560227774084,0.09585084312129766
41.89669245900586,0.09585084312129766
41.90082469023764,0.09716386836953461
41.90495692146942,0.09585084312129766
41.9090891527012,0.09585084312129766
41.91322138393298,0.09585084312129766
41.91735361516476,0.0945378178730607
41.921485846396536,0.09585084312129766
41.925618077628314,0.0945378178730607
41.92975030886009,0.09716386836953461
41.93388254009187,0.09716386836953461
41.93801477132365,0.09585084312129766
41.94214700255543,0.09716386836953461
41.94627923378721,0.09585084312129766
41.95041146501899,0.09585084312129766
41.95454369625077,0.09585084312129766
41.958675927482545,0.09716386836953461
41.962808158714324,0.09716386836953461
41.9669403899461,0.09716386836953461
41.97107262117788,0.09585084312129766
41.97520485240966,0.09585084312129766
41.97933708364144,0.0945378178730607
41.98346931487322,0.0945378178730607
41.987601546105,0.09585084312129766
41.991733777336776,0.09585084312129766
41.995866008568555,0.09585084312129766
41.999998239800334,0.0945378178730607
42.00413047103211,0.0945378178730607
42.00826270226389,0.0945378178730607
42.01239493349567,0.0945378178730607
42.01652716472745,0.09585084312129766
42.02065939595923,0.09585084312129766
42.02479162719101,0.09585084312129766
42.028923858422786,0.0945378178730607
42.033056089654565,0.0945378178730607
42.037188320886344,0.0945378178730607
42.04132055211812,0.0945378178730607
42.0454527833499,0.09322479262482375
42.04958501458168,0.09585084312129766
42.05371724581346,0.09716386836953461
42.05784947704524,0.09585084312129766
42.06198170827702,0.0945378178730607
42.066113939508796,0.0945378178730607
42.070246170740575,0.0945378178730607
42.07437840197235,0.09585084312129766
42.07851063320413,0.0945378178730607
42.08264286443591,0.0945378178730607
42.08677509566769,0.0945378178730607
42.09090732689947,0.09322479262482375
42.09503955813125,0.09585084312129766
42.09917178936303,0.09585084312129766
42.103304020594805,0.09585084312129766
42.107436251826584,0.09585084312129766
42.11156848305836,0.09716386836953461
42.11570071429014,0.09716386836953461
42.11983294552192,0.0945378178730607
42.1239651767537,0.0945378178730607
42.12809740798548,0.0945378178730607
42.13222963921726,0.09585084312129766
42.136361870449036,0.0945378178730607
42.140494101680815,0.09585084312129766
42.144626332912594,0.09585084312129766
42.14875856414437,0.09585084312129766
42.15289079537615,0.09585084312129766
42.15702302660793,0.0945378178730607
42.16115525783971,0.0945378178730607
42.16528748907149,0.09585084312129766
42.16941972030327,0.09322479262482375
42.173551951535046,0.0945378178730607
42.177684182766825,0.09585084312129766
42.181816413998604,0.09585084312129766
42.18594864523038,0.09716386836953461
42.19008087646216,0.09716386836953461
42.19421310769394,0.0945378178730607
42.19834533892572,0.09585084312129766
42.2024775701575,0.09585084312129766
42.20660980138928,0.0945378178730607
42.210742032621056,0.0945378178730607
42.214874263852835,0.0945378178730607
42.219006495084614,0.09585084312129766
42.22313872631639,0.09716386836953461
42.22727095754817,0.0945378178730607
42.23140318877995,0.09585084312129766
42.23553542001173,0.0945378178730607
42.23966765124351,0.0945378178730607
42.24379988247529,0.09585084312129766
42.247932113707066,0.0945378178730607
42.252064344938844,0.09716386836953461
42.25619657617062,0.09847689361777157
42.2603288074024,0.09716386836953461
42.26446103863418,0.09716386836953461
42.26859326986596,0.09585084312129766
42.27272550109774,0.09585084312129766
42.27685773232952,0.0945378178730607
42.2809899635613,0.09585084312129766
42.285122194793075,0.0945378178730607
42.289254426024854,0.09322479262482375
42.29338665725663,0.0945378178730607
42.29751888848841,0.0945378178730607
42.30165111972019,0.09322479262482375
42.30578335095197,0.0945378178730607
42.30991558218375,0.09585084312129766
42.31404781341553,0.09585084312129766
42.318180044647306,0.09585084312129766
42.322312275879085,0.09716386836953461
42.326444507110864,0.0945378178730607
42.33057673834264,0.0945378178730607
42.33470896957442,0.09585084312129766
42.3388412008062,0.09716386836953461
42.34297343203798,0.09585084312129766
42.34710566326976,0.0945378178730607
42.35123789450154,0.09585084312129766
42.355370125733316,0.0945378178730607
42.359502356965095,0.09585084312129766
42.363634588196874,0.0945378178730607
42.36776681942865,0.09322479262482375
42.37189905066043,0.0945378178730607
42.37603128189221,0.09322479262482375
42.38016351312399,0.0945378178730607
42.38429574435577,0.0945378178730607
42.38842797558755,0.0945378178730607
42.392560206819326,0.0945378178730607
42.396692438051105,0.0945378178730607
42.40082466928288,0.09585084312129766
42.40495690051466,0.09716386836953461
42.40908913174644,0.0945378178730607
42.41322136297822,0.0945378178730607
42.41735359421,0.09585084312129766
42.42148582544178,0.09585084312129766
42.42561805667356,0.09585084312129766
42.429750287905335,0.0945378178730607
42.433882519137114,0.09585084312129766
42.43801475036889,0.09716386836953461
42.44214698160067,0.0945378178730607
42.44627921283245,0.09585084312129766
42.45041144406423,0.09322479262482375
42.45454367529601,0.09585084312129766
42.45867590652779,0.09585084312129766
42.462808137759566,0.09322479262482375
42.466940368991345,0.09322479262482375
42.471072600223124,0.0945378178730607
42.4752048314549,0.09585084312129766
42.47933706268668,0.0945378178730607
42.48346929391846,0.09585084312129766
42.48760152515024,0.0945378178730607
42.49173375638202,0.0945378178730607
42.4958659876138,0.09322479262482375
42.499998218845576,0.09585084312129766
42.504130450077355,0.0945378178730607
42.508262681309134,0.0945378178730607
42.51239491254091,0.09585084312129766
42.51652714377269,0.0945378178730607
42.52065937500447,0.09585084312129766
42.52479160623625,0.09585084312129766
42.52892383746803,0.0945378178730607
42.53305606869981,0.09585084312129766
42.537188299931586,0.0945378178730607
42.541320531163365,0.09585084312129766
42.54545276239514,0.0945378178730607
42.54958499362692,0.0945378178730607
42.5537172248587,0.09585084312129766
42.55784945609048,0.0945378178730607
42.56198168732226,0.0945378178730607
42.56611391855404,0.09585084312129766
42.57024614978582,0.09585084312129766
42.574378381017596,0.09585084312129766
42.578510612249374,0.0945378178730607
42.58264284348115,0.09322479262482375
42.58677507471293,0.0945378178730607
42.59090730594471,0.09585084312129766
42.59503953717649,0.09585084312129766
42.59917176840827,0.09716386836953461
42.60330399964005,0.09716386836953461
42.607436230871826,0.09585084312129766
42.611568462103605,0.09716386836953461
42.615700693335384,0.0945378178730607
42.61983292456716,0.0945378178730607
42.62396515579894,0.0945378178730607
42.62809738703072,0.09585084312129766
42.6322296182625,0.09585084312129766
42.63636184949428,0.09585084312129766
42.64049408072606,0.09716386836953461
42.644626311957836,0.09585084312129766
42.648758543189615,0.0945378178730607
42.652890774421394,0.0945378178730607
42.65702300565317,0.0945378178730607
42.66115523688495,0.09585084312129766
42.66528746811673,0.09585084312129766
42.66941969934851,0.09716386836953461
42.67355193058029,0.09716386836953461
42.67768416181207,0.09716386836953461
42.681816393043846,0.09585084312129766
42.685948624275625,0.0945378178730607
42.690080855507404,0.09585084312129766
42.69421308673918,0.09716386836953461
42.69834531797096,0.09585084312129766
42.70247754920274,0.0945378178730607
42.70660978043452,0.0945378178730607
42.7107420116663,0.09585084312129766
42.71487424289808,0.09585084312129766
42.719006474129856,0.0945378178730607
42.723138705361634,0.0945378178730607
42.72727093659341,0.09585084312129766
42.73140316782519,0.09585084312129766
42.73553539905697,0.09585084312129766
42.73966763028875,0.0945378178730607
42.74379986152053,0.09716386836953461
42.74793209275231,0.09585084312129766
42.75206432398409,0.09322479262482375
42.756196555215865,0.0945378178730607
42.760328786447644,0.09585084312129766
42.76446101767942,0.09585084312129766
42.7685932489112,0.0945378178730607
42.77272548014298,0.09585084312129766
42.77685771137476,0.09716386836953461
42.78098994260654,0.09585084312129766
42.78512217383832,0.09585084312129766
42.789254405070096,0.09585084312129766
42.793386636301875,0.09322479262482375
42.797518867533654,0.0945378178730607
42.80165109876543,0.09585084312129766
42.80578332999721,0.09716386836953461
42.80991556122899,0.09716386836953461
42.81404779246077,0.09585084312129766
42.81818002369255,0.0945378178730607
42.82231225492433,0.09585084312129766
42.826444486156106,0.09585084312129766
42.830576717387885,0.09585084312129766
42.834708948619664,0.09716386836953461
42.83884117985144,0.09585084312129766
42.84297341108322,0.09585084312129766
42.847105642315,0.09585084312129766
42.85123787354678,0.0945378178730607
42.85537010477856,0.09322479262482375
42.85950233601034,0.09585084312129766
42.863634567242116,0.09585084312129766
42.867766798473895,0.0945378178730607
42.87189902970567,0.0945378178730607
42.87603126093745,0.09716386836953461
42.88016349216923,0.0945378178730607
42.88429572340101,0.09585084312129766
42.88842795463279,0.09716386836953461
42.89256018586457,0.0945378178730607
42.89669241709635,0.09585084312129766
42.900824648328125,0.09585084312129766
42.904956879559904,0.09585084312129766
42.90908911079168,0.0945378178730607
42.91322134202346,0.0945378178730607
42.91735357325524,0.09585084312129766
42.92148580448702,0.09585084312129766
42.9256180357188,0.0945378178730607
42.92975026695058,0.09585084312129766
42.933882498182356,0.0945378178730607
42.938014729414135,0.09716386836953461
42.942146960645914,0.0945378178730607
42.94627919187769,0.0945378178730607
42.95041142310947,0.09585084312129766
42.95454365434125,0.09585084312129766
42.95867588557303,0.09585084312129766
42.96280811680481,0.0945378178730607
42.96694034803659,0.0945378178730607
42.971072579268366,0.09585084312129766
42.975204810500145,0.09585084312129766
42.979337041731924,0.09585084312129766
42.9834692729637,0.09585084312129766
42.98760150419548,0.0945378178730607
42.99173373542726,0.0945378178730607
42.99586596665904,0.0945378178730607
42.99999819789082,0.09585084312129766
43.0041304291226,0.09585084312129766
43.008262660354376,0.09585084312129766
43.012394891586155,0.09716386836953461
43.016527122817934,0.09716386836953461
43.02065935404971,0.09585084312129766
43.02479158528149,0.09585084312129766
43.02892381651327,0.0945378178730607
43.03305604774505,0.0945378178730607
43.03718827897683,0.0945378178730607
43.04132051020861,0.09585084312129766
43.045452741440386,0.09585084312129766
43.049584972672164,0.09585084312129766
43.05371720390394,0.0945378178730607
43.05784943513572,0.09716386836953461
43.0619816663675,0.09585084312129766
43.06611389759928,0.0945378178730607
43.07024612883106,0.0945378178730607
43.07437836006284,0.09585084312129766
43.07851059129462,0.09716386836953461
43.082642822526395,0.0945378178730607
43.086775053758174,0.09716386836953461
43.09090728498995,0.09716386836953461
43.09503951622173,0.09716386836953461
43.09917174745351,0.09585084312129766
43.10330397868529,0.09585084312129766
43.10743620991707,0.09585084312129766
43.11156844114885,0.09585084312129766
43.115700672380626,0.09716386836953461
43.119832903612405,0.09585084312129766
43.123965134844184,0.09585084312129766
43.12809736607596,0.09716386836953461
43.13222959730774,0.09716386836953461
43.13636182853952,0.09585084312129766
43.1404940597713,0.09585084312129766
43.14462629100308,0.09716386836953461
43.14875852223486,0.09585084312129766
43.152890753466636,0.09585084312129766
43.157022984698415,0.09716386836953461
43.161155215930194,0.09716386836953461
43.16528744716197,0.09585084312129766
43.16941967839375,0.09585084312129766
43.17355190962553,0.09322479262482375
43.17768414085731,0.09585084312129766
43.18181637208909,0.0945378178730607
43.18594860332087,0.0945378178730607
43.190080834552646,0.09585084312129766
43.194213065784425,0.09716386836953461
43.1983452970162,0.09716386836953461
43.20247752824798,0.09585084312129766
43.20660975947976,0.09585084312129766
43.21074199071154,0.09716386836953461
43.21487422194332,0.09585084312129766
43.2190064531751,0.09585084312129766
43.22313868440688,0.0945378178730607
43.227270915638655,0.09585084312129766
43.231403146870434,0.09716386836953461
43.23553537810221,0.09585084312129766
43.23966760933399,0.09585084312129766
43.24379984056577,0.09585084312129766
43.24793207179755,0.09716386836953461
43.25206430302933,0.09585084312129766
43.25619653426111,0.09716386836953461
43.260328765492886,0.09716386836953461
43.264460996724665,0.09585084312129766
43.268593227956444,0.09585084312129766
43.27272545918822,0.09716386836953461
43.27685769042,0.09585084312129766
43.28098992165178,0.09585084312129766
43.28512215288356,0.09585084312129766
43.28925438411534,0.09585084312129766
43.29338661534712,0.09716386836953461
43.297518846578896,0.09716386836953461
43.301651077810675,0.09716386836953461
43.305783309042454,0.09585084312129766
43.30991554027423,0.0945378178730607
43.31404777150601,0.09585084312129766
43.31818000273779,0.0945378178730607
43.32231223396957,0.0945378178730607
43.32644446520135,0.0945378178730607
43.33057669643313,0.0945378178730607
43.334708927664906,0.0945378178730607
43.338841158896685,0.09716386836953461
43.34297339012846,0.09585084312129766
43.34710562136024,0.0945378178730607
43.35123785259202,0.09585084312129766
43.3553700838238,0.09716386836953461
43.35950231505558,0.09716386836953461
43.36363454628736,0.09716386836953461
43.36776677751914,0.09585084312129766
43.371899008750916,0.09716386836953461
43.376031239982694,0.09716386836953461
43.38016347121447,0.0945378178730607
43.38429570244625,0.09585084312129766
43.38842793367803,0.0945378178730607
43.39256016490981,0.09585084312129766
43.39669239614159,0.09585084312129766
43.40082462737337,0.09585084312129766
43.404956858605146,0.09585084312129766
43.409089089836925,0.09585084312129766
43.413221321068704,0.09585084312129766
43.41735355230048,0.09585084312129766
43.42148578353226,0.09716386836953461
43.42561801476404,0.09585084312129766
43.42975024599582,0.09585084312129766
43.4338824772276,0.09585084312129766
43.43801470845938,0.09716386836953461
43.442146939691156,0.09716386836953461
43.446279170922935,0.0945378178730607
43.450411402154714,0.0945378178730607
43.45454363338649,0.0945378178730607
43.45867586461827,0.09585084312129766
43.46280809585005,0.0945378178730607
43.46694032708183,0.0945378178730607
43.47107255831361,0.09585084312129766
43.47520478954539,0.09716386836953461
43.479337020777166,0.09585084312129766
43.483469252008945,0.09585084312129766
43.487601483240724,0.0945378178730607
43.4917337144725,0.09716386836953461
43.49586594570428,0.09585084312129766
43.49999817693606,0.09585084312129766
43.50413040816784,0.09716386836953461
43.50826263939962,0.09716386836953461
43.5123948706314,0.0945378178730607
43.516527101863176,0.0945378178730607
43.520659333094954,0.0945378178730607
43.52479156432673,0.09585084312129766
43.52892379555851,0.0945378178730607
43.53305602679029,0.09585084312129766
43.53718825802207,0.09585084312129766
43.54132048925385,0.0945378178730607
43.54545272048563,0.09585084312129766
43.54958495171741,0.0945378178730607
43.553717182949185,0.09585084312129766
43.557849414180964,0.09585084312129766
43.56198164541274,0.09585084312129766
43.56611387664452,0.09585084312129766
43.5702461078763,0.09716386836953461
43.57437833910808,0.09585084312129766
43.57851057033986,0.09585084312129766
43.58264280157164,0.0945378178730607
43.586775032803416,0.09585084312129766
43.590907264035195,0.0945378178730607
43.595039495266974,0.0945378178730607
43.59917172649875,0.0945378178730607
43.60330395773053,0.0945378178730607
43.60743618896231,0.0945378178730607
43.61156842019409,0.09585084312129766
43.61570065142587,0.09585084312129766
43.61983288265765,0.09585084312129766
43.623965113889426,0.0945378178730607
43.628097345121205,0.0945378178730607
43.632229576352984,0.0945378178730607
43.63636180758476,0.09585084312129766
43.64049403881654,0.09585084312129766
43.64462627004832,0.09585084312129766
43.6487585012801,0.09585084312129766
43.65289073251188,0.09585084312129766
43.65702296374366,0.09585084312129766
43.661155194975436,0.0945378178730607
43.665287426207215,0.09322479262482375
43.66941965743899,0.0945378178730607
43.67355188867077,0.09585084312129766
43.67768411990255,0.09585084312129766
43.68181635113433,0.0945378178730607
43.68594858236611,0.09585084312129766
43.69008081359789,0.09585084312129766
43.69421304482967,0.09585084312129766
43.698345276061445,0.0945378178730607
43.702477507293224,0.09585084312129766
43.706609738525,0.09585084312129766
43.71074196975678,0.09585084312129766
43.71487420098856,0.0945378178730607
43.71900643222034,0.09585084312129766
43.72313866345212,0.0945378178730607
43.7272708946839,0.09322479262482375
43.731403125915676,0.0945378178730607
43.735535357147455,0.09585084312129766
43.739667588379234,0.09585084312129766
43.74379981961101,0.09585084312129766
43.74793205084279,0.09585084312129766
43.75206428207457,0.09322479262482375
43.75619651330635,0.0945378178730607
43.76032874453813,0.09585084312129766
43.76446097576991,0.09585084312129766
43.768593207001686,0.09585084312129766
43.772725438233465,0.09716386836953461
43.776857669465244,0.09585084312129766
43.78098990069702,0.09716386836953461
43.7851221319288,0.09716386836953461
43.78925436316058,0.09585084312129766
43.79338659439236,0.0945378178730607
43.79751882562414,0.0945378178730607
43.80165105685592,0.09585084312129766
43.805783288087696,0.09322479262482375
43.809915519319475,0.09322479262482375
43.814047750551254,0.09585084312129766
43.81817998178303,0.09585084312129766
43.82231221301481,0.0945378178730607
43.82644444424659,0.09716386836953461
43.83057667547837,0.0945378178730607
43.83470890671015,0.0945378178730607
43.83884113794193,0.0945378178730607
43.842973369173706,0.09585084312129766
43.847105600405484,0.0945378178730607
43.85123783163726,0.09585084312129766
43.85537006286904,0.09585084312129766
43.85950229410082,0.09716386836953461
43.8636345253326,0.0945378178730607
43.86776675656438,0.0945378178730607
43.87189898779616,0.09322479262482375
43.87603121902794,0.09585084312129766
43.880163450259715,0.09585084312129766
43.884295681491494,0.0945378178730607
43.88842791272327,0.09716386836953461
43.89256014395505,0.0945378178730607
43.89669237518683,0.09585084312129766
43.90082460641861,0.0945378178730607
43.90495683765039,0.09585084312129766
43.90908906888217,0.09585084312129766
43.913221300113946,0.09585084312129766
43.917353531345725,0.0945378178730607
43.921485762577504,0.09585084312129766
43.92561799380928,0.09585084312129766
43.92975022504106,0.0945378178730607
43.93388245627284,0.09585084312129766
43.93801468750462,0.09585084312129766
43.9421469187364,0.09716386836953461
43.94627914996818,0.0945378178730607
43.950411381199956,0.0945378178730607
43.954543612431735,0.09716386836953461
43.958675843663514,0.09585084312129766
43.96280807489529,0.09585084312129766
43.96694030612707,0.09585084312129766
43.97107253735885,0.0945378178730607
43.97520476859063,0.0945378178730607
43.97933699982241,0.09585084312129766
43.98346923105419,0.09585084312129766
43.987601462285966,0.09716386836953461
43.991733693517745,0.09716386836953461
43.99586592474952,0.0945378178730607
43.9999981559813,0.09585084312129766
44.00413038721308,0.0945378178730607
44.00826261844486,0.09322479262482375
44.01239484967664,0.0945378178730607
44.01652708090842,0.09322479262482375
44.0206593121402,0.0945378178730607
44.024791543371975,0.09585084312129766
44.028923774603754,0.09585084312129766
44.03305600583553,0.09585084312129766
44.03718823706731,0.09716386836953461
44.04132046829909,0.09585084312129766
44.04545269953087,0.0945378178730607
44.04958493076265,0.0945378178730607
44.05371716199443,0.09585084312129766
44.057849393226206,0.09585084312129766
44.061981624457985,0.09585084312129766
44.066113855689764,0.09585084312129766
44.07024608692154,0.09585084312129766
44.07437831815332,0.09585084312129766
44.0785105493851,0.0945378178730607
44.08264278061688,0.09585084312129766
44.08677501184866,0.09585084312129766
44.09090724308044,0.09585084312129766
44.095039474312216,0.0945378178730607
44.099171705543995,0.09716386836953461
44.103303936775774,0.09585084312129766
44.10743616800755,0.0945378178730607
44.11156839923933,0.0945378178730607
44.11570063047111,0.09585084312129766
44.11983286170289,0.09716386836953461
44.12396509293467,0.0945378178730607
44.12809732416645,0.0945378178730607
44.132229555398226,0.0945378178730607
44.136361786630005,0.09585084312129766
44.14049401786178,0.0945378178730607
44.14462624909356,0.0945378178730607
44.14875848032534,0.0945378178730607
44.15289071155712,0.0945378178730607
44.1570229427889,0.0945378178730607
44.16115517402068,0.09585084312129766
44.16528740525246,0.09585084312129766
44.169419636484236,0.0945378178730607
44.173551867716014,0.0945378178730607
44.17768409894779,0.09585084312129766
44.18181633017957,0.0945378178730607
44.18594856141135,0.09322479262482375
44.19008079264313,0.09716386836953461
44.19421302387491,0.09585084312129766
44.19834525510669,0.09716386836953461
44.202477486338466,0.0945378178730607
44.206609717570245,0.09585084312129766
44.210741948802024,0.09585084312129766
44.2148741800338,0.09585084312129766
44.21900641126558,0.09322479262482375
44.22313864249736,0.09322479262482375
44.22727087372914,0.09585084312129766
44.23140310496092,0.0945378178730607
44.2355353361927,0.09585084312129766
44.239667567424476,0.09716386836953461
44.243799798656255,0.09716386836953461
44.247932029888034,0.09322479262482375
44.25206426111981,0.0945378178730607
44.25619649235159,0.09585084312129766
44.26032872358337,0.0945378178730607
44.26446095481515,0.09585084312129766
44.26859318604693,0.0945378178730607
44.27272541727871,0.0945378178730607
44.276857648510486,0.0945378178730607
44.280989879742265,0.0945378178730607
44.285122110974044,0.0945378178730607
44.28925434220582,0.09322479262482375
44.2933865734376,0.0945378178730607
44.29751880466938,0.09322479262482375
44.30165103590116,0.09585084312129766
44.30578326713294,0.0945378178730607
44.30991549836472,0.09585084312129766
44.314047729596496,0.0945378178730607
44.318179960828274,0.09585084312129766
44.32231219206005,0.0945378178730607
44.32644442329183,0.09585084312129766
44.33057665452361,0.09585084312129766
44.33470888575539,0.09585084312129766
44.33884111698717,0.09585084312129766
44.34297334821895,0.09585084312129766
44.34710557945073,0.09716386836953461
44.351237810682505,0.0945378178730607
44.355370041914284,0.0945378178730607
44.35950227314606,0.09585084312129766
44.36363450437784,0.0945378178730607
44.36776673560962,0.09585084312129766
44.3718989668414,0.0945378178730607
44.37603119807318,0.09585084312129766
44.38016342930496,0.09716386836953461
44.384295660536736,0.09585084312129766
44.388427891768515,0.09585084312129766
44.392560123000294,0.0945378178730607
44.39669235423207,0.0945378178730607
44.40082458546385,0.09585084312129766
44.40495681669563,0.09585084312129766
44.40908904792741,0.09585084312129766
44.41322127915919,0.0945378178730607
44.41735351039097,0.0945378178730607
44.421485741622746,0.09322479262482375
44.425617972854525,0.09322479262482375
44.429750204086304,0.09585084312129766
44.43388243531808,0.09585084312129766
44.43801466654986,0.09585084312129766
44.44214689778164,0.09585084312129766
44.44627912901342,0.09716386836953461
44.4504113602452,0.0945378178730607
44.45454359147698,0.09322479262482375
44.458675822708756,0.0945378178730607
44.462808053940535,0.09585084312129766
44.46694028517231,0.09585084312129766
44.47107251640409,0.09585084312129766
44.47520474763587,0.0945378178730607
44.47933697886765,0.09585084312129766
44.48346921009943,0.09847689361777157
44.48760144133121,0.09716386836953461
44.49173367256299,0.0945378178730607
44.495865903794765,0.0945378178730607
44.499998135026544,0.09585084312129766
44.50413036625832,0.0945378178730607
44.5082625974901,0.09716386836953461
44.51239482872188,0.09585084312129766
44.51652705995366,0.09585084312129766
44.52065929118544,0.09585084312129766
44.52479152241722,0.0945378178730607
44.528923753648996,0.0945378178730607
44.533055984880775,0.0945378178730607
44.537188216112554,0.09585084312129766
44.54132044734433,0.09585084312129766
44.54545267857611,0.0945378178730607
44.54958490980789,0.0945378178730607
44.55371714103967,0.0945378178730607
44.55784937227145,0.09716386836953461
44.56198160350323,0.09585084312129766
44.566113834735006,0.0945378178730607
44.570246065966785,0.09322479262482375
44.574378297198564,0.09322479262482375
44.57851052843034,0.09585084312129766
44.58264275966212,0.09585084312129766
44.5867749908939,0.0945378178730607
44.59090722212568,0.0945378178730607
44.59503945335746,0.0945378178730607
44.59917168458924,0.0945378178730607
44.603303915821016,0.09847689361777157
44.607436147052795,0.09716386836953461
44.611568378284574,0.0945378178730607
44.61570060951635,0.0945378178730607
44.61983284074813,0.09585084312129766
44.62396507197991,0.09585084312129766
44.62809730321169,0.0945378178730607
44.63222953444347,0.09585084312129766
44.63636176567525,0.0945378178730607
44.640493996907026,0.09585084312129766
44.644626228138804,0.09322479262482375
44.64875845937058,0.0945378178730607
44.65289069060236,0.09585084312129766
44.65702292183414,0.09716386836953461
44.66115515306592,0.09716386836953461
44.6652873842977,0.09585084312129766
44.66941961552948,0.09585084312129766
44.67355184676126,0.09585084312129766
44.677684077993035,0.09716386836953461
44.681816309224814,0.09585084312129766
44.68594854045659,0.09585084312129766
44.69008077168837,0.0945378178730607
44.69421300292015,0.09585084312129766
44.69834523415193,0.09585084312129766
44.70247746538371,0.09585084312129766
44.70660969661549,0.09585084312129766
44.710741927847266,0.09585084312129766
44.714874159079045,0.09585084312129766
44.719006390310824,0.0945378178730607
44.7231386215426,0.09585084312129766
44.72727085277438,0.09716386836953461
44.73140308400616,0.09716386836953461
44.73553531523794,0.09585084312129766
44.73966754646972,0.09585084312129766
44.7437997777015,0.09716386836953461
44.747932008933276,0.09716386836953461
44.752064240165055,0.09716386836953461
44.756196471396834,0.09585084312129766
44.76032870262861,0.09585084312129766
44.76446093386039,0.09716386836953461
44.76859316509217,0.0945378178730607
44.77272539632395,0.0945378178730607
44.77685762755573,0.09585084312129766
44.78098985878751,0.09585084312129766
44.785122090019286,0.0945378178730607
44.789254321251065,0.09585084312129766
44.79338655248284,0.09585084312129766
44.79751878371462,0.09585084312129766
44.8016510149464,0.09585084312129766
44.80578324617818,0.09716386836953461
44.80991547740996,0.09716386836953461
44.81404770864174,0.09585084312129766
44.81817993987352,0.0945378178730607
44.822312171105295,0.09585084312129766
44.826444402337074,0.0945378178730607
44.83057663356885,0.09585084312129766
44.83470886480063,0.09585084312129766
44.83884109603241,0.09322479262482375
44.84297332726419,0.0945378178730607
44.84710555849597,0.0945378178730607
44.85123778972775,0.09585084312129766
44.855370020959526,0.09585084312129766
44.859502252191305,0.09847689361777157
44.863634483423084,0.0945378178730607
44.86776671465486,0.09716386836953461
44.87189894588664,0.09716386836953461
44.87603117711842,0.09585084312129766
44.8801634083502,0.09585084312129766
44.88429563958198,0.0945378178730607
44.88842787081376,0.0945378178730607
44.892560102045536,0.0945378178730607
44.896692333277315,0.09585084312129766
44.900824564509094,0.09716386836953461
44.90495679574087,0.09716386836953461
44.90908902697265,0.09716386836953461
44.91322125820443,0.0945378178730607
44.91735348943621,0.09585084312129766
44.92148572066799,0.0945378178730607
44.92561795189977,0.0945378178730607
44.929750183131546,0.0945378178730607
44.933882414363325,0.09585084312129766
44.9380146455951,0.09585084312129766
44.94214687682688,0.09585084312129766
44.94627910805866,0.09585084312129766
44.95041133929044,0.09585084312129766
44.95454357052222,0.0945378178730607
44.958675801754,0.09585084312129766
44.96280803298578,0.0945378178730607
44.966940264217556,0.09585084312129766
44.971072495449334,0.09585084312129766
44.97520472668111,0.09585084312129766
44.97933695791289,0.09585084312129766
44.98346918914467,0.09585084312129766
44.98760142037645,0.09585084312129766
44.99173365160823,0.0945378178730607
44.99586588284001,0.09585084312129766
44.999998114071786,0.09585084312129766
45.004130345303565,0.09585084312129766
45.008262576535344,0.09585084312129766
45.01239480776712,0.09585084312129766
45.0165270389989,0.0945378178730607
45.02065927023068,0.09716386836953461
45.02479150146246,0.0945378178730607
45.02892373269424,0.0945378178730607
45.03305596392602,0.0945378178730607
45.037188195157796,0.09716386836953461
45.041320426389575,0.09585084312129766
45.045452657621354,0.09585084312129766
45.04958488885313,0.09585084312129766
45.05371712008491,0.0945378178730607
45.05784935131669,0.09585084312129766
45.06198158254847,0.0945378178730607
45.06611381378025,0.09585084312129766
45.07024604501203,0.09585084312129766
45.074378276243806,0.09585084312129766
45.078510507475585,0.09585084312129766
45.082642738707364,0.0945378178730607
45.08677496993914,0.09716386836953461
45.09090720117092,0.09585084312129766
45.0950394324027,0.09585084312129766
45.09917166363448,0.09585084312129766
45.10330389486626,0.09585084312129766
45.10743612609804,0.0945378178730607
45.111568357329816,0.0945378178730607
45.115700588561594,0.09585084312129766
45.11983281979337,0.09585084312129766
45.12396505102515,0.09585084312129766
45.12809728225693,0.09585084312129766
45.13222951348871,0.09585084312129766
45.13636174472049,0.09585084312129766
45.14049397595227,0.0945378178730607
45.14462620718405,0.09585084312129766
45.148758438415825,0.09585084312129766
45.152890669647604,0.09716386836953461
45.15702290087938,0.09716386836953461
45.16115513211116,0.09585084312129766
45.16528736334294,0.0945378178730607
45.16941959457472,0.09585084312129766
45.1735518258065,0.09322479262482375
45.17768405703828,0.0945378178730607
45.181816288270056,0.09585084312129766
45.185948519501835,0.09585084312129766
45.190080750733614,0.0945378178730607
45.19421298196539,0.09585084312129766
45.19834521319717,0.09585084312129766
45.20247744442895,0.09585084312129766
45.20660967566073,0.09585084312129766
45.21074190689251,0.09716386836953461
45.21487413812429,0.09585084312129766
45.219006369356066,0.0945378178730607
45.223138600587845,0.0945378178730607
45.227270831819624,0.0945378178730607
45.2314030630514,0.09585084312129766
45.23553529428318,0.09585084312129766
45.23966752551496,0.09585084312129766
45.24379975674674,0.09716386836953461
45.24793198797852,0.09585084312129766
45.2520642192103,0.09585084312129766
45.256196450442076,0.09585084312129766
45.260328681673855,0.09585084312129766
45.26446091290563,0.0945378178730607
45.26859314413741,0.09716386836953461
45.27272537536919,0.09585084312129766
45.27685760660097,0.09716386836953461
45.28098983783275,0.09585084312129766
45.28512206906453,0.09716386836953461
45.28925430029631,0.09585084312129766
45.293386531528085,0.09585084312129766
45.297518762759864,0.09585084312129766
45.30165099399164,0.09585084312129766
45.30578322522342,0.0945378178730607
45.3099154564552,0.09585084312129766
45.31404768768698,0.09716386836953461
45.31817991891876,0.09585084312129766
45.32231215015054,0.09585084312129766
45.326444381382316,0.09585084312129766
45.330576612614095,0.09585084312129766
45.334708843845874,0.09716386836953461
45.33884107507765,0.09585084312129766
45.34297330630943,0.09585084312129766
45.34710553754121,0.09716386836953461
45.35123776877299,0.09716386836953461
45.35537000000477,0.09716386836953461
45.35950223123655,0.09585084312129766
45.363634462468326,0.09585084312129766
45.367766693700105,0.09716386836953461
45.371898924931884,0.0945378178730607
45.37603115616366,0.09585084312129766
45.38016338739544,0.09585084312129766
45.38429561862722,0.09585084312129766
45.388427849859,0.0945378178730607
45.39256008109078,0.0945378178730607
45.39669231232256,0.09585084312129766
45.400824543554336,0.09585084312129766
45.404956774786115,0.09585084312129766
45.409089006017894,0.09716386836953461
45.41322123724967,0.09716386836953461
45.41735346848145,0.09585084312129766
45.42148569971323,0.09585084312129766
45.42561793094501,0.0945378178730607
45.42975016217679,0.0945378178730607
45.43388239340857,0.09716386836953461
45.438014624640346,0.09585084312129766
45.442146855872124,0.09716386836953461
45.4462790871039,0.09585084312129766
45.45041131833568,0.09585084312129766
45.45454354956746,0.09585084312129766
45.45867578079924,0.09716386836953461
45.46280801203102,0.09585084312129766
45.4669402432628,0.0945378178730607
45.47107247449458,0.09716386836953461
45.475204705726355,0.09716386836953461
45.479336936958134,0.09585084312129766
45.48346916818991,0.09716386836953461
45.48760139942169,0.09716386836953461
45.49173363065347,0.09585084312129766
45.49586586188525,0.09585084312129766
45.49999809311703,0.09847689361777157
45.50413032434881,0.09716386836953461
45.508262555580586,0.0945378178730607
45.512394786812365,0.09585084312129766
45.516527018044144,0.09585084312129766
45.52065924927592,0.09585084312129766
45.5247914805077,0.09585084312129766
45.52892371173948,0.09716386836953461
45.53305594297126,0.09716386836953461
45.53718817420304,0.09585084312129766
45.54132040543482,0.09585084312129766
45.545452636666596,0.09322479262482375
45.549584867898375,0.0945378178730607
45.553717099130154,0.09585084312129766
45.55784933036193,0.09716386836953461
45.56198156159371,0.09716386836953461
45.56611379282549,0.09716386836953461
45.57024602405727,0.09716386836953461
45.57437825528905,0.09716386836953461
45.57851048652083,0.09585084312129766
45.582642717752606,0.0945378178730607
45.586774948984385,0.0945378178730607
45.59090718021616,0.09585084312129766
45.59503941144794,0.09585084312129766
45.59917164267972,0.09585084312129766
45.6033038739115,0.09716386836953461
45.60743610514328,0.0945378178730607
45.61156833637506,0.09716386836953461
45.61570056760684,0.09585084312129766
45.619832798838615,0.09585084312129766
45.623965030070394,0.09585084312129766
45.62809726130217,0.09585084312129766
45.63222949253395,0.09585084312129766
45.63636172376573,0.09585084312129766
45.64049395499751,0.09716386836953461
45.64462618622929,0.09585084312129766
45.64875841746107,0.09585084312129766
45.652890648692846,0.09585084312129766
45.657022879924625,0.09322479262482375
45.661155111156404,0.09585084312129766
45.66528734238818,0.09716386836953461
45.66941957361996,0.0945378178730607
45.67355180485174,0.0945378178730607
45.67768403608352,0.09585084312129766
45.6818162673153,0.09585084312129766
45.68594849854708,0.0945378178730607
45.690080729778856,0.09585084312129766
45.694212961010635,0.09585084312129766
45.698345192242414,0.09585084312129766
45.70247742347419,0.09716386836953461
45.70660965470597,0.09847689361777157
45.71074188593775,0.09716386836953461
45.71487411716953,0.0945378178730607
45.71900634840131,0.09585084312129766
45.72313857963309,0.09322479262482375
45.727270810864866,0.0945378178730607
45.731403042096645,0.0945378178730607
45.73553527332842,0.09716386836953461
45.7396675045602,0.09585084312129766
45.74379973579198,0.09585084312129766
45.74793196702376,0.09585084312129766
45.75206419825554,0.09585084312129766
45.75619642948732,0.09716386836953461
45.7603286607191,0.09585084312129766
45.764460891950876,0.09585084312129766
45.768593123182654,0.0945378178730607
45.77272535441443,0.09585084312129766
45.77685758564621,0.09716386836953461
45.78098981687799,0.09585084312129766
45.78512204810977,0.09585084312129766
45.78925427934155,0.09585084312129766
45.79338651057333,0.09585084312129766
45.797518741805106,0.0945378178730607
45.801650973036885,0.09322479262482375
45.805783204268664,0.0945378178730607
45.80991543550044,0.09585084312129766
45.81404766673222,0.0945378178730607
45.818179897964,0.09585084312129766
45.82231212919578,0.09585084312129766
45.82644436042756,0.09585084312129766
45.83057659165934,0.0945378178730607
45.834708822891116,0.09585084312129766
45.838841054122895,0.09716386836953461
45.842973285354674,0.09585084312129766
45.84710551658645,0.09716386836953461
45.85123774781823,0.09585084312129766
45.85536997905001,0.0945378178730607
45.85950221028179,0.09716386836953461
45.86363444151357,0.09322479262482375
45.86776667274535,0.09322479262482375
45.871898903977126,0.0945378178730607
45.876031135208905,0.0945378178730607
45.880163366440684,0.09585084312129766
45.88429559767246,0.0945378178730607
45.88842782890424,0.0945378178730607
45.89256006013602,0.0945378178730607
45.8966922913678,0.09585084312129766
45.90082452259958,0.0945378178730607
45.90495675383136,0.09585084312129766
45.909088985063136,0.09585084312129766
45.913221216294914,0.0945378178730607
45.91735344752669,0.09716386836953461
45.92148567875847,0.09716386836953461
45.92561790999025,0.0945378178730607
45.92975014122203,0.0945378178730607
45.93388237245381,0.09585084312129766
45.93801460368559,0.09585084312129766
45.94214683491737,0.09585084312129766
45.946279066149145,0.09585084312129766
45.950411297380924,0.0945378178730607
45.9545435286127,0.09585084312129766
45.95867575984448,0.09716386836953461
45.96280799107626,0.09585084312129766
45.96694022230804,0.09585084312129766
45.97107245353982,0.09585084312129766
45.9752046847716,0.0945378178730607
45.979336916003376,0.09585084312129766
45.983469147235155,0.09585084312129766
45.987601378466934,0.0945378178730607
45.99173360969871,0.0945378178730607
45.99586584093049,0.0945378178730607
45.99999807216227,0.09585084312129766
46.00413030339405,0.09716386836953461
46.00826253462583,0.09585084312129766
46.01239476585761,0.09585084312129766
46.016526997089386,0.09585084312129766
46.020659228321165,0.09322479262482375
46.024791459552944,0.09585084312129766
46.02892369078472,0.09585084312129766
46.0330559220165,0.09585084312129766
46.03718815324828,0.0945378178730607
46.04132038448006,0.0945378178730607
46.04545261571184,0.09585084312129766
46.04958484694362,0.09716386836953461
46.053717078175396,0.09716386836953461
46.057849309407175,0.09585084312129766
46.06198154063895,0.0945378178730607
46.06611377187073,0.0945378178730607
46.07024600310251,0.0945378178730607
46.07437823433429,0.09585084312129766
46.07851046556607,0.0945378178730607
46.08264269679785,0.09585084312129766
46.08677492802963,0.09716386836953461
46.090907159261405,0.09716386836953461
46.095039390493184,0.09585084312129766
46.09917162172496,0.09585084312129766
46.10330385295674,0.09585084312129766
46.10743608418852,0.09716386836953461
46.1115683154203,0.09585084312129766
46.11570054665208,0.09716386836953461
46.11983277788386,0.09322479262482375
46.123965009115636,0.09585084312129766
46.128097240347415,0.09716386836953461
46.132229471579194,0.09585084312129766
46.13636170281097,0.09585084312129766
46.14049393404275,0.09716386836953461
46.14462616527453,0.09585084312129766
46.14875839650631,0.09585084312129766
46.15289062773809,0.0945378178730607
46.15702285896987,0.09585084312129766
46.161155090201646,0.09585084312129766
46.165287321433425,0.0945378178730607
46.169419552665204,0.0945378178730607
46.17355178389698,0.09716386836953461
46.17768401512876,0.09585084312129766
46.18181624636054,0.09585084312129766
46.18594847759232,0.09585084312129766
46.1900807088241,0.09716386836953461
46.19421294005588,0.09585084312129766
46.198345171287656,0.09585084312129766
46.202477402519435,0.09585084312129766
46.20660963375121,0.0945378178730607
46.21074186498299,0.0945378178730607
46.21487409621477,0.0945378178730607
46.21900632744655,0.09585084312129766
46.22313855867833,0.09585084312129766
46.22727078991011,0.09585084312129766
46.23140302114189,0.09585084312129766
46.235535252373666,0.09585084312129766
46.239667483605444,0.09585084312129766
46.24379971483722,0.0945378178730607
46.247931946069,0.09585084312129766
46.25206417730078,0.09585084312129766
46.25619640853256,0.0945378178730607
46.26032863976434,0.09585084312129766
46.26446087099612,0.0945378178730607
46.2685931022279,0.0945378178730607
46.272725333459675,0.0945378178730607
46.276857564691454,0.09585084312129766
46.28098979592323,0.09585084312129766
46.28512202715501,0.0945378178730607
46.28925425838679,0.09322479262482375
46.29338648961857,0.09322479262482375
46.29751872085035,0.0945378178730607
46.30165095208213,0.09585084312129766
46.305783183313906,0.09585084312129766
46.309915414545685,0.0945378178730607
46.314047645777464,0.09585084312129766
46.31817987700924,0.09585084312129766
46.32231210824102,0.0945378178730607
46.3264443394728,0.09585084312129766
46.33057657070458,0.0945378178730607
46.33470880193636,0.09716386836953461
46.33884103316814,0.0945378178730607
46.342973264399916,0.0945378178730607
46.347105495631695,0.09322479262482375
46.351237726863474,0.09322479262482375
46.35536995809525,0.0945378178730607
46.35950218932703,0.09585084312129766
46.36363442055881,0.0945378178730607
46.36776665179059,0.0945378178730607
46.37189888302237,0.0945378178730607
46.37603111425415,0.09585084312129766
46.380163345485926,0.0945378178730607
46.384295576717705,0.0945378178730607
46.38842780794948,0.09716386836953461
46.39256003918126,0.09585084312129766
46.39669227041304,0.0945378178730607
46.40082450164482,0.0945378178730607
46.4049567328766,0.09585084312129766
46.40908896410838,0.09585084312129766
46.41322119534016,0.09322479262482375
46.417353426571935,0.09585084312129766
46.421485657803714,0.09585084312129766
46.42561788903549,0.0945378178730607
46.42975012026727,0.09585084312129766
46.43388235149905,0.0945378178730607
46.43801458273083,0.09585084312129766
46.44214681396261,0.0945378178730607
46.44627904519439,0.0945378178730607
46.450411276426166,0.0945378178730607
46.454543507657945,0.09585084312129766
46.458675738889724,0.0945378178730607
46.4628079701215,0.09585084312129766
46.46694020135328,0.09585084312129766
46.47107243258506,0.0945378178730607
46.47520466381684,0.09322479262482375
46.47933689504862,0.09585084312129766
46.4834691262804,0.09322479262482375
46.487601357512176,0.09585084312129766
46.491733588743955,0.0945378178730607
46.495865819975734,0.09585084312129766
46.49999805120751,0.09585084312129766
46.50413028243929,0.0945378178730607
46.50826251367107,0.0945378178730607
46.51239474490285,0.0945378178730607
46.51652697613463,0.0945378178730607
46.52065920736641,0.0945378178730607
46.524791438598186,0.09585084312129766
46.528923669829965,0.0945378178730607
46.53305590106174,0.09585084312129766
46.53718813229352,0.09585084312129766
46.5413203635253,0.09716386836953461
46.54545259475708,0.09322479262482375
46.54958482598886,0.0945378178730607
46.55371705722064,0.0945378178730607
46.55784928845242,0.09585084312129766
46.561981519684196,0.09585084312129766
46.566113750915974,0.09585084312129766
46.57024598214775,0.0945378178730607
46.57437821337953,0.0945378178730607
46.57851044461131,0.0945378178730607
46.58264267584309,0.0945378178730607
46.58677490707487,0.0945378178730607
46.59090713830665,0.09585084312129766
46.595039369538426,0.09322479262482375
46.599171600770205,0.0945378178730607
46.603303832001984,0.09585084312129766
46.60743606323376,0.09585084312129766
46.61156829446554,0.09585084312129766
46.61570052569732,0.09585084312129766
46.6198327569291,0.0945378178730607
46.62396498816088,0.09322479262482375
46.62809721939266,0.09322479262482375
46.632229450624436,0.0945378178730607
46.636361681856215,0.0945378178730607
46.640493913087994,0.09585084312129766
46.64462614431977,0.0945378178730607
46.64875837555155,0.0945378178730607
46.65289060678333,0.09716386836953461
46.65702283801511,0.0945378178730607
46.66115506924689,0.09585084312129766
46.66528730047867,0.09585084312129766
46.669419531710446,0.09585084312129766
46.673551762942225,0.0945378178730607
46.677683994174004,0.09585084312129766
46.68181622540578,0.0945378178730607
46.68594845663756,0.09585084312129766
46.69008068786934,0.09585084312129766
46.69421291910112,0.0945378178730607
46.6983451503329,0.0945378178730607
46.70247738156468,0.09322479262482375
46.706609612796456,0.09322479262482375
46.710741844028234,0.0945378178730607
46.71487407526001,0.0945378178730607
46.71900630649179,0.09585084312129766
46.72313853772357,0.09585084312129766
46.72727076895535,0.0945378178730607
46.73140300018713,0.09585084312129766
46.73553523141891,0.09585084312129766
46.73966746265069,0.09716386836953461
46.743799693882465,0.09585084312129766
46.747931925114244,0.0945378178730607
46.75206415634602,0.0919117673765868
46.7561963875778,0.0945378178730607
46.76032861880958,0.0945378178730607
46.76446085004136,0.0945378178730607
46.76859308127314,0.0945378178730607
46.77272531250492,0.09585084312129766
46.776857543736696,0.0945378178730607
46.780989774968475,0.09585084312129766
46.785122006200254,0.09585084312129766
46.78925423743203,0.09585084312129766
46.79338646866381,0.0945378178730607
46.79751869989559,0.09585084312129766
46.80165093112737,0.09585084312129766
46.80578316235915,0.0945378178730607
46.80991539359093,0.09716386836953461
46.814047624822706,0.09322479262482375
46.818179856054485,0.0945378178730607
46.822312087286264,0.0945378178730607
46.82644431851804,0.0945378178730607
46.83057654974982,0.09585084312129766
46.8347087809816,0.09585084312129766
46.83884101221338,0.09322479262482375
46.84297324344516,0.0945378178730607
46.84710547467694,0.09322479262482375
46.851237705908716,0.0945378178730607
46.855369937140495,0.09322479262482375
46.85950216837227,0.0945378178730607
46.86363439960405,0.0945378178730607
46.86776663083583,0.0945378178730607
46.87189886206761,0.0945378178730607
46.87603109329939,0.0945378178730607
46.88016332453117,0.09585084312129766
46.88429555576295,0.0945378178730607
46.888427786994725,0.0945378178730607
46.892560018226504,0.0945378178730607
46.89669224945828,0.0945378178730607
46.90082448069006,0.0945378178730607
46.90495671192184,0.0945378178730607
46.90908894315362,0.0945378178730607
46.9132211743854,0.0945378178730607
46.91735340561718,0.0945378178730607
46.921485636848956,0.0945378178730607
46.925617868080735,0.0945378178730607
46.929750099312514,0.0945378178730607
46.93388233054429,0.0945378178730607
46.93801456177607,0.09322479262482375
46.94214679300785,0.09585084312129766
46.94627902423963,0.09585084312129766
46.95041125547141,0.09585084312129766
46.95454348670319,0.09585084312129766
46.958675717934966,0.0945378178730607
46.962807949166745,0.09322479262482375
46.966940180398524,0.09322479262482375
46.9710724116303,0.0945378178730607
46.97520464286208,0.09585084312129766
46.97933687409386,0.0945378178730607
46.98346910532564,0.09585084312129766
46.98760133655742,0.0945378178730607
46.9917335677892,0.0945378178730607
46.995865799020976,0.09322479262482375
46.999998030252755,0.09322479262482375
47.00413026148453,0.09585084312129766
47.00826249271631,0.09322479262482375
47.01239472394809,0.09585084312129766
47.01652695517987,0.09585084312129766
47.02065918641165,0.09585084312129766
47.02479141764343,0.09585084312129766
47.02892364887521,0.0945378178730607
47.033055880106986,0.0945378178730607
47.037188111338764,0.09322479262482375
47.04132034257054,0.0945378178730607
47.04545257380232,0.0945378178730607
47.0495848050341,0.09585084312129766
47.05371703626588,0.09585084312129766
47.05784926749766,0.0945378178730607
47.06198149872944,0.0945378178730607
47.06611372996122,0.0945378178730607
47.070245961192995,0.0945378178730607
47.074378192424774,0.09585084312129766
47.07851042365655,0.0945378178730607
47.08264265488833,0.09585084312129766
47.08677488612011,0.09585084312129766
47.09090711735189,0.0945378178730607
47.09503934858367,0.0945378178730607
47.09917157981545,0.09322479262482375
47.103303811047226,0.0945378178730607
47.107436042279005,0.09322479262482375
47.111568273510784,0.0945378178730607
47.11570050474256,0.0945378178730607
47.11983273597434,0.09585084312129766
47.12396496720612,0.09585084312129766
47.1280971984379,0.0945378178730607
47.13222942966968,0.09585084312129766
47.13636166090146,0.0945378178730607
47.140493892133236,0.09585084312129766
47.144626123365015,0.09585084312129766
47.148758354596794,0.0945378178730607
47.15289058582857,0.09585084312129766
47.15702281706035,0.09585084312129766
47.16115504829213,0.0945378178730607
47.16528727952391,0.09585084312129766
47.16941951075569,0.0945378178730607
47.17355174198747,0.09322479262482375
47.177683973219246,0.09585084312129766
47.181816204451025,0.0945378178730607
47.1859484356828,0.09585084312129766
47.19008066691458,0.0945378178730607
47.19421289814636,0.09585084312129766
47.19834512937814,0.09585084312129766
47.20247736060992,0.0945378178730607
47.2066095918417,0.0945378178730607
47.21074182307348,0.0945378178730607
47.214874054305255,0.09716386836953461
47.219006285537034,0.09716386836953461
47.22313851676881,0.09585084312129766
47.22727074800059,0.09585084312129766
47.23140297923237,0.09585084312129766
47.23553521046415,0.0945378178730607
47.23966744169593,0.09585084312129766
47.24379967292771,0.0945378178730607
47.247931904159486,0.0945378178730607
47.252064135391265,0.0945378178730607
47.256196366623044,0.09585084312129766
47.26032859785482,0.09716386836953461
47.2644608290866,0.09585084312129766
47.26859306031838,0.0945378178730607
47.27272529155016,0.0945378178730607
47.27685752278194,0.0945378178730607
47.28098975401372,0.0945378178730607
47.285121985245496,0.0945378178730607
47.289254216477275,0.09716386836953461
47.293386447709054,0.09716386836953461
47.29751867894083,0.09585084312129766
47.30165091017261,0.09585084312129766
47.30578314140439,0.09585084312129766
47.30991537263617,0.09585084312129766
47.31404760386795,0.09585084312129766
47.31817983509973,0.0945378178730607
47.322312066331506,0.09585084312129766
47.326444297563285,0.09585084312129766
47.33057652879506,0.0945378178730607
47.33470876002684,0.09585084312129766
47.33884099125862,0.09716386836953461
47.3429732224904,0.09585084312129766
47.34710545372218,0.09585084312129766
47.35123768495396,0.0945378178730607
47.35536991618574,0.09585084312129766
47.359502147417516,0.09585084312129766
47.363634378649294,0.09716386836953461
47.36776660988107,0.09585084312129766
47.37189884111285,0.09585084312129766
47.37603107234463,0.09585084312129766
47.38016330357641,0.0945378178730607
47.38429553480819,0.09585084312129766
47.38842776603997,0.09585084312129766
47.392559997271746,0.09716386836953461
47.396692228503525,0.09585084312129766
47.400824459735304,0.09585084312129766
47.40495669096708,0.09585084312129766
47.40908892219886,0.09585084312129766
47.41322115343064,0.09585084312129766
47.41735338466242,0.09585084312129766
47.4214856158942,0.09585084312129766
47.42561784712598,0.09585084312129766
47.429750078357756,0.09716386836953461
47.433882309589535,0.09716386836953461
47.438014540821314,0.09716386836953461
47.44214677205309,0.09585084312129766
47.44627900328487,0.09585084312129766
47.45041123451665,0.09585084312129766
47.45454346574843,0.09585084312129766
47.45867569698021,0.09585084312129766
47.46280792821199,0.09585084312129766
47.466940159443766,0.09585084312129766
47.471072390675545,0.09716386836953461
47.475204621907324,0.09585084312129766
47.4793368531391,0.0945378178730607
47.48346908437088,0.09585084312129766
47.48760131560266,0.0945378178730607
47.49173354683444,0.0945378178730607
47.49586577806622,0.09585084312129766
47.499998009298,0.0945378178730607
47.504130240529776,0.09716386836953461
47.508262471761554,0.09716386836953461
47.51239470299333,0.0945378178730607
47.51652693422511,0.09585084312129766
47.52065916545689,0.0945378178730607
47.52479139668867,0.0945378178730607
47.52892362792045,0.09585084312129766
47.53305585915223,0.0945378178730607
47.53718809038401,0.09585084312129766
47.541320321615785,0.09585084312129766
47.545452552847564,0.09585084312129766
47.54958478407934,0.09585084312129766
47.55371701531112,0.09585084312129766
47.5578492465429,0.09716386836953461
47.56198147777468,0.09585084312129766
47.56611370900646,0.09716386836953461
47.57024594023824,0.09585084312129766
47.574378171470016,0.0945378178730607
47.578510402701795,0.09585084312129766
47.582642633933574,0.0945378178730607
47.58677486516535,0.0945378178730607
47.59090709639713,0.0945378178730607
47.59503932762891,0.09585084312129766
47.59917155886069,0.0945378178730607
47.60330379009247,0.09585084312129766
47.60743602132425,0.09716386836953461
47.611568252556026,0.09585084312129766
47.615700483787805,0.09716386836953461
47.619832715019584,0.09585084312129766
47.62396494625136,0.09585084312129766
47.62809717748314,0.09585084312129766
47.63222940871492,0.09716386836953461
47.6363616399467,0.0945378178730607
47.64049387117848,0.09716386836953461
47.64462610241026,0.09716386836953461
47.648758333642036,0.0945378178730607
47.652890564873815,0.09585084312129766
47.65702279610559,0.09322479262482375
47.66115502733737,0.09585084312129766
47.66528725856915,0.09585084312129766
47.66941948980093,0.09585084312129766
47.67355172103271,0.09847689361777157
47.67768395226449,0.09716386836953461
47.68181618349627,0.09585084312129766
47.685948414728045,0.09585084312129766
47.690080645959824,0.09585084312129766
47.6942128771916,0.09585084312129766
47.69834510842338,0.09585084312129766
47.70247733965516,0.09585084312129766
47.70660957088694,0.0945378178730607
47.71074180211872,0.09716386836953461
47.7148740333505,0.09585084312129766
47.719006264582276,0.09716386836953461
47.723138495814055,0.09716386836953461
47.727270727045834,0.09585084312129766
47.73140295827761,0.09322479262482375
47.73553518950939,0.09585084312129766
47.73966742074117,0.09716386836953461
47.74379965197295,0.09585084312129766
47.74793188320473,0.09716386836953461
47.75206411443651,0.09585084312129766
47.756196345668286,0.09585084312129766
47.760328576900065,0.09585084312129766
47.764460808131844,0.09585084312129766
47.76859303936362,0.0945378178730607
47.7727252705954,0.09585084312129766
47.77685750182718,0.09716386836953461
47.78098973305896,0.09585084312129766
47.78512196429074,0.09585084312129766
47.78925419552252,0.09585084312129766
47.793386426754296,0.09585084312129766
47.797518657986075,0.0945378178730607
47.80165088921785,0.09585084312129766
47.80578312044963,0.0945378178730607
47.80991535168141,0.0945378178730607
47.81404758291319,0.09585084312129766
47.81817981414497,0.09716386836953461
47.82231204537675,0.09716386836953461
47.82644427660853,0.09585084312129766
47.830576507840306,0.09716386836953461
47.834708739072084,0.09585084312129766
47.83884097030386,0.0945378178730607
47.84297320153564,0.09585084312129766
47.84710543276742,0.09716386836953461
47.8512376639992,0.0945378178730607
47.85536989523098,0.0945378178730607
47.85950212646276,0.09585084312129766
47.86363435769454,0.0945378178730607
47.867766588926315,0.0945378178730607
47.871898820158094,0.09585084312129766
47.87603105138987,0.09585084312129766
47.88016328262165,0.0945378178730607
47.88429551385343,0.09585084312129766
47.88842774508521,0.09585084312129766
47.89255997631699,0.09585084312129766
47.89669220754877,0.09716386836953461
47.900824438780546,0.0945378178730607
47.904956670012325,0.09585084312129766
47.909088901244104,0.09585084312129766
47.91322113247588,0.09585084312129766
47.91735336370766,0.09585084312129766
47.92148559493944,0.0945378178730607
47.92561782617122,0.09585084312129766
47.929750057403,0.09585084312129766
47.93388228863478,0.09585084312129766
47.938014519866556,0.09585084312129766
47.942146751098335,0.09585084312129766
47.946278982330114,0.09716386836953461
47.95041121356189,0.09585084312129766
47.95454344479367,0.0945378178730607
47.95867567602545,0.09585084312129766
47.96280790725723,0.09716386836953461
47.96694013848901,0.09585084312129766
47.97107236972079,0.09585084312129766
47.975204600952566,0.09322479262482375
47.979336832184345,0.09322479262482375
47.98346906341612,0.09585084312129766
47.9876012946479,0.09716386836953461
47.99173352587968,0.09716386836953461
47.99586575711146,0.09585084312129766
47.99999798834324,0.09585084312129766
48.00413021957502,0.0945378178730607
48.0082624508068,0.0945378178730607
48.012394682038575,0.0945378178730607
48.016526913270354,0.0945378178730607
48.02065914450213,0.0945378178730607
48.02479137573391,0.09585084312129766
48.02892360696569,0.09716386836953461
48.03305583819747,0.09716386836953461
48.03718806942925,0.09585084312129766
48.04132030066103,0.09585084312129766
48.045452531892806,0.09585084312129766
48.049584763124585,0.09585084312129766
48.053716994356364,0.09716386836953461
48.05784922558814,0.09716386836953461
48.06198145681992,0.09716386836953461
48.0661136880517,0.0945378178730607
48.07024591928348,0.0945378178730607
48.07437815051526,0.09585084312129766
48.07851038174704,0.09585084312129766
48.082642612978816,0.09585084312129766
48.086774844210595,0.09716386836953461
48.090907075442374,0.09585084312129766
48.09503930667415,0.09585084312129766
48.09917153790593,0.09585084312129766
48.10330376913771,0.09716386836953461
48.10743600036949,0.09716386836953461
48.11156823160127,0.09585084312129766
48.11570046283305,0.09585084312129766
48.119832694064826,0.09585084312129766
48.123964925296605,0.0945378178730607
48.12809715652838,0.09585084312129766
48.13222938776016,0.09585084312129766
48.13636161899194,0.09716386836953461
48.14049385022372,0.09585084312129766
48.1446260814555,0.0945378178730607
48.14875831268728,0.09322479262482375
48.15289054391906,0.0945378178730607
48.157022775150836,0.09585084312129766
48.161155006382614,0.09585084312129766
48.16528723761439,0.0945378178730607
48.16941946884617,0.09585084312129766
48.17355170007795,0.09585084312129766
48.17768393130973,0.09585084312129766
48.18181616254151,0.09585084312129766
48.18594839377329,0.09585084312129766
48.190080625005066,0.09585084312129766
48.194212856236845,0.09585084312129766
48.198345087468624,0.09716386836953461
48.2024773187004,0.09585084312129766
48.20660954993218,0.0945378178730607
48.21074178116396,0.09322479262482375
48.21487401239574,0.0945378178730607
48.21900624362752,0.09585084312129766
48.2231384748593,0.0945378178730607
48.227270706091076,0.0945378178730607
48.231402937322855,0.09322479262482375
48.235535168554634,0.0945378178730607
48.23966739978641,0.09585084312129766
48.24379963101819,0.09585084312129766
48.24793186224997,0.09585084312129766
48.25206409348175,0.09585084312129766
48.25619632471353,0.09585084312129766
48.26032855594531,0.09585084312129766
48.264460787177086,0.09585084312129766
48.268593018408865,0.09585084312129766
48.272725249640644,0.09585084312129766
48.27685748087242,0.09716386836953461
48.2809897121042,0.09585084312129766
48.28512194333598,0.0945378178730607
48.28925417456776,0.0945378178730607
48.29338640579954,0.0945378178730607
48.29751863703132,0.09716386836953461
48.301650868263096,0.09585084312129766
48.305783099494874,0.09716386836953461
48.30991533072665,0.09585084312129766
48.31404756195843,0.09585084312129766
48.31817979319021,0.09585084312129766
48.32231202442199,0.09585084312129766
48.32644425565377,0.09585084312129766
48.33057648688555,0.09585084312129766
48.33470871811733,0.09585084312129766
48.338840949349105,0.0945378178730607
48.342973180580884,0.0945378178730607
48.34710541181266,0.09322479262482375
48.35123764304444,0.09585084312129766
48.35536987427622,0.0945378178730607
48.359502105508,0.0945378178730607
48.36363433673978,0.0945378178730607
48.36776656797156,0.0945378178730607
48.371898799203336,0.09585084312129766
48.376031030435115,0.0945378178730607
48.380163261666894,0.09585084312129766
48.38429549289867,0.0945378178730607
48.38842772413045,0.09585084312129766
48.39255995536223,0.0945378178730607
48.39669218659401,0.0945378178730607
48.40082441782579,0.09585084312129766
48.40495664905757,0.0945378178730607
48.409088880289346,0.0945378178730607
48.413221111521125,0.09716386836953461
48.417353342752904,0.0945378178730607
48.42148557398468,0.0945378178730607
48.42561780521646,0.0945378178730607
48.42975003644824,0.0945378178730607
48.43388226768002,0.09322479262482375
48.4380144989118,0.0945378178730607
48.44214673014358,0.09585084312129766
48.446278961375356,0.09585084312129766
48.450411192607135,0.0945378178730607
48.45454342383891,0.09585084312129766
48.45867565507069,0.09585084312129766
48.46280788630247,0.0945378178730607
48.46694011753425,0.0945378178730607
48.47107234876603,0.09322479262482375
48.47520457999781,0.09322479262482375
48.47933681122959,0.09322479262482375
48.483469042461365,0.0945378178730607
48.487601273693144,0.09322479262482375
48.49173350492492,0.0945378178730607
48.4958657361567,0.0945378178730607
48.49999796738848,0.0945378178730607
48.50413019862026,0.0945378178730607
48.50826242985204,0.0945378178730607
48.51239466108382,0.09585084312129766
48.516526892315596,0.09585084312129766
48.520659123547375,0.09585084312129766
48.524791354779154,0.0945378178730607
48.52892358601093,0.0945378178730607
48.53305581724271,0.09322479262482375
48.53718804847449,0.09585084312129766
48.54132027970627,0.09322479262482375
48.54545251093805,0.0945378178730607
48.54958474216983,0.0945378178730607
48.553716973401606,0.0945378178730607
48.557849204633385,0.09322479262482375
48.561981435865164,0.09585084312129766
48.56611366709694,0.09585084312129766
48.57024589832872,0.09322479262482375
48.5743781295605,0.09585084312129766
48.57851036079228,0.09585084312129766
48.58264259202406,0.09322479262482375
48.58677482325584,0.09585084312129766
48.590907054487616,0.09716386836953461
48.595039285719395,0.0945378178730607
48.59917151695117,0.0945378178730607
48.60330374818295,0.0945378178730607
48.60743597941473,0.0945378178730607
48.61156821064651,0.0945378178730607
48.61570044187829,0.09585084312129766
48.61983267311007,0.09585084312129766
48.62396490434185,0.0945378178730607
48.628097135573626,0.09585084312129766
48.632229366805404,0.09322479262482375
48.63636159803718,0.09585084312129766
48.64049382926896,0.09322479262482375
48.64462606050074,0.0945378178730607
48.64875829173252,0.0945378178730607
48.6528905229643,0.09322479262482375
48.65702275419608,0.09585084312129766
48.661154985427856,0.09716386836953461
48.665287216659635,0.09585084312129766
48.669419447891414,0.0945378178730607
48.67355167912319,0.0945378178730607
48.67768391035497,0.0945378178730607
48.68181614158675,0.0945378178730607
48.68594837281853,0.09322479262482375
48.69008060405031,0.09585084312129766
48.69421283528209,0.09585084312129766
48.698345066513866,0.0945378178730607
48.702477297745645,0.0945378178730607
48.706609528977424,0.0945378178730607
48.7107417602092,0.0945378178730607
48.71487399144098,0.0945378178730607
48.71900622267276,0.09585084312129766
48.72313845390454,0.0945378178730607
48.72727068513632,0.09585084312129766
48.7314029163681,0.09585084312129766
48.735535147599876,0.09585084312129766
48.739667378831655,0.0945378178730607
48.743799610063434,0.09585084312129766
48.74793184129521,0.09585084312129766
48.75206407252699,0.09322479262482375
48.75619630375877,0.09585084312129766
48.76032853499055,0.09585084312129766
48.76446076622233,0.0945378178730607
48.76859299745411,0.0945378178730607
48.772725228685886,0.09322479262482375
48.776857459917665,0.09585084312129766
48.78098969114944,0.0945378178730607
48.78512192238122,0.0945378178730607
48.789254153613,0.09585084312129766
48.79338638484478,0.09585084312129766
48.79751861607656,0.0945378178730607
48.80165084730834,0.09585084312129766
48.80578307854012,0.0945378178730607
48.809915309771895,0.0945378178730607
48.814047541003674,0.09322479262482375
48.81817977223545,0.0945378178730607
48.82231200346723,0.09585084312129766
48.82644423469901,0.09585084312129766
48.83057646593079,0.09716386836953461
48.83470869716257,0.09585084312129766
48.83884092839435,0.0945378178730607
48.842973159626126,0.09322479262482375
48.847105390857905,0.09322479262482375
48.851237622089684,0.0945378178730607
48.85536985332146,0.09322479262482375
48.85950208455324,0.0945378178730607
48.86363431578502,0.0945378178730607
48.8677665470168,0.0945378178730607
48.87189877824858,0.0945378178730607
48.87603100948036,0.09585084312129766
48.880163240712136,0.09585084312129766
48.884295471943915,0.09585084312129766
48.888427703175694,0.0945378178730607
48.89255993440747,0.0945378178730607
48.89669216563925,0.09585084312129766
48.90082439687103,0.09585084312129766
48.90495662810281,0.09585084312129766
48.90908885933459,0.0945378178730607
48.91322109056637,0.0945378178730607
48.917353321798146,0.0945378178730607
48.921485553029925,0.09585084312129766
48.9256177842617,0.09585084312129766
48.92975001549348,0.09585084312129766
48.93388224672526,0.09716386836953461
48.93801447795704,0.09716386836953461
48.94214670918882,0.0945378178730607
48.9462789404206,0.0945378178730607
48.95041117165238,0.09322479262482375
48.954543402884156,0.09322479262482375
48.958675634115934,0.0945378178730607
48.96280786534771,0.09585084312129766
48.96694009657949,0.09716386836953461
48.97107232781127,0.09716386836953461
48.97520455904305,0.0945378178730607
48.97933679027483,0.0945378178730607
48.98346902150661,0.09322479262482375
48.987601252738386,0.09585084312129766
48.991733483970165,0.09716386836953461
48.995865715201944,0.09585084312129766
48.99999794643372,0.09716386836953461
49.0041301776655,0.09585084312129766
49.00826240889728,0.0945378178730607
49.01239464012906,0.0945378178730607
49.01652687136084,0.09585084312129766
49.02065910259262,0.0945378178730607
49.024791333824396,0.0945378178730607
49.028923565056175,0.09585084312129766
49.033055796287954,0.09322479262482375
49.03718802751973,0.09585084312129766
49.04132025875151,0.09585084312129766
49.04545248998329,0.0945378178730607
49.04958472121507,0.09585084312129766
49.05371695244685,0.09322479262482375
49.05784918367863,0.0945378178730607
49.061981414910406,0.09585084312129766
49.066113646142185,0.09585084312129766
49.070245877373964,0.09585084312129766
49.07437810860574,0.09585084312129766
49.07851033983752,0.09585084312129766
49.0826425710693,0.0945378178730607
49.08677480230108,0.0945378178730607
49.09090703353286,0.09322479262482375
49.09503926476464,0.0945378178730607
49.099171495996416,0.09322479262482375
49.103303727228194,0.09716386836953461
49.10743595845997,0.09847689361777157
49.11156818969175,0.09716386836953461
49.11570042092353,0.0945378178730607
49.11983265215531,0.0945378178730607
49.12396488338709,0.0945378178730607
49.12809711461887,0.0945378178730607
49.13222934585065,0.09585084312129766
49.136361577082425,0.09585084312129766
49.140493808314204,0.09716386836953461
49.14462603954598,0.09716386836953461
49.14875827077776,0.09585084312129766
49.15289050200954,0.09322479262482375
49.15702273324132,0.09322479262482375
49.1611549644731,0.09322479262482375
49.16528719570488,0.0945378178730607
49.169419426936656,0.09585084312129766
49.173551658168435,0.0945378178730607
49.177683889400214,0.0945378178730607
49.18181612063199,0.0945378178730607
49.18594835186377,0.0945378178730607
49.19008058309555,0.0945378178730607
49.19421281432733,0.0945378178730607
49.19834504555911,0.09322479262482375
49.20247727679089,0.0945378178730607
49.206609508022666,0.09716386836953461
49.210741739254445,0.09585084312129766
49.214873970486224,0.0945378178730607
49.219006201718,0.0945378178730607
49.22313843294978,0.0945378178730607
49.22727066418156,0.09585084312129766
49.23140289541334,0.0945378178730607
49.23553512664512,0.0945378178730607
49.2396673578769,0.09322479262482375
49.243799589108676,0.09716386836953461
49.247931820340455,0.0945378178730607
49.25206405157223,0.0945378178730607
49.25619628280401,0.09585084312129766
49.26032851403579,0.09322479262482375
49.26446074526757,0.0945378178730607
49.26859297649935,0.0945378178730607
49.27272520773113,0.09585084312129766
49.27685743896291,0.09716386836953461
49.280989670194685,0.09716386836953461
49.285121901426464,0.0945378178730607
49.28925413265824,0.09322479262482375
49.29338636389002,0.09585084312129766
49.2975185951218,0.0945378178730607
49.30165082635358,0.09322479262482375
49.30578305758536,0.09585084312129766
49.30991528881714,0.0945378178730607
49.314047520048916,0.0945378178730607
49.318179751280695,0.09322479262482375
49.322311982512474,0.0945378178730607
49.32644421374425,0.09585084312129766
49.33057644497603,0.09322479262482375
49.33470867620781,0.0945378178730607
49.33884090743959,0.0945378178730607
49.34297313867137,0.09585084312129766
49.34710536990315,0.09585084312129766
49.351237601134926,0.09585084312129766
49.355369832366705,0.0945378178730607
49.359502063598484,0.0945378178730607
49.36363429483026,0.0945378178730607
49.36776652606204,0.0945378178730607
49.37189875729382,0.09322479262482375
49.3760309885256,0.0945378178730607
49.38016321975738,0.09322479262482375
49.38429545098916,0.0945378178730607
49.388427682220936,0.0945378178730607
49.392559913452715,0.0945378178730607
49.39669214468449,0.09322479262482375
49.40082437591627,0.09322479262482375
49.40495660714805,0.09585084312129766
49.40908883837983,0.09585084312129766
49.41322106961161,0.09585084312129766
49.41735330084339,0.09585084312129766
49.42148553207517,0.09585084312129766
49.425617763306946,0.09585084312129766
49.429749994538724,0.0945378178730607
49.4338822257705,0.09585084312129766
49.43801445700228,0.0945378178730607
49.44214668823406,0.09585084312129766
49.44627891946584,0.0945378178730607
49.45041115069762,0.09585084312129766
49.4545433819294,0.09322479262482375
49.458675613161176,0.09585084312129766
49.462807844392955,0.0945378178730607
49.466940075624734,0.09585084312129766
49.47107230685651,0.09585084312129766
49.47520453808829,0.09585084312129766
49.47933676932007,0.0945378178730607
49.48346900055185,0.09585084312129766
49.48760123178363,0.09585084312129766
49.49173346301541,0.0945378178730607
49.495865694247186,0.09585084312129766
49.499997925478965,0.09585084312129766
49.504130156710744,0.09322479262482375
49.50826238794252,0.09585084312129766
49.5123946191743,0.0945378178730607
49.51652685040608,0.0945378178730607
49.52065908163786,0.0945378178730607
49.52479131286964,0.0945378178730607
49.52892354410142,0.09585084312129766
49.533055775333196,0.09585084312129766
49.537188006564975,0.0945378178730607
49.541320237796754,0.0945378178730607
49.54545246902853,0.0945378178730607
49.54958470026031,0.09585084312129766
49.55371693149209,0.09585084312129766
49.55784916272387,0.09585084312129766
49.56198139395565,0.09585084312129766
49.56611362518743,0.0945378178730607
49.570245856419206,0.09585084312129766
49.574378087650985,0.0945378178730607
49.57851031888276,0.09585084312129766
49.58264255011454,0.09585084312129766
49.58677478134632,0.09585084312129766
49.5909070125781,0.09322479262482375
49.59503924380988,0.0945378178730607
49.59917147504166,0.0945378178730607
49.60330370627344,0.09585084312129766
49.607435937505215,0.0945378178730607
49.611568168736994,0.0945378178730607
49.61570039996877,0.09585084312129766
49.61983263120055,0.09585084312129766
49.62396486243233,0.09716386836953461
49.62809709366411,0.0945378178730607
49.63222932489589,0.09716386836953461
49.63636155612767,0.09585084312129766
49.640493787359446,0.09585084312129766
49.644626018591225,0.09585084312129766
49.648758249823004,0.0945378178730607
49.65289048105478,0.0945378178730607
49.65702271228656,0.0945378178730607
49.66115494351834,0.0945378178730607
49.66528717475012,0.0945378178730607
49.6694194059819,0.09585084312129766
49.67355163721368,0.09585084312129766
49.677683868445456,0.09585084312129766
49.681816099677235,0.09716386836953461
49.685948330909014,0.09585084312129766
49.69008056214079,0.09585084312129766
49.69421279337257,0.09585084312129766
49.69834502460435,0.0945378178730607
49.70247725583613,0.09716386836953461
49.70660948706791,0.09585084312129766
49.71074171829969,0.09716386836953461
49.714873949531466,0.09585084312129766
49.719006180763245,0.09585084312129766
49.72313841199502,0.09585084312129766
49.7272706432268,0.09585084312129766
49.73140287445858,0.09585084312129766
49.73553510569036,0.0945378178730607
49.73966733692214,0.09585084312129766
49.74379956815392,0.09585084312129766
49.7479317993857,0.09585084312129766
49.752064030617476,0.09585084312129766
49.756196261849254,0.09585084312129766
49.76032849308103,0.09585084312129766
49.76446072431281,0.09585084312129766
49.76859295554459,0.09585084312129766
49.77272518677637,0.09716386836953461
49.77685741800815,0.09585084312129766
49.78098964923993,0.09585084312129766
49.785121880471706,0.0945378178730607
49.789254111703485,0.0945378178730607
49.793386342935264,0.09585084312129766
49.79751857416704,0.0945378178730607
49.80165080539882,0.09585084312129766
49.8057830366306,0.09585084312129766
49.80991526786238,0.09716386836953461
49.81404749909416,0.0945378178730607
49.81817973032594,0.0945378178730607
49.822311961557716,0.09585084312129766
49.826444192789495,0.0945378178730607
49.830576424021274,0.09716386836953461
49.83470865525305,0.09585084312129766
49.83884088648483,0.09585084312129766
49.84297311771661,0.09847689361777157
49.84710534894839,0.09585084312129766
49.85123758018017,0.09585084312129766
49.85536981141195,0.09585084312129766
49.859502042643726,0.09585084312129766
49.863634273875505,0.0945378178730607
49.867766505107284,0.0945378178730607
49.87189873633906,0.0945378178730607
49.87603096757084,0.09585084312129766
49.88016319880262,0.09585084312129766
49.8842954300344,0.09585084312129766
49.88842766126618,0.0945378178730607
49.89255989249796,0.09585084312129766
49.896692123729736,0.09585084312129766
49.900824354961514,0.09716386836953461
49.90495658619329,0.09585084312129766
49.90908881742507,0.09716386836953461
49.91322104865685,0.09585084312129766
49.91735327988863,0.09585084312129766
49.92148551112041,0.09585084312129766
49.92561774235219,0.0945378178730607
49.92974997358397,0.09585084312129766
49.933882204815745,0.09585084312129766
49.938014436047524,0.09716386836953461
49.9421466672793,0.09585084312129766
49.94627889851108,0.0945378178730607
49.95041112974286,0.0945378178730607
49.95454336097464,0.0945378178730607
49.95867559220642,0.0945378178730607
49.9628078234382,0.09716386836953461
49.966940054669976,0.09716386836953461
49.971072285901755,0.09716386836953461
49.975204517133534,0.09716386836953461
49.97933674836531,0.09585084312129766
49.98346897959709,0.09585084312129766
49.98760121082887,0.0945378178730607
49.99173344206065,0.09322479262482375
49.99586567329243,0.09585084312129766
49.99999790452421,0.09585084312129766
50.004130135755986,0.09585084312129766
50.008262366987765,0.09585084312129766
50.012394598219544,0.09585084312129766
50.01652682945132,0.09716386836953461
50.0206590606831,0.09585084312129766
50.02479129191488,0.09585084312129766
50.02892352314666,0.09716386836953461
50.03305575437844,0.0945378178730607
50.03718798561022,0.0945378178730607
50.041320216841996,0.09585084312129766
50.045452448073775,0.09716386836953461
50.04958467930555,0.0945378178730607
50.05371691053733,0.09585084312129766
50.05784914176911,0.0945378178730607
50.06198137300089,0.09585084312129766
50.06611360423267,0.09585084312129766
50.07024583546445,0.09716386836953461
50.07437806669623,0.09585084312129766
50.078510297928005,0.0945378178730607
50.082642529159784,0.0945378178730607
50.08677476039156,0.09585084312129766
50.09090699162334,0.09585084312129766
50.09503922285512,0.0945378178730607
50.0991714540869,0.09585084312129766
50.10330368531868,0.09585084312129766
50.10743591655046,0.09716386836953461
50.111568147782236,0.09716386836953461
50.115700379014015,0.09716386836953461
50.119832610245794,0.09716386836953461
50.12396484147757,0.09585084312129766
50.12809707270935,0.09585084312129766
50.13222930394113,0.0945378178730607
50.13636153517291,0.09585084312129766
50.14049376640469,0.0945378178730607
50.14462599763647,0.0945378178730607
50.148758228868246,0.09585084312129766
50.152890460100025,0.09585084312129766
50.157022691331804,0.09585084312129766
50.16115492256358,0.09585084312129766
50.16528715379536,0.09585084312129766
50.16941938502714,0.09585084312129766
50.17355161625892,0.09585084312129766
50.1776838474907,0.09585084312129766
50.18181607872248,0.09585084312129766
50.185948309954256,0.0945378178730607
50.190080541186035,0.09585084312129766
50.19421277241781,0.0945378178730607
50.19834500364959,0.0945378178730607
50.20247723488137,0.09585084312129766
50.20660946611315,0.0945378178730607
50.21074169734493,0.09585084312129766
50.21487392857671,0.09585084312129766
50.21900615980849,0.09585084312129766
50.223138391040266,0.09585084312129766
50.227270622272044,0.0945378178730607
50.23140285350382,0.0945378178730607
50.2355350847356,0.09716386836953461
50.23966731596738,0.09585084312129766
50.24379954719916,0.0945378178730607
50.24793177843094,0.09585084312129766
50.25206400966272,0.0945378178730607
50.256196240894496,0.09716386836953461
50.260328472126275,0.0945378178730607
50.264460703358054,0.09585084312129766
50.26859293458983,0.09322479262482375
50.27272516582161,0.0945378178730607
50.27685739705339,0.0945378178730607
50.28098962828517,0.09585084312129766
50.28512185951695,0.09716386836953461
50.28925409074873,0.09716386836953461
50.293386321980506,0.09585084312129766
50.297518553212285,0.09585084312129766
50.301650784444064,0.0945378178730607
50.30578301567584,0.09322479262482375
50.30991524690762,0.0945378178730607
50.3140474781394,0.09585084312129766
50.31817970937118,0.09585084312129766
50.32231194060296,0.09585084312129766
50.32644417183474,0.09585084312129766
50.330576403066516,0.09585084312129766
50.334708634298295,0.0945378178730607
50.338840865530074,0.09322479262482375
50.34297309676185,0.0945378178730607
50.34710532799363,0.09585084312129766
50.35123755922541,0.09585084312129766
50.35536979045719,0.0945378178730607
50.35950202168897,0.09585084312129766
50.36363425292075,0.0945378178730607
50.367766484152526,0.09585084312129766
50.371898715384305,0.0945378178730607
50.37603094661608,0.09585084312129766
50.38016317784786,0.09585084312129766
50.38429540907964,0.09585084312129766
50.38842764031142,0.09585084312129766
50.3925598715432,0.09585084312129766
50.39669210277498,0.09585084312129766
50.40082433400676,0.0945378178730607
50.404956565238535,0.09322479262482375
50.409088796470314,0.0945378178730607
50.41322102770209,0.09585084312129766
50.41735325893387,0.09585084312129766
50.42148549016565,0.09716386836953461
50.42561772139743,0.09716386836953461
50.42974995262921,0.09585084312129766
50.43388218386099,0.09585084312129766
50.438014415092766,0.09585084312129766
50.442146646324545,0.0945378178730607
50.446278877556324,0.09585084312129766
50.4504111087881,0.09585084312129766
50.45454334001988,0.09716386836953461
50.45867557125166,0.09585084312129766
50.46280780248344,0.09585084312129766
50.46694003371522,0.09585084312129766
50.471072264947,0.09585084312129766
50.475204496178776,0.09585084312129766
50.479336727410555,0.0945378178730607
50.483468958642334,0.0945378178730607
50.48760118987411,0.0945378178730607
50.49173342110589,0.09585084312129766
50.49586565233767,0.09585084312129766
50.49999788356945,0.0945378178730607
50.50413011480123,0.09585084312129766
50.50826234603301,0.0945378178730607
50.512394577264786,0.09585084312129766
50.516526808496565,0.09585084312129766
50.52065903972834,0.09716386836953461
50.52479127096012,0.0945378178730607
50.5289235021919,0.09716386836953461
50.53305573342368,0.09585084312129766
50.53718796465546,0.09585084312129766
50.54132019588724,0.0945378178730607
50.54545242711902,0.09322479262482375
50.549584658350796,0.0945378178730607
50.553716889582574,0.09585084312129766
50.55784912081435,0.09585084312129766
50.56198135204613,0.09585084312129766
50.56611358327791,0.09585084312129766
50.57024581450969,0.09585084312129766
50.57437804574147,0.09585084312129766
50.57851027697325,0.0945378178730607
50.582642508205026,0.0945378178730607
50.586774739436805,0.09322479262482375
50.590906970668584,0.0945378178730607
50.59503920190036,0.09585084312129766
50.59917143313214,0.0945378178730607
50.60330366436392,0.09322479262482375
50.6074358955957,0.09585084312129766
50.61156812682748,0.09716386836953461
50.61570035805926,0.09585084312129766
50.619832589291036,0.09585084312129766
50.623964820522815,0.09585084312129766
50.628097051754594,0.0945378178730607
50.63222928298637,0.0945378178730607
50.63636151421815,0.09585084312129766
50.64049374544993,0.0945378178730607
50.64462597668171,0.09585084312129766
50.64875820791349,0.09716386836953461
50.65289043914527,0.09716386836953461
50.657022670377046,0.09585084312129766
50.661154901608825,0.09585084312129766
50.665287132840604,0.09716386836953461
50.66941936407238,0.0945378178730607
50.67355159530416,0.09716386836953461
50.67768382653594,0.09716386836953461
50.68181605776772,0.0945378178730607
50.6859482889995,0.09585084312129766
50.69008052023128,0.0945378178730607
50.694212751463056,0.09585084312129766
50.698344982694834,0.09585084312129766
50.70247721392661,0.0945378178730607
50.70660944515839,0.09585084312129766
50.71074167639017,0.09585084312129766
50.71487390762195,0.09585084312129766
50.71900613885373,0.09585084312129766
50.72313837008551,0.09585084312129766
50.72727060131729,0.0945378178730607
50.731402832549065,0.09585084312129766
50.735535063780844,0.0945378178730607
50.73966729501262,0.09585084312129766
50.7437995262444,0.09585084312129766
50.74793175747618,0.09585084312129766
50.75206398870796,0.09585084312129766
50.75619621993974,0.09585084312129766
50.76032845117152,0.0945378178730607
50.764460682403296,0.09585084312129766
50.768592913635075,0.0945378178730607
50.772725144866854,0.0945378178730607
50.77685737609863,0.09716386836953461
50.78098960733041,0.0945378178730607
50.78512183856219,0.09585084312129766
50.78925406979397,0.0945378178730607
50.79338630102575,0.0945378178730607
50.79751853225753,0.09585084312129766
50.801650763489306,0.09585084312129766
50.805782994721085,0.0945378178730607
50.809915225952864,0.0945378178730607
50.81404745718464,0.09716386836953461
50.81817968841642,0.09585084312129766
50.8223119196482,0.09585084312129766
50.82644415087998,0.09585084312129766
50.83057638211176,0.0945378178730607
50.83470861334354,0.0945378178730607
50.838840844575316,0.09322479262482375
50.842973075807095,0.0945378178730607
50.84710530703887,0.09322479262482375
50.85123753827065,0.09716386836953461
50.85536976950243,0.09585084312129766
50.85950200073421,0.09585084312129766
50.86363423196599,0.09585084312129766
50.86776646319777,0.09585084312129766
50.87189869442955,0.0945378178730607
50.876030925661325,0.0945378178730607
50.880163156893104,0.0945378178730607
50.88429538812488,0.09322479262482375
50.88842761935666,0.0945378178730607
50.89255985058844,0.0945378178730607
50.89669208182022,0.0945378178730607
50.900824313052,0.09322479262482375
50.90495654428378,0.0945378178730607
50.909088775515556,0.09585084312129766
50.913221006747335,0.09585084312129766
50.917353237979114,0.09585084312129766
50.92148546921089,0.0945378178730607
50.92561770044267,0.0945378178730607
50.92974993167445,0.0945378178730607
50.93388216290623,0.0945378178730607
50.93801439413801,0.09322479262482375
50.94214662536979,0.09585084312129766
50.946278856601566,0.09585084312129766
50.950411087833345,0.0945378178730607
50.954543319065124,0.09585084312129766
50.9586755502969,0.09585084312129766
50.96280778152868,0.0945378178730607
50.96694001276046,0.0919117673765868
50.97107224399224,0.0945378178730607
50.97520447522402,0.09585084312129766
50.9793367064558,0.0945378178730607
50.983468937687576,0.09585084312129766
50.987601168919355,0.09322479262482375
50.99173340015113,0.0945378178730607
50.99586563138291,0.0945378178730607
50.99999786261469,0.09322479262482375
51.00413009384647,0.0945378178730607
51.00826232507825,0.09585084312129766
51.01239455631003,0.09585084312129766
51.01652678754181,0.0945378178730607
51.020659018773586,0.09322479262482375
51.024791250005364,0.0919117673765868
51.02892348123714,0.09585084312129766
51.03305571246892,0.09585084312129766
51.0371879437007,0.0945378178730607
51.04132017493248,0.0945378178730607
51.04545240616426,0.0945378178730607
51.04958463739604,0.0945378178730607
51.053716868627816,0.0945378178730607
51.057849099859595,0.0945378178730607
51.061981331091374,0.0945378178730607
51.06611356232315,0.09322479262482375
51.07024579355493,0.09716386836953461
51.07437802478671,0.0945378178730607
51.07851025601849,0.0945378178730607
51.08264248725027,0.0945378178730607
51.08677471848205,0.0945378178730607
51.090906949713826,0.09322479262482375
51.095039180945605,0.0945378178730607
51.099171412177384,0.0945378178730607
51.10330364340916,0.0919117673765868
51.10743587464094,0.0945378178730607
51.11156810587272,0.0945378178730607
51.1157003371045,0.0945378178730607
51.11983256833628,0.0945378178730607
51.12396479956806,0.09585084312129766
51.128097030799836,0.0945378178730607
51.132229262031615,0.0945378178730607
51.136361493263394,0.09585084312129766
51.14049372449517,0.09585084312129766
51.14462595572695,0.0945378178730607
51.14875818695873,0.0945378178730607
51.15289041819051,0.09585084312129766
51.15702264942229,0.09585084312129766
51.16115488065407,0.09585084312129766
51.165287111885846,0.0945378178730607
51.169419343117625,0.0945378178730607
51.1735515743494,0.0945378178730607
51.17768380558118,0.09322479262482375
51.18181603681296,0.0945378178730607
51.18594826804474,0.09585084312129766
51.19008049927652,0.09585084312129766
51.1942127305083,0.09585084312129766
51.19834496174008,0.09585084312129766
51.202477192971855,0.09585084312129766
51.206609424203634,0.09716386836953461
51.21074165543541,0.09585084312129766
51.21487388666719,0.09585084312129766
51.21900611789897,0.09585084312129766
51.22313834913075,0.09585084312129766
51.22727058036253,0.09585084312129766
51.23140281159431,0.0945378178730607
51.235535042826086,0.09585084312129766
51.239667274057865,0.0945378178730607
51.243799505289644,0.0945378178730607
51.24793173652142,0.0945378178730607
51.2520639677532,0.09322479262482375
51.25619619898498,0.09585084312129766
51.26032843021676,0.0945378178730607
51.26446066144854,0.0945378178730607
51.26859289268032,0.0945378178730607
51.272725123912096,0.09585084312129766
51.276857355143875,0.0945378178730607
51.280989586375654,0.09585084312129766
51.28512181760743,0.0945378178730607
51.28925404883921,0.0945378178730607
51.29338628007099,0.09585084312129766
51.29751851130277,0.0945378178730607
51.30165074253455,0.09322479262482375
51.30578297376633,0.0945378178730607
51.309915204998106,0.0945378178730607
51.314047436229885,0.0945378178730607
51.31817966746166,0.09322479262482375
51.32231189869344,0.0945378178730607
51.32644412992522,0.09585084312129766
51.330576361157,0.0945378178730607
51.33470859238878,0.0945378178730607
51.33884082362056,0.09716386836953461
51.34297305485234,0.09585084312129766
51.347105286084116,0.0945378178730607
51.351237517315894,0.09585084312129766
51.35536974854767,0.0945378178730607
51.35950197977945,0.0945378178730607
51.36363421101123,0.09585084312129766
51.36776644224301,0.0945378178730607
51.37189867347479,0.09585084312129766
51.37603090470657,0.0945378178730607
51.380163135938346,0.0945378178730607
51.384295367170125,0.09716386836953461
51.388427598401904,0.09585084312129766
51.39255982963368,0.0945378178730607
51.39669206086546,0.09585084312129766
51.40082429209724,0.09716386836953461
51.40495652332902,0.0945378178730607
51.4090887545608,0.0945378178730607
51.41322098579258,0.09322479262482375
51.417353217024356,0.0945378178730607
51.421485448256135,0.09585084312129766
51.425617679487914,0.09585084312129766
51.42974991071969,0.09716386836953461
51.43388214195147,0.0945378178730607
51.43801437318325,0.0945378178730607
51.44214660441503,0.0945378178730607
51.44627883564681,0.0945378178730607
51.45041106687859,0.0945378178730607
51.454543298110366,0.09585084312129766
51.458675529342145,0.0945378178730607
51.462807760573924,0.09322479262482375
51.4669399918057,0.09585084312129766
51.47107222303748,0.0945378178730607
51.47520445426926,0.09585084312129766
51.47933668550104,0.0945378178730607
51.48346891673282,0.0945378178730607
51.4876011479646,0.0945378178730607
51.491733379196376,0.09585084312129766
51.495865610428154,0.09585084312129766
51.49999784165993,0.09585084312129766
51.50413007289171,0.0945378178730607
51.50826230412349,0.09585084312129766
51.51239453535527,0.09585084312129766
51.51652676658705,0.09585084312129766
51.52065899781883,0.09322479262482375
51.52479122905061,0.0945378178730607
51.528923460282385,0.0945378178730607
51.533055691514164,0.0945378178730607
51.53718792274594,0.09585084312129766
51.54132015397772,0.09716386836953461
51.5454523852095,0.09585084312129766
51.54958461644128,0.09585084312129766
51.55371684767306,0.09585084312129766
51.55784907890484,0.0945378178730607
51.561981310136616,0.09585084312129766
51.566113541368395,0.0945378178730607
51.570245772600174,0.09585084312129766
51.57437800383195,0.0945378178730607
51.57851023506373,0.09322479262482375
51.58264246629551,0.09322479262482375
51.58677469752729,0.09585084312129766
51.59090692875907,0.0945378178730607
51.59503915999085,0.0945378178730607
51.599171391222626,0.09585084312129766
51.603303622454405,0.09585084312129766
51.607435853686184,0.09585084312129766
51.61156808491796,0.09585084312129766
51.61570031614974,0.09585084312129766
51.61983254738152,0.09716386836953461
51.6239647786133,0.09585084312129766
51.62809700984508,0.0945378178730607
51.63222924107686,0.09716386836953461
51.636361472308636,0.0945378178730607
51.640493703540415,0.09585084312129766
51.64462593477219,0.09585084312129766
51.64875816600397,0.09716386836953461
51.65289039723575,0.0945378178730607
51.65702262846753,0.0945378178730607
51.66115485969931,0.0945378178730607
51.66528709093109,0.09322479262482375
51.66941932216287,0.09716386836953461
51.673551553394645,0.0945378178730607
51.677683784626424,0.0945378178730607
51.6818160158582,0.0945378178730607
51.68594824708998,0.0945378178730607
51.69008047832176,0.09716386836953461
51.69421270955354,0.09585084312129766
51.69834494078532,0.0945378178730607
51.7024771720171,0.09585084312129766
51.706609403248876,0.0945378178730607
51.710741634480655,0.09716386836953461
51.714873865712434,0.09585084312129766
51.71900609694421,0.0945378178730607
51.72313832817599,0.0945378178730607
51.72727055940777,0.0945378178730607
51.73140279063955,0.09585084312129766
51.73553502187133,0.0945378178730607
51.73966725310311,0.0945378178730607
51.743799484334886,0.0945378178730607
51.747931715566665,0.0945378178730607
51.752063946798444,0.09585084312129766
51.75619617803022,0.09585084312129766
51.760328409262,0.09585084312129766
51.76446064049378,0.09585084312129766
51.76859287172556,0.09585084312129766
51.77272510295734,0.0945378178730607
51.77685733418912,0.09585084312129766
51.780989565420896,0.09585084312129766
51.785121796652675,0.0945378178730607
51.78925402788445,0.09585084312129766
51.79338625911623,0.09716386836953461
51.79751849034801,0.09585084312129766
51.80165072157979,0.09585084312129766
51.80578295281157,0.09585084312129766
51.80991518404335,0.0945378178730607
51.81404741527513,0.0945378178730607
51.818179646506906,0.09585084312129766
51.822311877738684,0.09585084312129766
51.82644410897046,0.0945378178730607
51.83057634020224,0.09716386836953461
51.83470857143402,0.09585084312129766
51.8388408026658,0.0945378178730607
51.84297303389758,0.09585084312129766
51.84710526512936,0.0945378178730607
51.851237496361136,0.0945378178730607
51.855369727592915,0.09585084312129766
51.859501958824694,0.09585084312129766
51.86363419005647,0.0945378178730607
51.86776642128825,0.0945378178730607
51.87189865252003,0.0945378178730607
51.87603088375181,0.09585084312129766
51.88016311498359,0.0945378178730607
51.88429534621537,0.09585084312129766
51.888427577447146,0.0945378178730607
51.892559808678925,0.09585084312129766
51.896692039910704,0.09585084312129766
51.90082427114248,0.09585084312129766
51.90495650237426,0.0945378178730607
51.90908873360604,0.09585084312129766
51.91322096483782,0.0945378178730607
51.9173531960696,0.0945378178730607
51.92148542730138,0.09322479262482375
51.925617658533156,0.09716386836953461
51.929749889764935,0.09585084312129766
51.933882120996714,0.09585084312129766
51.93801435222849,0.0945378178730607
51.94214658346027,0.0945378178730607
51.94627881469205,0.0945378178730607
51.95041104592383,0.09585084312129766
51.95454327715561,0.09585084312129766
51.95867550838739,0.09716386836953461
51.962807739619166,0.09716386836953461
51.966939970850945,0.09847689361777157
51.97107220208272,0.09716386836953461
51.9752044333145,0.0945378178730607
51.97933666454628,0.0945378178730607
51.98346889577806,0.0945378178730607
51.98760112700984,0.0945378178730607
51.99173335824162,0.09322479262482375
51.9958655894734,0.09585084312129766
51.999997820705175,0.09585084312129766
52.004130051936954,0.09585084312129766
52.00826228316873,0.0945378178730607
52.01239451440051,0.09585084312129766
52.01652674563229,0.0945378178730607
52.02065897686407,0.0945378178730607
52.02479120809585,0.09585084312129766
52.02892343932763,0.0945378178730607
52.033055670559406,0.09585084312129766
52.037187901791185,0.09585084312129766
52.041320133022964,0.0945378178730607
52.04545236425474,0.0945378178730607
52.04958459548652,0.0945378178730607
52.0537168267183,0.09585084312129766
52.05784905795008,0.0945378178730607
52.06198128918186,0.09585084312129766
52.06611352041364,0.09585084312129766
52.070245751645416,0.0945378178730607
52.074377982877195,0.09585084312129766
52.078510214108974,0.09585084312129766
52.08264244534075,0.09585084312129766
52.08677467657253,0.09322479262482375
52.09090690780431,0.09716386836953461
52.09503913903609,0.09585084312129766
52.09917137026787,0.09322479262482375
52.10330360149965,0.0945378178730607
52.107435832731426,0.0945378178730607
52.111568063963205,0.09585084312129766
52.11570029519498,0.09585084312129766
52.11983252642676,0.09585084312129766
52.12396475765854,0.0945378178730607
52.12809698889032,0.0945378178730607
52.1322292201221,0.0945378178730607
52.13636145135388,0.09585084312129766
52.14049368258566,0.0945378178730607
52.144625913817436,0.09322479262482375
52.148758145049214,0.0945378178730607
52.15289037628099,0.09322479262482375
52.15702260751277,0.0945378178730607
52.16115483874455,0.0945378178730607
52.16528706997633,0.0945378178730607
52.16941930120811,0.0945378178730607
52.17355153243989,0.09585084312129766
52.177683763671666,0.09585084312129766
52.181815994903445,0.0945378178730607
52.185948226135224,0.0945378178730607
52.190080457367,0.09322479262482375
52.19421268859878,0.0945378178730607
52.19834491983056,0.09585084312129766
52.20247715106234,0.09585084312129766
52.20660938229412,0.09585084312129766
52.2107416135259,0.09322479262482375
52.214873844757676,0.0945378178730607
52.219006075989455,0.0945378178730607
52.223138307221234,0.0945378178730607
52.22727053845301,0.09585084312129766
52.23140276968479,0.09585084312129766
52.23553500091657,0.0945378178730607
52.23966723214835,0.0945378178730607
52.24379946338013,0.0945378178730607
52.24793169461191,0.09585084312129766
52.252063925843686,0.0945378178730607
52.256196157075465,0.0945378178730607
52.260328388307244,0.0945378178730607
52.26446061953902,0.09585084312129766
52.2685928507708,0.09585084312129766
52.27272508200258,0.0945378178730607
52.27685731323436,0.0945378178730607
52.28098954446614,0.09585084312129766
52.28512177569792,0.09585084312129766
52.289254006929696,0.09716386836953461
52.293386238161474,0.09585084312129766
52.29751846939325,0.0945378178730607
52.30165070062503,0.09585084312129766
52.30578293185681,0.09585084312129766
52.30991516308859,0.09585084312129766
52.31404739432037,0.09585084312129766
52.31817962555215,0.09716386836953461
52.32231185678393,0.09716386836953461
52.326444088015705,0.09585084312129766
52.330576319247484,0.0945378178730607
52.33470855047926,0.09585084312129766
52.33884078171104,0.09585084312129766
52.34297301294282,0.09716386836953461
52.3471052441746,0.09585084312129766
52.35123747540638,0.09322479262482375
52.35536970663816,0.0945378178730607
52.359501937869936,0.09585084312129766
52.363634169101715,0.0945378178730607
52.367766400333494,0.09585084312129766
52.37189863156527,0.09585084312129766
52.37603086279705,0.0945378178730607
52.38016309402883,0.09322479262482375
52.38429532526061,0.09585084312129766
52.38842755649239,0.0945378178730607
52.39255978772417,0.09585084312129766
52.396692018955946,0.09585084312129766
52.400824250187725,0.0945378178730607
52.404956481419504,0.09585084312129766
52.40908871265128,0.09585084312129766
52.41322094388306,0.0945378178730607
52.41735317511484,0.0945378178730607
52.42148540634662,0.09585084312129766
52.4256176375784,0.09716386836953461
52.42974986881018,0.09585084312129766
52.433882100041956,0.0945378178730607
52.438014331273735,0.09585084312129766
52.44214656250551,0.09585084312129766
52.44627879373729,0.09716386836953461
52.45041102496907,0.0945378178730607
52.45454325620085,0.09716386836953461
52.45867548743263,0.0945378178730607
52.46280771866441,0.09585084312129766
52.46693994989619,0.09585084312129766
52.471072181127965,0.0945378178730607
52.475204412359744,0.0945378178730607
52.47933664359152,0.09585084312129766
52.4834688748233,0.09585084312129766
52.48760110605508,0.09585084312129766
52.49173333728686,0.09322479262482375
52.49586556851864,0.0945378178730607
52.49999779975042,0.0945378178730607
52.504130030982196,0.09716386836953461
52.508262262213975,0.09585084312129766
52.512394493445754,0.09585084312129766
52.51652672467753,0.09716386836953461
52.52065895590931,0.09716386836953461
52.52479118714109,0.09585084312129766
52.52892341837287,0.09585084312129766
52.53305564960465,0.09585084312129766
52.53718788083643,0.09585084312129766
52.541320112068206,0.09585084312129766
52.545452343299985,0.09585084312129766
52.549584574531764,0.0945378178730607
52.55371680576354,0.09585084312129766
52.55784903699532,0.09585084312129766
52.5619812682271,0.09716386836953461
52.56611349945888,0.0945378178730607
52.57024573069066,0.0945378178730607
52.57437796192244,0.09585084312129766
52.578510193154216,0.09716386836953461
52.582642424385995,0.09716386836953461
52.58677465561777,0.09585084312129766
52.59090688684955,0.09585084312129766
52.59503911808133,0.09585084312129766
52.59917134931311,0.0945378178730607
52.60330358054489,0.0945378178730607
52.60743581177667,0.0945378178730607
52.61156804300845,0.09585084312129766
52.615700274240226,0.09585084312129766
52.619832505472004,0.09716386836953461
52.62396473670378,0.09716386836953461
52.62809696793556,0.09716386836953461
52.63222919916734,0.09716386836953461
52.63636143039912,0.09322479262482375
52.6404936616309,0.09322479262482375
52.64462589286268,0.0945378178730607
52.648758124094456,0.0945378178730607
52.652890355326235,0.09585084312129766
52.657022586558014,0.09716386836953461
52.66115481778979,0.09716386836953461
52.66528704902157,0.09585084312129766
52.66941928025335,0.09585084312129766
52.67355151148513,0.09585084312129766
52.67768374271691,0.09322479262482375
52.68181597394869,0.0945378178730607
52.685948205180466,0.09716386836953461
52.690080436412245,0.09716386836953461
52.694212667644024,0.09585084312129766
52.6983448988758,0.09716386836953461
52.70247713010758,0.09585084312129766
52.70660936133936,0.09585084312129766
52.71074159257114,0.09585084312129766
52.71487382380292,0.0945378178730607
52.7190060550347,0.09585084312129766
52.723138286266476,0.0945378178730607
52.727270517498255,0.09716386836953461
52.731402748730034,0.09716386836953461
52.73553497996181,0.09585084312129766
52.73966721119359,0.09716386836953461
52.74379944242537,0.09585084312129766
52.74793167365715,0.0945378178730607
52.75206390488893,0.0945378178730607
52.75619613612071,0.09322479262482375
52.760328367352486,0.09716386836953461
52.764460598584265,0.09716386836953461
52.76859282981604,0.09716386836953461
52.77272506104782,0.0945378178730607
52.7768572922796,0.0945378178730607
52.78098952351138,0.09585084312129766
52.78512175474316,0.09585084312129766
52.78925398597494,0.09585084312129766
52.79338621720672,0.09585084312129766
52.797518448438495,0.09716386836953461
52.801650679670274,0.09716386836953461
52.80578291090205,0.0945378178730607
52.80991514213383,0.09585084312129766
52.81404737336561,0.0945378178730607
52.81817960459739,0.0919117673765868
52.82231183582917,0.09322479262482375
52.82644406706095,0.09585084312129766
52.830576298292726,0.09585084312129766
52.834708529524505,0.09716386836953461
52.838840760756284,0.09716386836953461
52.84297299198806,0.0945378178730607
52.84710522321984,0.09585084312129766
52.85123745445162,0.0945378178730607
52.8553696856834,0.09585084312129766
52.85950191691518,0.09585084312129766
52.86363414814696,0.09585084312129766
52.867766379378736,0.0945378178730607
52.871898610610515,0.09585084312129766
52.876030841842294,0.09585084312129766
52.88016307307407,0.09585084312129766
52.88429530430585,0.0945378178730607
52.88842753553763,0.0945378178730607
52.89255976676941,0.09585084312129766
52.89669199800119,0.09322479262482375
52.90082422923297,0.09585084312129766
52.904956460464746,0.09716386836953461
52.909088691696525,0.0945378178730607
52.9132209229283,0.09585084312129766
52.91735315416008,0.09585084312129766
52.92148538539186,0.09585084312129766
52.92561761662364,0.09322479262482375
52.92974984785542,0.09716386836953461
52.9338820790872,0.09585084312129766
52.93801431031898,0.0945378178730607
52.942146541550756,0.0945378178730607
52.946278772782534,0.09322479262482375
52.95041100401431,0.0945378178730607
52.95454323524609,0.0945378178730607
52.95867546647787,0.09716386836953461
52.96280769770965,0.09585084312129766
52.96693992894143,0.0945378178730607
52.97107216017321,0.09585084312129766
52.975204391404986,0.09585084312129766
52.979336622636765,0.0945378178730607
52.983468853868544,0.09585084312129766
52.98760108510032,0.09322479262482375
52.9917333163321,0.09585084312129766
52.99586554756388,0.09585084312129766
52.99999777879566,0.09585084312129766
53.00413001002744,0.0945378178730607
53.00826224125922,0.09585084312129766
53.012394472490996,0.09716386836953461
53.016526703722775,0.09322479262482375
53.020658934954554,0.09585084312129766
53.02479116618633,0.09585084312129766
53.02892339741811,0.09322479262482375
53.03305562864989,0.0945378178730607
53.03718785988167,0.09716386836953461
53.04132009111345,0.09585084312129766
53.04545232234523,0.09585084312129766
53.049584553577006,0.0945378178730607
53.053716784808785,0.09322479262482375
53.057849016040564,0.0945378178730607
53.06198124727234,0.09716386836953461
53.06611347850412,0.0945378178730607
53.0702457097359,0.09716386836953461
53.07437794096768,0.0945378178730607
53.07851017219946,0.0945378178730607
53.08264240343124,0.09322479262482375
53.086774634663016,0.0945378178730607
53.090906865894794,0.0945378178730607
53.09503909712657,0.0945378178730607
53.09917132835835,0.0945378178730607
53.10330355959013,0.0945378178730607
53.10743579082191,0.0945378178730607
53.11156802205369,0.09585084312129766
53.11570025328547,0.0945378178730607
53.11983248451725,0.0945378178730607
53.123964715749025,0.0945378178730607
53.128096946980804,0.09585084312129766
53.13222917821258,0.09585084312129766
53.13636140944436,0.09585084312129766
53.14049364067614,0.0945378178730607
53.14462587190792,0.0945378178730607
53.1487581031397,0.0945378178730607
53.15289033437148,0.0945378178730607
53.157022565603256,0.09585084312129766
53.161154796835035,0.09585084312129766
53.165287028066814,0.09322479262482375
53.16941925929859,0.0945378178730607
53.17355149053037,0.0945378178730607
53.17768372176215,0.0945378178730607
53.18181595299393,0.09585084312129766
53.18594818422571,0.0945378178730607
53.19008041545749,0.09585084312129766
53.194212646689266,0.09585084312129766
53.198344877921045,0.0945378178730607
53.202477109152824,0.0945378178730607
53.2066093403846,0.09716386836953461
53.21074157161638,0.0945378178730607
53.21487380284816,0.09585084312129766
53.21900603407994,0.09716386836953461
53.22313826531172,0.0945378178730607
53.2272704965435,0.0945378178730607
53.231402727775276,0.0945378178730607
53.235534959007055,0.0945378178730607
53.23966719023883,0.09585084312129766
53.24379942147061,0.09585084312129766
53.24793165270239,0.09585084312129766
53.25206388393417,0.0945378178730607
53.25619611516595,0.0945378178730607
53.26032834639773,0.0945378178730607
53.26446057762951,0.09322479262482375
53.268592808861285,0.09585084312129766
53.272725040093064,0.0945378178730607
53.27685727132484,0.09585084312129766
53.28098950255662,0.09322479262482375
53.2851217337884,0.09585084312129766
53.28925396502018,0.0945378178730607
53.29338619625196,0.09585084312129766
53.29751842748374,0.0945378178730607
53.301650658715516,0.09322479262482375
53.305782889947295,0.0945378178730607
53.309915121179074,0.09716386836953461
53.31404735241085,0.09322479262482375
53.31817958364263,0.0945378178730607
53.32231181487441,0.0945378178730607
53.32644404610619,0.09322479262482375
53.33057627733797,0.0945378178730607
53.33470850856975,0.0945378178730607
53.338840739801526,0.0945378178730607
53.342972971033305,0.09322479262482375
53.347105202265084,0.09585084312129766
53.35123743349686,0.0945378178730607
53.35536966472864,0.09585084312129766
53.35950189596042,0.09322479262482375
53.3636341271922,0.09322479262482375
53.36776635842398,0.0945378178730607
53.37189858965576,0.0945378178730607
53.376030820887536,0.0945378178730607
53.380163052119315,0.0945378178730607
53.38429528335109,0.09585084312129766
53.38842751458287,0.0945378178730607
53.39255974581465,0.09322479262482375
53.39669197704643,0.0945378178730607
53.40082420827821,0.09585084312129766
53.40495643950999,0.09585084312129766
53.40908867074177,0.09585084312129766
53.413220901973546,0.09585084312129766
53.417353133205324,0.0945378178730607
53.4214853644371,0.0945378178730607
53.42561759566888,0.0945378178730607
53.42974982690066,0.0945378178730607
53.43388205813244,0.09322479262482375
53.43801428936422,0.09322479262482375
53.442146520596,0.09322479262482375
53.446278751827776,0.0945378178730607
53.450410983059555,0.09585084312129766
53.454543214291334,0.09585084312129766
53.45867544552311,0.09585084312129766
53.46280767675489,0.0945378178730607
53.46693990798667,0.09322479262482375
53.47107213921845,0.0945378178730607
53.47520437045023,0.0945378178730607
53.47933660168201,0.09585084312129766
53.483468832913786,0.09716386836953461
53.487601064145565,0.09585084312129766
53.491733295377344,0.0945378178730607
53.49586552660912,0.09322479262482375
53.4999977578409,0.0919117673765868
53.50412998907268,0.0945378178730607
53.50826222030446,0.09322479262482375
53.51239445153624,0.0945378178730607
53.51652668276802,0.0945378178730607
53.520658913999796,0.0945378178730607
53.524791145231575,0.0945378178730607
53.528923376463354,0.0945378178730607
53.53305560769513,0.0945378178730607
53.53718783892691,0.09585084312129766
53.54132007015869,0.09322479262482375
53.54545230139047,0.09322479262482375
53.54958453262225,0.0945378178730607
53.55371676385403,0.0945378178730607
53.557848995085806,0.09585084312129766
53.561981226317585,0.09585084312129766
53.56611345754936,0.0945378178730607
53.57024568878114,0.09322479262482375
53.57437792001292,0.09322479262482375
53.5785101512447,0.09322479262482375
53.58264238247648,0.09322479262482375
53.58677461370826,0.0945378178730607
53.59090684494004,0.0945378178730607
53.595039076171815,0.09585084312129766
53.599171307403594,0.0945378178730607
53.60330353863537,0.0945378178730607
53.60743576986715,0.09322479262482375
53.61156800109893,0.09322479262482375
53.61570023233071,0.09585084312129766
53.61983246356249,0.0945378178730607
53.62396469479427,0.09322479262482375
53.628096926026046,0.09585084312129766
53.632229157257825,0.0945378178730607
53.636361388489604,0.0945378178730607
53.64049361972138,0.09322479262482375
53.64462585095316,0.09322479262482375
53.64875808218494,0.09585084312129766
53.65289031341672,0.0945378178730607
53.6570225446485,0.0945378178730607
53.66115477588028,0.09322479262482375
53.665287007112056,0.09585084312129766
53.669419238343835,0.09585084312129766
53.673551469575614,0.0945378178730607
53.67768370080739,0.0945378178730607
53.68181593203917,0.09322479262482375
53.68594816327095,0.09585084312129766
53.69008039450273,0.0945378178730607
53.69421262573451,0.09716386836953461
53.69834485696629,0.09585084312129766
53.702477088198066,0.0945378178730607
53.706609319429845,0.0945378178730607
53.71074155066162,0.0945378178730607
53.7148737818934,0.09322479262482375
53.71900601312518,0.0945378178730607
53.72313824435696,0.0945378178730607
53.72727047558874,0.0945378178730607
53.73140270682052,0.09585084312129766
53.7355349380523,0.09585084312129766
53.739667169284075,0.0945378178730607
53.743799400515854,0.09585084312129766
53.74793163174763,0.09585084312129766
53.75206386297941,0.0945378178730607
53.75619609421119,0.09585084312129766
53.76032832544297,0.09585084312129766
53.76446055667475,0.0945378178730607
53.76859278790653,0.0945378178730607
53.772725019138306,0.09585084312129766
53.776857250370085,0.09585084312129766
53.780989481601864,0.0945378178730607
53.78512171283364,0.0945378178730607
53.78925394406542,0.09585084312129766
53.7933861752972,0.0945378178730607
53.79751840652898,0.09585084312129766
53.80165063776076,0.09585084312129766
53.80578286899254,0.0945378178730607
53.809915100224316,0.09585084312129766
53.814047331456095,0.09585084312129766
53.818179562687874,0.0945378178730607
53.82231179391965,0.0945378178730607
53.82644402515143,0.09585084312129766
53.83057625638321,0.0945378178730607
53.83470848761499,0.0945378178730607
53.83884071884677,0.09585084312129766
53.84297295007855,0.0945378178730607
53.847105181310326,0.0945378178730607
53.851237412542105,0.09585084312129766
53.855369643773884,0.09322479262482375
53.85950187500566,0.09322479262482375
53.86363410623744,0.09585084312129766
53.86776633746922,0.09585084312129766
53.871898568701,0.0945378178730607
53.87603079993278,0.09585084312129766
53.88016303116456,0.09716386836953461
53.884295262396336,0.0945378178730607
53.888427493628114,0.0945378178730607
53.89255972485989,0.0945378178730607
53.89669195609167,0.09585084312129766
53.90082418732345,0.09585084312129766
53.90495641855523,0.0945378178730607
53.90908864978701,0.0945378178730607
53.91322088101879,0.09585084312129766
53.91735311225057,0.0945378178730607
53.921485343482345,0.0945378178730607
53.925617574714124,0.09322479262482375
53.9297498059459,0.09322479262482375
53.93388203717768,0.0945378178730607
53.93801426840946,0.09322479262482375
53.94214649964124,0.0945378178730607
53.94627873087302,0.0945378178730607
53.9504109621048,0.09585084312129766
53.954543193336576,0.09322479262482375
53.958675424568355,0.09585084312129766
53.962807655800134,0.09716386836953461
53.96693988703191,0.0945378178730607
53.97107211826369,0.09585084312129766
53.97520434949547,0.09322479262482375
53.97933658072725,0.09585084312129766
53.98346881195903,0.09322479262482375
53.98760104319081,0.0945378178730607
53.991733274422586,0.0945378178730607
53.995865505654365,0.09322479262482375
53.999997736886144,0.09322479262482375
54.00412996811792,0.0945378178730607
54.0082621993497,0.0945378178730607
54.01239443058148,0.0945378178730607
54.01652666181326,0.09585084312129766
54.02065889304504,0.0945378178730607
54.02479112427682,0.0945378178730607
54.028923355508596,0.09322479262482375
54.033055586740375,0.0945378178730607
54.03718781797215,0.0945378178730607
54.04132004920393,0.0945378178730607
54.04545228043571,0.0945378178730607
54.04958451166749,0.0945378178730607
54.05371674289927,0.09585084312129766
54.05784897413105,0.0945378178730607
54.06198120536283,0.0945378178730607
54.066113436594605,0.09585084312129766
54.070245667826384,0.09322479262482375
54.07437789905816,0.0945378178730607
54.07851013028994,0.09322479262482375
54.08264236152172,0.0945378178730607
54.0867745927535,0.0945378178730607
54.09090682398528,0.0945378178730607
54.09503905521706,0.0919117673765868
54.099171286448836,0.0945378178730607
54.103303517680615,0.09585084312129766
54.107435748912394,0.09322479262482375
54.11156798014417,0.0945378178730607
54.11570021137595,0.09585084312129766
54.11983244260773,0.0945378178730607
54.12396467383951,0.09322479262482375
54.12809690507129,0.0945378178730607
54.13222913630307,0.09322479262482375
54.136361367534846,0.09585084312129766
54.140493598766625,0.0945378178730607
54.144625829998404,0.0945378178730607
54.14875806123018,0.0945378178730607
54.15289029246196,0.0945378178730607
54.15702252369374,0.09322479262482375
54.16115475492552,0.0945378178730607
54.1652869861573,0.0945378178730607
54.16941921738908,0.09322479262482375
54.173551448620856,0.09585084312129766
54.177683679852635,0.0919117673765868
54.18181591108441,0.0945378178730607
54.18594814231619,0.09322479262482375
54.19008037354797,0.0919117673765868
54.19421260477975,0.0945378178730607
54.19834483601153,0.0945378178730607
54.20247706724331,0.0945378178730607
54.20660929847509,0.0945378178730607
54.210741529706866,0.09322479262482375
54.214873760938644,0.0945378178730607
54.21900599217042,0.09585084312129766
54.2231382234022,0.0945378178730607
54.22727045463398,0.0945378178730607
54.23140268586576,0.0919117673765868
54.23553491709754,0.0945378178730607
54.23966714832932,0.09585084312129766
54.243799379561096,0.09585084312129766
54.247931610792875,0.09716386836953461
54.252063842024654,0.0945378178730607
54.25619607325643,0.09322479262482375
54.26032830448821,0.09322479262482375
54.26446053571999,0.0919117673765868
54.26859276695177,0.09322479262482375
54.27272499818355,0.0945378178730607
54.27685722941533,0.0945378178730607
54.280989460647106,0.0945378178730607
54.285121691878885,0.09585084312129766
54.289253923110664,0.09716386836953461
54.29338615434244,0.09716386836953461
54.29751838557422,0.0945378178730607
54.301650616806,0.0945378178730607
54.30578284803778,0.0945378178730607
54.30991507926956,0.09585084312129766
54.31404731050134,0.09585084312129766
54.318179541733116,0.0945378178730607
54.322311772964895,0.0945378178730607
54.326444004196674,0.09585084312129766
54.33057623542845,0.0945378178730607
54.33470846666023,0.0945378178730607
54.33884069789201,0.0945378178730607
54.34297292912379,0.09322479262482375
54.34710516035557,0.09585084312129766
54.35123739158735,0.0945378178730607
54.355369622819126,0.09585084312129766
54.359501854050905,0.09585084312129766
54.36363408528268,0.09585084312129766
54.36776631651446,0.09716386836953461
54.37189854774624,0.09585084312129766
54.37603077897802,0.09585084312129766
54.3801630102098,0.0945378178730607
54.38429524144158,0.09585084312129766
54.38842747267336,0.0945378178730607
54.392559703905135,0.09716386836953461
54.396691935136914,0.09585084312129766
54.40082416636869,0.0945378178730607
54.40495639760047,0.09585084312129766
54.40908862883225,0.0945378178730607
54.41322086006403,0.09322479262482375
54.41735309129581,0.09322479262482375
54.42148532252759,0.0945378178730607
54.425617553759366,0.09716386836953461
54.429749784991145,0.09585084312129766
54.433882016222924,0.09716386836953461
54.4380142474547,0.09585084312129766
54.44214647868648,0.0945378178730607
54.44627870991826,0.09716386836953461
54.45041094115004,0.09585084312129766
54.45454317238182,0.09716386836953461
54.4586754036136,0.09716386836953461
54.462807634845376,0.09716386836953461
54.466939866077155,0.09585084312129766
54.471072097308934,0.09716386836953461
54.47520432854071,0.0945378178730607
54.47933655977249,0.09585084312129766
54.48346879100427,0.09716386836953461
54.48760102223605,0.09585084312129766
54.49173325346783,0.09585084312129766
54.49586548469961,0.09716386836953461
54.499997715931386,0.09716386836953461
54.504129947163165,0.09716386836953461
54.50826217839494,0.09585084312129766
54.51239440962672,0.0945378178730607
54.5165266408585,0.09585084312129766
54.52065887209028,0.09585084312129766
54.52479110332206,0.09716386836953461
54.52892333455384,0.09847689361777157
54.53305556578562,0.09716386836953461
54.537187797017395,0.0945378178730607
54.541320028249174,0.09585084312129766
54.54545225948095,0.09585084312129766
54.54958449071273,0.09716386836953461
54.55371672194451,0.0945378178730607
54.55784895317629,0.09585084312129766
54.56198118440807,0.09585084312129766
54.56611341563985,0.09585084312129766
54.570245646871626,0.09716386836953461
54.574377878103405,0.09585084312129766
54.578510109335184,0.09585084312129766
54.58264234056696,0.09585084312129766
54.58677457179874,0.09716386836953461
54.59090680303052,0.09585084312129766
54.5950390342623,0.09585084312129766
54.59917126549408,0.09585084312129766
54.60330349672586,0.09716386836953461
54.607435727957636,0.0945378178730607
54.611567959189415,0.0945378178730607
54.615700190421194,0.0945378178730607
54.61983242165297,0.09585084312129766
54.62396465288475,0.09847689361777157
54.62809688411653,0.09585084312129766
54.63222911534831,0.09716386836953461
54.63636134658009,0.09585084312129766
54.64049357781187,0.09716386836953461
54.644625809043646,0.09716386836953461
54.648758040275425,0.09585084312129766
54.652890271507204,0.09585084312129766
54.65702250273898,0.09585084312129766
54.66115473397076,0.09716386836953461
54.66528696520254,0.09585084312129766
54.66941919643432,0.0945378178730607
54.6735514276661,0.09585084312129766
54.67768365889788,0.09847689361777157
54.681815890129656,0.09716386836953461
54.685948121361434,0.09585084312129766
54.69008035259321,0.0945378178730607
54.69421258382499,0.09585084312129766
54.69834481505677,0.09585084312129766
54.70247704628855,0.09716386836953461
54.70660927752033,0.09716386836953461
54.71074150875211,0.09716386836953461
54.71487373998389,0.09716386836953461
54.719005971215665,0.09716386836953461
54.723138202447444,0.09585084312129766
54.72727043367922,0.0945378178730607
54.731402664911,0.09847689361777157
54.73553489614278,0.09716386836953461
54.73966712737456,0.09585084312129766
54.74379935860634,0.0945378178730607
54.74793158983812,0.09585084312129766
54.752063821069896,0.09716386836953461
54.756196052301675,0.09716386836953461
54.760328283533454,0.09585084312129766
54.76446051476523,0.09585084312129766
54.76859274599701,0.09716386836953461
54.77272497722879,0.09585084312129766
54.77685720846057,0.09716386836953461
54.78098943969235,0.09585084312129766
54.78512167092413,0.09585084312129766
54.789253902155906,0.09716386836953461
54.793386133387685,0.09716386836953461
54.797518364619464,0.09585084312129766
54.80165059585124,0.09585084312129766
54.80578282708302,0.09716386836953461
54.8099150583148,0.09716386836953461
54.81404728954658,0.09716386836953461
54.81817952077836,0.09716386836953461
54.82231175201014,0.09585084312129766
54.826443983241916,0.09585084312129766
54.830576214473695,0.09585084312129766
54.83470844570547,0.09585084312129766
54.83884067693725,0.09585084312129766
54.84297290816903,0.09716386836953461
54.84710513940081,0.09716386836953461
54.85123737063259,0.09716386836953461
54.85536960186437,0.09847689361777157
54.85950183309615,0.09716386836953461
54.863634064327925,0.09716386836953461
54.867766295559704,0.09585084312129766
54.87189852679148,0.09716386836953461
54.87603075802326,0.09585084312129766
54.88016298925504,0.09716386836953461
54.88429522048682,0.0945378178730607
54.8884274517186,0.09716386836953461
54.89255968295038,0.09585084312129766
54.896691914182156,0.09585084312129766
54.900824145413935,0.09585084312129766
54.904956376645714,0.09716386836953461
54.90908860787749,0.09716386836953461
54.91322083910927,0.09716386836953461
54.91735307034105,0.09585084312129766
54.92148530157283,0.09585084312129766
54.92561753280461,0.09716386836953461
54.92974976403639,0.09585084312129766
54.933881995268166,0.09585084312129766
54.938014226499945,0.0945378178730607
54.942146457731724,0.09716386836953461
54.9462786889635,0.09716386836953461
54.95041092019528,0.09585084312129766
54.95454315142706,0.09716386836953461
54.95867538265884,0.09585084312129766
54.96280761389062,0.09585084312129766
54.9669398451224,0.0945378178730607
54.971072076354176,0.0945378178730607
54.975204307585955,0.09585084312129766
54.97933653881773,0.09716386836953461
54.98346877004951,0.09716386836953461
54.98760100128129,0.09585084312129766
54.99173323251307,0.09716386836953461
54.99586546374485,0.09585084312129766
54.99999769497663,0.0945378178730607
55.00412992620841,0.09716386836953461
55.008262157440186,0.09585084312129766
55.012394388671964,0.09585084312129766
55.01652661990374,0.09716386836953461
55.02065885113552,0.09716386836953461
55.0247910823673,0.0945378178730607
55.02892331359908,0.09585084312129766
55.03305554483086,0.0945378178730607
55.03718777606264,0.0945378178730607
55.041320007294416,0.09585084312129766
55.045452238526195,0.0945378178730607
55.049584469757974,0.09716386836953461
55.05371670098975,0.09585084312129766
55.05784893222153,0.09585084312129766
55.06198116345331,0.09585084312129766
55.06611339468509,0.09585084312129766
55.07024562591687,0.0945378178730607
55.07437785714865,0.09585084312129766
55.078510088380426,0.09585084312129766
55.082642319612205,0.0945378178730607
55.086774550843984,0.0945378178730607
55.09090678207576,0.0945378178730607
55.09503901330754,0.0945378178730607
55.09917124453932,0.0945378178730607
55.1033034757711,0.09585084312129766
55.10743570700288,0.0945378178730607
55.11156793823466,0.09322479262482375
55.115700169466436,0.09585084312129766
55.119832400698215,0.09585084312129766
55.123964631929994,0.09585084312129766
55.12809686316177,0.09716386836953461
55.13222909439355,0.09716386836953461
55.13636132562533,0.09585084312129766
55.14049355685711,0.09585084312129766
55.14462578808889,0.0945378178730607
55.14875801932067,0.09585084312129766
55.152890250552446,0.0945378178730607
55.157022481784225,0.0945378178730607
55.161154713016,0.0945378178730607
55.16528694424778,0.0945378178730607
55.16941917547956,0.09322479262482375
55.17355140671134,0.09322479262482375
55.17768363794312,0.0945378178730607
55.1818158691749,0.0945378178730607
55.18594810040668,0.09585084312129766
55.190080331638455,0.09585084312129766
55.194212562870234,0.0945378178730607
55.19834479410201,0.09585084312129766
55.20247702533379,0.09585084312129766
55.20660925656557,0.09585084312129766
55.21074148779735,0.09585084312129766
55.21487371902913,0.09585084312129766
55.21900595026091,0.09322479262482375
55.223138181492686,0.09322479262482375
55.227270412724465,0.0945378178730607
55.231402643956244,0.0945378178730607
55.23553487518802,0.09585084312129766
55.2396671064198,0.09585084312129766
55.24379933765158,0.0945378178730607
55.24793156888336,0.09585084312129766
55.25206380011514,0.09585084312129766
55.25619603134692,0.0945378178730607
55.260328262578696,0.09716386836953461
55.264460493810475,0.09585084312129766
55.268592725042254,0.09716386836953461
55.27272495627403,0.0945378178730607
55.27685718750581,0.09322479262482375
55.28098941873759,0.09585084312129766
55.28512164996937,0.0945378178730607
55.28925388120115,0.09585084312129766
55.29338611243293,0.09585084312129766
55.297518343664706,0.09585084312129766
55.301650574896485,0.09716386836953461
55.30578280612826,0.0945378178730607
55.30991503736004,0.0945378178730607
55.31404726859182,0.0945378178730607
55.3181794998236,0.0945378178730607
55.32231173105538,0.09585084312129766
55.32644396228716,0.09585084312129766
55.33057619351894,0.0945378178730607
55.334708424750715,0.09716386836953461
55.338840655982494,0.09585084312129766
55.34297288721427,0.09585084312129766
55.34710511844605,0.09585084312129766
55.35123734967783,0.09585084312129766
55.35536958090961,0.0945378178730607
55.35950181214139,0.0945378178730607
55.36363404337317,0.0945378178730607
55.367766274604946,0.09585084312129766
55.371898505836725,0.09585084312129766
55.376030737068504,0.09585084312129766
55.38016296830028,0.09585084312129766
55.38429519953206,0.0945378178730607
55.38842743076384,0.0945378178730607
55.39255966199562,0.0945378178730607
55.3966918932274,0.09585084312129766
55.40082412445918,0.0945378178730607
55.404956355690956,0.09716386836953461
55.409088586922735,0.09585084312129766
55.413220818154514,0.09322479262482375
55.41735304938629,0.09585084312129766
55.42148528061807,0.0945378178730607
55.42561751184985,0.09585084312129766
55.42974974308163,0.09585084312129766
55.43388197431341,0.0945378178730607
55.43801420554519,0.09322479262482375
55.442146436776966,0.0945378178730607
55.446278668008745,0.09585084312129766
55.450410899240524,0.0945378178730607
55.4545431304723,0.09585084312129766
55.45867536170408,0.0945378178730607
55.46280759293586,0.0945378178730607
55.46693982416764,0.0945378178730607
55.47107205539942,0.0945378178730607
55.4752042866312,0.0945378178730607
55.479336517862976,0.09585084312129766
55.483468749094754,0.09585084312129766
55.48760098032653,0.09585084312129766
55.49173321155831,0.0945378178730607
55.49586544279009,0.0945378178730607
55.49999767402187,0.09585084312129766
55.50412990525365,0.0945378178730607
55.50826213648543,0.0945378178730607
55.51239436771721,0.0945378178730607
55.516526598948985,0.0945378178730607
55.520658830180764,0.0945378178730607
55.52479106141254,0.09322479262482375
55.52892329264432,0.09322479262482375
55.5330555238761,0.0945378178730607
55.53718775510788,0.09322479262482375
55.54131998633966,0.09322479262482375
55.54545221757144,0.0945378178730607
55.549584448803216,0.09585084312129766
55.553716680034995,0.0945378178730607
55.557848911266774,0.0945378178730607
55.56198114249855,0.0945378178730607
55.56611337373033,0.09585084312129766
55.57024560496211,0.0945378178730607
55.57437783619389,0.0945378178730607
55.57851006742567,0.0945378178730607
55.58264229865745,0.09322479262482375
55.586774529889226,0.09322479262482375
55.590906761121005,0.0945378178730607
55.595038992352784,0.09322479262482375
55.59917122358456,0.09585084312129766
55.60330345481634,0.09322479262482375
55.60743568604812,0.0945378178730607
55.6115679172799,0.09322479262482375
55.61570014851168,0.0945378178730607
55.61983237974346,0.0945378178730607
55.623964610975236,0.0945378178730607
55.628096842207015,0.0945378178730607
55.63222907343879,0.09322479262482375
55.63636130467057,0.0945378178730607
55.64049353590235,0.09322479262482375
55.64462576713413,0.0945378178730607
55.64875799836591,0.0945378178730607
55.65289022959769,0.09585084312129766
55.65702246082947,0.09585084312129766
55.661154692061245,0.09585084312129766
55.665286923293024,0.0945378178730607
55.6694191545248,0.0945378178730607
55.67355138575658,0.09322479262482375
55.67768361698836,0.0945378178730607
55.68181584822014,0.09585084312129766
55.68594807945192,0.0945378178730607
55.6900803106837,0.09585084312129766
55.694212541915476,0.09585084312129766
55.698344773147255,0.0919117673765868
55.702477004379034,0.0945378178730607
55.70660923561081,0.0945378178730607
55.71074146684259,0.0945378178730607
55.71487369807437,0.0919117673765868
55.71900592930615,0.0945378178730607
55.72313816053793,0.0945378178730607
55.72727039176971,0.0945378178730607
55.731402623001486,0.0945378178730607
55.735534854233265,0.09322479262482375
55.739667085465044,0.09322479262482375
55.74379931669682,0.0945378178730607
55.7479315479286,0.09585084312129766
55.75206377916038,0.0945378178730607
55.75619601039216,0.0945378178730607
55.76032824162394,0.09322479262482375
55.76446047285572,0.09322479262482375
55.768592704087496,0.0945378178730607
55.772724935319275,0.0919117673765868
55.77685716655105,0.0919117673765868
55.78098939778283,0.09322479262482375
55.78512162901461,0.09322479262482375
55.78925386024639,0.0945378178730607
55.79338609147817,0.09585084312129766
55.79751832270995,0.09322479262482375
55.80165055394173,0.0945378178730607
55.805782785173506,0.09322479262482375
55.809915016405284,0.0945378178730607
55.81404724763706,0.09585084312129766
55.81817947886884,0.09322479262482375
55.82231171010062,0.09322479262482375
55.8264439413324,0.0945378178730607
55.83057617256418,0.0945378178730607
55.83470840379596,0.0945378178730607
55.838840635027736,0.0945378178730607
55.842972866259515,0.09322479262482375
55.847105097491294,0.0945378178730607
55.85123732872307,0.09585084312129766
55.85536955995485,0.09585084312129766
55.85950179118663,0.0945378178730607
55.86363402241841,0.0919117673765868
55.86776625365019,0.09322479262482375
55.87189848488197,0.0945378178730607
55.876030716113746,0.0945378178730607
55.880162947345525,0.0945378178730607
55.884295178577304,0.0945378178730607
55.88842740980908,0.09716386836953461
55.89255964104086,0.09585084312129766
55.89669187227264,0.0945378178730607
55.90082410350442,0.09585084312129766
55.9049563347362,0.09585084312129766
55.90908856596798,0.09322479262482375
55.913220797199756,0.09322479262482375
55.917353028431535,0.0945378178730607
55.921485259663314,0.09585084312129766
55.92561749089509,0.0945378178730607
55.92974972212687,0.0945378178730607
55.93388195335865,0.0945378178730607
55.93801418459043,0.0945378178730607
55.94214641582221,0.0945378178730607
55.94627864705399,0.09322479262482375
55.950410878285766,0.09322479262482375
55.954543109517545,0.0945378178730607
55.95867534074932,0.0945378178730607
55.9628075719811,0.09585084312129766
55.96693980321288,0.09585084312129766
55.97107203444466,0.09322479262482375
55.97520426567644,0.09322479262482375
55.97933649690822,0.09322479262482375
55.98346872814,0.09322479262482375
55.987600959371775,0.0945378178730607
55.991733190603554,0.0945378178730607
55.99586542183533,0.09585084312129766
55.99999765306711,0.0945378178730607
56.00412988429889,0.09585084312129766
56.00826211553067,0.09585084312129766
56.01239434676245,0.0945378178730607
56.01652657799423,0.0945378178730607
56.020658809226006,0.0919117673765868
56.024791040457785,0.09585084312129766
56.028923271689564,0.09585084312129766
56.03305550292134,0.09322479262482375
56.03718773415312,0.09716386836953461
56.0413199653849,0.09585084312129766
56.04545219661668,0.09585084312129766
56.04958442784846,0.09322479262482375
56.05371665908024,0.09322479262482375
56.057848890312016,0.09322479262482375
56.061981121543795,0.0945378178730607
56.066113352775574,0.0945378178730607
56.07024558400735,0.09322479262482375
56.07437781523913,0.0945378178730607
56.07851004647091,0.0945378178730607
56.08264227770269,0.0945378178730607
56.08677450893447,0.09585084312129766
56.09090674016625,0.09585084312129766
56.095038971398026,0.09585084312129766
56.099171202629805,0.0945378178730607
56.10330343386158,0.09585084312129766
56.10743566509336,0.09585084312129766
56.11156789632514,0.09585084312129766
56.11570012755692,0.09585084312129766
56.1198323587887,0.09322479262482375
56.12396459002048,0.0945378178730607
56.12809682125226,0.0945378178730607
56.132229052484035,0.09322479262482375
56.136361283715814,0.09585084312129766
56.14049351494759,0.09716386836953461
56.14462574617937,0.09716386836953461
56.14875797741115,0.0945378178730607
56.15289020864293,0.09585084312129766
56.15702243987471,0.09716386836953461
56.16115467110649,0.09585084312129766
56.165286902338266,0.09585084312129766
56.169419133570045,0.0945378178730607
56.173551364801824,0.0945378178730607
56.1776835960336,0.09716386836953461
56.18181582726538,0.09585084312129766
56.18594805849716,0.09585084312129766
56.19008028972894,0.09585084312129766
56.19421252096072,0.09585084312129766
56.1983447521925,0.09585084312129766
56.202476983424276,0.09322479262482375
56.206609214656055,0.09585084312129766
56.210741445887834,0.09716386836953461
56.21487367711961,0.0945378178730607
56.21900590835139,0.09585084312129766
56.22313813958317,0.0945378178730607
56.22727037081495,0.09585084312129766
56.23140260204673,0.09585084312129766
56.23553483327851,0.09585084312129766
56.239667064510286,0.0945378178730607
56.243799295742065,0.09585084312129766
56.247931526973844,0.09585084312129766
56.25206375820562,0.09585084312129766
56.2561959894374,0.0945378178730607
56.26032822066918,0.0945378178730607
56.26446045190096,0.0945378178730607
56.26859268313274,0.09585084312129766
56.27272491436452,0.0945378178730607
56.276857145596296,0.09585084312129766
56.280989376828074,0.09585084312129766
56.28512160805985,0.09585084312129766
56.28925383929163,0.0945378178730607
56.29338607052341,0.0945378178730607
56.29751830175519,0.0945378178730607
56.30165053298697,0.09847689361777157
56.30578276421875,0.09716386836953461
56.30991499545053,0.09585084312129766
56.314047226682305,0.09585084312129766
56.318179457914084,0.09585084312129766
56.32231168914586,0.09585084312129766
56.32644392037764,0.0945378178730607
56.33057615160942,0.09322479262482375
56.3347083828412,0.0945378178730607
56.33884061407298,0.09585084312129766
56.34297284530476,0.0945378178730607
56.347105076536536,0.09585084312129766
56.351237307768315,0.09585084312129766
56.355369539000094,0.0945378178730607
56.35950177023187,0.09585084312129766
56.36363400146365,0.0945378178730607
56.36776623269543,0.09716386836953461
56.37189846392721,0.0945378178730607
56.37603069515899,0.09585084312129766
56.38016292639077,0.0945378178730607
56.384295157622546,0.0945378178730607
56.388427388854325,0.09585084312129766
56.392559620086104,0.0945378178730607
56.39669185131788,0.09585084312129766
56.40082408254966,0.0945378178730607
56.40495631378144,0.0945378178730607
56.40908854501322,0.0945378178730607
56.413220776245,0.09322479262482375
56.41735300747678,0.0945378178730607
56.421485238708556,0.0945378178730607
56.425617469940335,0.0945378178730607
56.42974970117211,0.09322479262482375
56.43388193240389,0.09322479262482375
56.43801416363567,0.0945378178730607
56.44214639486745,0.0945378178730607
56.44627862609923,0.0945378178730607
56.45041085733101,0.0945378178730607
56.45454308856279,0.0945378178730607
56.458675319794565,0.09585084312129766
56.462807551026344,0.0945378178730607
56.46693978225812,0.09585084312129766
56.4710720134899,0.0945378178730607
56.47520424472168,0.0945378178730607
56.47933647595346,0.0945378178730607
56.48346870718524,0.0945378178730607
56.48760093841702,0.0945378178730607
56.491733169648796,0.0945378178730607
56.495865400880575,0.09585084312129766
56.499997632112354,0.09585084312129766
56.50412986334413,0.0945378178730607
56.50826209457591,0.09585084312129766
56.51239432580769,0.09322479262482375
56.51652655703947,0.0945378178730607
56.52065878827125,0.09585084312129766
56.52479101950303,0.0945378178730607
56.528923250734806,0.09585084312129766
56.533055481966585,0.09585084312129766
56.537187713198364,0.0945378178730607
56.54131994443014,0.0945378178730607
56.54545217566192,0.0945378178730607
56.5495844068937,0.0919117673765868
56.55371663812548,0.0945378178730607
56.55784886935726,0.09585084312129766
56.56198110058904,0.09322479262482375
56.566113331820816,0.0945378178730607
56.570245563052595,0.0945378178730607
56.57437779428437,0.0945378178730607
56.57851002551615,0.0945378178730607
56.58264225674793,0.09585084312129766
56.58677448797971,0.09585084312129766
56.59090671921149,0.09322479262482375
56.59503895044327,0.0945378178730607
56.59917118167505,0.0945378178730607
56.603303412906826,0.0919117673765868
56.607435644138604,0.0919117673765868
56.61156787537038,0.09322479262482375
56.61570010660216,0.09322479262482375
56.61983233783394,0.0945378178730607
56.62396456906572,0.09322479262482375
56.6280968002975,0.0945378178730607
56.63222903152928,0.09585084312129766
56.636361262761056,0.09585084312129766
56.640493493992835,0.09322479262482375
56.644625725224614,0.09322479262482375
56.64875795645639,0.0945378178730607
56.65289018768817,0.0919117673765868
56.65702241891995,0.0945378178730607
56.66115465015173,0.09322479262482375
56.66528688138351,0.09585084312129766
56.66941911261529,0.09322479262482375
56.673551343847066,0.09322479262482375
56.677683575078845,0.0945378178730607
56.681815806310624,0.09322479262482375
56.6859480375424,0.0945378178730607
56.69008026877418,0.0945378178730607
56.69421250000596,0.0945378178730607
56.69834473123774,0.0945378178730607
56.70247696246952,0.09322479262482375
56.7066091937013,0.09322479262482375
56.710741424933076,0.09322479262482375
56.714873656164855,0.0945378178730607
56.719005887396634,0.09322479262482375
56.72313811862841,0.0945378178730607
56.72727034986019,0.09585084312129766
56.73140258109197,0.09585084312129766
56.73553481232375,0.0945378178730607
56.73966704355553,0.0945378178730607
56.74379927478731,0.0945378178730607
56.747931506019086,0.0945378178730607
56.752063737250865,0.09585084312129766
56.75619596848264,0.0945378178730607
56.76032819971442,0.0945378178730607
56.7644604309462,0.0945378178730607
56.76859266217798,0.09322479262482375
56.77272489340976,0.0945378178730607
56.77685712464154,0.09585084312129766
56.78098935587332,0.09322479262482375
56.785121587105095,0.0945378178730607
56.789253818336874,0.0945378178730607
56.79338604956865,0.0945378178730607
56.79751828080043,0.09585084312129766
56.80165051203221,0.0945378178730607
56.80578274326399,0.0945378178730607
56.80991497449577,0.0945378178730607
56.81404720572755,0.09322479262482375
56.818179436959326,0.0945378178730607
56.822311668191105,0.0945378178730607
56.826443899422884,0.0945378178730607
56.83057613065466,0.0945378178730607
56.83470836188644,0.0945378178730607
56.83884059311822,0.09585084312129766
56.84297282435,0.09585084312129766
56.84710505558178,0.09585084312129766
56.85123728681356,0.0945378178730607
56.855369518045336,0.0945378178730607
56.859501749277115,0.0945378178730607
56.863633980508894,0.09322479262482375
56.86776621174067,0.09322479262482375
56.87189844297245,0.0945378178730607
56.87603067420423,0.0945378178730607
56.88016290543601,0.09716386836953461
56.88429513666779,0.0945378178730607
56.88842736789957,0.09322479262482375
56.892559599131346,0.0945378178730607
56.896691830363125,0.09322479262482375
56.9008240615949,0.09322479262482375
56.90495629282668,0.0945378178730607
56.90908852405846,0.09716386836953461
56.91322075529024,0.09585084312129766
56.91735298652202,0.09585084312129766
56.9214852177538,0.0945378178730607
56.92561744898558,0.09322479262482375
56.929749680217355,0.0945378178730607
56.933881911449134,0.09716386836953461
56.93801414268091,0.0945378178730607
56.94214637391269,0.09585084312129766
56.94627860514447,0.09585084312129766
56.95041083637625,0.09585084312129766
56.95454306760803,0.09322479262482375
56.95867529883981,0.09322479262482375
56.962807530071586,0.09322479262482375
56.966939761303365,0.0945378178730607
56.971071992535144,0.09585084312129766
56.97520422376692,0.0945378178730607
56.9793364549987,0.0945378178730607
56.98346868623048,0.09585084312129766
56.98760091746226,0.0945378178730607
56.99173314869404,0.09585084312129766
56.99586537992582,0.09585084312129766
56.999997611157596,0.09585084312129766
57.004129842389375,0.09585084312129766
57.008262073621154,0.09585084312129766
57.01239430485293,0.09585084312129766
57.01652653608471,0.0945378178730607
57.02065876731649,0.09585084312129766
57.02479099854827,0.09322479262482375
57.02892322978005,0.0945378178730607
57.03305546101183,0.09585084312129766
57.037187692243606,0.0945378178730607
57.041319923475385,0.0945378178730607
57.045452154707164,0.0945378178730607
57.04958438593894,0.0945378178730607
57.05371661717072,0.09585084312129766
57.0578488484025,0.09585084312129766
57.06198107963428,0.09585084312129766
57.06611331086606,0.09585084312129766
57.07024554209784,0.09585084312129766
57.074377773329616,0.09585084312129766
57.078510004561394,0.0945378178730607
57.08264223579317,0.09585084312129766
57.08677446702495,0.0945378178730607
57.09090669825673,0.09585084312129766
57.09503892948851,0.09585084312129766
57.09917116072029,0.0945378178730607
57.10330339195207,0.09716386836953461
57.10743562318385,0.09585084312129766
57.111567854415625,0.0945378178730607
57.115700085647404,0.0945378178730607
57.11983231687918,0.09322479262482375
57.12396454811096,0.09585084312129766
57.12809677934274,0.09585084312129766
57.13222901057452,0.09585084312129766
57.1363612418063,0.09585084312129766
57.14049347303808,0.0945378178730607
57.144625704269856,0.09585084312129766
57.148757935501635,0.09322479262482375
57.152890166733414,0.0945378178730607
57.15702239796519,0.09716386836953461
57.16115462919697,0.0945378178730607
57.16528686042875,0.0945378178730607
57.16941909166053,0.09322479262482375
57.17355132289231,0.09322479262482375
57.17768355412409,0.0945378178730607
57.181815785355866,0.0945378178730607
57.185948016587645,0.09585084312129766
57.190080247819424,0.09585084312129766
57.1942124790512,0.09585084312129766
57.19834471028298,0.09322479262482375
57.20247694151476,0.09585084312129766
57.20660917274654,0.09585084312129766
57.21074140397832,0.0945378178730607
57.2148736352101,0.09716386836953461
57.219005866441876,0.0945378178730607
57.223138097673655,0.09585084312129766
57.22727032890543,0.0945378178730607
57.23140256013721,0.09322479262482375
57.23553479136899,0.09585084312129766
57.23966702260077,0.09585084312129766
57.24379925383255,0.09585084312129766
57.24793148506433,0.09585084312129766
57.25206371629611,0.0945378178730607
57.256195947527885,0.0945378178730607
57.260328178759664,0.09322479262482375
57.26446040999144,0.09585084312129766
57.26859264122322,0.09585084312129766
57.272724872455,0.09585084312129766
57.27685710368678,0.0945378178730607
57.28098933491856,0.09585084312129766
57.28512156615034,0.09585084312129766
57.289253797382116,0.09585084312129766
57.293386028613895,0.0945378178730607
57.297518259845674,0.0945378178730607
57.30165049107745,0.09585084312129766
57.30578272230923,0.0945378178730607
57.30991495354101,0.09585084312129766
57.31404718477279,0.09585084312129766
57.31817941600457,0.0945378178730607
57.32231164723635,0.0945378178730607
57.326443878468126,0.09585084312129766
57.330576109699905,0.09716386836953461
57.334708340931684,0.09716386836953461
57.33884057216346,0.0945378178730607
57.34297280339524,0.09585084312129766
57.34710503462702,0.09585084312129766
57.3512372658588,0.0945378178730607
57.35536949709058,0.09585084312129766
57.35950172832236,0.0945378178730607
57.363633959554136,0.09585084312129766
57.367766190785915,0.0945378178730607
57.37189842201769,0.0945378178730607
57.37603065324947,0.09585084312129766
57.38016288448125,0.09585084312129766
57.38429511571303,0.09716386836953461
57.38842734694481,0.0945378178730607
57.39255957817659,0.09585084312129766
57.39669180940837,0.0945378178730607
57.400824040640146,0.0945378178730607
57.404956271871924,0.09585084312129766
57.4090885031037,0.09716386836953461
57.41322073433548,0.09716386836953461
57.41735296556726,0.09585084312129766
57.42148519679904,0.0945378178730607
57.42561742803082,0.09716386836953461
57.4297496592626,0.0945378178730607
57.433881890494376,0.0945378178730607
57.438014121726155,0.0945378178730607
57.442146352957934,0.09322479262482375
57.44627858418971,0.0945378178730607
57.45041081542149,0.09585084312129766
57.45454304665327,0.09716386836953461
57.45867527788505,0.0945378178730607
57.46280750911683,0.09585084312129766
57.46693974034861,0.09585084312129766
57.471071971580386,0.09585084312129766
57.475204202812165,0.09585084312129766
57.479336434043944,0.09585084312129766
57.48346866527572,0.09585084312129766
57.4876008965075,0.09585084312129766
57.49173312773928,0.09716386836953461
57.49586535897106,0.09585084312129766
57.49999759020284,0.09585084312129766
57.50412982143462,0.09322479262482375
57.508262052666396,0.0945378178730607
57.512394283898175,0.09322479262482375
57.516526515129954,0.09716386836953461
57.52065874636173,0.09585084312129766
57.52479097759351,0.0945378178730607
57.52892320882529,0.09585084312129766
57.53305544005707,0.0945378178730607
57.53718767128885,0.09585084312129766
57.54131990252063,0.09585084312129766
57.545452133752406,0.0945378178730607
57.549584364984185,0.09322479262482375
57.55371659621596,0.0945378178730607
57.55784882744774,0.09585084312129766
57.56198105867952,0.09585084312129766
57.5661132899113,0.0945378178730607
57.57024552114308,0.0945378178730607
57.57437775237486,0.09585084312129766
57.57850998360664,0.0945378178730607
57.582642214838415,0.0945378178730607
57.586774446070194,0.0945378178730607
57.59090667730197,0.09585084312129766
57.59503890853375,0.09585084312129766
57.59917113976553,0.09585084312129766
57.60330337099731,0.09585084312129766
57.60743560222909,0.09322479262482375
57.61156783346087,0.09585084312129766
57.615700064692646,0.09585084312129766
57.619832295924425,0.09585084312129766
57.623964527156204,0.09585084312129766
57.62809675838798,0.0945378178730607
57.63222898961976,0.09585084312129766
57.63636122085154,0.09585084312129766
57.64049345208332,0.09585084312129766
57.6446256833151,0.0945378178730607
57.64875791454688,0.09322479262482375
57.652890145778656,0.09585084312129766
57.657022377010435,0.0945378178730607
57.661154608242214,0.0945378178730607
57.66528683947399,0.09716386836953461
57.66941907070577,0.09585084312129766
57.67355130193755,0.0945378178730607
57.67768353316933,0.09585084312129766
57.68181576440111,0.0945378178730607
57.68594799563289,0.0945378178730607
57.690080226864666,0.0945378178730607
57.694212458096445,0.09585084312129766
57.69834468932822,0.09585084312129766
57.70247692056,0.09585084312129766
57.70660915179178,0.09585084312129766
57.71074138302356,0.09585084312129766
57.71487361425534,0.09585084312129766
57.71900584548712,0.09585084312129766
57.7231380767189,0.09322479262482375
57.727270307950675,0.09322479262482375
57.731402539182454,0.09322479262482375
57.73553477041423,0.09585084312129766
57.73966700164601,0.09585084312129766
57.74379923287779,0.09716386836953461
57.74793146410957,0.09716386836953461
57.75206369534135,0.09585084312129766
57.75619592657313,0.0945378178730607
57.760328157804906,0.0945378178730607
57.764460389036685,0.09585084312129766
57.768592620268464,0.0945378178730607
57.77272485150024,0.09585084312129766
57.77685708273202,0.0945378178730607
57.7809893139638,0.09585084312129766
57.78512154519558,0.09585084312129766
57.78925377642736,0.09585084312129766
57.79338600765914,0.09585084312129766
57.797518238890916,0.0945378178730607
57.801650470122695,0.09585084312129766
57.805782701354474,0.0945378178730607
57.80991493258625,0.0945378178730607
57.81404716381803,0.09585084312129766
57.81817939504981,0.09716386836953461
57.82231162628159,0.0945378178730607
57.82644385751337,0.0945378178730607
57.83057608874515,0.09585084312129766
57.834708319976926,0.0945378178730607
57.838840551208705,0.09585084312129766
57.842972782440484,0.0945378178730607
57.84710501367226,0.0945378178730607
57.85123724490404,0.09585084312129766
57.85536947613582,0.09585084312129766
57.8595017073676,0.09585084312129766
57.86363393859938,0.0945378178730607
57.86776616983116,0.09585084312129766
57.871898401062936,0.09585084312129766
57.876030632294714,0.0945378178730607
57.88016286352649,0.09585084312129766
57.88429509475827,0.09716386836953461
57.88842732599005,0.09585084312129766
57.89255955722183,0.0945378178730607
57.89669178845361,0.0945378178730607
57.90082401968539,0.0945378178730607
57.90495625091717,0.0945378178730607
57.909088482148945,0.09585084312129766
57.913220713380724,0.09585084312129766
57.9173529446125,0.0945378178730607
57.92148517584428,0.0945378178730607
57.92561740707606,0.0945378178730607
57.92974963830784,0.0945378178730607
57.93388186953962,0.09322479262482375
57.9380141007714,0.0945378178730607
57.942146332003176,0.0945378178730607
57.946278563234955,0.09322479262482375
57.950410794466734,0.0945378178730607
57.95454302569851,0.0945378178730607
57.95867525693029,0.09585084312129766
57.96280748816207,0.0945378178730607
57.96693971939385,0.0945378178730607
57.97107195062563,0.09322479262482375
57.97520418185741,0.0945378178730607
57.979336413089186,0.0945378178730607
57.983468644320965,0.0945378178730607
57.987600875552744,0.0945378178730607
57.99173310678452,0.09322479262482375
57.9958653380163,0.09585084312129766
57.99999756924808,0.09322479262482375
58.00412980047986,0.09322479262482375
58.00826203171164,0.09585084312129766
58.01239426294342,0.0945378178730607
58.016526494175196,0.09585084312129766
58.020658725406975,0.09585084312129766
58.02479095663875,0.09585084312129766
58.02892318787053,0.09585084312129766
58.03305541910231,0.0945378178730607
58.03718765033409,0.0945378178730607
58.04131988156587,0.09322479262482375
58.04545211279765,0.09322479262482375
58.04958434402943,0.0945378178730607
58.053716575261205,0.0945378178730607
58.057848806492984,0.09585084312129766
58.06198103772476,0.09322479262482375
58.06611326895654,0.0919117673765868
58.07024550018832,0.09322479262482375
58.0743777314201,0.0945378178730607
58.07850996265188,0.0945378178730607
58.08264219388366,0.09716386836953461
58.086774425115436,0.0945378178730607
58.090906656347215,0.09585084312129766
58.095038887578994,0.09585084312129766
58.09917111881077,0.0945378178730607
58.10330335004255,0.09322479262482375
58.10743558127433,0.0945378178730607
58.11156781250611,0.0945378178730607
58.11570004373789,0.09585084312129766
58.11983227496967,0.0945378178730607
58.123964506201446,0.09585084312129766
58.128096737433225,0.0945378178730607
58.132228968665004,0.09322479262482375
58.13636119989678,0.0945378178730607
58.14049343112856,0.0945378178730607
58.14462566236034,0.09322479262482375
58.14875789359212,0.0945378178730607
58.1528901248239,0.0945378178730607
58.15702235605568,0.0945378178730607
58.161154587287456,0.0945378178730607
58.165286818519235,0.09585084312129766
58.16941904975101,0.0945378178730607
58.17355128098279,0.09322479262482375
58.17768351221457,0.09322479262482375
58.18181574344635,0.09322479262482375
58.18594797467813,0.09322479262482375
58.19008020590991,0.0919117673765868
58.19421243714169,0.0919117673765868
58.198344668373466,0.09322479262482375
58.202476899605244,0.0919117673765868
58.20660913083702,0.0919117673765868
58.2107413620688,0.09322479262482375
58.21487359330058,0.09322479262482375
58.21900582453236,0.09322479262482375
58.22313805576414,0.09585084312129766
58.22727028699592,0.09585084312129766
58.231402518227696,0.09585084312129766
58.235534749459475,0.09322479262482375
58.239666980691254,0.09322479262482375
58.24379921192303,0.09322479262482375
58.24793144315481,0.09322479262482375
58.25206367438659,0.09322479262482375
58.25619590561837,0.09322479262482375
58.26032813685015,0.09322479262482375
58.26446036808193,0.0945378178730607
58.268592599313706,0.09322479262482375
58.272724830545485,0.0945378178730607
58.276857061777264,0.0919117673765868
58.28098929300904,0.09322479262482375
58.28512152424082,0.0945378178730607
58.2892537554726,0.09322479262482375
58.29338598670438,0.0945378178730607
58.29751821793616,0.0945378178730607
58.30165044916794,0.09585084312129766
58.305782680399716,0.0945378178730607
58.309914911631495,0.09322479262482375
58.314047142863274,0.09322479262482375
58.31817937409505,0.0945378178730607
58.32231160532683,0.09585084312129766
58.32644383655861,0.0919117673765868
58.33057606779039,0.0919117673765868
58.33470829902217,0.09322479262482375
58.33884053025395,0.09322479262482375
58.342972761485726,0.09322479262482375
58.347104992717505,0.0919117673765868
58.35123722394928,0.09322479262482375
58.35536945518106,0.09585084312129766
58.35950168641284,0.09585084312129766
58.36363391764462,0.0945378178730607
58.3677661488764,0.0945378178730607
58.37189838010818,0.0945378178730607
58.37603061133996,0.0945378178730607
58.380162842571735,0.0945378178730607
58.384295073803514,0.09322479262482375
58.38842730503529,0.0945378178730607
58.39255953626707,0.09585084312129766
58.39669176749885,0.0945378178730607
58.40082399873063,0.09322479262482375
58.40495622996241,0.09322479262482375
58.40908846119419,0.09322479262482375
58.413220692425966,0.0919117673765868
58.417352923657745,0.0919117673765868
58.421485154889524,0.0919117673765868
58.4256173861213,0.0945378178730607
58.42974961735308,0.0945378178730607
58.43388184858486,0.0945378178730607
58.43801407981664,0.0945378178730607
58.44214631104842,0.09322479262482375
58.4462785422802,0.09322479262482375
58.450410773511976,0.0919117673765868
58.454543004743755,0.09322479262482375
58.458675235975534,0.0945378178730607
58.46280746720731,0.0945378178730607
58.46693969843909,0.0945378178730607
58.47107192967087,0.09585084312129766
58.47520416090265,0.09322479262482375
58.47933639213443,0.0945378178730607
58.48346862336621,0.09322479262482375
58.487600854597986,0.09322479262482375
58.491733085829765,0.0945378178730607
58.49586531706154,0.09322479262482375
58.49999754829332,0.09322479262482375
58.5041297795251,0.09322479262482375
58.50826201075688,0.0945378178730607
58.51239424198866,0.09585084312129766
58.51652647322044,0.0945378178730607
58.52065870445222,0.09322479262482375
58.524790935683995,0.09585084312129766
58.528923166915774,0.0945378178730607
58.53305539814755,0.09322479262482375
58.53718762937933,0.09322479262482375
58.54131986061111,0.09585084312129766
58.54545209184289,0.0945378178730607
58.54958432307467,0.0945378178730607
58.55371655430645,0.0945378178730607
58.557848785538226,0.09322479262482375
58.561981016770005,0.0945378178730607
58.566113248001784,0.0945378178730607
58.57024547923356,0.0945378178730607
58.57437771046534,0.09322479262482375
58.57850994169712,0.0945378178730607
58.5826421729289,0.09322479262482375
58.58677440416068,0.0945378178730607
58.59090663539246,0.0945378178730607
58.595038866624236,0.0945378178730607
58.599171097856015,0.0945378178730607
58.603303329087794,0.0919117673765868
58.60743556031957,0.09322479262482375
58.61156779155135,0.0945378178730607
58.61570002278313,0.09322479262482375
58.61983225401491,0.09322479262482375
58.62396448524669,0.09322479262482375
58.62809671647847,0.0945378178730607
58.632228947710246,0.0945378178730607
58.636361178942025,0.09585084312129766
58.640493410173804,0.09585084312129766
58.64462564140558,0.09585084312129766
58.64875787263736,0.09716386836953461
58.65289010386914,0.09585084312129766
58.65702233510092,0.09322479262482375
58.6611545663327,0.09322479262482375
58.66528679756448,0.0945378178730607
58.669419028796256,0.09322479262482375
58.673551260028034,0.0945378178730607
58.67768349125981,0.09322479262482375
58.68181572249159,0.0945378178730607
58.68594795372337,0.0945378178730607
58.69008018495515,0.0945378178730607
58.69421241618693,0.0945378178730607
58.69834464741871,0.0945378178730607
58.70247687865049,0.09585084312129766
58.706609109882265,0.09322479262482375
58.710741341114044,0.0945378178730607
58.71487357234582,0.0945378178730607
58.7190058035776,0.09585084312129766
58.72313803480938,0.0945378178730607
58.72727026604116,0.09585084312129766
58.73140249727294,0.0945378178730607
58.73553472850472,0.0945378178730607
58.739666959736496,0.0945378178730607
58.743799190968275,0.09322479262482375
58.747931422200054,0.09585084312129766
58.75206365343183,0.0945378178730607
58.75619588466361,0.09585084312129766
58.76032811589539,0.0945378178730607
58.76446034712717,0.09585084312129766
58.76859257835895,0.09322479262482375
58.77272480959073,0.09585084312129766
58.776857040822506,0.09585084312129766
58.780989272054285,0.09585084312129766
58.785121503286064,0.09585084312129766
58.78925373451784,0.09585084312129766
58.79338596574962,0.09585084312129766
58.7975181969814,0.0945378178730607
58.80165042821318,0.09716386836953461
58.80578265944496,0.0945378178730607
58.80991489067674,0.0945378178730607
58.814047121908516,0.09585084312129766
58.818179353140295,0.09585084312129766
58.82231158437207,0.09585084312129766
58.82644381560385,0.0945378178730607
58.83057604683563,0.09322479262482375
58.83470827806741,0.0945378178730607
58.83884050929919,0.09585084312129766
58.84297274053097,0.09585084312129766
58.84710497176275,0.09585084312129766
58.851237202994525,0.09585084312129766
58.855369434226304,0.09716386836953461
58.85950166545808,0.09716386836953461
58.86363389668986,0.0945378178730607
58.86776612792164,0.09585084312129766
58.87189835915342,0.09585084312129766
58.8760305903852,0.0945378178730607
58.88016282161698,0.09585084312129766
58.884295052848756,0.09585084312129766
58.888427284080535,0.09585084312129766
58.892559515312314,0.0945378178730607
58.89669174654409,0.09585084312129766
58.90082397777587,0.09716386836953461
58.90495620900765,0.09585084312129766
58.90908844023943,0.09585084312129766
58.91322067147121,0.09585084312129766
58.91735290270299,0.0945378178730607
58.921485133934766,0.0945378178730607
58.925617365166545,0.09716386836953461
58.929749596398324,0.09585084312129766
58.9338818276301,0.09716386836953461
58.93801405886188,0.0945378178730607
58.94214629009366,0.09585084312129766
58.94627852132544,0.09585084312129766
58.95041075255722,0.0945378178730607
58.954542983789,0.09585084312129766
58.958675215020776,0.09585084312129766
58.962807446252555,0.0945378178730607
58.96693967748433,0.09716386836953461
58.97107190871611,0.09585084312129766
58.97520413994789,0.09716386836953461
58.97933637117967,0.09716386836953461
58.98346860241145,0.09585084312129766
58.98760083364323,0.0945378178730607
58.99173306487501,0.09585084312129766
58.995865296106786,0.09716386836953461
58.999997527338564,0.09716386836953461
59.00412975857034,0.09585084312129766
59.00826198980212,0.09585084312129766
59.0123942210339,0.09716386836953461
59.01652645226568,0.09585084312129766
59.02065868349746,0.09322479262482375
59.02479091472924,0.0945378178730607
59.028923145961016,0.09716386836953461
59.033055377192795,0.09716386836953461
59.037187608424574,0.09585084312129766
59.04131983965635,0.09585084312129766
59.04545207088813,0.09585084312129766
59.04958430211991,0.09585084312129766
59.05371653335169,0.09585084312129766
59.05784876458347,0.09585084312129766
59.06198099581525,0.09585084312129766
59.066113227047026,0.09585084312129766
59.070245458278805,0.09716386836953461
59.074377689510584,0.09585084312129766
59.07850992074236,0.09585084312129766
59.08264215197414,0.0945378178730607
59.08677438320592,0.09585084312129766
59.0909066144377,0.09716386836953461
59.09503884566948,0.09585084312129766
59.09917107690126,0.09585084312129766
59.103303308133036,0.09585084312129766
59.107435539364815,0.0945378178730607
59.111567770596594,0.0945378178730607
59.11570000182837,0.09585084312129766
59.11983223306015,0.09585084312129766
59.12396446429193,0.09585084312129766
59.12809669552371,0.09585084312129766
59.13222892675549,0.09716386836953461
59.13636115798727,0.09585084312129766
59.140493389219046,0.0945378178730607
59.144625620450824,0.09716386836953461
59.1487578516826,0.0945378178730607
59.15289008291438,0.0945378178730607
59.15702231414616,0.0945378178730607
59.16115454537794,0.09585084312129766
59.16528677660972,0.09585084312129766
59.1694190078415,0.09585084312129766
59.17355123907328,0.09716386836953461
59.177683470305055,0.09585084312129766
59.181815701536834,0.09585084312129766
59.18594793276861,0.0945378178730607
59.19008016400039,0.09585084312129766
59.19421239523217,0.0945378178730607
59.19834462646395,0.09585084312129766
59.20247685769573,0.09716386836953461
59.20660908892751,0.0945378178730607
59.210741320159286,0.09716386836953461
59.214873551391065,0.09716386836953461
59.219005782622844,0.0945378178730607
59.22313801385462,0.09585084312129766
59.2272702450864,0.09585084312129766
59.23140247631818,0.09585084312129766
59.23553470754996,0.09585084312129766
59.23966693878174,0.09585084312129766
59.24379917001352,0.09716386836953461
59.247931401245296,0.0945378178730607
59.252063632477075,0.0945378178730607
59.256195863708854,0.0945378178730607
59.26032809494063,0.09585084312129766
59.26446032617241,0.09585084312129766
59.26859255740419,0.09585084312129766
59.27272478863597,0.09716386836953461
59.27685701986775,0.09716386836953461
59.28098925109953,0.09585084312129766
59.285121482331306,0.09322479262482375
59.289253713563085,0.09585084312129766
59.29338594479486,0.0945378178730607
59.29751817602664,0.09716386836953461
59.30165040725842,0.09716386836953461
59.3057826384902,0.09716386836953461
59.30991486972198,0.09716386836953461
59.31404710095376,0.09716386836953461
59.31817933218554,0.0945378178730607
59.322311563417315,0.09585084312129766
59.326443794649094,0.0945378178730607
59.33057602588087,0.09585084312129766
59.33470825711265,0.09585084312129766
59.33884048834443,0.09716386836953461
59.34297271957621,0.09585084312129766
59.34710495080799,0.09585084312129766
59.35123718203977,0.09585084312129766
59.355369413271546,0.0945378178730607
59.359501644503325,0.09585084312129766
59.363633875735104,0.0945378178730607
59.36776610696688,0.0945378178730607
59.37189833819866,0.09585084312129766
59.37603056943044,0.0945378178730607
59.38016280066222,0.09716386836953461
59.384295031894,0.09716386836953461
59.38842726312578,0.09585084312129766
59.392559494357556,0.09585084312129766
59.396691725589335,0.09716386836953461
59.400823956821114,0.0945378178730607
59.40495618805289,0.09585084312129766
59.40908841928467,0.09585084312129766
59.41322065051645,0.09716386836953461
59.41735288174823,0.09585084312129766
59.42148511298001,0.0945378178730607
59.42561734421179,0.09585084312129766
59.429749575443566,0.0945378178730607
59.433881806675345,0.0945378178730607
59.438014037907124,0.0945378178730607
59.4421462691389,0.09585084312129766
59.44627850037068,0.09585084312129766
59.45041073160246,0.09585084312129766
59.45454296283424,0.09585084312129766
59.45867519406602,0.09585084312129766
59.4628074252978,0.0945378178730607
59.466939656529576,0.09585084312129766
59.471071887761354,0.09585084312129766
59.47520411899313,0.09716386836953461
59.47933635022491,0.09585084312129766
59.48346858145669,0.09585084312129766
59.48760081268847,0.09585084312129766
59.49173304392025,0.09585084312129766
59.49586527515203,0.0919117673765868
59.49999750638381,0.0945378178730607
59.504129737615585,0.0945378178730607
59.508261968847364,0.0945378178730607
59.51239420007914,0.0945378178730607
59.51652643131092,0.09585084312129766
59.5206586625427,0.09585084312129766
59.52479089377448,0.0945378178730607
59.52892312500626,0.0945378178730607
59.53305535623804,0.0945378178730607
59.537187587469816,0.09585084312129766
59.541319818701595,0.09585084312129766
59.545452049933374,0.09585084312129766
59.54958428116515,0.0945378178730607
59.55371651239693,0.0945378178730607
59.55784874362871,0.09585084312129766
59.56198097486049,0.09716386836953461
59.56611320609227,0.0945378178730607
59.57024543732405,0.09322479262482375
59.574377668555826,0.0945378178730607
59.578509899787605,0.0945378178730607
59.582642131019384,0.09585084312129766
59.58677436225116,0.09585084312129766
59.59090659348294,0.09585084312129766
59.59503882471472,0.09585084312129766
59.5991710559465,0.09322479262482375
59.60330328717828,0.0945378178730607
59.60743551841006,0.09585084312129766
59.611567749641836,0.09585084312129766
59.615699980873615,0.0945378178730607
59.61983221210539,0.0945378178730607
59.62396444333717,0.0945378178730607
59.62809667456895,0.0945378178730607
59.63222890580073,0.09716386836953461
59.63636113703251,0.0945378178730607
59.64049336826429,0.0945378178730607
59.64462559949607,0.0945378178730607
59.648757830727845,0.09585084312129766
59.652890061959624,0.0945378178730607
59.6570222931914,0.09585084312129766
59.66115452442318,0.09585084312129766
59.66528675565496,0.09585084312129766
59.66941898688674,0.0945378178730607
59.67355121811852,0.0945378178730607
59.6776834493503,0.09322479262482375
59.681815680582076,0.0945378178730607
59.685947911813855,0.09585084312129766
59.690080143045634,0.09585084312129766
59.69421237427741,0.0945378178730607
59.69834460550919,0.09585084312129766
59.70247683674097,0.09322479262482375
59.70660906797275,0.0945378178730607
59.71074129920453,0.0945378178730607
59.71487353043631,0.0945378178730607
59.719005761668086,0.0945378178730607
59.723137992899865,0.0945378178730607
59.727270224131644,0.09585084312129766
59.73140245536342,0.0945378178730607
59.7355346865952,0.0945378178730607
59.73966691782698,0.0945378178730607
59.74379914905876,0.0945378178730607
59.74793138029054,0.09585084312129766
59.75206361152232,0.0945378178730607
59.756195842754096,0.0945378178730607
59.760328073985875,0.09585084312129766
59.76446030521765,0.0945378178730607
59.76859253644943,0.0945378178730607
59.77272476768121,0.0945378178730607
59.77685699891299,0.0945378178730607
59.78098923014477,0.0945378178730607
59.78512146137655,0.09322479262482375
59.78925369260833,0.0945378178730607
59.793385923840106,0.0945378178730607
59.797518155071884,0.09585084312129766
59.80165038630366,0.09585084312129766
59.80578261753544,0.09585084312129766
59.80991484876722,0.0945378178730607
59.814047079999,0.0945378178730607
59.81817931123078,0.09585084312129766
59.82231154246256,0.0945378178730607
59.826443773694336,0.09585084312129766
59.830576004926115,0.09322479262482375
59.834708236157894,0.0945378178730607
59.83884046738967,0.09322479262482375
59.84297269862145,0.09322479262482375
59.84710492985323,0.09322479262482375
59.85123716108501,0.09585084312129766
59.85536939231679,0.0945378178730607
59.85950162354857,0.0945378178730607
59.863633854780346,0.09585084312129766
59.867766086012125,0.0945378178730607
59.871898317243904,0.09585084312129766
59.87603054847568,0.09585084312129766
59.88016277970746,0.0945378178730607
59.88429501093924,0.0945378178730607
59.88842724217102,0.0945378178730607
59.8925594734028,0.09585084312129766
59.89669170463458,0.09322479262482375
59.900823935866356,0.09585084312129766
59.904956167098135,0.09585084312129766
59.909088398329914,0.0945378178730607
59.91322062956169,0.0945378178730607
59.91735286079347,0.09585084312129766
59.92148509202525,0.0945378178730607
59.92561732325703,0.09322479262482375
59.92974955448881,0.09322479262482375
59.93388178572059,0.09322479262482375
59.938014016952366,0.0945378178730607
59.942146248184144,0.0945378178730607
59.94627847941592,0.0945378178730607
59.9504107106477,0.0945378178730607
59.95454294187948,0.09585084312129766
59.95867517311126,0.0945378178730607
59.96280740434304,0.09585084312129766
59.96693963557482,0.09585084312129766
59.9710718668066,0.09322479262482375
59.975204098038375,0.09322479262482375
59.979336329270154,0.0945378178730607
59.98346856050193,0.0919117673765868
59.98760079173371,0.09585084312129766
59.99173302296549,0.0945378178730607
59.99586525419727,0.09322479262482375
59.99999748542905,0.0945378178730607
60.00412971666083,0.0945378178730607
60.008261947892606,0.0945378178730607
60.012394179124385,0.09322479262482375
60.016526410356164,0.0945378178730607
60.02065864158794,0.09585084312129766
60.02479087281972,0.0945378178730607
60.0289231040515,0.0945378178730607
60.03305533528328,0.09585084312129766
60.03718756651506,0.09585084312129766
60.04131979774684,0.0945378178730607
60.045452028978616,0.0945378178730607
60.049584260210395,0.0945378178730607
60.053716491442174,0.0945378178730607
60.05784872267395,0.09322479262482375
60.06198095390573,0.09322479262482375
60.06611318513751,0.0945378178730607
60.07024541636929,0.0945378178730607
60.07437764760107,0.09585084312129766
60.07850987883285,0.09585084312129766
60.082642110064626,0.0945378178730607
60.086774341296405,0.09322479262482375
60.09090657252818,0.09322479262482375
60.09503880375996,0.0945378178730607
60.09917103499174,0.09585084312129766
60.10330326622352,0.0945378178730607
60.1074354974553,0.0945378178730607
60.11156772868708,0.09322479262482375
60.11569995991886,0.0945378178730607
60.119832191150635,0.09322479262482375
60.123964422382414,0.09322479262482375
60.12809665361419,0.09585084312129766
60.13222888484597,0.09585084312129766
60.13636111607775,0.0945378178730607
60.14049334730953,0.09585084312129766
60.14462557854131,0.09322479262482375
60.14875780977309,0.09322479262482375
60.152890041004866,0.0945378178730607
60.157022272236645,0.0945378178730607
60.161154503468424,0.09585084312129766
60.1652867347002,0.09585084312129766
60.16941896593198,0.0945378178730607
60.17355119716376,0.09585084312129766
60.17768342839554,0.09716386836953461
60.18181565962732,0.0945378178730607
60.1859478908591,0.09322479262482375
60.190080122090876,0.0919117673765868
60.194212353322655,0.0945378178730607
60.198344584554434,0.0945378178730607
60.20247681578621,0.0945378178730607
60.20660904701799,0.09585084312129766
60.21074127824977,0.0945378178730607
60.21487350948155,0.09322479262482375
60.21900574071333,0.09322479262482375
60.22313797194511,0.0945378178730607
60.227270203176886,0.09322479262482375
60.231402434408665,0.0945378178730607
60.235534665640444,0.09322479262482375
60.23966689687222,0.0945378178730607
60.243799128104,0.0945378178730607
60.24793135933578,0.0945378178730607
60.25206359056756,0.09322479262482375
60.25619582179934,0.0945378178730607
60.26032805303112,0.0945378178730607
60.264460284262896,0.09322479262482375
60.268592515494674,0.09585084312129766
60.27272474672645,0.0945378178730607
60.27685697795823,0.0945378178730607
60.28098920919001,0.09322479262482375
60.28512144042179,0.09322479262482375
60.28925367165357,0.0945378178730607
60.29338590288535,0.09322479262482375
60.29751813411713,0.09585084312129766
60.301650365348905,0.0945378178730607
60.305782596580684,0.09585084312129766
60.30991482781246,0.09585084312129766
60.31404705904424,0.09585084312129766
60.31817929027602,0.0945378178730607
60.3223115215078,0.0919117673765868
60.32644375273958,0.09322479262482375
60.33057598397136,0.0919117673765868
60.334708215203136,0.0919117673765868
60.338840446434915,0.0945378178730607
60.342972677666694,0.09585084312129766
60.34710490889847,0.0945378178730607
60.35123714013025,0.0945378178730607
60.35536937136203,0.09322479262482375
60.35950160259381,0.0945378178730607
60.36363383382559,0.0945378178730607
60.36776606505737,0.09585084312129766
60.371898296289146,0.09322479262482375
60.376030527520925,0.09322479262482375
60.380162758752704,0.0945378178730607
60.38429498998448,0.09322479262482375
60.38842722121626,0.0919117673765868
60.39255945244804,0.09322479262482375
60.39669168367982,0.0945378178730607
60.4008239149116,0.09322479262482375
60.40495614614338,0.0919117673765868
60.409088377375156,0.0945378178730607
60.413220608606935,0.09322479262482375
60.41735283983871,0.09322479262482375
60.42148507107049,0.09322479262482375
60.42561730230227,0.0945378178730607
60.42974953353405,0.09322479262482375
60.43388176476583,0.0945378178730607
60.43801399599761,0.0945378178730607
60.44214622722939,0.0945378178730607
60.446278458461165,0.0945378178730607
60.450410689692944,0.0945378178730607
60.45454292092472,0.0919117673765868
60.4586751521565,0.09322479262482375
60.46280738338828,0.0919117673765868
60.46693961462006,0.0919117673765868
60.47107184585184,0.0919117673765868
60.47520407708362,0.09322479262482375
60.479336308315396,0.0945378178730607
60.483468539547175,0.09322479262482375
60.487600770778954,0.0945378178730607
60.49173300201073,0.09585084312129766
60.49586523324251,0.09585084312129766
60.49999746447429,0.0919117673765868
60.50412969570607,0.09322479262482375
60.50826192693785,0.09322479262482375
60.51239415816963,0.09322479262482375
60.516526389401406,0.0945378178730607
60.520658620633185,0.09322479262482375
60.524790851864964,0.0945378178730607
60.52892308309674,0.0945378178730607
60.53305531432852,0.0945378178730607
60.5371875455603,0.0919117673765868
60.54131977679208,0.09322479262482375
60.54545200802386,0.09322479262482375
60.54958423925564,0.09322479262482375
60.553716470487416,0.09322479262482375
60.557848701719195,0.0945378178730607
60.56198093295097,0.09322479262482375
60.56611316418275,0.0945378178730607
60.57024539541453,0.0945378178730607
60.57437762664631,0.09322479262482375
60.57850985787809,0.0945378178730607
60.58264208910987,0.09322479262482375
60.58677432034165,0.09322479262482375
60.590906551573426,0.0945378178730607
60.595038782805204,0.0919117673765868
60.59917101403698,0.0945378178730607
60.60330324526876,0.09322479262482375
60.60743547650054,0.0945378178730607
60.61156770773232,0.09322479262482375
60.6156999389641,0.0945378178730607
60.61983217019588,0.09322479262482375
60.623964401427656,0.0945378178730607
60.628096632659435,0.0945378178730607
60.632228863891214,0.0945378178730607
60.63636109512299,0.09585084312129766
60.64049332635477,0.0945378178730607
60.64462555758655,0.0945378178730607
60.64875778881833,0.09322479262482375
60.65289002005011,0.09322479262482375
60.65702225128189,0.0945378178730607
60.661154482513666,0.0945378178730607
60.665286713745445,0.09585084312129766
60.669418944977224,0.09322479262482375
60.673551176209,0.0945378178730607
60.67768340744078,0.0919117673765868
60.68181563867256,0.09585084312129766
60.68594786990434,0.09322479262482375
60.69008010113612,0.09322479262482375
60.6942123323679,0.09322479262482375
60.698344563599676,0.09585084312129766
60.702476794831455,0.09322479262482375
60.706609026063234,0.09585084312129766
60.71074125729501,0.0945378178730607
60.71487348852679,0.09322479262482375
60.71900571975857,0.09322479262482375
60.72313795099035,0.09322479262482375
60.72727018222213,0.0945378178730607
60.73140241345391,0.09322479262482375
60.735534644685686,0.0945378178730607
60.739666875917464,0.0945378178730607
60.74379910714924,0.0945378178730607
60.74793133838102,0.09322479262482375
60.7520635696128,0.0919117673765868
60.75619580084458,0.0919117673765868
60.76032803207636,0.09322479262482375
60.76446026330814,0.09322479262482375
60.76859249453992,0.0945378178730607
60.772724725771695,0.09585084312129766
60.776856957003474,0.0945378178730607
60.78098918823525,0.09322479262482375
60.78512141946703,0.09322479262482375
60.78925365069881,0.0945378178730607
60.79338588193059,0.0945378178730607
60.79751811316237,0.0945378178730607
60.80165034439415,0.09322479262482375
60.805782575625926,0.09322479262482375
60.809914806857705,0.0945378178730607
60.814047038089484,0.09322479262482375
60.81817926932126,0.0945378178730607
60.82231150055304,0.0919117673765868
60.82644373178482,0.0945378178730607
60.8305759630166,0.0945378178730607
60.83470819424838,0.09585084312129766
60.83884042548016,0.09322479262482375
60.842972656711936,0.09585084312129766
60.847104887943715,0.09322479262482375
60.851237119175494,0.0945378178730607
60.85536935040727,0.09322479262482375
60.85950158163905,0.09585084312129766
60.86363381287083,0.0945378178730607
60.86776604410261,0.09322479262482375
60.87189827533439,0.09322479262482375
60.87603050656617,0.0945378178730607
60.880162737797946,0.0945378178730607
60.884294969029725,0.0945378178730607
60.8884272002615,0.09322479262482375
60.89255943149328,0.0945378178730607
60.89669166272506,0.09322479262482375
60.90082389395684,0.0945378178730607
60.90495612518862,0.0945378178730607
60.9090883564204,0.0945378178730607
60.91322058765218,0.0945378178730607
60.917352818883955,0.09322479262482375
60.921485050115734,0.0945378178730607
60.92561728134751,0.0945378178730607
60.92974951257929,0.09585084312129766
60.93388174381107,0.09585084312129766
60.93801397504285,0.0945378178730607
60.94214620627463,0.0945378178730607
60.94627843750641,0.0919117673765868
60.950410668738186,0.09322479262482375
60.954542899969965,0.09322479262482375
60.958675131201744,0.0945378178730607
60.96280736243352,0.09585084312129766
60.9669395936653,0.0945378178730607
60.97107182489708,0.09322479262482375
60.97520405612886,0.09585084312129766
60.97933628736064,0.0945378178730607
60.98346851859242,0.0945378178730607
60.987600749824196,0.0945378178730607
60.991732981055975,0.0945378178730607
60.995865212287754,0.0919117673765868
60.99999744351953,0.09585084312129766
61.00412967475131,0.0945378178730607
61.00826190598309,0.0945378178730607
61.01239413721487,0.09322479262482375
61.01652636844665,0.09585084312129766
61.02065859967843,0.09716386836953461
61.024790830910206,0.09322479262482375
61.028923062141985,0.09585084312129766
61.033055293373764,0.0945378178730607
61.03718752460554,0.09585084312129766
61.04131975583732,0.09322479262482375
61.0454519870691,0.0945378178730607
61.04958421830088,0.09322479262482375
61.05371644953266,0.09585084312129766
61.05784868076444,0.0945378178730607
61.061980911996216,0.09585084312129766
61.066113143227994,0.0945378178730607
61.07024537445977,0.0945378178730607
61.07437760569155,0.0945378178730607
61.07850983692333,0.0945378178730607
61.08264206815511,0.09322479262482375
61.08677429938689,0.0945378178730607
61.09090653061867,0.09322479262482375
61.09503876185045,0.0945378178730607
61.099170993082225,0.09585084312129766
61.103303224314004,0.0945378178730607
61.10743545554578,0.09716386836953461
61.11156768677756,0.0919117673765868
61.11569991800934,0.09322479262482375
61.11983214924112,0.0945378178730607
61.1239643804729,0.09322479262482375
61.12809661170468,0.0945378178730607
61.132228842936456,0.09585084312129766
61.136361074168235,0.0945378178730607
61.140493305400014,0.09585084312129766
61.14462553663179,0.09585084312129766
61.14875776786357,0.0945378178730607
61.15288999909535,0.09585084312129766
61.15702223032713,0.09322479262482375
61.16115446155891,0.0945378178730607
61.16528669279069,0.0945378178730607
61.169418924022466,0.0945378178730607
61.173551155254245,0.0945378178730607
61.177683386486024,0.09585084312129766
61.1818156177178,0.09585084312129766
61.18594784894958,0.0945378178730607
61.19008008018136,0.0945378178730607
61.19421231141314,0.0945378178730607
61.19834454264492,0.09585084312129766
61.2024767738767,0.09716386836953461
61.206609005108476,0.09585084312129766
61.210741236340255,0.0945378178730607
61.21487346757203,0.0945378178730607
61.21900569880381,0.0945378178730607
61.22313793003559,0.0945378178730607
61.22727016126737,0.0945378178730607
61.23140239249915,0.0945378178730607
61.23553462373093,0.09322479262482375
61.23966685496271,0.09322479262482375
61.243799086194485,0.09585084312129766
61.247931317426264,0.0945378178730607
61.25206354865804,0.0945378178730607
61.25619577988982,0.0945378178730607
61.2603280111216,0.0945378178730607
61.26446024235338,0.09322479262482375
61.26859247358516,0.09585084312129766
61.27272470481694,0.09585084312129766
61.276856936048716,0.09585084312129766
61.280989167280495,0.0945378178730607
61.285121398512274,0.09585084312129766
61.28925362974405,0.0945378178730607
61.29338586097583,0.09322479262482375
61.29751809220761,0.0945378178730607
61.30165032343939,0.0945378178730607
61.30578255467117,0.0945378178730607
61.30991478590295,0.09585084312129766
61.314047017134726,0.09716386836953461
61.318179248366505,0.09585084312129766
61.322311479598284,0.09585084312129766
61.32644371083006,0.09585084312129766
61.33057594206184,0.0945378178730607
61.33470817329362,0.09322479262482375
61.3388404045254,0.0945378178730607
61.34297263575718,0.0945378178730607
61.34710486698896,0.09585084312129766
61.351237098220736,0.0945378178730607
61.355369329452515,0.09585084312129766
61.35950156068429,0.09585084312129766
61.36363379191607,0.0945378178730607
61.36776602314785,0.09585084312129766
61.37189825437963,0.0945378178730607
61.37603048561141,0.09322479262482375
61.38016271684319,0.09585084312129766
61.38429494807497,0.0945378178730607
61.388427179306746,0.09322479262482375
61.392559410538524,0.0945378178730607
61.3966916417703,0.09716386836953461
61.40082387300208,0.09585084312129766
61.40495610423386,0.09585084312129766
61.40908833546564,0.09585084312129766
61.41322056669742,0.09585084312129766
61.4173527979292,0.09322479262482375
61.421485029160976,0.09585084312129766
61.425617260392755,0.09322479262482375
61.429749491624534,0.09585084312129766
61.43388172285631,0.09585084312129766
61.43801395408809,0.09322479262482375
61.44214618531987,0.0945378178730607
61.44627841655165,0.09585084312129766
61.45041064778343,0.0945378178730607
61.45454287901521,0.0945378178730607
61.458675110246986,0.09585084312129766
61.462807341478765,0.09585084312129766
61.466939572710544,0.09585084312129766
61.47107180394232,0.09585084312129766
61.4752040351741,0.09716386836953461
61.47933626640588,0.09716386836953461
61.48346849763766,0.09716386836953461
61.48760072886944,0.09585084312129766
61.49173296010122,0.09585084312129766
61.495865191332996,0.09716386836953461
61.499997422564775,0.0945378178730607
61.504129653796554,0.09322479262482375
61.50826188502833,0.0945378178730607
61.51239411626011,0.09585084312129766
61.51652634749189,0.0945378178730607
61.52065857872367,0.09585084312129766
61.52479080995545,0.09585084312129766
61.52892304118723,0.09585084312129766
61.533055272419006,0.09585084312129766
61.537187503650784,0.09716386836953461
61.54131973488256,0.09716386836953461
61.54545196611434,0.09716386836953461
61.54958419734612,0.09585084312129766
61.5537164285779,0.09585084312129766
61.55784865980968,0.09585084312129766
61.56198089104146,0.0945378178730607
61.56611312227324,0.09585084312129766
61.570245353505015,0.09585084312129766
61.574377584736794,0.09585084312129766
61.57850981596857,0.0945378178730607
61.58264204720035,0.09585084312129766
61.58677427843213,0.09585084312129766
61.59090650966391,0.0945378178730607
61.59503874089569,0.09585084312129766
61.59917097212747,0.09585084312129766
61.603303203359246,0.0945378178730607
61.607435434591025,0.09716386836953461
61.611567665822804,0.09585084312129766
61.61569989705458,0.09585084312129766
61.61983212828636,0.0945378178730607
61.62396435951814,0.09585084312129766
61.62809659074992,0.09585084312129766
61.6322288219817,0.0945378178730607
61.63636105321348,0.09585084312129766
61.640493284445256,0.09585084312129766
61.644625515677035,0.09585084312129766
61.648757746908814,0.0945378178730607
61.65288997814059,0.09585084312129766
61.65702220937237,0.09716386836953461
61.66115444060415,0.09585084312129766
61.66528667183593,0.09585084312129766
61.66941890306771,0.0945378178730607
61.67355113429949,0.0945378178730607
61.677683365531266,0.09716386836953461
61.681815596763045,0.09716386836953461
61.68594782799482,0.09716386836953461
61.6900800592266,0.09716386836953461
61.69421229045838,0.09585084312129766
61.69834452169016,0.09585084312129766
61.70247675292194,0.09585084312129766
61.70660898415372,0.09585084312129766
61.7107412153855,0.09585084312129766
61.714873446617275,0.09716386836953461
61.719005677849054,0.09585084312129766
61.72313790908083,0.09585084312129766
61.72727014031261,0.09585084312129766
61.73140237154439,0.0945378178730607
61.73553460277617,0.09585084312129766
61.73966683400795,0.09585084312129766
61.74379906523973,0.09716386836953461
61.747931296471506,0.09585084312129766
61.752063527703285,0.09585084312129766
61.756195758935064,0.09585084312129766
61.76032799016684,0.09585084312129766
61.76446022139862,0.09585084312129766
61.7685924526304,0.0945378178730607
61.77272468386218,0.0945378178730607
61.77685691509396,0.0945378178730607
61.78098914632574,0.09585084312129766
61.785121377557516,0.09585084312129766
61.789253608789295,0.0945378178730607
61.793385840021074,0.0945378178730607
61.79751807125285,0.09322479262482375
61.80165030248463,0.09585084312129766
61.80578253371641,0.09716386836953461
61.80991476494819,0.09585084312129766
61.81404699617997,0.09716386836953461
61.81817922741175,0.09716386836953461
61.822311458643526,0.09716386836953461
61.826443689875305,0.09585084312129766
61.830575921107084,0.09716386836953461
61.83470815233886,0.09585084312129766
61.83884038357064,0.09585084312129766
61.84297261480242,0.09585084312129766
61.8471048460342,0.09585084312129766
61.85123707726598,0.09585084312129766
61.85536930849776,0.0945378178730607
61.859501539729536,0.0945378178730607
61.863633770961314,0.0945378178730607
61.86776600219309,0.09716386836953461
61.87189823342487,0.09716386836953461
61.87603046465665,0.09716386836953461
61.88016269588843,0.09585084312129766
61.88429492712021,0.09716386836953461
61.88842715835199,0.0945378178730607
61.89255938958377,0.09585084312129766
61.896691620815545,0.09585084312129766
61.900823852047324,0.0945378178730607
61.9049560832791,0.09716386836953461
61.90908831451088,0.0945378178730607
61.91322054574266,0.09585084312129766
61.91735277697444,0.09585084312129766
61.92148500820622,0.09585084312129766
61.925617239438,0.09585084312129766
61.929749470669776,0.09585084312129766
61.933881701901555,0.09585084312129766
61.938013933133334,0.09585084312129766
61.94214616436511,0.0945378178730607
61.94627839559689,0.09585084312129766
61.95041062682867,0.09585084312129766
61.95454285806045,0.09585084312129766
61.95867508929223,0.09716386836953461
61.96280732052401,0.09585084312129766
61.966939551755786,0.09716386836953461
61.971071782987565,0.09585084312129766
61.975204014219344,0.09585084312129766
61.97933624545112,0.0945378178730607
61.9834684766829,0.0945378178730607
61.98760070791468,0.09585084312129766
61.99173293914646,0.09716386836953461
61.99586517037824,0.09585084312129766
61.99999740161002,0.09585084312129766
62.004129632841796,0.09585084312129766
62.008261864073575,0.09322479262482375
62.01239409530535,0.09716386836953461
62.01652632653713,0.0945378178730607
62.02065855776891,0.09585084312129766
62.02479078900069,0.09716386836953461
62.02892302023247,0.09585084312129766
62.03305525146425,0.09585084312129766
62.03718748269603,0.09585084312129766
62.041319713927805,0.09585084312129766
62.045451945159584,0.09585084312129766
62.04958417639136,0.09585084312129766
62.05371640762314,0.09716386836953461
62.05784863885492,0.09585084312129766
62.0619808700867,0.09585084312129766
62.06611310131848,0.09585084312129766
62.07024533255026,0.09585084312129766
62.074377563782036,0.0945378178730607
62.078509795013815,0.09585084312129766
62.082642026245594,0.09585084312129766
62.08677425747737,0.09716386836953461
62.09090648870915,0.09716386836953461
62.09503871994093,0.09585084312129766
62.09917095117271,0.09585084312129766
62.10330318240449,0.09585084312129766
62.10743541363627,0.09585084312129766
62.111567644868046,0.0945378178730607
62.115699876099825,0.0945378178730607
62.119832107331604,0.0945378178730607
62.12396433856338,0.09716386836953461
62.12809656979516,0.09716386836953461
62.13222880102694,0.0945378178730607
62.13636103225872,0.09585084312129766
62.1404932634905,0.09585084312129766
62.14462549472228,0.09585084312129766
62.148757725954056,0.09585084312129766
62.152889957185835,0.09585084312129766
62.15702218841761,0.09585084312129766
62.16115441964939,0.09585084312129766
62.16528665088117,0.09716386836953461
62.16941888211295,0.09585084312129766
62.17355111334473,0.09585084312129766
62.17768334457651,0.09585084312129766
62.18181557580829,0.09585084312129766
62.185947807040066,0.09322479262482375
62.190080038271844,0.09585084312129766
62.19421226950362,0.09585084312129766
62.1983445007354,0.09585084312129766
62.20247673196718,0.09585084312129766
62.20660896319896,0.09585084312129766
62.21074119443074,0.09716386836953461
62.21487342566252,0.09716386836953461
62.219005656894296,0.09716386836953461
62.223137888126075,0.09585084312129766
62.227270119357854,0.09585084312129766
62.23140235058963,0.09585084312129766
62.23553458182141,0.09585084312129766
62.23966681305319,0.09716386836953461
62.24379904428497,0.0945378178730607
62.24793127551675,0.09585084312129766
62.25206350674853,0.0945378178730607
62.256195737980306,0.09585084312129766
62.260327969212085,0.0945378178730607
62.264460200443864,0.09585084312129766
62.26859243167564,0.09322479262482375
62.27272466290742,0.0945378178730607
62.2768568941392,0.0945378178730607
62.28098912537098,0.09585084312129766
62.28512135660276,0.09585084312129766
62.28925358783454,0.0945378178730607
62.293385819066316,0.09585084312129766
62.297518050298095,0.09585084312129766
62.301650281529874,0.09585084312129766
62.30578251276165,0.09585084312129766
62.30991474399343,0.0945378178730607
62.31404697522521,0.0945378178730607
62.31817920645699,0.0945378178730607
62.32231143768877,0.0945378178730607
62.32644366892055,0.09585084312129766
62.330575900152326,0.0945378178730607
62.334708131384104,0.0919117673765868
62.33884036261588,0.09322479262482375
62.34297259384766,0.0945378178730607
62.34710482507944,0.0945378178730607
62.35123705631122,0.09585084312129766
62.355369287543,0.0945378178730607
62.35950151877478,0.0945378178730607
62.36363375000656,0.09585084312129766
62.367765981238335,0.09585084312129766
62.371898212470114,0.0945378178730607
62.37603044370189,0.0945378178730607
62.38016267493367,0.09585084312129766
62.38429490616545,0.0945378178730607
62.38842713739723,0.09322479262482375
62.39255936862901,0.0919117673765868
62.39669159986079,0.0945378178730607
62.400823831092566,0.0945378178730607
62.404956062324345,0.0945378178730607
62.409088293556124,0.09322479262482375
62.4132205247879,0.0945378178730607
62.41735275601968,0.09585084312129766
62.42148498725146,0.0945378178730607
62.42561721848324,0.0945378178730607
62.42974944971502,0.0945378178730607
62.4338816809468,0.09585084312129766
62.438013912178576,0.09585084312129766
62.442146143410355,0.09585084312129766
62.446278374642134,0.0945378178730607
62.45041060587391,0.0945378178730607
62.45454283710569,0.09322479262482375
62.45867506833747,0.09322479262482375
62.46280729956925,0.0945378178730607
62.46693953080103,0.09585084312129766
62.47107176203281,0.09585084312129766
62.475203993264586,0.0945378178730607
62.479336224496365,0.0919117673765868
62.48346845572814,0.09322479262482375
62.48760068695992,0.0945378178730607
62.4917329181917,0.0945378178730607
62.49586514942348,0.09585084312129766
62.49999738065526,0.0945378178730607
62.50412961188704,0.0945378178730607
62.50826184311882,0.09585084312129766
62.512394074350595,0.0945378178730607
62.516526305582374,0.09322479262482375
62.52065853681415,0.0945378178730607
62.52479076804593,0.0945378178730607
62.52892299927771,0.0945378178730607
62.53305523050949,0.09322479262482375
62.53718746174127,0.0945378178730607
62.54131969297305,0.0945378178730607
62.545451924204826,0.0945378178730607
62.549584155436605,0.0945378178730607
62.553716386668384,0.09322479262482375
62.55784861790016,0.09322479262482375
62.56198084913194,0.09322479262482375
62.56611308036372,0.09322479262482375
62.5702453115955,0.0945378178730607
62.57437754282728,0.0945378178730607
62.57850977405906,0.09322479262482375
62.582642005290836,0.0945378178730607
62.586774236522615,0.09322479262482375
62.590906467754394,0.0919117673765868
62.59503869898617,0.0945378178730607
62.59917093021795,0.09322479262482375
62.60330316144973,0.09322479262482375
62.60743539268151,0.0945378178730607
62.61156762391329,0.0945378178730607
62.61569985514507,0.0945378178730607
62.619832086376846,0.0945378178730607
62.623964317608625,0.0945378178730607
62.628096548840404,0.09585084312129766
62.63222878007218,0.09322479262482375
62.63636101130396,0.09322479262482375
62.64049324253574,0.0945378178730607
62.64462547376752,0.09585084312129766
62.6487577049993,0.09585084312129766
62.65288993623108,0.0945378178730607
62.657022167462856,0.0945378178730607
62.661154398694634,0.0945378178730607
62.66528662992641,0.0945378178730607
62.66941886115819,0.0945378178730607
62.67355109238997,0.09322479262482375
62.67768332362175,0.09322479262482375
62.68181555485353,0.0945378178730607
62.68594778608531,0.0945378178730607
62.69008001731709,0.0945378178730607
62.694212248548865,0.09585084312129766
62.698344479780644,0.09585084312129766
62.70247671101242,0.0945378178730607
62.7066089422442,0.09585084312129766
62.71074117347598,0.09322479262482375
62.71487340470776,0.0945378178730607
62.71900563593954,0.0945378178730607
62.72313786717132,0.09585084312129766
62.727270098403096,0.0945378178730607
62.731402329634875,0.09322479262482375
62.735534560866654,0.0945378178730607
62.73966679209843,0.0945378178730607
62.74379902333021,0.09585084312129766
62.74793125456199,0.0945378178730607
62.75206348579377,0.0945378178730607
62.75619571702555,0.09322479262482375
62.76032794825733,0.0945378178730607
62.764460179489106,0.09322479262482375
62.768592410720885,0.09322479262482375
62.772724641952664,0.0945378178730607
62.77685687318444,0.09585084312129766
62.78098910441622,0.0945378178730607
62.785121335648,0.09716386836953461
62.78925356687978,0.0945378178730607
62.79338579811156,0.0945378178730607
62.79751802934334,0.09322479262482375
62.801650260575116,0.0919117673765868
62.805782491806895,0.0945378178730607
62.80991472303867,0.0945378178730607
62.81404695427045,0.0945378178730607
62.81817918550223,0.0945378178730607
62.82231141673401,0.09322479262482375
62.82644364796579,0.0945378178730607
62.83057587919757,0.09322479262482375
62.83470811042935,0.0945378178730607
62.838840341661125,0.0945378178730607
62.842972572892904,0.0945378178730607
62.84710480412468,0.0945378178730607
62.85123703535646,0.0945378178730607
62.85536926658824,0.09585084312129766
62.85950149782002,0.09585084312129766
62.8636337290518,0.0945378178730607
62.86776596028358,0.09322479262482375
62.871898191515356,0.09322479262482375
62.876030422747135,0.09322479262482375
62.880162653978914,0.09322479262482375
62.88429488521069,0.0945378178730607
62.88842711644247,0.0945378178730607
62.89255934767425,0.09322479262482375
62.89669157890603,0.09322479262482375
62.90082381013781,0.0945378178730607
62.90495604136959,0.09322479262482375
62.909088272601366,0.09585084312129766
62.913220503833145,0.0945378178730607
62.917352735064924,0.0945378178730607
62.9214849662967,0.09585084312129766
62.92561719752848,0.0945378178730607
62.92974942876026,0.09322479262482375
62.93388165999204,0.0945378178730607
62.93801389122382,0.0919117673765868
62.9421461224556,0.09585084312129766
62.946278353687376,0.0945378178730607
62.950410584919155,0.0945378178730607
62.95454281615093,0.0945378178730607
62.95867504738271,0.0945378178730607
62.96280727861449,0.09322479262482375
62.96693950984627,0.0945378178730607
62.97107174107805,0.0945378178730607
62.97520397230983,0.09322479262482375
62.97933620354161,0.09585084312129766
62.983468434773386,0.0945378178730607
62.987600666005164,0.09585084312129766
62.99173289723694,0.09322479262482375
62.99586512846872,0.09322479262482375
62.9999973597005,0.09585084312129766
63.00412959093228,0.0945378178730607
63.00826182216406,0.0919117673765868
63.01239405339584,0.09322479262482375
63.016526284627616,0.0945378178730607
63.020658515859395,0.09322479262482375
63.024790747091174,0.0945378178730607
63.02892297832295,0.09585084312129766
63.03305520955473,0.0945378178730607
63.03718744078651,0.09322479262482375
63.04131967201829,0.0945378178730607
63.04545190325007,0.09585084312129766
63.04958413448185,0.0945378178730607
63.053716365713626,0.0945378178730607
63.057848596945405,0.0945378178730607
63.061980828177184,0.09322479262482375
63.06611305940896,0.0945378178730607
63.07024529064074,0.0945378178730607
63.07437752187252,0.0945378178730607
63.0785097531043,0.09322479262482375
63.08264198433608,0.09322479262482375
63.08677421556786,0.0945378178730607
63.090906446799636,0.0945378178730607
63.095038678031415,0.0919117673765868
63.099170909263194,0.09322479262482375
63.10330314049497,0.09322479262482375
63.10743537172675,0.0945378178730607
63.11156760295853,0.09322479262482375
63.11569983419031,0.09322479262482375
63.11983206542209,0.09322479262482375
63.12396429665387,0.0945378178730607
63.128096527885646,0.09322479262482375
63.132228759117424,0.0945378178730607
63.1363609903492,0.09585084312129766
63.14049322158098,0.0945378178730607
63.14462545281276,0.09585084312129766
63.14875768404454,0.0945378178730607
63.15288991527632,0.09322479262482375
63.1570221465081,0.09322479262482375
63.16115437773988,0.09322479262482375
63.165286608971655,0.0945378178730607
63.169418840203434,0.0945378178730607
63.17355107143521,0.09322479262482375
63.17768330266699,0.0945378178730607
63.18181553389877,0.0945378178730607
63.18594776513055,0.09322479262482375
63.19007999636233,0.0945378178730607
63.19421222759411,0.09585084312129766
63.198344458825886,0.09716386836953461
63.202476690057665,0.09585084312129766
63.206608921289444,0.0945378178730607
63.21074115252122,0.09322479262482375
63.214873383753,0.09585084312129766
63.21900561498478,0.0945378178730607
63.22313784621656,0.0945378178730607
63.22727007744834,0.09322479262482375
63.23140230868012,0.0945378178730607
63.235534539911896,0.09585084312129766
63.239666771143675,0.0945378178730607
63.243799002375454,0.0945378178730607
63.24793123360723,0.09585084312129766
63.25206346483901,0.0945378178730607
63.25619569607079,0.09585084312129766
63.26032792730257,0.0945378178730607
63.26446015853435,0.0945378178730607
63.26859238976613,0.09585084312129766
63.272724620997906,0.09322479262482375
63.276856852229685,0.09322479262482375
63.28098908346146,0.09322479262482375
63.28512131469324,0.0945378178730607
63.28925354592502,0.0945378178730607
63.2933857771568,0.0919117673765868
63.29751800838858,0.0945378178730607
63.30165023962036,0.09585084312129766
63.30578247085214,0.09585084312129766
63.309914702083915,0.0945378178730607
63.314046933315694,0.0945378178730607
63.31817916454747,0.0945378178730607
63.32231139577925,0.0945378178730607
63.32644362701103,0.0945378178730607
63.33057585824281,0.0945378178730607
63.33470808947459,0.09585084312129766
63.33884032070637,0.09585084312129766
63.342972551938146,0.09716386836953461
63.347104783169925,0.09585084312129766
63.351237014401704,0.09322479262482375
63.35536924563348,0.09585084312129766
63.35950147686526,0.09585084312129766
63.36363370809704,0.0945378178730607
63.36776593932882,0.09716386836953461
63.3718981705606,0.09585084312129766
63.37603040179238,0.09585084312129766
63.380162633024156,0.09585084312129766
63.384294864255935,0.0945378178730607
63.388427095487714,0.0945378178730607
63.39255932671949,0.0945378178730607
63.39669155795127,0.09585084312129766
63.40082378918305,0.0945378178730607
63.40495602041483,0.09585084312129766
63.40908825164661,0.09716386836953461
63.41322048287839,0.09585084312129766
63.417352714110166,0.09322479262482375
63.421484945341945,0.0945378178730607
63.425617176573724,0.09322479262482375
63.4297494078055,0.09322479262482375
63.43388163903728,0.0945378178730607
63.43801387026906,0.09585084312129766
63.44214610150084,0.09585084312129766
63.44627833273262,0.09585084312129766
63.4504105639644,0.09585084312129766
63.454542795196176,0.09322479262482375
63.458675026427954,0.0945378178730607
63.46280725765973,0.09585084312129766
63.46693948889151,0.09322479262482375
63.47107172012329,0.09585084312129766
63.47520395135507,0.09716386836953461
63.47933618258685,0.09585084312129766
63.48346841381863,0.09585084312129766
63.48760064505041,0.09585084312129766
63.491732876282185,0.09322479262482375
63.495865107513964,0.0945378178730607
63.49999733874574,0.0945378178730607
63.50412956997752,0.0945378178730607
63.5082618012093,0.09716386836953461
63.51239403244108,0.09585084312129766
63.51652626367286,0.09585084312129766
63.52065849490464,0.0945378178730607
63.524790726136416,0.0945378178730607
63.528922957368195,0.0945378178730607
63.533055188599974,0.09585084312129766
63.53718741983175,0.0945378178730607
63.54131965106353,0.0945378178730607
63.54545188229531,0.09585084312129766
63.54958411352709,0.09716386836953461
63.55371634475887,0.09585084312129766
63.55784857599065,0.0945378178730607
63.561980807222426,0.0945378178730607
63.566113038454205,0.0945378178730607
63.570245269685984,0.0945378178730607
63.57437750091776,0.09585084312129766
63.57850973214954,0.09716386836953461
63.58264196338132,0.09585084312129766
63.5867741946131,0.09585084312129766
63.59090642584488,0.09585084312129766
63.59503865707666,0.0945378178730607
63.599170888308436,0.09585084312129766
63.603303119540215,0.0945378178730607
63.60743535077199,0.09585084312129766
63.61156758200377,0.09585084312129766
63.61569981323555,0.09585084312129766
63.61983204446733,0.09585084312129766
63.62396427569911,0.0945378178730607
63.62809650693089,0.09585084312129766
63.63222873816267,0.0945378178730607
63.636360969394445,0.0945378178730607
63.640493200626224,0.09585084312129766
63.644625431858,0.09585084312129766
63.64875766308978,0.09716386836953461
63.65288989432156,0.09716386836953461
63.65702212555334,0.09585084312129766
63.66115435678512,0.0945378178730607
63.6652865880169,0.09585084312129766
63.669418819248676,0.0945378178730607
63.673551050480455,0.09716386836953461
63.677683281712234,0.09585084312129766
63.68181551294401,0.09716386836953461
63.68594774417579,0.09847689361777157
63.69007997540757,0.09716386836953461
63.69421220663935,0.0945378178730607
63.69834443787113,0.0945378178730607
63.70247666910291,0.09585084312129766
63.706608900334686,0.0945378178730607
63.710741131566465,0.0945378178730607
63.714873362798244,0.09585084312129766
63.71900559403002,0.09585084312129766
63.7231378252618,0.09716386836953461
63.72727005649358,0.09847689361777157
63.73140228772536,0.09716386836953461
63.73553451895714,0.09585084312129766
63.73966675018892,0.09585084312129766
63.743798981420696,0.0945378178730607
63.747931212652475,0.09585084312129766
63.75206344388425,0.09585084312129766
63.75619567511603,0.09585084312129766
63.76032790634781,0.0945378178730607
63.76446013757959,0.09585084312129766
63.76859236881137,0.09585084312129766
63.77272460004315,0.0945378178730607
63.77685683127493,0.0945378178730607
63.780989062506706,0.09585084312129766
63.785121293738484,0.09585084312129766
63.78925352497026,0.0945378178730607
63.79338575620204,0.09585084312129766
63.79751798743382,0.09716386836953461
63.8016502186656,0.0945378178730607
63.80578244989738,0.09585084312129766
63.80991468112916,0.09585084312129766
63.814046912360936,0.09585084312129766
63.818179143592715,0.09585084312129766
63.822311374824494,0.0945378178730607
63.82644360605627,0.09585084312129766
63.83057583728805,0.09716386836953461
63.83470806851983,0.09585084312129766
63.83884029975161,0.0945378178730607
63.84297253098339,0.0945378178730607
63.84710476221517,0.0945378178730607
63.851236993446946,0.09585084312129766
63.855369224678725,0.0945378178730607
63.859501455910504,0.09585084312129766
63.86363368714228,0.09847689361777157
63.86776591837406,0.09716386836953461
63.87189814960584,0.09716386836953461
63.87603038083762,0.09585084312129766
63.8801626120694,0.09585084312129766
63.88429484330118,0.09585084312129766
63.888427074532956,0.0945378178730607
63.892559305764735,0.09585084312129766
63.896691536996514,0.09585084312129766
63.90082376822829,0.09716386836953461
63.90495599946007,0.09716386836953461
63.90908823069185,0.09585084312129766
63.91322046192363,0.09585084312129766
63.91735269315541,0.09585084312129766
63.92148492438719,0.09585084312129766
63.925617155618966,0.09585084312129766
63.929749386850744,0.09716386836953461
63.93388161808252,0.09585084312129766
63.9380138493143,0.09716386836953461
63.94214608054608,0.09585084312129766
63.94627831177786,0.09716386836953461
63.95041054300964,0.09585084312129766
63.95454277424142,0.0945378178730607
63.9586750054732,0.09585084312129766
63.962807236704975,0.09585084312129766
63.966939467936754,0.0945378178730607
63.97107169916853,0.09585084312129766
63.97520393040031,0.09716386836953461
63.97933616163209,0.09585084312129766
63.98346839286387,0.09585084312129766
63.98760062409565,0.0945378178730607
63.99173285532743,0.0945378178730607
63.995865086559206,0.09585084312129766
63.999997317790985,0.09716386836953461
64.00412954902276,0.09585084312129766
64.00826178025454,0.0945378178730607
64.01239401148632,0.09585084312129766
64.0165262427181,0.09716386836953461
64.02065847394988,0.0945378178730607
64.02479070518166,0.09585084312129766
64.02892293641344,0.09585084312129766
64.03305516764522,0.09847689361777157
64.037187398877,0.09585084312129766
64.04131963010877,0.09585084312129766
64.04545186134055,0.09585084312129766
64.04958409257233,0.09585084312129766
64.05371632380411,0.0945378178730607
64.05784855503589,0.09585084312129766
64.06198078626767,0.09585084312129766
64.06611301749945,0.09585084312129766
64.07024524873123,0.09585084312129766
64.074377479963,0.09585084312129766
64.07850971119478,0.09585084312129766
64.08264194242656,0.09585084312129766
64.08677417365834,0.09716386836953461
64.09090640489012,0.0945378178730607
64.0950386361219,0.09716386836953461
64.09917086735368,0.09585084312129766
64.10330309858546,0.09585084312129766
64.10743532981724,0.0945378178730607
64.11156756104901,0.0945378178730607
64.1156997922808,0.09585084312129766
64.11983202351257,0.0945378178730607
64.12396425474435,0.09585084312129766
64.12809648597613,0.09585084312129766
64.13222871720791,0.09585084312129766
64.13636094843969,0.09716386836953461
64.14049317967147,0.09585084312129766
64.14462541090325,0.09585084312129766
64.14875764213502,0.09716386836953461
64.1528898733668,0.09585084312129766
64.15702210459858,0.0945378178730607
64.16115433583036,0.09716386836953461
64.16528656706214,0.09585084312129766
64.16941879829392,0.09716386836953461
64.1735510295257,0.09716386836953461
64.17768326075748,0.09585084312129766
64.18181549198925,0.0945378178730607
64.18594772322103,0.0945378178730607
64.19007995445281,0.09585084312129766
64.19421218568459,0.0945378178730607
64.19834441691637,0.09585084312129766
64.20247664814815,0.09585084312129766
64.20660887937993,0.09585084312129766
64.2107411106117,0.09585084312129766
64.21487334184349,0.0945378178730607
64.21900557307526,0.09585084312129766
64.22313780430704,0.09585084312129766
64.22727003553882,0.09585084312129766
64.2314022667706,0.09585084312129766
64.23553449800238,0.09585084312129766
64.23966672923416,0.0945378178730607
64.24379896046594,0.09585084312129766
64.24793119169772,0.0945378178730607
64.2520634229295,0.09322479262482375
64.25619565416127,0.0945378178730607
64.26032788539305,0.09585084312129766
64.26446011662483,0.0945378178730607
64.26859234785661,0.0945378178730607
64.27272457908839,0.0945378178730607
64.27685681032017,0.0945378178730607
64.28098904155195,0.09585084312129766
64.28512127278373,0.0945378178730607
64.2892535040155,0.09585084312129766
64.29338573524728,0.09322479262482375
64.29751796647906,0.09585084312129766
64.30165019771084,0.09585084312129766
64.30578242894262,0.0945378178730607
64.3099146601744,0.0945378178730607
64.31404689140618,0.0945378178730607
64.31817912263796,0.09585084312129766
64.32231135386974,0.09585084312129766
64.32644358510152,0.09585084312129766
64.3305758163333,0.09585084312129766
64.33470804756507,0.09585084312129766
64.33884027879685,0.09322479262482375
64.34297251002863,0.09322479262482375
64.34710474126041,0.0945378178730607
64.35123697249219,0.0945378178730607
64.35536920372397,0.09585084312129766
64.35950143495575,0.09585084312129766
64.36363366618752,0.0945378178730607
64.3677658974193,0.0945378178730607
64.37189812865108,0.09585084312129766
64.37603035988286,0.0945378178730607
64.38016259111464,0.09585084312129766
64.38429482234642,0.0945378178730607
64.3884270535782,0.0945378178730607
64.39255928480998,0.0945378178730607
64.39669151604176,0.09322479262482375
64.40082374727353,0.0945378178730607
64.40495597850531,0.0945378178730607
64.40908820973709,0.09585084312129766
64.41322044096887,0.0945378178730607
64.41735267220065,0.09585084312129766
64.42148490343243,0.0945378178730607
64.42561713466421,0.09585084312129766
64.42974936589599,0.0945378178730607
64.43388159712777,0.09585084312129766
64.43801382835954,0.0945378178730607
64.44214605959132,0.09585084312129766
64.4462782908231,0.0945378178730607
64.45041052205488,0.0945378178730607
64.45454275328666,0.09585084312129766
64.45867498451844,0.0945378178730607
64.46280721575022,0.0945378178730607
64.466939446982,0.0945378178730607
64.47107167821378,0.0945378178730607
64.47520390944555,0.0945378178730607
64.47933614067733,0.0945378178730607
64.48346837190911,0.0945378178730607
64.48760060314089,0.0945378178730607
64.49173283437267,0.09716386836953461
64.49586506560445,0.09716386836953461
64.49999729683623,0.09585084312129766
64.504129528068,0.0945378178730607
64.50826175929978,0.0945378178730607
64.51239399053156,0.09322479262482375
64.51652622176334,0.0919117673765868
64.52065845299512,0.0945378178730607
64.5247906842269,0.0945378178730607
64.52892291545868,0.09585084312129766
64.53305514669046,0.0945378178730607
64.53718737792224,0.09322479262482375
64.54131960915402,0.09322479262482375
64.5454518403858,0.0945378178730607
64.54958407161757,0.09585084312129766
64.55371630284935,0.0945378178730607
64.55784853408113,0.09585084312129766
64.56198076531291,0.0945378178730607
64.56611299654469,0.09585084312129766
64.57024522777647,0.09585084312129766
64.57437745900825,0.0945378178730607
64.57850969024003,0.0945378178730607
64.5826419214718,0.0945378178730607
64.58677415270358,0.0945378178730607
64.59090638393536,0.0945378178730607
64.59503861516714,0.09322479262482375
64.59917084639892,0.0945378178730607
64.6033030776307,0.09322479262482375
64.60743530886248,0.09322479262482375
64.61156754009426,0.09322479262482375
64.61569977132604,0.09322479262482375
64.61983200255781,0.0945378178730607
64.6239642337896,0.0945378178730607
64.62809646502137,0.09322479262482375
64.63222869625315,0.09585084312129766
64.63636092748493,0.0945378178730607
64.64049315871671,0.0945378178730607
64.64462538994849,0.09322479262482375
64.64875762118027,0.0945378178730607
64.65288985241205,0.09322479262482375
64.65702208364382,0.09322479262482375
64.6611543148756,0.09322479262482375
64.66528654610738,0.09322479262482375
64.66941877733916,0.0945378178730607
64.67355100857094,0.09322479262482375
64.67768323980272,0.09322479262482375
64.6818154710345,0.09322479262482375
64.68594770226628,0.09322479262482375
64.69007993349805,0.0945378178730607
64.69421216472983,0.0945378178730607
64.69834439596161,0.09585084312129766
64.70247662719339,0.0945378178730607
64.70660885842517,0.09322479262482375
64.71074108965695,0.0919117673765868
64.71487332088873,0.09322479262482375
64.7190055521205,0.0945378178730607
64.72313778335229,0.0945378178730607
64.72727001458406,0.09322479262482375
64.73140224581584,0.0945378178730607
64.73553447704762,0.0945378178730607
64.7396667082794,0.0945378178730607
64.74379893951118,0.09322479262482375
64.74793117074296,0.09322479262482375
64.75206340197474,0.09585084312129766
64.75619563320652,0.0945378178730607
64.7603278644383,0.0919117673765868
64.76446009567007,0.09322479262482375
64.76859232690185,0.09322479262482375
64.77272455813363,0.09585084312129766
64.77685678936541,0.09322479262482375
64.78098902059719,0.0945378178730607
64.78512125182897,0.09322479262482375
64.78925348306075,0.09322479262482375
64.79338571429253,0.09585084312129766
64.7975179455243,0.09322479262482375
64.80165017675608,0.09322479262482375
64.80578240798786,0.09059874212834984
64.80991463921964,0.0919117673765868
64.81404687045142,0.09585084312129766
64.8181791016832,0.0945378178730607
64.82231133291498,0.09585084312129766
64.82644356414676,0.0945378178730607
64.83057579537854,0.0945378178730607
64.83470802661031,0.0945378178730607
64.8388402578421,0.09322479262482375
64.84297248907387,0.0945378178730607
64.84710472030565,0.0945378178730607
64.85123695153743,0.0945378178730607
64.85536918276921,0.0945378178730607
64.85950141400099,0.0945378178730607
64.86363364523277,0.09322479262482375
64.86776587646455,0.09322479262482375
64.87189810769632,0.0945378178730607
64.8760303389281,0.0945378178730607
64.88016257015988,0.0945378178730607
64.88429480139166,0.09322479262482375
64.88842703262344,0.09322479262482375
64.89255926385522,0.09322479262482375
64.896691495087,0.0945378178730607
64.90082372631878,0.0945378178730607
64.90495595755056,0.0945378178730607
64.90908818878233,0.0945378178730607
64.91322042001411,0.09322479262482375
64.91735265124589,0.09322479262482375
64.92148488247767,0.09322479262482375
64.92561711370945,0.09322479262482375
64.92974934494123,0.0945378178730607
64.93388157617301,0.0945378178730607
64.93801380740479,0.09322479262482375
64.94214603863657,0.09322479262482375
64.94627826986834,0.0919117673765868
64.95041050110012,0.0919117673765868
64.9545427323319,0.0945378178730607
64.95867496356368,0.09322479262482375
64.96280719479546,0.09322479262482375
64.96693942602724,0.09322479262482375
64.97107165725902,0.09322479262482375
64.9752038884908,0.0945378178730607
64.97933611972257,0.09322479262482375
64.98346835095435,0.09322479262482375
64.98760058218613,0.09322479262482375
64.99173281341791,0.0945378178730607
64.99586504464969,0.0945378178730607
64.99999727588147,0.0945378178730607
65.00412950711325,0.0945378178730607
65.00826173834503,0.09322479262482375
65.0123939695768,0.0919117673765868
65.01652620080858,0.0945378178730607
65.02065843204036,0.09322479262482375
65.02479066327214,0.09322479262482375
65.02892289450392,0.09322479262482375
65.0330551257357,0.0945378178730607
65.03718735696748,0.09322479262482375
65.04131958819926,0.0945378178730607
65.04545181943104,0.0945378178730607
65.04958405066282,0.09322479262482375
65.0537162818946,0.0945378178730607
65.05784851312637,0.0945378178730607
65.06198074435815,0.09322479262482375
65.06611297558993,0.0945378178730607
65.07024520682171,0.09585084312129766
65.07437743805349,0.0945378178730607
65.07850966928527,0.0945378178730607
65.08264190051705,0.0945378178730607
65.08677413174883,0.0945378178730607
65.0909063629806,0.09322479262482375
65.09503859421238,0.09322479262482375
65.09917082544416,0.0919117673765868
65.10330305667594,0.09322479262482375
65.10743528790772,0.0945378178730607
65.1115675191395,0.09716386836953461
65.11569975037128,0.0945378178730607
65.11983198160306,0.0945378178730607
65.12396421283484,0.09322479262482375
65.12809644406661,0.09322479262482375
65.13222867529839,0.09322479262482375
65.13636090653017,0.0945378178730607
65.14049313776195,0.09585084312129766
65.14462536899373,0.0945378178730607
65.14875760022551,0.0945378178730607
65.15288983145729,0.09585084312129766
65.15702206268907,0.09585084312129766
65.16115429392084,0.09585084312129766
65.16528652515262,0.09322479262482375
65.1694187563844,0.09322479262482375
65.17355098761618,0.0945378178730607
65.17768321884796,0.09585084312129766
65.18181545007974,0.0945378178730607
65.18594768131152,0.09716386836953461
65.1900799125433,0.0919117673765868
65.19421214377508,0.09716386836953461
65.19834437500685,0.09322479262482375
65.20247660623863,0.0945378178730607
65.20660883747041,0.09585084312129766
65.21074106870219,0.0945378178730607
65.21487329993397,0.0945378178730607
65.21900553116575,0.09322479262482375
65.22313776239753,0.09322479262482375
65.2272699936293,0.09322479262482375
65.23140222486109,0.0945378178730607
65.23553445609286,0.0945378178730607
65.23966668732464,0.09585084312129766
65.24379891855642,0.09322479262482375
65.2479311497882,0.09585084312129766
65.25206338101998,0.0945378178730607
65.25619561225176,0.0945378178730607
65.26032784348354,0.09322479262482375
65.26446007471532,0.09585084312129766
65.2685923059471,0.09585084312129766
65.27272453717887,0.0945378178730607
65.27685676841065,0.0945378178730607
65.28098899964243,0.09322479262482375
65.28512123087421,0.09585084312129766
65.28925346210599,0.0945378178730607
65.29338569333777,0.0945378178730607
65.29751792456955,0.0945378178730607
65.30165015580133,0.0945378178730607
65.3057823870331,0.09585084312129766
65.30991461826488,0.0945378178730607
65.31404684949666,0.0945378178730607
65.31817908072844,0.0945378178730607
65.32231131196022,0.09716386836953461
65.326443543192,0.09585084312129766
65.33057577442378,0.09322479262482375
65.33470800565556,0.09585084312129766
65.33884023688734,0.09585084312129766
65.34297246811911,0.0945378178730607
65.3471046993509,0.09585084312129766
65.35123693058267,0.09322479262482375
65.35536916181445,0.0945378178730607
65.35950139304623,0.0919117673765868
65.36363362427801,0.09322479262482375
65.36776585550979,0.09585084312129766
65.37189808674157,0.0945378178730607
65.37603031797335,0.0945378178730607
65.38016254920512,0.0945378178730607
65.3842947804369,0.09585084312129766
65.38842701166868,0.0945378178730607
65.39255924290046,0.0945378178730607
65.39669147413224,0.09585084312129766
65.40082370536402,0.09585084312129766
65.4049559365958,0.09322479262482375
65.40908816782758,0.0919117673765868
65.41322039905936,0.0945378178730607
65.41735263029113,0.0945378178730607
65.42148486152291,0.09585084312129766
65.42561709275469,0.09585084312129766
65.42974932398647,0.0945378178730607
65.43388155521825,0.09585084312129766
65.43801378645003,0.0945378178730607
65.44214601768181,0.09322479262482375
65.44627824891359,0.0945378178730607
65.45041048014536,0.09585084312129766
65.45454271137714,0.09585084312129766
65.45867494260892,0.09585084312129766
65.4628071738407,0.09585084312129766
65.46693940507248,0.09322479262482375
65.47107163630426,0.0945378178730607
65.47520386753604,0.0945378178730607
65.47933609876782,0.09585084312129766
65.4834683299996,0.09585084312129766
65.48760056123137,0.09585084312129766
65.49173279246315,0.09585084312129766
65.49586502369493,0.09585084312129766
65.49999725492671,0.09322479262482375
65.50412948615849,0.0945378178730607
65.50826171739027,0.0945378178730607
65.51239394862205,0.0945378178730607
65.51652617985383,0.09585084312129766
65.5206584110856,0.09585084312129766
65.52479064231738,0.09585084312129766
65.52892287354916,0.09585084312129766
65.53305510478094,0.09585084312129766
65.53718733601272,0.09585084312129766
65.5413195672445,0.09585084312129766
65.54545179847628,0.09585084312129766
65.54958402970806,0.0945378178730607
65.55371626093984,0.0945378178730607
65.55784849217162,0.09585084312129766
65.5619807234034,0.0945378178730607
65.56611295463517,0.09585084312129766
65.57024518586695,0.0945378178730607
65.57437741709873,0.0945378178730607
65.57850964833051,0.09585084312129766
65.58264187956229,0.0945378178730607
65.58677411079407,0.09585084312129766
65.59090634202585,0.09585084312129766
65.59503857325763,0.09716386836953461
65.5991708044894,0.09585084312129766
65.60330303572118,0.0945378178730607
65.60743526695296,0.09585084312129766
65.61156749818474,0.0945378178730607
65.61569972941652,0.0945378178730607
65.6198319606483,0.0945378178730607
65.62396419188008,0.09585084312129766
65.62809642311186,0.0945378178730607
65.63222865434363,0.09585084312129766
65.63636088557541,0.0945378178730607
65.64049311680719,0.0945378178730607
65.64462534803897,0.09585084312129766
65.64875757927075,0.0945378178730607
65.65288981050253,0.09585084312129766
65.65702204173431,0.09585084312129766
65.66115427296609,0.09716386836953461
65.66528650419787,0.09585084312129766
65.66941873542964,0.0945378178730607
65.67355096666142,0.0945378178730607
65.6776831978932,0.0945378178730607
65.68181542912498,0.09322479262482375
65.68594766035676,0.0945378178730607
65.69007989158854,0.0945378178730607
65.69421212282032,0.09585084312129766
65.6983443540521,0.0945378178730607
65.70247658528388,0.09585084312129766
65.70660881651565,0.09585084312129766
65.71074104774743,0.0945378178730607
65.71487327897921,0.0945378178730607
65.71900551021099,0.0945378178730607
65.72313774144277,0.0945378178730607
65.72726997267455,0.09585084312129766
65.73140220390633,0.0945378178730607
65.7355344351381,0.0945378178730607
65.73966666636989,0.09585084312129766
65.74379889760166,0.09716386836953461
65.74793112883344,0.09716386836953461
65.75206336006522,0.09716386836953461
65.756195591297,0.09585084312129766
65.76032782252878,0.0945378178730607
65.76446005376056,0.09322479262482375
65.76859228499234,0.0945378178730607
65.77272451622412,0.09322479262482375
65.7768567474559,0.0945378178730607
65.78098897868767,0.09585084312129766
65.78512120991945,0.09585084312129766
65.78925344115123,0.0945378178730607
65.79338567238301,0.0945378178730607
65.79751790361479,0.09585084312129766
65.80165013484657,0.09585084312129766
65.80578236607835,0.09585084312129766
65.80991459731013,0.09716386836953461
65.8140468285419,0.09847689361777157
65.81817905977368,0.09716386836953461
65.82231129100546,0.09585084312129766
65.82644352223724,0.0945378178730607
65.83057575346902,0.09322479262482375
65.8347079847008,0.0945378178730607
65.83884021593258,0.09585084312129766
65.84297244716436,0.0945378178730607
65.84710467839614,0.0945378178730607
65.85123690962791,0.0945378178730607
65.8553691408597,0.09585084312129766
65.85950137209147,0.0945378178730607
65.86363360332325,0.09585084312129766
65.86776583455503,0.09585084312129766
65.87189806578681,0.09585084312129766
65.87603029701859,0.09585084312129766
65.88016252825037,0.09716386836953461
65.88429475948215,0.09585084312129766
65.88842699071392,0.09716386836953461
65.8925592219457,0.0945378178730607
65.89669145317748,0.09585084312129766
65.90082368440926,0.09585084312129766
65.90495591564104,0.0945378178730607
65.90908814687282,0.09322479262482375
65.9132203781046,0.09585084312129766
65.91735260933638,0.09716386836953461
65.92148484056816,0.0945378178730607
65.92561707179993,0.09585084312129766
65.92974930303171,0.0945378178730607
65.93388153426349,0.09585084312129766
65.93801376549527,0.09585084312129766
65.94214599672705,0.0945378178730607
65.94627822795883,0.0945378178730607
65.9504104591906,0.0945378178730607
65.95454269042239,0.09585084312129766
65.95867492165416,0.09847689361777157
65.96280715288594,0.09585084312129766
65.96693938411772,0.09585084312129766
65.9710716153495,0.0945378178730607
65.97520384658128,0.09716386836953461
65.97933607781306,0.0945378178730607
65.98346830904484,0.09716386836953461
65.98760054027662,0.09585084312129766
65.9917327715084,0.09585084312129766
65.99586500274017,0.09585084312129766
65.99999723397195,0.0945378178730607
66.00412946520373,0.09585084312129766
66.00826169643551,0.09716386836953461
66.01239392766729,0.09716386836953461
66.01652615889907,0.09585084312129766
66.02065839013085,0.09585084312129766
66.02479062136263,0.09585084312129766
66.0289228525944,0.09585084312129766
66.03305508382618,0.0945378178730607
66.03718731505796,0.09585084312129766
66.04131954628974,0.09716386836953461
66.04545177752152,0.09585084312129766
66.0495840087533,0.09716386836953461
66.05371623998508,0.09585084312129766
66.05784847121686,0.0945378178730607
66.06198070244864,0.09585084312129766
66.06611293368042,0.09585084312129766
66.0702451649122,0.09322479262482375
66.07437739614397,0.0945378178730607
66.07850962737575,0.09585084312129766
66.08264185860753,0.09716386836953461
66.08677408983931,0.09585084312129766
66.09090632107109,0.09585084312129766
66.09503855230287,0.09716386836953461
66.09917078353465,0.0945378178730607
66.10330301476642,0.09585084312129766
66.1074352459982,0.0945378178730607
66.11156747722998,0.09585084312129766
66.11569970846176,0.09585084312129766
66.11983193969354,0.0945378178730607
66.12396417092532,0.09322479262482375
66.1280964021571,0.0945378178730607
66.13222863338888,0.0945378178730607
66.13636086462066,0.0945378178730607
66.14049309585243,0.0945378178730607
66.14462532708421,0.0945378178730607
66.14875755831599,0.09585084312129766
66.15288978954777,0.09716386836953461
66.15702202077955,0.09585084312129766
66.16115425201133,0.09716386836953461
66.16528648324311,0.0945378178730607
66.16941871447489,0.0945378178730607
66.17355094570667,0.0945378178730607
66.17768317693844,0.0945378178730607
66.18181540817022,0.0945378178730607
66.185947639402,0.0945378178730607
66.19007987063378,0.09585084312129766
66.19421210186556,0.0945378178730607
66.19834433309734,0.09585084312129766
66.20247656432912,0.0945378178730607
66.2066087955609,0.0945378178730607
66.21074102679268,0.0945378178730607
66.21487325802445,0.0945378178730607
66.21900548925623,0.09585084312129766
66.22313772048801,0.09585084312129766
66.22726995171979,0.09585084312129766
66.23140218295157,0.09585084312129766
66.23553441418335,0.09585084312129766
66.23966664541513,0.0945378178730607
66.2437988766469,0.09322479262482375
66.24793110787868,0.09585084312129766
66.25206333911046,0.0945378178730607
66.25619557034224,0.0945378178730607
66.26032780157402,0.09585084312129766
66.2644600328058,0.0945378178730607
66.26859226403758,0.09585084312129766
66.27272449526936,0.09585084312129766
66.27685672650114,0.09716386836953461
66.28098895773292,0.0945378178730607
66.2851211889647,0.0945378178730607
66.28925342019647,0.09585084312129766
66.29338565142825,0.09585084312129766
66.29751788266003,0.09585084312129766
66.30165011389181,0.09585084312129766
66.30578234512359,0.09322479262482375
66.30991457635537,0.09585084312129766
66.31404680758715,0.09585084312129766
66.31817903881893,0.09585084312129766
66.3223112700507,0.0945378178730607
66.32644350128248,0.09716386836953461
66.33057573251426,0.09585084312129766
66.33470796374604,0.09585084312129766
66.33884019497782,0.0945378178730607
66.3429724262096,0.09585084312129766
66.34710465744138,0.0945378178730607
66.35123688867316,0.09585084312129766
66.35536911990494,0.09585084312129766
66.35950135113671,0.09585084312129766
66.3636335823685,0.0945378178730607
66.36776581360027,0.0945378178730607
66.37189804483205,0.09585084312129766
66.37603027606383,0.09585084312129766
66.38016250729561,0.0945378178730607
66.38429473852739,0.09322479262482375
66.38842696975917,0.09585084312129766
66.39255920099095,0.0945378178730607
66.39669143222272,0.09322479262482375
66.4008236634545,0.0945378178730607
66.40495589468628,0.09585084312129766
66.40908812591806,0.09716386836953461
66.41322035714984,0.09585084312129766
66.41735258838162,0.09585084312129766
66.4214848196134,0.09585084312129766
66.42561705084518,0.0945378178730607
66.42974928207695,0.09585084312129766
66.43388151330873,0.0945378178730607
66.43801374454051,0.0945378178730607
66.44214597577229,0.0945378178730607
66.44627820700407,0.09585084312129766
66.45041043823585,0.0945378178730607
66.45454266946763,0.09322479262482375
66.4586749006994,0.09322479262482375
66.46280713193119,0.0945378178730607
66.46693936316296,0.0945378178730607
66.47107159439474,0.0945378178730607
66.47520382562652,0.09585084312129766
66.4793360568583,0.0945378178730607
66.48346828809008,0.0945378178730607
66.48760051932186,0.09585084312129766
66.49173275055364,0.09585084312129766
66.49586498178542,0.09585084312129766
66.4999972130172,0.0945378178730607
66.50412944424897,0.09322479262482375
66.50826167548075,0.0945378178730607
66.51239390671253,0.0945378178730607
66.51652613794431,0.09585084312129766
66.52065836917609,0.0945378178730607
66.52479060040787,0.0945378178730607
66.52892283163965,0.0945378178730607
66.53305506287143,0.0945378178730607
66.5371872941032,0.0945378178730607
66.54131952533498,0.0945378178730607
66.54545175656676,0.09585084312129766
66.54958398779854,0.0945378178730607
66.55371621903032,0.09585084312129766
66.5578484502621,0.0945378178730607
66.56198068149388,0.09716386836953461
66.56611291272566,0.09322479262482375
66.57024514395744,0.09585084312129766
66.57437737518921,0.09585084312129766
66.578509606421,0.09716386836953461
66.58264183765277,0.09585084312129766
66.58677406888455,0.0945378178730607
66.59090630011633,0.0945378178730607
66.59503853134811,0.0945378178730607
66.59917076257989,0.0945378178730607
66.60330299381167,0.0945378178730607
66.60743522504345,0.09585084312129766
66.61156745627522,0.09585084312129766
66.615699687507,0.09585084312129766
66.61983191873878,0.0945378178730607
66.62396414997056,0.09322479262482375
66.62809638120234,0.0919117673765868
66.63222861243412,0.0945378178730607
66.6363608436659,0.0945378178730607
66.64049307489768,0.09322479262482375
66.64462530612946,0.09585084312129766
66.64875753736123,0.09585084312129766
66.65288976859301,0.09585084312129766
66.65702199982479,0.0945378178730607
66.66115423105657,0.09322479262482375
66.66528646228835,0.09585084312129766
66.66941869352013,0.0945378178730607
66.67355092475191,0.0945378178730607
66.67768315598369,0.0945378178730607
66.68181538721547,0.09322479262482375
66.68594761844724,0.0945378178730607
66.69007984967902,0.09585084312129766
66.6942120809108,0.09585084312129766
66.69834431214258,0.0945378178730607
66.70247654337436,0.09585084312129766
66.70660877460614,0.09585084312129766
66.71074100583792,0.0919117673765868
66.7148732370697,0.09322479262482375
66.71900546830148,0.09322479262482375
66.72313769953325,0.0945378178730607
66.72726993076503,0.09322479262482375
66.73140216199681,0.0945378178730607
66.73553439322859,0.09322479262482375
66.73966662446037,0.0945378178730607
66.74379885569215,0.0945378178730607
66.74793108692393,0.0945378178730607
66.7520633181557,0.09322479262482375
66.75619554938748,0.09716386836953461
66.76032778061926,0.0945378178730607
66.76446001185104,0.09322479262482375
66.76859224308282,0.0919117673765868
66.7727244743146,0.09716386836953461
66.77685670554638,0.09585084312129766
66.78098893677816,0.09322479262482375
66.78512116800994,0.09585084312129766
66.78925339924172,0.09322479262482375
66.7933856304735,0.0945378178730607
66.79751786170527,0.09322479262482375
66.80165009293705,0.0945378178730607
66.80578232416883,0.0945378178730607
66.80991455540061,0.0945378178730607
66.81404678663239,0.0945378178730607
66.81817901786417,0.0945378178730607
66.82231124909595,0.0945378178730607
66.82644348032773,0.0945378178730607
66.8305757115595,0.09322479262482375
66.83470794279128,0.09322479262482375
66.83884017402306,0.0945378178730607
66.84297240525484,0.0945378178730607
66.84710463648662,0.0945378178730607
66.8512368677184,0.09322479262482375
66.85536909895018,0.09585084312129766
66.85950133018196,0.0945378178730607
66.86363356141374,0.09322479262482375
66.86776579264551,0.09322479262482375
66.87189802387729,0.0919117673765868
66.87603025510907,0.0945378178730607
66.88016248634085,0.0945378178730607
66.88429471757263,0.0945378178730607
66.88842694880441,0.0945378178730607
66.89255918003619,0.0945378178730607
66.89669141126797,0.09585084312129766
66.90082364249974,0.09322479262482375
66.90495587373152,0.09585084312129766
66.9090881049633,0.09322479262482375
66.91322033619508,0.0945378178730607
66.91735256742686,0.09585084312129766
66.92148479865864,0.0945378178730607
66.92561702989042,0.0945378178730607
66.9297492611222,0.0945378178730607
66.93388149235398,0.0945378178730607
66.93801372358575,0.09322479262482375
66.94214595481753,0.0919117673765868
66.94627818604931,0.09585084312129766
66.95041041728109,0.0945378178730607
66.95454264851287,0.09322479262482375
66.95867487974465,0.0945378178730607
66.96280711097643,0.09322479262482375
66.9669393422082,0.0945378178730607
66.97107157343999,0.09322479262482375
66.97520380467176,0.0945378178730607
66.97933603590354,0.0945378178730607
66.98346826713532,0.09585084312129766
66.9876004983671,0.09585084312129766
66.99173272959888,0.09322479262482375
66.99586496083066,0.0945378178730607
66.99999719206244,0.09322479262482375
67.00412942329422,0.09322479262482375
67.008261654526,0.09322479262482375
67.01239388575777,0.09322479262482375
67.01652611698955,0.09322479262482375
67.02065834822133,0.0945378178730607
67.02479057945311,0.09322479262482375
67.02892281068489,0.09322479262482375
67.03305504191667,0.09585084312129766
67.03718727314845,0.09585084312129766
67.04131950438023,0.09322479262482375
67.045451735612,0.0945378178730607
67.04958396684378,0.0945378178730607
67.05371619807556,0.09322479262482375
67.05784842930734,0.09322479262482375
67.06198066053912,0.09585084312129766
67.0661128917709,0.09585084312129766
67.07024512300268,0.0945378178730607
67.07437735423446,0.09322479262482375
67.07850958546624,0.0945378178730607
67.08264181669801,0.09585084312129766
67.0867740479298,0.09322479262482375
67.09090627916157,0.0945378178730607
67.09503851039335,0.09585084312129766
67.09917074162513,0.0945378178730607
67.10330297285691,0.0945378178730607
67.10743520408869,0.09322479262482375
67.11156743532047,0.09322479262482375
67.11569966655225,0.09322479262482375
67.11983189778402,0.09322479262482375
67.1239641290158,0.09322479262482375
67.12809636024758,0.0945378178730607
67.13222859147936,0.0945378178730607
67.13636082271114,0.0945378178730607
67.14049305394292,0.09322479262482375
67.1446252851747,0.0919117673765868
67.14875751640648,0.09585084312129766
67.15288974763826,0.09322479262482375
67.15702197887003,0.09585084312129766
67.16115421010181,0.0945378178730607
67.16528644133359,0.0945378178730607
67.16941867256537,0.0945378178730607
67.17355090379715,0.0945378178730607
67.17768313502893,0.0945378178730607
67.18181536626071,0.0945378178730607
67.18594759749249,0.0945378178730607
67.19007982872427,0.0945378178730607
67.19421205995604,0.0945378178730607
67.19834429118782,0.0945378178730607
67.2024765224196,0.0945378178730607
67.20660875365138,0.0945378178730607
67.21074098488316,0.09322479262482375
67.21487321611494,0.09322479262482375
67.21900544734672,0.0945378178730607
67.2231376785785,0.0945378178730607
67.22726990981027,0.0945378178730607
67.23140214104205,0.09322479262482375
67.23553437227383,0.0945378178730607
67.23966660350561,0.09322479262482375
67.24379883473739,0.09322479262482375
67.24793106596917,0.09322479262482375
67.25206329720095,0.0945378178730607
67.25619552843273,0.0945378178730607
67.2603277596645,0.09585084312129766
67.26445999089628,0.09322479262482375
67.26859222212806,0.0945378178730607
67.27272445335984,0.0945378178730607
67.27685668459162,0.0945378178730607
67.2809889158234,0.09059874212834984
67.28512114705518,0.0919117673765868
67.28925337828696,0.09322479262482375
67.29338560951874,0.09322479262482375
67.29751784075052,0.0945378178730607
67.3016500719823,0.0945378178730607
67.30578230321407,0.09322479262482375
67.30991453444585,0.0945378178730607
67.31404676567763,0.09585084312129766
67.31817899690941,0.0945378178730607
67.32231122814119,0.0945378178730607
67.32644345937297,0.0945378178730607
67.33057569060475,0.09322479262482375
67.33470792183653,0.0945378178730607
67.3388401530683,0.0945378178730607
67.34297238430008,0.0919117673765868
67.34710461553186,0.09322479262482375
67.35123684676364,0.0945378178730607
67.35536907799542,0.0919117673765868
67.3595013092272,0.0919117673765868
67.36363354045898,0.0945378178730607
67.36776577169076,0.0945378178730607
67.37189800292253,0.0945378178730607
67.37603023415431,0.0945378178730607
67.38016246538609,0.09322479262482375
67.38429469661787,0.09585084312129766
67.38842692784965,0.0945378178730607
67.39255915908143,0.09322479262482375
67.39669139031321,0.09322479262482375
67.40082362154499,0.0945378178730607
67.40495585277677,0.0945378178730607
67.40908808400854,0.09585084312129766
67.41322031524032,0.0945378178730607
67.4173525464721,0.0945378178730607
67.42148477770388,0.09585084312129766
67.42561700893566,0.0945378178730607
67.42974924016744,0.0945378178730607
67.43388147139922,0.09322479262482375
67.438013702631,0.0945378178730607
67.44214593386278,0.09322479262482375
67.44627816509455,0.09322479262482375
67.45041039632633,0.09322479262482375
67.45454262755811,0.0945378178730607
67.45867485878989,0.0945378178730607
67.46280709002167,0.0945378178730607
67.46693932125345,0.0945378178730607
67.47107155248523,0.0945378178730607
67.475203783717,0.0945378178730607
67.47933601494879,0.0945378178730607
67.48346824618056,0.0945378178730607
67.48760047741234,0.0945378178730607
67.49173270864412,0.09716386836953461
67.4958649398759,0.09322479262482375
67.49999717110768,0.0945378178730607
67.50412940233946,0.09585084312129766
67.50826163357124,0.0945378178730607
67.51239386480302,0.09585084312129766
67.5165260960348,0.09322479262482375
67.52065832726657,0.0945378178730607
67.52479055849835,0.09585084312129766
67.52892278973013,0.09585084312129766
67.53305502096191,0.0945378178730607
67.53718725219369,0.09716386836953461
67.54131948342547,0.0945378178730607
67.54545171465725,0.09322479262482375
67.54958394588903,0.09585084312129766
67.5537161771208,0.09322479262482375
67.55784840835258,0.09585084312129766
67.56198063958436,0.09585084312129766
67.56611287081614,0.0945378178730607
67.57024510204792,0.09322479262482375
67.5743773332797,0.09322479262482375
67.57850956451148,0.0945378178730607
67.58264179574326,0.0945378178730607
67.58677402697504,0.09585084312129766
67.59090625820681,0.09585084312129766
67.5950384894386,0.0945378178730607
67.59917072067037,0.0945378178730607
67.60330295190215,0.09585084312129766
67.60743518313393,0.09585084312129766
67.61156741436571,0.09585084312129766
67.61569964559749,0.09322479262482375
67.61983187682927,0.09322479262482375
67.62396410806105,0.0945378178730607
67.62809633929282,0.09322479262482375
67.6322285705246,0.0945378178730607
67.63636080175638,0.09322479262482375
67.64049303298816,0.0945378178730607
67.64462526421994,0.09585084312129766
67.64875749545172,0.0945378178730607
67.6528897266835,0.09585084312129766
67.65702195791528,0.09585084312129766
67.66115418914706,0.09585084312129766
67.66528642037883,0.0945378178730607
67.66941865161061,0.0945378178730607
67.67355088284239,0.0945378178730607
67.67768311407417,0.0945378178730607
67.68181534530595,0.09585084312129766
67.68594757653773,0.09585084312129766
67.69007980776951,0.09585084312129766
67.69421203900129,0.0945378178730607
67.69834427023306,0.09322479262482375
67.70247650146484,0.09322479262482375
67.70660873269662,0.09322479262482375
67.7107409639284,0.0945378178730607
67.71487319516018,0.09585084312129766
67.71900542639196,0.09585084312129766
67.72313765762374,0.09716386836953461
67.72726988885552,0.09585084312129766
67.7314021200873,0.0945378178730607
67.73553435131907,0.09585084312129766
67.73966658255085,0.0945378178730607
67.74379881378263,0.0945378178730607
67.74793104501441,0.0945378178730607
67.75206327624619,0.0945378178730607
67.75619550747797,0.09585084312129766
67.76032773870975,0.09585084312129766
67.76445996994153,0.09585084312129766
67.7685922011733,0.0945378178730607
67.77272443240508,0.09322479262482375
67.77685666363686,0.0945378178730607
67.78098889486864,0.0945378178730607
67.78512112610042,0.09585084312129766
67.7892533573322,0.09585084312129766
67.79338558856398,0.09585084312129766
67.79751781979576,0.09716386836953461
67.80165005102754,0.09322479262482375
67.80578228225932,0.0945378178730607
67.8099145134911,0.09322479262482375
67.81404674472287,0.0945378178730607
67.81817897595465,0.09585084312129766
67.82231120718643,0.09585084312129766
67.82644343841821,0.0945378178730607
67.83057566964999,0.0945378178730607
67.83470790088177,0.0945378178730607
67.83884013211355,0.09322479262482375
67.84297236334532,0.0945378178730607
67.8471045945771,0.09322479262482375
67.85123682580888,0.09322479262482375
67.85536905704066,0.09585084312129766
67.85950128827244,0.09322479262482375
67.86363351950422,0.09585084312129766
67.867765750736,0.09716386836953461
67.87189798196778,0.09585084312129766
67.87603021319956,0.0945378178730607
67.88016244443133,0.0945378178730607
67.88429467566311,0.09585084312129766
67.88842690689489,0.0945378178730607
67.89255913812667,0.0945378178730607
67.89669136935845,0.0945378178730607
67.90082360059023,0.0945378178730607
67.90495583182201,0.0945378178730607
67.90908806305379,0.0945378178730607
67.91322029428557,0.0945378178730607
67.91735252551734,0.09585084312129766
67.92148475674912,0.09585084312129766
67.9256169879809,0.09322479262482375
67.92974921921268,0.09585084312129766
67.93388145044446,0.09585084312129766
67.93801368167624,0.09585084312129766
67.94214591290802,0.09585084312129766
67.9462781441398,0.0945378178730607
67.95041037537158,0.0945378178730607
67.95454260660335,0.09847689361777157
67.95867483783513,0.09716386836953461
67.96280706906691,0.09322479262482375
67.96693930029869,0.0945378178730607
67.97107153153047,0.0945378178730607
67.97520376276225,0.09585084312129766
67.97933599399403,0.0945378178730607
67.9834682252258,0.09322479262482375
67.98760045645759,0.0945378178730607
67.99173268768936,0.09716386836953461
67.99586491892114,0.09716386836953461
67.99999715015292,0.0945378178730607
68.0041293813847,0.09716386836953461
68.00826161261648,0.09585084312129766
68.01239384384826,0.09716386836953461
68.01652607508004,0.0945378178730607
68.02065830631182,0.09322479262482375
68.0247905375436,0.09585084312129766
68.02892276877537,0.09585084312129766
68.03305500000715,0.09585084312129766
68.03718723123893,0.09716386836953461
68.04131946247071,0.09716386836953461
68.04545169370249,0.09585084312129766
68.04958392493427,0.09585084312129766
68.05371615616605,0.0945378178730607
68.05784838739783,0.0945378178730607
68.0619806186296,0.09322479262482375
68.06611284986138,0.0945378178730607
68.07024508109316,0.09585084312129766
68.07437731232494,0.09585084312129766
68.07850954355672,0.09585084312129766
68.0826417747885,0.0945378178730607
68.08677400602028,0.09322479262482375
68.09090623725206,0.09585084312129766
68.09503846848384,0.0945378178730607
68.09917069971561,0.09716386836953461
68.1033029309474,0.09716386836953461
68.10743516217917,0.0945378178730607
68.11156739341095,0.0945378178730607
68.11569962464273,0.0945378178730607
68.11983185587451,0.09585084312129766
68.12396408710629,0.0945378178730607
68.12809631833807,0.0945378178730607
68.13222854956985,0.0945378178730607
68.13636078080162,0.09585084312129766
68.1404930120334,0.0945378178730607
68.14462524326518,0.0945378178730607
68.14875747449696,0.09585084312129766
68.15288970572874,0.09585084312129766
68.15702193696052,0.09585084312129766
68.1611541681923,0.09585084312129766
68.16528639942408,0.09585084312129766
68.16941863065585,0.0945378178730607
68.17355086188763,0.09322479262482375
68.17768309311941,0.0945378178730607
68.18181532435119,0.0945378178730607
68.18594755558297,0.0945378178730607
68.19007978681475,0.09585084312129766
68.19421201804653,0.09585084312129766
68.1983442492783,0.09322479262482375
68.20247648051009,0.09585084312129766
68.20660871174186,0.0945378178730607
68.21074094297364,0.09585084312129766
68.21487317420542,0.0945378178730607
68.2190054054372,0.09585084312129766
68.22313763666898,0.09716386836953461
68.22726986790076,0.09585084312129766
68.23140209913254,0.09585084312129766
68.23553433036432,0.09322479262482375
68.2396665615961,0.09716386836953461
68.24379879282787,0.09716386836953461
68.24793102405965,0.09322479262482375
68.25206325529143,0.09322479262482375
68.25619548652321,0.0945378178730607
68.26032771775499,0.09322479262482375
68.26445994898677,0.09322479262482375
68.26859218021855,0.09585084312129766
68.27272441145033,0.09585084312129766
68.2768566426821,0.0945378178730607
68.28098887391388,0.0945378178730607
68.28512110514566,0.0945378178730607
68.28925333637744,0.0945378178730607
68.29338556760922,0.0945378178730607
68.297517798841,0.09585084312129766
68.30165003007278,0.09585084312129766
68.30578226130456,0.0945378178730607
68.30991449253634,0.09322479262482375
68.31404672376812,0.0945378178730607
68.3181789549999,0.09585084312129766
68.32231118623167,0.09585084312129766
68.32644341746345,0.0945378178730607
68.33057564869523,0.09322479262482375
68.33470787992701,0.0945378178730607
68.33884011115879,0.0945378178730607
68.34297234239057,0.09322479262482375
68.34710457362235,0.0945378178730607
68.35123680485412,0.09322479262482375
68.3553690360859,0.0945378178730607
68.35950126731768,0.09585084312129766
68.36363349854946,0.0945378178730607
68.36776572978124,0.09322479262482375
68.37189796101302,0.09322479262482375
68.3760301922448,0.09716386836953461
68.38016242347658,0.0945378178730607
68.38429465470836,0.09322479262482375
68.38842688594013,0.0945378178730607
68.39255911717191,0.09716386836953461
68.39669134840369,0.0945378178730607
68.40082357963547,0.0945378178730607
68.40495581086725,0.09716386836953461
68.40908804209903,0.0945378178730607
68.41322027333081,0.09322479262482375
68.41735250456259,0.0945378178730607
68.42148473579437,0.09585084312129766
68.42561696702614,0.0945378178730607
68.42974919825792,0.09585084312129766
68.4338814294897,0.0945378178730607
68.43801366072148,0.09585084312129766
68.44214589195326,0.0945378178730607
68.44627812318504,0.0945378178730607
68.45041035441682,0.0919117673765868
68.4545425856486,0.09716386836953461
68.45867481688038,0.09585084312129766
68.46280704811215,0.0945378178730607
68.46693927934393,0.0945378178730607
68.47107151057571,0.09322479262482375
68.47520374180749,0.09322479262482375
68.47933597303927,0.09585084312129766
68.48346820427105,0.09585084312129766
68.48760043550283,0.0945378178730607
68.4917326667346,0.09585084312129766
68.49586489796638,0.09585084312129766
68.49999712919816,0.09716386836953461
68.50412936042994,0.09585084312129766
68.50826159166172,0.09585084312129766
68.5123938228935,0.0945378178730607
68.51652605412528,0.09322479262482375
68.52065828535706,0.0945378178730607
68.52479051658884,0.09322479262482375
68.52892274782062,0.09322479262482375
68.5330549790524,0.09585084312129766
68.53718721028417,0.09716386836953461
68.54131944151595,0.0945378178730607
68.54545167274773,0.0945378178730607
68.54958390397951,0.09585084312129766
68.55371613521129,0.0945378178730607
68.55784836644307,0.0945378178730607
68.56198059767485,0.0945378178730607
68.56611282890663,0.09585084312129766
68.5702450601384,0.09585084312129766
68.57437729137018,0.0945378178730607
68.57850952260196,0.09585084312129766
68.58264175383374,0.09585084312129766
68.58677398506552,0.0945378178730607
68.5909062162973,0.0945378178730607
68.59503844752908,0.0919117673765868
68.59917067876086,0.0945378178730607
68.60330290999264,0.0945378178730607
68.60743514122441,0.09585084312129766
68.6115673724562,0.0945378178730607
68.61569960368797,0.09322479262482375
68.61983183491975,0.09322479262482375
68.62396406615153,0.0945378178730607
68.62809629738331,0.0945378178730607
68.63222852861509,0.0945378178730607
68.63636075984687,0.09585084312129766
68.64049299107864,0.09585084312129766
68.64462522231042,0.0945378178730607
68.6487574535422,0.0945378178730607
68.65288968477398,0.0945378178730607
68.65702191600576,0.09322479262482375
68.66115414723754,0.09322479262482375
68.66528637846932,0.0945378178730607
68.6694186097011,0.09322479262482375
68.67355084093288,0.09322479262482375
68.67768307216465,0.0945378178730607
68.68181530339643,0.0945378178730607
68.68594753462821,0.0945378178730607
68.69007976585999,0.09585084312129766
68.69421199709177,0.0945378178730607
68.69834422832355,0.0945378178730607
68.70247645955533,0.09716386836953461
68.7066086907871,0.09585084312129766
68.71074092201889,0.09585084312129766
68.71487315325066,0.0919117673765868
68.71900538448244,0.0945378178730607
68.72313761571422,0.09322479262482375
68.727269846946,0.09322479262482375
68.73140207817778,0.09322479262482375
68.73553430940956,0.0945378178730607
68.73966654064134,0.0945378178730607
68.74379877187312,0.09322479262482375
68.7479310031049,0.0945378178730607
68.75206323433667,0.09716386836953461
68.75619546556845,0.0945378178730607
68.76032769680023,0.09716386836953461
68.76445992803201,0.09585084312129766
68.76859215926379,0.0945378178730607
68.77272439049557,0.09585084312129766
68.77685662172735,0.0945378178730607
68.78098885295913,0.09585084312129766
68.7851210841909,0.09322479262482375
68.78925331542268,0.0945378178730607
68.79338554665446,0.09585084312129766
68.79751777788624,0.0919117673765868
68.80165000911802,0.09059874212834984
68.8057822403498,0.0945378178730607
68.80991447158158,0.09322479262482375
68.81404670281336,0.0945378178730607
68.81817893404514,0.0945378178730607
68.82231116527691,0.09585084312129766
68.8264433965087,0.0945378178730607
68.83057562774047,0.0945378178730607
68.83470785897225,0.09322479262482375
68.83884009020403,0.0945378178730607
68.84297232143581,0.0919117673765868
68.84710455266759,0.0945378178730607
68.85123678389937,0.09585084312129766
68.85536901513115,0.09585084312129766
68.85950124636292,0.09322479262482375
68.8636334775947,0.0945378178730607
68.86776570882648,0.0945378178730607
68.87189794005826,0.09322479262482375
68.87603017129004,0.09322479262482375
68.88016240252182,0.09322479262482375
68.8842946337536,0.0945378178730607
68.88842686498538,0.09585084312129766
68.89255909621716,0.0945378178730607
68.89669132744893,0.09322479262482375
68.90082355868071,0.0945378178730607
68.90495578991249,0.09322479262482375
68.90908802114427,0.09585084312129766
68.91322025237605,0.09585084312129766
68.91735248360783,0.09322479262482375
68.92148471483961,0.09716386836953461
68.92561694607139,0.0945378178730607
68.92974917730317,0.0945378178730607
68.93388140853494,0.09322479262482375
68.93801363976672,0.09322479262482375
68.9421458709985,0.09322479262482375
68.94627810223028,0.0945378178730607
68.95041033346206,0.0945378178730607
68.95454256469384,0.09322479262482375
68.95867479592562,0.09585084312129766
68.9628070271574,0.09322479262482375
68.96693925838917,0.09322479262482375
68.97107148962095,0.0945378178730607
68.97520372085273,0.0945378178730607
68.97933595208451,0.09585084312129766
68.98346818331629,0.0945378178730607
68.98760041454807,0.09585084312129766
68.99173264577985,0.09585084312129766
68.99586487701163,0.0945378178730607
68.9999971082434,0.0945378178730607
69.00412933947518,0.0945378178730607
69.00826157070696,0.0945378178730607
69.01239380193874,0.0945378178730607
69.01652603317052,0.0919117673765868
69.0206582644023,0.0945378178730607
69.02479049563408,0.09322479262482375
69.02892272686586,0.0945378178730607
69.03305495809764,0.0945378178730607
69.03718718932942,0.09322479262482375
69.0413194205612,0.09322479262482375
69.04545165179297,0.0919117673765868
69.04958388302475,0.09322479262482375
69.05371611425653,0.0945378178730607
69.05784834548831,0.0945378178730607
69.06198057672009,0.0945378178730607
69.06611280795187,0.0945378178730607
69.07024503918365,0.09322479262482375
69.07437727041543,0.09322479262482375
69.0785095016472,0.09322479262482375
69.08264173287898,0.0919117673765868
69.08677396411076,0.0945378178730607
69.09090619534254,0.0945378178730607
69.09503842657432,0.0945378178730607
69.0991706578061,0.09322479262482375
69.10330288903788,0.0945378178730607
69.10743512026966,0.09322479262482375
69.11156735150144,0.0945378178730607
69.11569958273321,0.0945378178730607
69.11983181396499,0.0945378178730607
69.12396404519677,0.0945378178730607
69.12809627642855,0.0945378178730607
69.13222850766033,0.09322479262482375
69.13636073889211,0.09322479262482375
69.14049297012389,0.0945378178730607
69.14462520135567,0.0945378178730607
69.14875743258744,0.0945378178730607
69.15288966381922,0.09585084312129766
69.157021895051,0.0945378178730607
69.16115412628278,0.0945378178730607
69.16528635751456,0.0945378178730607
69.16941858874634,0.09322479262482375
69.17355081997812,0.0945378178730607
69.1776830512099,0.0919117673765868
69.18181528244168,0.0945378178730607
69.18594751367345,0.0945378178730607
69.19007974490523,0.0945378178730607
69.19421197613701,0.09322479262482375
69.19834420736879,0.09322479262482375
69.20247643860057,0.0945378178730607
69.20660866983235,0.09322479262482375
69.21074090106413,0.0945378178730607
69.2148731322959,0.0919117673765868
69.21900536352769,0.0919117673765868
69.22313759475946,0.09322479262482375
69.22726982599124,0.09322479262482375
69.23140205722302,0.09322479262482375
69.2355342884548,0.0945378178730607
69.23966651968658,0.0945378178730607
69.24379875091836,0.09585084312129766
69.24793098215014,0.09585084312129766
69.25206321338192,0.0945378178730607
69.2561954446137,0.09585084312129766
69.26032767584547,0.09585084312129766
69.26445990707725,0.0945378178730607
69.26859213830903,0.09322479262482375
69.27272436954081,0.0945378178730607
69.27685660077259,0.0945378178730607
69.28098883200437,0.09322479262482375
69.28512106323615,0.0919117673765868
69.28925329446793,0.0945378178730607
69.2933855256997,0.0945378178730607
69.29751775693148,0.09322479262482375
69.30164998816326,0.0945378178730607
69.30578221939504,0.0945378178730607
69.30991445062682,0.0945378178730607
69.3140466818586,0.0945378178730607
69.31817891309038,0.0945378178730607
69.32231114432216,0.0945378178730607
69.32644337555394,0.09585084312129766
69.33057560678571,0.0945378178730607
69.3347078380175,0.09585084312129766
69.33884006924927,0.09585084312129766
69.34297230048105,0.0945378178730607
69.34710453171283,0.0919117673765868
69.35123676294461,0.0945378178730607
69.35536899417639,0.09585084312129766
69.35950122540817,0.0945378178730607
69.36363345663995,0.0945378178730607
69.36776568787172,0.09322479262482375
69.3718979191035,0.0945378178730607
69.37603015033528,0.0945378178730607
69.38016238156706,0.09585084312129766
69.38429461279884,0.09322479262482375
69.38842684403062,0.0945378178730607
69.3925590752624,0.09585084312129766
69.39669130649418,0.09585084312129766
69.40082353772596,0.09585084312129766
69.40495576895773,0.09322479262482375
69.40908800018951,0.0945378178730607
69.41322023142129,0.09585084312129766
69.41735246265307,0.0945378178730607
69.42148469388485,0.0945378178730607
69.42561692511663,0.09716386836953461
69.42974915634841,0.09585084312129766
69.43388138758019,0.0945378178730607
69.43801361881196,0.09322479262482375
69.44214585004374,0.0945378178730607
69.44627808127552,0.09585084312129766
69.4504103125073,0.09585084312129766
69.45454254373908,0.09585084312129766
69.45867477497086,0.09585084312129766
69.46280700620264,0.09585084312129766
69.46693923743442,0.0945378178730607
69.4710714686662,0.09585084312129766
69.47520369989797,0.09322479262482375
69.47933593112975,0.0945378178730607
69.48346816236153,0.0945378178730607
69.48760039359331,0.0945378178730607
69.49173262482509,0.09585084312129766
69.49586485605687,0.09585084312129766
69.49999708728865,0.09585084312129766
69.50412931852043,0.09585084312129766
69.5082615497522,0.09585084312129766
69.51239378098398,0.09716386836953461
69.51652601221576,0.0945378178730607
69.52065824344754,0.0945378178730607
69.52479047467932,0.09585084312129766
69.5289227059111,0.09585084312129766
69.53305493714288,0.09716386836953461
69.53718716837466,0.09585084312129766
69.54131939960644,0.09847689361777157
69.54545163083822,0.09585084312129766
69.54958386207,0.0945378178730607
69.55371609330177,0.09585084312129766
69.55784832453355,0.0945378178730607
69.56198055576533,0.09585084312129766
69.56611278699711,0.09585084312129766
69.57024501822889,0.0945378178730607
69.57437724946067,0.09585084312129766
69.57850948069245,0.0945378178730607
69.58264171192423,0.0945378178730607
69.586773943156,0.09322479262482375
69.59090617438778,0.09585084312129766
69.59503840561956,0.0945378178730607
69.59917063685134,0.09585084312129766
69.60330286808312,0.09585084312129766
69.6074350993149,0.09585084312129766
69.61156733054668,0.0945378178730607
69.61569956177846,0.0945378178730607
69.61983179301023,0.09322479262482375
69.62396402424201,0.0945378178730607
69.62809625547379,0.09585084312129766
69.63222848670557,0.0945378178730607
69.63636071793735,0.0919117673765868
69.64049294916913,0.09322479262482375
69.64462518040091,0.0945378178730607
69.64875741163269,0.0945378178730607
69.65288964286447,0.09716386836953461
69.65702187409624,0.09585084312129766
69.66115410532802,0.0945378178730607
69.6652863365598,0.09585084312129766
69.66941856779158,0.09585084312129766
69.67355079902336,0.09716386836953461
69.67768303025514,0.09585084312129766
69.68181526148692,0.09585084312129766
69.6859474927187,0.09585084312129766
69.69007972395048,0.0945378178730607
69.69421195518225,0.09322479262482375
69.69834418641403,0.09322479262482375
69.70247641764581,0.09585084312129766
69.70660864887759,0.09585084312129766
69.71074088010937,0.0945378178730607
69.71487311134115,0.09585084312129766
69.71900534257293,0.0945378178730607
69.7231375738047,0.0945378178730607
69.72726980503649,0.0945378178730607
69.73140203626826,0.0945378178730607
69.73553426750004,0.0945378178730607
69.73966649873182,0.09716386836953461
69.7437987299636,0.09585084312129766
69.74793096119538,0.09585084312129766
69.75206319242716,0.09585084312129766
69.75619542365894,0.0945378178730607
69.76032765489072,0.0945378178730607
69.7644598861225,0.09585084312129766
69.76859211735427,0.0945378178730607
69.77272434858605,0.0945378178730607
69.77685657981783,0.0945378178730607
69.78098881104961,0.0945378178730607
69.78512104228139,0.09585084312129766
69.78925327351317,0.09585084312129766
69.79338550474495,0.0945378178730607
69.79751773597673,0.0945378178730607
69.8016499672085,0.0945378178730607
69.80578219844028,0.09585084312129766
69.80991442967206,0.0945378178730607
69.81404666090384,0.09585084312129766
69.81817889213562,0.09716386836953461
69.8223111233674,0.09585084312129766
69.82644335459918,0.09585084312129766
69.83057558583096,0.0945378178730607
69.83470781706274,0.0945378178730607
69.83884004829451,0.0945378178730607
69.8429722795263,0.09322479262482375
69.84710451075807,0.09585084312129766
69.85123674198985,0.0945378178730607
69.85536897322163,0.09585084312129766
69.85950120445341,0.09585084312129766
69.86363343568519,0.0945378178730607
69.86776566691697,0.0945378178730607
69.87189789814875,0.09585084312129766
69.87603012938052,0.09585084312129766
69.8801623606123,0.09716386836953461
69.88429459184408,0.09585084312129766
69.88842682307586,0.09585084312129766
69.89255905430764,0.09322479262482375
69.89669128553942,0.0919117673765868
69.9008235167712,0.0945378178730607
69.90495574800298,0.09322479262482375
69.90908797923476,0.0945378178730607
69.91322021046653,0.0945378178730607
69.91735244169831,0.09585084312129766
69.92148467293009,0.09585084312129766
69.92561690416187,0.09585084312129766
69.92974913539365,0.0945378178730607
69.93388136662543,0.09322479262482375
69.9380135978572,0.09585084312129766
69.94214582908899,0.09585084312129766
69.94627806032076,0.09716386836953461
69.95041029155254,0.09585084312129766
69.95454252278432,0.09585084312129766
69.9586747540161,0.09716386836953461
69.96280698524788,0.0919117673765868
69.96693921647966,0.0945378178730607
69.97107144771144,0.0945378178730607
69.97520367894322,0.09322479262482375
69.979335910175,0.0945378178730607
69.98346814140677,0.0945378178730607
69.98760037263855,0.09585084312129766
69.99173260387033,0.0945378178730607
69.99586483510211,0.0945378178730607
69.99999706633389,0.09585084312129766
70.00412929756567,0.0945378178730607
70.00826152879745,0.09585084312129766
70.01239376002923,0.0945378178730607
70.016525991261,0.0945378178730607
70.02065822249278,0.09585084312129766
70.02479045372456,0.09716386836953461
70.02892268495634,0.09585084312129766
70.03305491618812,0.09585084312129766
70.0371871474199,0.0945378178730607
70.04131937865168,0.09322479262482375
70.04545160988346,0.0945378178730607
70.04958384111524,0.09322479262482375
70.05371607234702,0.0945378178730607
70.0578483035788,0.0945378178730607
70.06198053481057,0.09585084312129766
70.06611276604235,0.09585084312129766
70.07024499727413,0.0945378178730607
70.07437722850591,0.09585084312129766
70.07850945973769,0.09716386836953461
70.08264169096947,0.09585084312129766
70.08677392220125,0.0945378178730607
70.09090615343302,0.09585084312129766
70.0950383846648,0.0945378178730607
70.09917061589658,0.09585084312129766
70.10330284712836,0.09322479262482375
70.10743507836014,0.0945378178730607
70.11156730959192,0.0945378178730607
70.1156995408237,0.09585084312129766
70.11983177205548,0.09585084312129766
70.12396400328726,0.09585084312129766
70.12809623451903,0.09716386836953461
70.13222846575081,0.09716386836953461
70.13636069698259,0.09585084312129766
70.14049292821437,0.09585084312129766
70.14462515944615,0.09716386836953461
70.14875739067793,0.0945378178730607
70.15288962190971,0.0945378178730607
70.15702185314149,0.0945378178730607
70.16115408437327,0.09585084312129766
70.16528631560504,0.09585084312129766
70.16941854683682,0.0945378178730607
70.1735507780686,0.09585084312129766
70.17768300930038,0.0945378178730607
70.18181524053216,0.09322479262482375
70.18594747176394,0.09322479262482375
70.19007970299572,0.09585084312129766
70.1942119342275,0.09322479262482375
70.19834416545928,0.0945378178730607
70.20247639669105,0.09585084312129766
70.20660862792283,0.09585084312129766
70.21074085915461,0.09716386836953461
70.21487309038639,0.0945378178730607
70.21900532161817,0.09585084312129766
70.22313755284995,0.09585084312129766
70.22726978408173,0.09585084312129766
70.2314020153135,0.0945378178730607
70.23553424654528,0.09322479262482375
70.23966647777706,0.0945378178730607
70.24379870900884,0.0945378178730607
70.24793094024062,0.09322479262482375
70.2520631714724,0.0945378178730607
70.25619540270418,0.09322479262482375
70.26032763393596,0.09585084312129766
70.26445986516774,0.09585084312129766
70.26859209639952,0.09585084312129766
70.2727243276313,0.0945378178730607
70.27685655886307,0.0945378178730607
70.28098879009485,0.0945378178730607
70.28512102132663,0.09585084312129766
70.28925325255841,0.09585084312129766
70.29338548379019,0.09585084312129766
70.29751771502197,0.0945378178730607
70.30164994625375,0.09585084312129766
70.30578217748553,0.09585084312129766
70.3099144087173,0.0945378178730607
70.31404663994908,0.0945378178730607
70.31817887118086,0.0945378178730607
70.32231110241264,0.0919117673765868
70.32644333364442,0.0945378178730607
70.3305755648762,0.0945378178730607
70.33470779610798,0.09585084312129766
70.33884002733976,0.0945378178730607
70.34297225857154,0.0945378178730607
70.34710448980331,0.0945378178730607
70.3512367210351,0.0945378178730607
70.35536895226687,0.0945378178730607
70.35950118349865,0.0945378178730607
70.36363341473043,0.0945378178730607
70.36776564596221,0.0945378178730607
70.37189787719399,0.0945378178730607
70.37603010842577,0.09585084312129766
70.38016233965755,0.09585084312129766
70.38429457088932,0.0945378178730607
70.3884268021211,0.0945378178730607
70.39255903335288,0.0945378178730607
70.39669126458466,0.0945378178730607
70.40082349581644,0.09322479262482375
70.40495572704822,0.09585084312129766
70.40908795828,0.09585084312129766
70.41322018951178,0.0945378178730607
70.41735242074355,0.09585084312129766
70.42148465197533,0.0945378178730607
70.42561688320711,0.0945378178730607
70.42974911443889,0.0945378178730607
70.43388134567067,0.09585084312129766
70.43801357690245,0.0945378178730607
70.44214580813423,0.09585084312129766
70.446278039366,0.09585084312129766
70.45041027059779,0.09585084312129766
70.45454250182956,0.09585084312129766
70.45867473306134,0.09585084312129766
70.46280696429312,0.0945378178730607
70.4669391955249,0.0945378178730607
70.47107142675668,0.09585084312129766
70.47520365798846,0.09585084312129766
70.47933588922024,0.0945378178730607
70.48346812045202,0.0945378178730607
70.4876003516838,0.09585084312129766
70.49173258291557,0.09585084312129766
70.49586481414735,0.09585084312129766
70.49999704537913,0.09585084312129766
70.50412927661091,0.0945378178730607
70.50826150784269,0.0945378178730607
70.51239373907447,0.0945378178730607
70.51652597030625,0.09585084312129766
70.52065820153803,0.0945378178730607
70.5247904327698,0.0945378178730607
70.52892266400158,0.0945378178730607
70.53305489523336,0.0919117673765868
70.53718712646514,0.09322479262482375
70.54131935769692,0.0945378178730607
70.5454515889287,0.0945378178730607
70.54958382016048,0.09585084312129766
70.55371605139226,0.09585084312129766
70.55784828262404,0.0945378178730607
70.56198051385581,0.09322479262482375
70.5661127450876,0.0945378178730607
70.57024497631937,0.0945378178730607
70.57437720755115,0.0945378178730607
70.57850943878293,0.0945378178730607
70.58264167001471,0.0945378178730607
70.58677390124649,0.09322479262482375
70.59090613247827,0.09322479262482375
70.59503836371005,0.0945378178730607
70.59917059494182,0.09716386836953461
70.6033028261736,0.09322479262482375
70.60743505740538,0.0945378178730607
70.61156728863716,0.0945378178730607
70.61569951986894,0.0945378178730607
70.61983175110072,0.0945378178730607
70.6239639823325,0.0945378178730607
70.62809621356428,0.09585084312129766
70.63222844479606,0.09585084312129766
70.63636067602783,0.0945378178730607
70.64049290725961,0.0945378178730607
70.64462513849139,0.0945378178730607
70.64875736972317,0.0945378178730607
70.65288960095495,0.0945378178730607
70.65702183218673,0.09322479262482375
70.66115406341851,0.09585084312129766
70.66528629465029,0.0945378178730607
70.66941852588207,0.0945378178730607
70.67355075711384,0.0945378178730607
70.67768298834562,0.09585084312129766
70.6818152195774,0.09716386836953461
70.68594745080918,0.0945378178730607
70.69007968204096,0.09322479262482375
70.69421191327274,0.0945378178730607
70.69834414450452,0.09585084312129766
70.7024763757363,0.0945378178730607
70.70660860696808,0.09322479262482375
70.71074083819985,0.0945378178730607
70.71487306943163,0.0945378178730607
70.71900530066341,0.0945378178730607
70.72313753189519,0.0945378178730607
70.72726976312697,0.0945378178730607
70.73140199435875,0.0945378178730607
70.73553422559053,0.09322479262482375
70.7396664568223,0.09322479262482375
70.74379868805408,0.0945378178730607
70.74793091928586,0.09322479262482375
70.75206315051764,0.09585084312129766
70.75619538174942,0.0945378178730607
70.7603276129812,0.0945378178730607
70.76445984421298,0.09585084312129766
70.76859207544476,0.09585084312129766
70.77272430667654,0.0945378178730607
70.77685653790832,0.09322479262482375
70.7809887691401,0.09585084312129766
70.78512100037187,0.0945378178730607
70.78925323160365,0.0919117673765868
70.79338546283543,0.0945378178730607
70.79751769406721,0.0945378178730607
70.80164992529899,0.0919117673765868
70.80578215653077,0.0919117673765868
70.80991438776255,0.0945378178730607
70.81404661899433,0.0945378178730607
70.8181788502261,0.0945378178730607
70.82231108145788,0.09585084312129766
70.82644331268966,0.0945378178730607
70.83057554392144,0.0945378178730607
70.83470777515322,0.09585084312129766
70.838840006385,0.0919117673765868
70.84297223761678,0.09585084312129766
70.84710446884856,0.0945378178730607
70.85123670008034,0.09585084312129766
70.85536893131211,0.0945378178730607
70.85950116254389,0.09322479262482375
70.86363339377567,0.09322479262482375
70.86776562500745,0.09322479262482375
70.87189785623923,0.09322479262482375
70.87603008747101,0.09322479262482375
70.88016231870279,0.09322479262482375
70.88429454993457,0.09585084312129766
70.88842678116634,0.09322479262482375
70.89255901239812,0.09322479262482375
70.8966912436299,0.0945378178730607
70.90082347486168,0.09322479262482375
70.90495570609346,0.0945378178730607
70.90908793732524,0.0945378178730607
70.91322016855702,0.09322479262482375
70.9173523997888,0.0945378178730607
70.92148463102058,0.0945378178730607
70.92561686225235,0.09322479262482375
70.92974909348413,0.0945378178730607
70.93388132471591,0.09585084312129766
70.93801355594769,0.09322479262482375
70.94214578717947,0.0919117673765868
70.94627801841125,0.0945378178730607
70.95041024964303,0.09322479262482375
70.9545424808748,0.0945378178730607
70.95867471210659,0.09585084312129766
70.96280694333836,0.09322479262482375
70.96693917457014,0.0945378178730607
70.97107140580192,0.09322479262482375
70.9752036370337,0.09322479262482375
70.97933586826548,0.09322479262482375
70.98346809949726,0.09585084312129766
70.98760033072904,0.0919117673765868
70.99173256196082,0.0945378178730607
70.9958647931926,0.09322479262482375
70.99999702442437,0.0945378178730607
71.00412925565615,0.09322479262482375
71.00826148688793,0.0945378178730607
71.01239371811971,0.0945378178730607
71.01652594935149,0.0945378178730607
71.02065818058327,0.09322479262482375
71.02479041181505,0.0945378178730607
71.02892264304683,0.0945378178730607
71.0330548742786,0.0945378178730607
71.03718710551038,0.09585084312129766
71.04131933674216,0.0945378178730607
71.04545156797394,0.0945378178730607
71.04958379920572,0.09322479262482375
71.0537160304375,0.0945378178730607
71.05784826166928,0.09585084312129766
71.06198049290106,0.0945378178730607
71.06611272413284,0.0945378178730607
71.07024495536461,0.09322479262482375
71.0743771865964,0.0945378178730607
71.07850941782817,0.0945378178730607
71.08264164905995,0.09322479262482375
71.08677388029173,0.0945378178730607
71.09090611152351,0.09322479262482375
71.09503834275529,0.0945378178730607
71.09917057398707,0.09322479262482375
71.10330280521885,0.09322479262482375
71.10743503645062,0.0945378178730607
71.1115672676824,0.09322479262482375
71.11569949891418,0.09322479262482375
71.11983173014596,0.0945378178730607
71.12396396137774,0.09585084312129766
71.12809619260952,0.09585084312129766
71.1322284238413,0.0945378178730607
71.13636065507308,0.0945378178730607
71.14049288630486,0.0945378178730607
71.14462511753663,0.0919117673765868
71.14875734876841,0.09322479262482375
71.15288958000019,0.0945378178730607
71.15702181123197,0.09322479262482375
71.16115404246375,0.09322479262482375
71.16528627369553,0.09322479262482375
71.16941850492731,0.09585084312129766
71.17355073615909,0.0945378178730607
71.17768296739087,0.09585084312129766
71.18181519862264,0.0945378178730607
71.18594742985442,0.0945378178730607
71.1900796610862,0.0945378178730607
71.19421189231798,0.0919117673765868
71.19834412354976,0.09322479262482375
71.20247635478154,0.0945378178730607
71.20660858601332,0.0945378178730607
71.2107408172451,0.09716386836953461
71.21487304847687,0.09322479262482375
71.21900527970865,0.09322479262482375
71.22313751094043,0.09322479262482375
71.22726974217221,0.0919117673765868
71.23140197340399,0.09322479262482375
71.23553420463577,0.0945378178730607
71.23966643586755,0.09322479262482375
71.24379866709933,0.09585084312129766
71.2479308983311,0.09716386836953461
71.25206312956288,0.09585084312129766
71.25619536079466,0.0919117673765868
71.26032759202644,0.09322479262482375
71.26445982325822,0.09585084312129766
71.26859205449,0.0945378178730607
71.27272428572178,0.09322479262482375
71.27685651695356,0.0945378178730607
71.28098874818534,0.0945378178730607
71.28512097941712,0.0919117673765868
71.2892532106489,0.0945378178730607
71.29338544188067,0.09322479262482375
71.29751767311245,0.0945378178730607
71.30164990434423,0.09585084312129766
71.30578213557601,0.0945378178730607
71.30991436680779,0.0945378178730607
71.31404659803957,0.09322479262482375
71.31817882927135,0.09322479262482375
71.32231106050313,0.0945378178730607
71.3264432917349,0.0945378178730607
71.33057552296668,0.09585084312129766
71.33470775419846,0.09322479262482375
71.33883998543024,0.09585084312129766
71.34297221666202,0.09585084312129766
71.3471044478938,0.0919117673765868
71.35123667912558,0.0945378178730607
71.35536891035736,0.0919117673765868
71.35950114158913,0.0919117673765868
71.36363337282091,0.09322479262482375
71.36776560405269,0.09322479262482375
71.37189783528447,0.0945378178730607
71.37603006651625,0.0945378178730607
71.38016229774803,0.0945378178730607
71.38429452897981,0.0945378178730607
71.38842676021159,0.09322479262482375
71.39255899144337,0.09585084312129766
71.39669122267514,0.0945378178730607
71.40082345390692,0.09322479262482375
71.4049556851387,0.09322479262482375
71.40908791637048,0.09322479262482375
71.41322014760226,0.09322479262482375
71.41735237883404,0.09322479262482375
71.42148461006582,0.0945378178730607
71.4256168412976,0.0945378178730607
71.42974907252938,0.09322479262482375
71.43388130376115,0.0945378178730607
71.43801353499293,0.0945378178730607
71.44214576622471,0.0945378178730607
71.44627799745649,0.0945378178730607
71.45041022868827,0.09585084312129766
71.45454245992005,0.09322479262482375
71.45867469115183,0.0945378178730607
71.4628069223836,0.0945378178730607
71.46693915361539,0.09322479262482375
71.47107138484716,0.0945378178730607
71.47520361607894,0.0945378178730607
71.47933584731072,0.0945378178730607
71.4834680785425,0.0945378178730607
71.48760030977428,0.09322479262482375
71.49173254100606,0.0945378178730607
71.49586477223784,0.09322479262482375
71.49999700346962,0.0945378178730607
71.5041292347014,0.09322479262482375
71.50826146593317,0.09322479262482375
71.51239369716495,0.09322479262482375
71.51652592839673,0.09322479262482375
71.52065815962851,0.09585084312129766
71.52479039086029,0.09585084312129766
71.52892262209207,0.0945378178730607
71.53305485332385,0.09322479262482375
71.53718708455563,0.09322479262482375
71.5413193157874,0.09322479262482375
71.54545154701918,0.09322479262482375
71.54958377825096,0.0919117673765868
71.55371600948274,0.09585084312129766
71.55784824071452,0.0945378178730607
71.5619804719463,0.09585084312129766
71.56611270317808,0.0945378178730607
71.57024493440986,0.09322479262482375
71.57437716564164,0.0945378178730607
71.57850939687341,0.0945378178730607
71.5826416281052,0.09322479262482375
71.58677385933697,0.09322479262482375
71.59090609056875,0.09585084312129766
71.59503832180053,0.09716386836953461
71.59917055303231,0.09585084312129766
71.60330278426409,0.0945378178730607
71.60743501549587,0.09585084312129766
71.61156724672765,0.09322479262482375
71.61569947795942,0.0945378178730607
71.6198317091912,0.09322479262482375
71.62396394042298,0.09322479262482375
71.62809617165476,0.0945378178730607
71.63222840288654,0.0919117673765868
71.63636063411832,0.09322479262482375
71.6404928653501,0.0945378178730607
71.64462509658188,0.0945378178730607
71.64875732781366,0.09585084312129766
71.65288955904543,0.09585084312129766
71.65702179027721,0.0945378178730607
71.66115402150899,0.0945378178730607
71.66528625274077,0.09322479262482375
71.66941848397255,0.09585084312129766
71.67355071520433,0.09585084312129766
71.67768294643611,0.09322479262482375
71.68181517766789,0.09585084312129766
71.68594740889966,0.0945378178730607
71.69007964013144,0.0945378178730607
71.69421187136322,0.09322479262482375
71.698344102595,0.0945378178730607
71.70247633382678,0.09322479262482375
71.70660856505856,0.09585084312129766
71.71074079629034,0.09322479262482375
71.71487302752212,0.09322479262482375
71.7190052587539,0.0945378178730607
71.72313748998567,0.09322479262482375
71.72726972121745,0.09585084312129766
71.73140195244923,0.0945378178730607
71.73553418368101,0.09322479262482375
71.73966641491279,0.0919117673765868
71.74379864614457,0.0945378178730607
71.74793087737635,0.09322479262482375
71.75206310860813,0.09322479262482375
71.7561953398399,0.0945378178730607
71.76032757107168,0.09322479262482375
71.76445980230346,0.09322479262482375
71.76859203353524,0.0945378178730607
71.77272426476702,0.0945378178730607
71.7768564959988,0.0945378178730607
71.78098872723058,0.09322479262482375
71.78512095846236,0.0919117673765868
71.78925318969414,0.0945378178730607
71.79338542092592,0.0945378178730607
71.7975176521577,0.0945378178730607
71.80164988338947,0.09322479262482375
71.80578211462125,0.09585084312129766
71.80991434585303,0.0945378178730607
71.81404657708481,0.0945378178730607
71.81817880831659,0.0945378178730607
71.82231103954837,0.09322479262482375
71.82644327078015,0.0945378178730607
71.83057550201192,0.0919117673765868
71.8347077332437,0.09585084312129766
71.83883996447548,0.09585084312129766
71.84297219570726,0.09322479262482375
71.84710442693904,0.0945378178730607
71.85123665817082,0.0945378178730607
71.8553688894026,0.0945378178730607
71.85950112063438,0.09322479262482375
71.86363335186616,0.0945378178730607
71.86776558309793,0.09585084312129766
71.87189781432971,0.09585084312129766
71.87603004556149,0.0945378178730607
71.88016227679327,0.0945378178730607
71.88429450802505,0.09322479262482375
71.88842673925683,0.0945378178730607
71.89255897048861,0.0945378178730607
71.89669120172039,0.09585084312129766
71.90082343295217,0.09322479262482375
71.90495566418394,0.09322479262482375
71.90908789541572,0.0945378178730607
71.9132201266475,0.09585084312129766
71.91735235787928,0.09585084312129766
71.92148458911106,0.09322479262482375
71.92561682034284,0.0945378178730607
71.92974905157462,0.09585084312129766
71.9338812828064,0.0945378178730607
71.93801351403818,0.0945378178730607
71.94214574526995,0.09322479262482375
71.94627797650173,0.0945378178730607
71.95041020773351,0.09322479262482375
71.95454243896529,0.0945378178730607
71.95867467019707,0.09585084312129766
71.96280690142885,0.0945378178730607
71.96693913266063,0.09585084312129766
71.9710713638924,0.09585084312129766
71.97520359512419,0.0945378178730607
71.97933582635596,0.09322479262482375
71.98346805758774,0.0945378178730607
71.98760028881952,0.09585084312129766
71.9917325200513,0.09585084312129766
71.99586475128308,0.0945378178730607
71.99999698251486,0.0945378178730607
72.00412921374664,0.09716386836953461
72.00826144497842,0.09716386836953461
72.0123936762102,0.09585084312129766
72.01652590744197,0.09585084312129766
72.02065813867375,0.0945378178730607
72.02479036990553,0.0945378178730607
72.02892260113731,0.09322479262482375
72.03305483236909,0.09322479262482375
72.03718706360087,0.09585084312129766
72.04131929483265,0.09585084312129766
72.04545152606443,0.09716386836953461
72.0495837572962,0.09322479262482375
72.05371598852798,0.09716386836953461
72.05784821975976,0.0945378178730607
72.06198045099154,0.0945378178730607
72.06611268222332,0.09585084312129766
72.0702449134551,0.09585084312129766
72.07437714468688,0.09322479262482375
72.07850937591866,0.09322479262482375
72.08264160715044,0.0945378178730607
72.08677383838221,0.09716386836953461
72.090906069614,0.0945378178730607
72.09503830084577,0.09716386836953461
72.09917053207755,0.09585084312129766
72.10330276330933,0.0919117673765868
72.10743499454111,0.0945378178730607
72.11156722577289,0.09322479262482375
72.11569945700467,0.0945378178730607
72.11983168823645,0.09322479262482375
72.12396391946822,0.09585084312129766
72.1280961507,0.09585084312129766
72.13222838193178,0.0945378178730607
72.13636061316356,0.09585084312129766
72.14049284439534,0.09585084312129766
72.14462507562712,0.0945378178730607
72.1487573068589,0.0945378178730607
72.15288953809068,0.09322479262482375
72.15702176932245,0.0945378178730607
72.16115400055423,0.09585084312129766
72.16528623178601,0.0945378178730607
72.16941846301779,0.09322479262482375
72.17355069424957,0.09585084312129766
72.17768292548135,0.09585084312129766
72.18181515671313,0.09585084312129766
72.1859473879449,0.09716386836953461
72.19007961917669,0.09585084312129766
72.19421185040846,0.0945378178730607
72.19834408164024,0.0945378178730607
72.20247631287202,0.0945378178730607
72.2066085441038,0.0945378178730607
72.21074077533558,0.09585084312129766
72.21487300656736,0.09322479262482375
72.21900523779914,0.0945378178730607
72.22313746903092,0.09716386836953461
72.2272697002627,0.09716386836953461
72.23140193149447,0.0945378178730607
72.23553416272625,0.0945378178730607
72.23966639395803,0.09322479262482375
72.24379862518981,0.09322479262482375
72.24793085642159,0.0945378178730607
72.25206308765337,0.0919117673765868
72.25619531888515,0.0945378178730607
72.26032755011693,0.09322479262482375
72.2644597813487,0.09585084312129766
72.26859201258048,0.0945378178730607
72.27272424381226,0.09847689361777157
72.27685647504404,0.09585084312129766
72.28098870627582,0.0945378178730607
72.2851209375076,0.09585084312129766
72.28925316873938,0.09322479262482375
72.29338539997116,0.0945378178730607
72.29751763120294,0.09585084312129766
72.30164986243472,0.0945378178730607
72.3057820936665,0.09322479262482375
72.30991432489827,0.09585084312129766
72.31404655613005,0.09585084312129766
72.31817878736183,0.0945378178730607
72.32231101859361,0.09585084312129766
72.32644324982539,0.09585084312129766
72.33057548105717,0.0945378178730607
72.33470771228895,0.0945378178730607
72.33883994352072,0.0945378178730607
72.3429721747525,0.09716386836953461
72.34710440598428,0.09716386836953461
72.35123663721606,0.0945378178730607
72.35536886844784,0.09716386836953461
72.35950109967962,0.09585084312129766
72.3636333309114,0.09322479262482375
72.36776556214318,0.0945378178730607
72.37189779337496,0.09322479262482375
72.37603002460673,0.0945378178730607
72.38016225583851,0.0945378178730607
72.38429448707029,0.09322479262482375
72.38842671830207,0.09585084312129766
72.39255894953385,0.09585084312129766
72.39669118076563,0.0945378178730607
72.40082341199741,0.0945378178730607
72.40495564322919,0.09585084312129766
72.40908787446097,0.09585084312129766
72.41322010569274,0.09585084312129766
72.41735233692452,0.09716386836953461
72.4214845681563,0.09585084312129766
72.42561679938808,0.09716386836953461
72.42974903061986,0.0945378178730607
72.43388126185164,0.09716386836953461
72.43801349308342,0.09585084312129766
72.4421457243152,0.0945378178730607
72.44627795554698,0.0945378178730607
72.45041018677875,0.09585084312129766
72.45454241801053,0.09585084312129766
72.45867464924231,0.09585084312129766
72.46280688047409,0.0945378178730607
72.46693911170587,0.0945378178730607
72.47107134293765,0.0945378178730607
72.47520357416943,0.09585084312129766
72.4793358054012,0.0945378178730607
72.48346803663298,0.09585084312129766
72.48760026786476,0.09716386836953461
72.49173249909654,0.09585084312129766
72.49586473032832,0.09585084312129766
72.4999969615601,0.09585084312129766
72.50412919279188,0.09585084312129766
72.50826142402366,0.09585084312129766
72.51239365525544,0.0945378178730607
72.51652588648722,0.0945378178730607
72.520658117719,0.0945378178730607
72.52479034895077,0.0945378178730607
72.52892258018255,0.09585084312129766
72.53305481141433,0.09716386836953461
72.53718704264611,0.0945378178730607
72.54131927387789,0.0945378178730607
72.54545150510967,0.09322479262482375
72.54958373634145,0.09585084312129766
72.55371596757323,0.0945378178730607
72.557848198805,0.09716386836953461
72.56198043003678,0.09716386836953461
72.56611266126856,0.09847689361777157
72.57024489250034,0.09716386836953461
72.57437712373212,0.09585084312129766
72.5785093549639,0.09585084312129766
72.58264158619568,0.09322479262482375
72.58677381742746,0.0945378178730607
72.59090604865924,0.0945378178730607
72.59503827989101,0.09585084312129766
72.5991705111228,0.09585084312129766
72.60330274235457,0.09585084312129766
72.60743497358635,0.09716386836953461
72.61156720481813,0.09585084312129766
72.61569943604991,0.09585084312129766
72.61983166728169,0.0945378178730607
72.62396389851347,0.09585084312129766
72.62809612974524,0.09716386836953461
72.63222836097702,0.09585084312129766
72.6363605922088,0.0945378178730607
72.64049282344058,0.09585084312129766
72.64462505467236,0.0945378178730607
72.64875728590414,0.09585084312129766
72.65288951713592,0.09716386836953461
72.6570217483677,0.0945378178730607
72.66115397959948,0.0945378178730607
72.66528621083125,0.09716386836953461
72.66941844206303,0.09585084312129766
72.67355067329481,0.09585084312129766
72.67768290452659,0.0945378178730607
72.68181513575837,0.09585084312129766
72.68594736699015,0.09585084312129766
72.69007959822193,0.0945378178730607
72.6942118294537,0.09585084312129766
72.69834406068549,0.0945378178730607
72.70247629191726,0.09585084312129766
72.70660852314904,0.09716386836953461
72.71074075438082,0.09585084312129766
72.7148729856126,0.0945378178730607
72.71900521684438,0.0945378178730607
72.72313744807616,0.0945378178730607
72.72726967930794,0.09585084312129766
72.73140191053972,0.0945378178730607
72.7355341417715,0.0945378178730607
72.73966637300327,0.09322479262482375
72.74379860423505,0.09322479262482375
72.74793083546683,0.09585084312129766
72.75206306669861,0.0945378178730607
72.75619529793039,0.0945378178730607
72.76032752916217,0.0945378178730607
72.76445976039395,0.0945378178730607
72.76859199162573,0.0945378178730607
72.7727242228575,0.0945378178730607
72.77685645408928,0.09322479262482375
72.78098868532106,0.09585084312129766
72.78512091655284,0.09585084312129766
72.78925314778462,0.0945378178730607
72.7933853790164,0.09322479262482375
72.79751761024818,0.09585084312129766
72.80164984147996,0.09585084312129766
72.80578207271174,0.0945378178730607
72.80991430394351,0.09585084312129766
72.8140465351753,0.0945378178730607
72.81817876640707,0.09585084312129766
72.82231099763885,0.09585084312129766
72.82644322887063,0.0945378178730607
72.83057546010241,0.09585084312129766
72.83470769133419,0.0945378178730607
72.83883992256597,0.09716386836953461
72.84297215379775,0.09585084312129766
72.84710438502952,0.09585084312129766
72.8512366162613,0.0945378178730607
72.85536884749308,0.0945378178730607
72.85950107872486,0.0945378178730607
72.86363330995664,0.0945378178730607
72.86776554118842,0.09585084312129766
72.8718977724202,0.0945378178730607
72.87603000365198,0.09585084312129766
72.88016223488376,0.09322479262482375
72.88429446611553,0.09585084312129766
72.88842669734731,0.0945378178730607
72.89255892857909,0.0945378178730607
72.89669115981087,0.0945378178730607
72.90082339104265,0.09322479262482375
72.90495562227443,0.09585084312129766
72.90908785350621,0.09585084312129766
72.91322008473799,0.09322479262482375
72.91735231596977,0.0945378178730607
72.92148454720154,0.09322479262482375
72.92561677843332,0.09322479262482375
72.9297490096651,0.0945378178730607
72.93388124089688,0.09322479262482375
72.93801347212866,0.0919117673765868
72.94214570336044,0.09585084312129766
72.94627793459222,0.0945378178730607
72.950410165824,0.0945378178730607
72.95454239705577,0.09322479262482375
72.95867462828755,0.0945378178730607
72.96280685951933,0.09585084312129766
72.96693909075111,0.09585084312129766
72.97107132198289,0.09585084312129766
72.97520355321467,0.0945378178730607
72.97933578444645,0.09322479262482375
72.98346801567823,0.09322479262482375
72.98760024691,0.09322479262482375
72.99173247814178,0.0945378178730607
72.99586470937356,0.0945378178730607
72.99999694060534,0.09585084312129766
73.00412917183712,0.0945378178730607
73.0082614030689,0.09322479262482375
73.01239363430068,0.09585084312129766
73.01652586553246,0.0945378178730607
73.02065809676424,0.0945378178730607
73.02479032799602,0.09585084312129766
73.0289225592278,0.09716386836953461
73.03305479045957,0.09585084312129766
73.03718702169135,0.0945378178730607
73.04131925292313,0.0945378178730607
73.04545148415491,0.09585084312129766
73.04958371538669,0.0945378178730607
73.05371594661847,0.0945378178730607
73.05784817785025,0.09585084312129766
73.06198040908203,0.0945378178730607
73.0661126403138,0.09322479262482375
73.07024487154558,0.09322479262482375
73.07437710277736,0.09322479262482375
73.07850933400914,0.0945378178730607
73.08264156524092,0.09585084312129766
73.0867737964727,0.0945378178730607
73.09090602770448,0.09716386836953461
73.09503825893626,0.09716386836953461
73.09917049016804,0.0945378178730607
73.10330272139981,0.09585084312129766
73.10743495263159,0.09322479262482375
73.11156718386337,0.09585084312129766
73.11569941509515,0.0945378178730607
73.11983164632693,0.0945378178730607
73.12396387755871,0.0945378178730607
73.12809610879049,0.0945378178730607
73.13222834002227,0.09585084312129766
73.13636057125404,0.09585084312129766
73.14049280248582,0.0945378178730607
73.1446250337176,0.0945378178730607
73.14875726494938,0.0945378178730607
73.15288949618116,0.0945378178730607
73.15702172741294,0.09585084312129766
73.16115395864472,0.09585084312129766
73.1652861898765,0.09585084312129766
73.16941842110828,0.09716386836953461
73.17355065234005,0.09585084312129766
73.17768288357183,0.0945378178730607
73.18181511480361,0.09585084312129766
73.18594734603539,0.09585084312129766
73.19007957726717,0.09585084312129766
73.19421180849895,0.0945378178730607
73.19834403973073,0.0945378178730607
73.2024762709625,0.0919117673765868
73.20660850219429,0.0945378178730607
73.21074073342606,0.0945378178730607
73.21487296465784,0.0945378178730607
73.21900519588962,0.09585084312129766
73.2231374271214,0.09716386836953461
73.22726965835318,0.09585084312129766
73.23140188958496,0.0945378178730607
73.23553412081674,0.09585084312129766
73.23966635204852,0.0945378178730607
73.2437985832803,0.09322479262482375
73.24793081451207,0.0945378178730607
73.25206304574385,0.09322479262482375
73.25619527697563,0.09585084312129766
73.26032750820741,0.0945378178730607
73.26445973943919,0.0945378178730607
73.26859197067097,0.0945378178730607
73.27272420190275,0.09585084312129766
73.27685643313453,0.0945378178730607
73.2809886643663,0.09322479262482375
73.28512089559808,0.0945378178730607
73.28925312682986,0.0945378178730607
73.29338535806164,0.0945378178730607
73.29751758929342,0.09585084312129766
73.3016498205252,0.09585084312129766
73.30578205175698,0.0945378178730607
73.30991428298876,0.0945378178730607
73.31404651422054,0.09716386836953461
73.31817874545231,0.09585084312129766
73.3223109766841,0.0945378178730607
73.32644320791587,0.09847689361777157
73.33057543914765,0.09322479262482375
73.33470767037943,0.0945378178730607
73.33883990161121,0.0945378178730607
73.34297213284299,0.0945378178730607
73.34710436407477,0.09585084312129766
73.35123659530655,0.09322479262482375
73.35536882653832,0.09585084312129766
73.3595010577701,0.0945378178730607
73.36363328900188,0.09585084312129766
73.36776552023366,0.09585084312129766
73.37189775146544,0.09585084312129766
73.37602998269722,0.09585084312129766
73.380162213929,0.0945378178730607
73.38429444516078,0.0945378178730607
73.38842667639256,0.0945378178730607
73.39255890762433,0.0945378178730607
73.39669113885611,0.09585084312129766
73.40082337008789,0.0945378178730607
73.40495560131967,0.0945378178730607
73.40908783255145,0.0945378178730607
73.41322006378323,0.0945378178730607
73.41735229501501,0.09585084312129766
73.42148452624679,0.0945378178730607
73.42561675747856,0.0945378178730607
73.42974898871034,0.09585084312129766
73.43388121994212,0.09716386836953461
73.4380134511739,0.09585084312129766
73.44214568240568,0.0945378178730607
73.44627791363746,0.0945378178730607
73.45041014486924,0.09585084312129766
73.45454237610102,0.0945378178730607
73.4586746073328,0.09585084312129766
73.46280683856457,0.09585084312129766
73.46693906979635,0.0945378178730607
73.47107130102813,0.09585084312129766
73.47520353225991,0.09716386836953461
73.47933576349169,0.0945378178730607
73.48346799472347,0.0945378178730607
73.48760022595525,0.09585084312129766
73.49173245718703,0.09585084312129766
73.4958646884188,0.09585084312129766
73.49999691965058,0.0945378178730607
73.50412915088236,0.09585084312129766
73.50826138211414,0.0945378178730607
73.51239361334592,0.0945378178730607
73.5165258445777,0.0945378178730607
73.52065807580948,0.0945378178730607
73.52479030704126,0.09585084312129766
73.52892253827304,0.0945378178730607
73.53305476950482,0.0945378178730607
73.5371870007366,0.0945378178730607
73.54131923196837,0.09585084312129766
73.54545146320015,0.09716386836953461
73.54958369443193,0.0945378178730607
73.55371592566371,0.0945378178730607
73.55784815689549,0.09322479262482375
73.56198038812727,0.0945378178730607
73.56611261935905,0.0945378178730607
73.57024485059083,0.0945378178730607
73.5743770818226,0.09322479262482375
73.57850931305438,0.09585084312129766
73.58264154428616,0.0945378178730607
73.58677377551794,0.09322479262482375
73.59090600674972,0.09585084312129766
73.5950382379815,0.0945378178730607
73.59917046921328,0.09716386836953461
73.60330270044506,0.09585084312129766
73.60743493167683,0.0945378178730607
73.61156716290861,0.09585084312129766
73.61569939414039,0.09322479262482375
73.61983162537217,0.09322479262482375
73.62396385660395,0.0945378178730607
73.62809608783573,0.09585084312129766
73.63222831906751,0.09585084312129766
73.63636055029929,0.0945378178730607
73.64049278153107,0.09585084312129766
73.64462501276284,0.0945378178730607
73.64875724399462,0.0945378178730607
73.6528894752264,0.0945378178730607
73.65702170645818,0.0945378178730607
73.66115393768996,0.0945378178730607
73.66528616892174,0.0945378178730607
73.66941840015352,0.09585084312129766
73.6735506313853,0.0945378178730607
73.67768286261708,0.09585084312129766
73.68181509384885,0.09585084312129766
73.68594732508063,0.09322479262482375
73.69007955631241,0.0945378178730607
73.69421178754419,0.09322479262482375
73.69834401877597,0.09585084312129766
73.70247625000775,0.09585084312129766
73.70660848123953,0.0945378178730607
73.7107407124713,0.0945378178730607
73.71487294370309,0.0945378178730607
73.71900517493486,0.09716386836953461
73.72313740616664,0.09585084312129766
73.72726963739842,0.09585084312129766
73.7314018686302,0.09585084312129766
73.73553409986198,0.09585084312129766
73.73966633109376,0.0945378178730607
73.74379856232554,0.09585084312129766
73.74793079355732,0.09585084312129766
73.7520630247891,0.09716386836953461
73.75619525602087,0.09585084312129766
73.76032748725265,0.0945378178730607
73.76445971848443,0.0945378178730607
73.76859194971621,0.0945378178730607
73.77272418094799,0.09585084312129766
73.77685641217977,0.09585084312129766
73.78098864341155,0.0945378178730607
73.78512087464333,0.09585084312129766
73.7892531058751,0.09585084312129766
73.79338533710688,0.0945378178730607
73.79751756833866,0.09716386836953461
73.80164979957044,0.0945378178730607
73.80578203080222,0.09585084312129766
73.809914262034,0.09585084312129766
73.81404649326578,0.09322479262482375
73.81817872449756,0.09322479262482375
73.82231095572934,0.09585084312129766
73.82644318696111,0.09585084312129766
73.8305754181929,0.0945378178730607
73.83470764942467,0.0945378178730607
73.83883988065645,0.0945378178730607
73.84297211188823,0.09585084312129766
73.84710434312001,0.0945378178730607
73.85123657435179,0.09585084312129766
73.85536880558357,0.09585084312129766
73.85950103681535,0.0945378178730607
73.86363326804712,0.09585084312129766
73.8677654992789,0.09585084312129766
73.87189773051068,0.0945378178730607
73.87602996174246,0.09585084312129766
73.88016219297424,0.09716386836953461
73.88429442420602,0.09585084312129766
73.8884266554378,0.0945378178730607
73.89255888666958,0.09585084312129766
73.89669111790136,0.09585084312129766
73.90082334913313,0.0945378178730607
73.90495558036491,0.09322479262482375
73.90908781159669,0.0945378178730607
73.91322004282847,0.0945378178730607
73.91735227406025,0.09585084312129766
73.92148450529203,0.09585084312129766
73.9256167365238,0.0945378178730607
73.92974896775559,0.0945378178730607
73.93388119898736,0.09585084312129766
73.93801343021914,0.09585084312129766
73.94214566145092,0.0945378178730607
73.9462778926827,0.09585084312129766
73.95041012391448,0.09585084312129766
73.95454235514626,0.0945378178730607
73.95867458637804,0.09585084312129766
73.96280681760982,0.09585084312129766
73.9669390488416,0.09585084312129766
73.97107128007337,0.0945378178730607
73.97520351130515,0.09585084312129766
73.97933574253693,0.0945378178730607
73.98346797376871,0.09585084312129766
73.98760020500049,0.0945378178730607
73.99173243623227,0.0945378178730607
73.99586466746405,0.09585084312129766
73.99999689869583,0.09716386836953461
74.0041291299276,0.09585084312129766
74.00826136115938,0.09585084312129766
74.01239359239116,0.09322479262482375
74.01652582362294,0.0945378178730607
74.02065805485472,0.09322479262482375
74.0247902860865,0.09322479262482375
74.02892251731828,0.09322479262482375
74.03305474855006,0.09322479262482375
74.03718697978184,0.0945378178730607
74.04131921101362,0.0945378178730607
74.0454514422454,0.0945378178730607
74.04958367347717,0.0945378178730607
74.05371590470895,0.09322479262482375
74.05784813594073,0.09585084312129766
74.06198036717251,0.0945378178730607
74.06611259840429,0.09322479262482375
74.07024482963607,0.0945378178730607
74.07437706086785,0.09322479262482375
74.07850929209962,0.09585084312129766
74.0826415233314,0.09585084312129766
74.08677375456318,0.09585084312129766
74.09090598579496,0.0945378178730607
74.09503821702674,0.0945378178730607
74.09917044825852,0.0945378178730607
74.1033026794903,0.0945378178730607
74.10743491072208,0.0945378178730607
74.11156714195386,0.0945378178730607
74.11569937318563,0.09585084312129766
74.11983160441741,0.09585084312129766
74.12396383564919,0.0945378178730607
74.12809606688097,0.0945378178730607
74.13222829811275,0.0945378178730607
74.13636052934453,0.0945378178730607
74.14049276057631,0.0945378178730607
74.14462499180809,0.09322479262482375
74.14875722303987,0.0945378178730607
74.15288945427164,0.0945378178730607
74.15702168550342,0.09585084312129766
74.1611539167352,0.09585084312129766
74.16528614796698,0.09322479262482375
74.16941837919876,0.0945378178730607
74.17355061043054,0.09585084312129766
74.17768284166232,0.09585084312129766
74.1818150728941,0.0945378178730607
74.18594730412588,0.09585084312129766
74.19007953535765,0.0945378178730607
74.19421176658943,0.0945378178730607
74.19834399782121,0.0945378178730607
74.20247622905299,0.09716386836953461
74.20660846028477,0.0945378178730607
74.21074069151655,0.09585084312129766
74.21487292274833,0.0945378178730607
74.2190051539801,0.09716386836953461
74.22313738521188,0.0945378178730607
74.22726961644366,0.0945378178730607
74.23140184767544,0.09585084312129766
74.23553407890722,0.09585084312129766
74.239666310139,0.0945378178730607
74.24379854137078,0.09322479262482375
74.24793077260256,0.0945378178730607
74.25206300383434,0.09322479262482375
74.25619523506612,0.0945378178730607
74.2603274662979,0.0945378178730607
74.26445969752967,0.09322479262482375
74.26859192876145,0.09716386836953461
74.27272415999323,0.09585084312129766
74.27685639122501,0.0945378178730607
74.28098862245679,0.0945378178730607
74.28512085368857,0.09585084312129766
74.28925308492035,0.09585084312129766
74.29338531615213,0.09322479262482375
74.2975175473839,0.09322479262482375
74.30164977861568,0.0945378178730607
74.30578200984746,0.0945378178730607
74.30991424107924,0.09585084312129766
74.31404647231102,0.0945378178730607
74.3181787035428,0.09322479262482375
74.32231093477458,0.0945378178730607
74.32644316600636,0.0945378178730607
74.33057539723814,0.0945378178730607
74.33470762846991,0.09322479262482375
74.3388398597017,0.09585084312129766
74.34297209093347,0.09716386836953461
74.34710432216525,0.09585084312129766
74.35123655339703,0.09585084312129766
74.35536878462881,0.09585084312129766
74.35950101586059,0.09585084312129766
74.36363324709237,0.0945378178730607
74.36776547832415,0.09585084312129766
74.37189770955592,0.0945378178730607
74.3760299407877,0.0945378178730607
74.38016217201948,0.0945378178730607
74.38429440325126,0.09585084312129766
74.38842663448304,0.0945378178730607
74.39255886571482,0.09322479262482375
74.3966910969466,0.09585084312129766
74.40082332817838,0.0945378178730607
74.40495555941015,0.09585084312129766
74.40908779064193,0.09322479262482375
74.41322002187371,0.0945378178730607
74.41735225310549,0.0945378178730607
74.42148448433727,0.0945378178730607
74.42561671556905,0.0945378178730607
74.42974894680083,0.09585084312129766
74.4338811780326,0.09585084312129766
74.43801340926439,0.0945378178730607
74.44214564049616,0.0945378178730607
74.44627787172794,0.09585084312129766
74.45041010295972,0.0945378178730607
74.4545423341915,0.0945378178730607
74.45867456542328,0.0945378178730607
74.46280679665506,0.09585084312129766
74.46693902788684,0.09585084312129766
74.47107125911862,0.09585084312129766
74.4752034903504,0.0945378178730607
74.47933572158217,0.0945378178730607
74.48346795281395,0.09585084312129766
74.48760018404573,0.0945378178730607
74.49173241527751,0.0945378178730607
74.49586464650929,0.09716386836953461
74.49999687774107,0.0945378178730607
74.50412910897285,0.0945378178730607
74.50826134020463,0.09585084312129766
74.5123935714364,0.09585084312129766
74.51652580266818,0.09585084312129766
74.52065803389996,0.09585084312129766
74.52479026513174,0.0945378178730607
74.52892249636352,0.0945378178730607
74.5330547275953,0.09585084312129766
74.53718695882708,0.09322479262482375
74.54131919005886,0.0945378178730607
74.54545142129064,0.09585084312129766
74.54958365252241,0.09716386836953461
74.5537158837542,0.09716386836953461
74.55784811498597,0.09716386836953461
74.56198034621775,0.09585084312129766
74.56611257744953,0.09585084312129766
74.57024480868131,0.0945378178730607
74.57437703991309,0.0945378178730607
74.57850927114487,0.0945378178730607
74.58264150237665,0.0945378178730607
74.58677373360842,0.09716386836953461
74.5909059648402,0.09585084312129766
74.59503819607198,0.09716386836953461
74.59917042730376,0.09585084312129766
74.60330265853554,0.09585084312129766
74.60743488976732,0.0945378178730607
74.6115671209991,0.0945378178730607
74.61569935223088,0.0945378178730607
74.61983158346266,0.0945378178730607
74.62396381469443,0.09585084312129766
74.62809604592621,0.09585084312129766
74.63222827715799,0.09585084312129766
74.63636050838977,0.09585084312129766
74.64049273962155,0.0945378178730607
74.64462497085333,0.09585084312129766
74.64875720208511,0.09716386836953461
74.65288943331689,0.0945378178730607
74.65702166454867,0.09585084312129766
74.66115389578044,0.09322479262482375
74.66528612701222,0.0945378178730607
74.669418358244,0.09585084312129766
74.67355058947578,0.0945378178730607
74.67768282070756,0.0945378178730607
74.68181505193934,0.09585084312129766
74.68594728317112,0.09585084312129766
74.6900795144029,0.09585084312129766
74.69421174563468,0.09716386836953461
74.69834397686645,0.09716386836953461
74.70247620809823,0.0945378178730607
74.70660843933001,0.0945378178730607
74.71074067056179,0.0945378178730607
74.71487290179357,0.09322479262482375
74.71900513302535,0.09716386836953461
74.72313736425713,0.09716386836953461
74.7272695954889,0.09585084312129766
74.73140182672068,0.09585084312129766
74.73553405795246,0.0945378178730607
74.73966628918424,0.0945378178730607
74.74379852041602,0.09585084312129766
74.7479307516478,0.09585084312129766
74.75206298287958,0.09585084312129766
74.75619521411136,0.09585084312129766
74.76032744534314,0.09716386836953461
74.76445967657492,0.09585084312129766
74.7685919078067,0.09716386836953461
74.77272413903847,0.09322479262482375
74.77685637027025,0.09585084312129766
74.78098860150203,0.09585084312129766
74.78512083273381,0.09585084312129766
74.78925306396559,0.09585084312129766
74.79338529519737,0.0945378178730607
74.79751752642915,0.09322479262482375
74.80164975766093,0.09585084312129766
74.8057819888927,0.09585084312129766
74.80991422012448,0.09585084312129766
74.81404645135626,0.0945378178730607
74.81817868258804,0.09585084312129766
74.82231091381982,0.09585084312129766
74.8264431450516,0.09585084312129766
74.83057537628338,0.09585084312129766
74.83470760751516,0.0945378178730607
74.83883983874694,0.09585084312129766
74.84297206997871,0.09716386836953461
74.84710430121049,0.09716386836953461
74.85123653244227,0.09585084312129766
74.85536876367405,0.0945378178730607
74.85950099490583,0.09716386836953461
74.86363322613761,0.0945378178730607
74.86776545736939,0.0945378178730607
74.87189768860117,0.09585084312129766
74.87602991983294,0.0945378178730607
74.88016215106472,0.09322479262482375
74.8842943822965,0.09585084312129766
74.88842661352828,0.0945378178730607
74.89255884476006,0.09322479262482375
74.89669107599184,0.09585084312129766
74.90082330722362,0.09716386836953461
74.9049555384554,0.09716386836953461
74.90908776968718,0.09585084312129766
74.91322000091895,0.0945378178730607
74.91735223215073,0.09585084312129766
74.92148446338251,0.0945378178730607
74.92561669461429,0.0945378178730607
74.92974892584607,0.0945378178730607
74.93388115707785,0.0945378178730607
74.93801338830963,0.0945378178730607
74.9421456195414,0.09585084312129766
74.94627785077319,0.09585084312129766
74.95041008200496,0.09585084312129766
74.95454231323674,0.09585084312129766
74.95867454446852,0.09585084312129766
74.9628067757003,0.09585084312129766
74.96693900693208,0.09585084312129766
74.97107123816386,0.09585084312129766
74.97520346939564,0.09585084312129766
74.97933570062742,0.09585084312129766
74.9834679318592,0.0945378178730607
74.98760016309097,0.0945378178730607
74.99173239432275,0.09585084312129766
74.99586462555453,0.0945378178730607
74.99999685678631,0.09585084312129766
75.00412908801809,0.0945378178730607
75.00826131924987,0.09322479262482375
75.01239355048165,0.09322479262482375
75.01652578171343,0.09585084312129766
75.0206580129452,0.09585084312129766
75.02479024417698,0.09585084312129766
75.02892247540876,0.09585084312129766
75.03305470664054,0.09716386836953461
75.03718693787232,0.09585084312129766
75.0413191691041,0.0945378178730607
75.04545140033588,0.09585084312129766
75.04958363156766,0.09585084312129766
75.05371586279944,0.0945378178730607
75.05784809403121,0.09585084312129766
75.061980325263,0.0945378178730607
75.06611255649477,0.0945378178730607
75.07024478772655,0.09585084312129766
75.07437701895833,0.0945378178730607
75.07850925019011,0.0945378178730607
75.08264148142189,0.0945378178730607
75.08677371265367,0.09716386836953461
75.09090594388545,0.09322479262482375
75.09503817511722,0.0945378178730607
75.099170406349,0.09585084312129766
75.10330263758078,0.09716386836953461
75.10743486881256,0.09585084312129766
75.11156710004434,0.0945378178730607
75.11569933127612,0.0945378178730607
75.1198315625079,0.09585084312129766
75.12396379373968,0.0945378178730607
75.12809602497146,0.09585084312129766
75.13222825620323,0.09585084312129766
75.13636048743501,0.0945378178730607
75.14049271866679,0.09716386836953461
75.14462494989857,0.09585084312129766
75.14875718113035,0.0945378178730607
75.15288941236213,0.0945378178730607
75.15702164359391,0.0945378178730607
75.16115387482569,0.0945378178730607
75.16528610605747,0.0945378178730607
75.16941833728924,0.09716386836953461
75.17355056852102,0.09716386836953461
75.1776827997528,0.09585084312129766
75.18181503098458,0.09716386836953461
75.18594726221636,0.09716386836953461
75.19007949344814,0.09716386836953461
75.19421172467992,0.0945378178730607
75.1983439559117,0.09585084312129766
75.20247618714347,0.09585084312129766
75.20660841837525,0.0945378178730607
75.21074064960703,0.09585084312129766
75.21487288083881,0.0945378178730607
75.21900511207059,0.0945378178730607
75.22313734330237,0.0945378178730607
75.22726957453415,0.09585084312129766
75.23140180576593,0.09716386836953461
75.2355340369977,0.09585084312129766
75.23966626822948,0.09585084312129766
75.24379849946126,0.09585084312129766
75.24793073069304,0.09585084312129766
75.25206296192482,0.09585084312129766
75.2561951931566,0.0945378178730607
75.26032742438838,0.0945378178730607
75.26445965562016,0.09585084312129766
75.26859188685194,0.09585084312129766
75.27272411808372,0.09716386836953461
75.2768563493155,0.09716386836953461
75.28098858054727,0.0945378178730607
75.28512081177905,0.0945378178730607
75.28925304301083,0.0945378178730607
75.29338527424261,0.09716386836953461
75.29751750547439,0.09585084312129766
75.30164973670617,0.09716386836953461
75.30578196793795,0.09716386836953461
75.30991419916973,0.09585084312129766
75.3140464304015,0.09847689361777157
75.31817866163328,0.09585084312129766
75.32231089286506,0.0945378178730607
75.32644312409684,0.09585084312129766
75.33057535532862,0.0945378178730607
75.3347075865604,0.09585084312129766
75.33883981779218,0.09585084312129766
75.34297204902396,0.09585084312129766
75.34710428025573,0.09847689361777157
75.35123651148751,0.0945378178730607
75.35536874271929,0.09585084312129766
75.35950097395107,0.09716386836953461
75.36363320518285,0.0945378178730607
75.36776543641463,0.09585084312129766
75.37189766764641,0.09716386836953461
75.37602989887819,0.09716386836953461
75.38016213010997,0.09585084312129766
75.38429436134174,0.09716386836953461
75.38842659257352,0.09716386836953461
75.3925588238053,0.09585084312129766
75.39669105503708,0.0945378178730607
75.40082328626886,0.09585084312129766
75.40495551750064,0.09847689361777157
75.40908774873242,0.09322479262482375
75.4132199799642,0.09716386836953461
75.41735221119598,0.09716386836953461
75.42148444242775,0.09585084312129766
75.42561667365953,0.09585084312129766
75.42974890489131,0.0945378178730607
75.43388113612309,0.09585084312129766
75.43801336735487,0.09585084312129766
75.44214559858665,0.09716386836953461
75.44627782981843,0.09585084312129766
75.4504100610502,0.09585084312129766
75.45454229228199,0.09585084312129766
75.45867452351376,0.09716386836953461
75.46280675474554,0.09716386836953461
75.46693898597732,0.0945378178730607
75.4710712172091,0.0945378178730607
75.47520344844088,0.09585084312129766
75.47933567967266,0.09716386836953461
75.48346791090444,0.09585084312129766
75.48760014213622,0.09585084312129766
75.491732373368,0.09585084312129766
75.49586460459977,0.0945378178730607
75.49999683583155,0.0945378178730607
75.50412906706333,0.09585084312129766
75.50826129829511,0.09585084312129766
75.51239352952689,0.09585084312129766
75.51652576075867,0.09716386836953461
75.52065799199045,0.09585084312129766
75.52479022322223,0.09585084312129766
75.528922454454,0.09716386836953461
75.53305468568578,0.09585084312129766
75.53718691691756,0.09585084312129766
75.54131914814934,0.0945378178730607
75.54545137938112,0.0945378178730607
75.5495836106129,0.09585084312129766
75.55371584184468,0.0945378178730607
75.55784807307646,0.0945378178730607
75.56198030430824,0.09585084312129766
75.56611253554001,0.09585084312129766
75.5702447667718,0.09322479262482375
75.57437699800357,0.09716386836953461
75.57850922923535,0.09716386836953461
75.58264146046713,0.09585084312129766
75.58677369169891,0.09716386836953461
75.59090592293069,0.09716386836953461
75.59503815416247,0.09585084312129766
75.59917038539425,0.09585084312129766
75.60330261662602,0.09585084312129766
75.6074348478578,0.09585084312129766
75.61156707908958,0.09585084312129766
75.61569931032136,0.09585084312129766
75.61983154155314,0.0945378178730607
75.62396377278492,0.09585084312129766
75.6280960040167,0.09585084312129766
75.63222823524848,0.09716386836953461
75.63636046648026,0.09716386836953461
75.64049269771203,0.09585084312129766
75.64462492894381,0.09585084312129766
75.64875716017559,0.09585084312129766
75.65288939140737,0.0945378178730607
75.65702162263915,0.0945378178730607
75.66115385387093,0.09585084312129766
75.66528608510271,0.09585084312129766
75.66941831633449,0.09716386836953461
75.67355054756626,0.09585084312129766
75.67768277879804,0.09716386836953461
75.68181501002982,0.09585084312129766
75.6859472412616,0.0945378178730607
75.69007947249338,0.09585084312129766
75.69421170372516,0.0945378178730607
75.69834393495694,0.0945378178730607
75.70247616618872,0.09585084312129766
75.7066083974205,0.09585084312129766
75.71074062865227,0.0945378178730607
75.71487285988405,0.0945378178730607
75.71900509111583,0.0945378178730607
75.72313732234761,0.09716386836953461
75.72726955357939,0.09716386836953461
75.73140178481117,0.09585084312129766
75.73553401604295,0.0945378178730607
75.73966624727473,0.09322479262482375
75.7437984785065,0.09716386836953461
75.74793070973828,0.09585084312129766
75.75206294097006,0.09585084312129766
75.75619517220184,0.09585084312129766
75.76032740343362,0.09585084312129766
75.7644596346654,0.0945378178730607
75.76859186589718,0.0945378178730607
75.77272409712896,0.0945378178730607
75.77685632836074,0.09716386836953461
75.78098855959252,0.09585084312129766
75.7851207908243,0.0945378178730607
75.78925302205607,0.09585084312129766
75.79338525328785,0.09716386836953461
75.79751748451963,0.09716386836953461
75.80164971575141,0.09716386836953461
75.80578194698319,0.09585084312129766
75.80991417821497,0.09716386836953461
75.81404640944675,0.09716386836953461
75.81817864067852,0.0945378178730607
75.8223108719103,0.09716386836953461
75.82644310314208,0.09585084312129766
75.83057533437386,0.09585084312129766
75.83470756560564,0.0945378178730607
75.83883979683742,0.0945378178730607
75.8429720280692,0.09716386836953461
75.84710425930098,0.0945378178730607
75.85123649053276,0.0945378178730607
75.85536872176453,0.09716386836953461
75.85950095299631,0.09585084312129766
75.86363318422809,0.09716386836953461
75.86776541545987,0.0945378178730607
75.87189764669165,0.09585084312129766
75.87602987792343,0.09585084312129766
75.88016210915521,0.0945378178730607
75.88429434038699,0.09585084312129766
75.88842657161877,0.0945378178730607
75.89255880285054,0.09585084312129766
75.89669103408232,0.09585084312129766
75.9008232653141,0.09585084312129766
75.90495549654588,0.09585084312129766
75.90908772777766,0.09585084312129766
75.91321995900944,0.09585084312129766
75.91735219024122,0.09585084312129766
75.921484421473,0.09716386836953461
75.92561665270478,0.09716386836953461
75.92974888393655,0.09585084312129766
75.93388111516833,0.09585084312129766
75.93801334640011,0.09585084312129766
75.94214557763189,0.09585084312129766
75.94627780886367,0.09585084312129766
75.95041004009545,0.09322479262482375
75.95454227132723,0.09585084312129766
75.958674502559,0.0919117673765868
75.96280673379079,0.0945378178730607
75.96693896502256,0.09585084312129766
75.97107119625434,0.0945378178730607
75.97520342748612,0.09716386836953461
75.9793356587179,0.09585084312129766
75.98346788994968,0.0945378178730607
75.98760012118146,0.09585084312129766
75.99173235241324,0.0945378178730607
75.99586458364502,0.09585084312129766
75.9999968148768,0.09585084312129766
76.00412904610857,0.09585084312129766
76.00826127734035,0.09716386836953461
76.01239350857213,0.09716386836953461
76.01652573980391,0.09716386836953461
76.02065797103569,0.09585084312129766
76.02479020226747,0.09585084312129766
76.02892243349925,0.09322479262482375
76.03305466473103,0.09322479262482375
76.0371868959628,0.0945378178730607
76.04131912719458,0.0945378178730607
76.04545135842636,0.09322479262482375
76.04958358965814,0.0945378178730607
76.05371582088992,0.09585084312129766
76.0578480521217,0.09716386836953461
76.06198028335348,0.09585084312129766
76.06611251458526,0.09585084312129766
76.07024474581704,0.0945378178730607
76.07437697704881,0.09585084312129766
76.0785092082806,0.09585084312129766
76.08264143951237,0.09585084312129766
76.08677367074415,0.09585084312129766
76.09090590197593,0.0945378178730607
76.09503813320771,0.0945378178730607
76.09917036443949,0.09585084312129766
76.10330259567127,0.09585084312129766
76.10743482690305,0.09585084312129766
76.11156705813482,0.09585084312129766
76.1156992893666,0.09585084312129766
76.11983152059838,0.0945378178730607
76.12396375183016,0.0945378178730607
76.12809598306194,0.09585084312129766
76.13222821429372,0.09585084312129766
76.1363604455255,0.09585084312129766
76.14049267675728,0.09585084312129766
76.14462490798905,0.09585084312129766
76.14875713922083,0.09585084312129766
76.15288937045261,0.09716386836953461
76.15702160168439,0.09716386836953461
76.16115383291617,0.09585084312129766
76.16528606414795,0.09585084312129766
76.16941829537973,0.09585084312129766
76.1735505266115,0.0945378178730607
76.17768275784329,0.0945378178730607
76.18181498907506,0.0945378178730607
76.18594722030684,0.0945378178730607
76.19007945153862,0.0945378178730607
76.1942116827704,0.09716386836953461
76.19834391400218,0.09585084312129766
76.20247614523396,0.09585084312129766
76.20660837646574,0.09585084312129766
76.21074060769752,0.09585084312129766
76.2148728389293,0.0945378178730607
76.21900507016107,0.09585084312129766
76.22313730139285,0.09322479262482375
76.22726953262463,0.0945378178730607
76.23140176385641,0.09585084312129766
76.23553399508819,0.09322479262482375
76.23966622631997,0.09585084312129766
76.24379845755175,0.0945378178730607
76.24793068878353,0.0945378178730607
76.2520629200153,0.09585084312129766
76.25619515124708,0.09322479262482375
76.26032738247886,0.09585084312129766
76.26445961371064,0.0945378178730607
76.26859184494242,0.09585084312129766
76.2727240761742,0.0945378178730607
76.27685630740598,0.09585084312129766
76.28098853863776,0.09585084312129766
76.28512076986954,0.0945378178730607
76.28925300110132,0.09322479262482375
76.2933852323331,0.09585084312129766
76.29751746356487,0.09585084312129766
76.30164969479665,0.09585084312129766
76.30578192602843,0.0945378178730607
76.30991415726021,0.09585084312129766
76.31404638849199,0.09585084312129766
76.31817861972377,0.09585084312129766
76.32231085095555,0.09585084312129766
76.32644308218732,0.09585084312129766
76.3305753134191,0.0945378178730607
76.33470754465088,0.0945378178730607
76.33883977588266,0.09585084312129766
76.34297200711444,0.09585084312129766
76.34710423834622,0.0945378178730607
76.351236469578,0.09585084312129766
76.35536870080978,0.09585084312129766
76.35950093204156,0.09585084312129766
76.36363316327333,0.09585084312129766
76.36776539450511,0.0945378178730607
76.37189762573689,0.09585084312129766
76.37602985696867,0.0945378178730607
76.38016208820045,0.0945378178730607
76.38429431943223,0.09585084312129766
76.38842655066401,0.09585084312129766
76.39255878189579,0.09585084312129766
76.39669101312757,0.09585084312129766
76.40082324435934,0.09585084312129766
76.40495547559112,0.09585084312129766
76.4090877068229,0.0945378178730607
76.41321993805468,0.09716386836953461
76.41735216928646,0.09585084312129766
76.42148440051824,0.09585084312129766
76.42561663175002,0.0945378178730607
76.4297488629818,0.0945378178730607
76.43388109421358,0.0945378178730607
76.43801332544535,0.0945378178730607
76.44214555667713,0.0945378178730607
76.44627778790891,0.0945378178730607
76.45041001914069,0.09585084312129766
76.45454225037247,0.0945378178730607
76.45867448160425,0.09585084312129766
76.46280671283603,0.09716386836953461
76.4669389440678,0.09585084312129766
76.47107117529958,0.09585084312129766
76.47520340653136,0.09585084312129766
76.47933563776314,0.09585084312129766
76.48346786899492,0.0945378178730607
76.4876001002267,0.0945378178730607
76.49173233145848,0.09585084312129766
76.49586456269026,0.09585084312129766
76.49999679392204,0.09585084312129766
76.50412902515382,0.0945378178730607
76.5082612563856,0.09585084312129766
76.51239348761737,0.09585084312129766
76.51652571884915,0.09585084312129766
76.52065795008093,0.0945378178730607
76.52479018131271,0.09585084312129766
76.52892241254449,0.09585084312129766
76.53305464377627,0.09585084312129766
76.53718687500805,0.09585084312129766
76.54131910623983,0.09585084312129766
76.5454513374716,0.0945378178730607
76.54958356870338,0.09585084312129766
76.55371579993516,0.09716386836953461
76.55784803116694,0.09585084312129766
76.56198026239872,0.09716386836953461
76.5661124936305,0.09585084312129766
76.57024472486228,0.09585084312129766
76.57437695609406,0.09585084312129766
76.57850918732584,0.09322479262482375
76.58264141855761,0.09585084312129766
76.5867736497894,0.09585084312129766
76.59090588102117,0.09585084312129766
76.59503811225295,0.09585084312129766
76.59917034348473,0.09585084312129766
76.60330257471651,0.0945378178730607
76.60743480594829,0.09585084312129766
76.61156703718007,0.09585084312129766
76.61569926841184,0.0945378178730607
76.61983149964362,0.09585084312129766
76.6239637308754,0.0945378178730607
76.62809596210718,0.09585084312129766
76.63222819333896,0.0945378178730607
76.63636042457074,0.09716386836953461
76.64049265580252,0.0945378178730607
76.6446248870343,0.09716386836953461
76.64875711826608,0.09585084312129766
76.65288934949785,0.09585084312129766
76.65702158072963,0.0945378178730607
76.66115381196141,0.09322479262482375
76.66528604319319,0.0945378178730607
76.66941827442497,0.09585084312129766
76.67355050565675,0.09716386836953461
76.67768273688853,0.09585084312129766
76.6818149681203,0.09716386836953461
76.68594719935209,0.09716386836953461
76.69007943058386,0.09585084312129766
76.69421166181564,0.09585084312129766
76.69834389304742,0.0945378178730607
76.7024761242792,0.09585084312129766
76.70660835551098,0.09585084312129766
76.71074058674276,0.09585084312129766
76.71487281797454,0.09322479262482375
76.71900504920632,0.09585084312129766
76.7231372804381,0.0945378178730607
76.72726951166987,0.09585084312129766
76.73140174290165,0.0945378178730607
76.73553397413343,0.09847689361777157
76.73966620536521,0.09585084312129766
76.74379843659699,0.09716386836953461
76.74793066782877,0.09847689361777157
76.75206289906055,0.09585084312129766
76.75619513029233,0.09716386836953461
76.7603273615241,0.0945378178730607
76.76445959275588,0.0945378178730607
76.76859182398766,0.0945378178730607
76.77272405521944,0.09585084312129766
76.77685628645122,0.09716386836953461
76.780988517683,0.09585084312129766
76.78512074891478,0.09585084312129766
76.78925298014656,0.09585084312129766
76.79338521137834,0.09585084312129766
76.79751744261011,0.0945378178730607
76.8016496738419,0.09585084312129766
76.80578190507367,0.09585084312129766
76.80991413630545,0.0945378178730607
76.81404636753723,0.0945378178730607
76.81817859876901,0.09585084312129766
76.82231083000079,0.09585084312129766
76.82644306123257,0.09847689361777157
76.83057529246435,0.09585084312129766
76.83470752369612,0.0945378178730607
76.8388397549279,0.09716386836953461
76.84297198615968,0.09716386836953461
76.84710421739146,0.09716386836953461
76.85123644862324,0.09585084312129766
76.85536867985502,0.09585084312129766
76.8595009110868,0.09716386836953461
76.86363314231858,0.0945378178730607
76.86776537355036,0.09716386836953461
76.87189760478213,0.0945378178730607
76.87602983601391,0.09716386836953461
76.88016206724569,0.0945378178730607
76.88429429847747,0.09585084312129766
76.88842652970925,0.09716386836953461
76.89255876094103,0.09585084312129766
76.89669099217281,0.09585084312129766
76.90082322340459,0.09716386836953461
76.90495545463637,0.09716386836953461
76.90908768586814,0.09716386836953461
76.91321991709992,0.09585084312129766
76.9173521483317,0.0945378178730607
76.92148437956348,0.09716386836953461
76.92561661079526,0.09585084312129766
76.92974884202704,0.09585084312129766
76.93388107325882,0.0945378178730607
76.9380133044906,0.0945378178730607
76.94214553572237,0.09585084312129766
76.94627776695415,0.09585084312129766
76.95040999818593,0.09716386836953461
76.95454222941771,0.09716386836953461
76.95867446064949,0.09585084312129766
76.96280669188127,0.09585084312129766
76.96693892311305,0.09585084312129766
76.97107115434483,0.09716386836953461
76.9752033855766,0.0945378178730607
76.97933561680838,0.0945378178730607
76.98346784804016,0.09716386836953461
76.98760007927194,0.09585084312129766
76.99173231050372,0.0945378178730607
76.9958645417355,0.09585084312129766
76.99999677296728,0.0945378178730607
77.00412900419906,0.09716386836953461
77.00826123543084,0.09716386836953461
77.01239346666262,0.09716386836953461
77.0165256978944,0.09716386836953461
77.02065792912617,0.09585084312129766
77.02479016035795,0.09716386836953461
77.02892239158973,0.09585084312129766
77.03305462282151,0.09585084312129766
77.03718685405329,0.09585084312129766
77.04131908528507,0.09585084312129766
77.04545131651685,0.09716386836953461
77.04958354774863,0.09585084312129766
77.0537157789804,0.09716386836953461
77.05784801021218,0.09585084312129766
77.06198024144396,0.0945378178730607
77.06611247267574,0.09585084312129766
77.07024470390752,0.0945378178730607
77.0743769351393,0.09585084312129766
77.07850916637108,0.0945378178730607
77.08264139760286,0.09585084312129766
77.08677362883464,0.09585084312129766
77.09090586006641,0.09585084312129766
77.09503809129819,0.09585084312129766
77.09917032252997,0.09716386836953461
77.10330255376175,0.09716386836953461
77.10743478499353,0.09585084312129766
77.11156701622531,0.09716386836953461
77.11569924745709,0.09585084312129766
77.11983147868887,0.09585084312129766
77.12396370992064,0.09585084312129766
77.12809594115242,0.09585084312129766
77.1322281723842,0.09585084312129766
77.13636040361598,0.09585084312129766
77.14049263484776,0.0945378178730607
77.14462486607954,0.09585084312129766
77.14875709731132,0.0945378178730607
77.1528893285431,0.09585084312129766
77.15702155977488,0.0945378178730607
77.16115379100665,0.0945378178730607
77.16528602223843,0.09585084312129766
77.16941825347021,0.09716386836953461
77.17355048470199,0.09585084312129766
77.17768271593377,0.09585084312129766
77.18181494716555,0.09716386836953461
77.18594717839733,0.09585084312129766
77.1900794096291,0.0945378178730607
77.19421164086089,0.09716386836953461
77.19834387209266,0.09716386836953461
77.20247610332444,0.09585084312129766
77.20660833455622,0.0945378178730607
77.210740565788,0.09585084312129766
77.21487279701978,0.09585084312129766
77.21900502825156,0.0945378178730607
77.22313725948334,0.09585084312129766
77.22726949071512,0.0945378178730607
77.2314017219469,0.09716386836953461
77.23553395317867,0.09585084312129766
77.23966618441045,0.09585084312129766
77.24379841564223,0.09585084312129766
77.24793064687401,0.09585084312129766
77.25206287810579,0.09716386836953461
77.25619510933757,0.09716386836953461
77.26032734056935,0.09585084312129766
77.26445957180113,0.09585084312129766
77.2685918030329,0.0945378178730607
77.27272403426468,0.0945378178730607
77.27685626549646,0.09585084312129766
77.28098849672824,0.09585084312129766
77.28512072796002,0.09716386836953461
77.2892529591918,0.09585084312129766
77.29338519042358,0.09585084312129766
77.29751742165536,0.09585084312129766
77.30164965288714,0.0945378178730607
77.30578188411891,0.09322479262482375
77.3099141153507,0.09585084312129766
77.31404634658247,0.09585084312129766
77.31817857781425,0.09716386836953461
77.32231080904603,0.09585084312129766
77.32644304027781,0.0945378178730607
77.33057527150959,0.0945378178730607
77.33470750274137,0.0945378178730607
77.33883973397315,0.09585084312129766
77.34297196520492,0.0945378178730607
77.3471041964367,0.09585084312129766
77.35123642766848,0.09716386836953461
77.35536865890026,0.09585084312129766
77.35950089013204,0.09585084312129766
77.36363312136382,0.09716386836953461
77.3677653525956,0.09585084312129766
77.37189758382738,0.0945378178730607
77.37602981505916,0.09585084312129766
77.38016204629093,0.09716386836953461
77.38429427752271,0.09716386836953461
77.38842650875449,0.09585084312129766
77.39255873998627,0.09585084312129766
77.39669097121805,0.09585084312129766
77.40082320244983,0.09716386836953461
77.40495543368161,0.09585084312129766
77.40908766491339,0.09585084312129766
77.41321989614516,0.0945378178730607
77.41735212737694,0.0945378178730607
77.42148435860872,0.0945378178730607
77.4256165898405,0.09585084312129766
77.42974882107228,0.09585084312129766
77.43388105230406,0.09716386836953461
77.43801328353584,0.09716386836953461
77.44214551476762,0.09716386836953461
77.4462777459994,0.09585084312129766
77.45040997723117,0.09716386836953461
77.45454220846295,0.0945378178730607
77.45867443969473,0.0945378178730607
77.46280667092651,0.09585084312129766
77.46693890215829,0.09585084312129766
77.47107113339007,0.09322479262482375
77.47520336462185,0.09585084312129766
77.47933559585363,0.0945378178730607
77.4834678270854,0.0945378178730607
77.48760005831718,0.09585084312129766
77.49173228954896,0.09716386836953461
77.49586452078074,0.09716386836953461
77.49999675201252,0.09716386836953461
77.5041289832443,0.09716386836953461
77.50826121447608,0.09585084312129766
77.51239344570786,0.09585084312129766
77.51652567693964,0.09585084312129766
77.52065790817142,0.09585084312129766
77.5247901394032,0.09585084312129766
77.52892237063497,0.09716386836953461
77.53305460186675,0.09585084312129766
77.53718683309853,0.0945378178730607
77.54131906433031,0.09585084312129766
77.54545129556209,0.09585084312129766
77.54958352679387,0.09585084312129766
77.55371575802565,0.09716386836953461
77.55784798925743,0.09585084312129766
77.5619802204892,0.09716386836953461
77.56611245172098,0.09585084312129766
77.57024468295276,0.09585084312129766
77.57437691418454,0.09716386836953461
77.57850914541632,0.09716386836953461
77.5826413766481,0.09847689361777157
77.58677360787988,0.09585084312129766
77.59090583911166,0.09585084312129766
77.59503807034343,0.0945378178730607
77.59917030157521,0.09716386836953461
77.60330253280699,0.0945378178730607
77.60743476403877,0.09716386836953461
77.61156699527055,0.09585084312129766
77.61569922650233,0.09716386836953461
77.61983145773411,0.09716386836953461
77.62396368896589,0.09585084312129766
77.62809592019767,0.09322479262482375
77.63222815142944,0.09716386836953461
77.63636038266122,0.0945378178730607
77.640492613893,0.09322479262482375
77.64462484512478,0.09585084312129766
77.64875707635656,0.09585084312129766
77.65288930758834,0.09716386836953461
77.65702153882012,0.09847689361777157
77.6611537700519,0.09716386836953461
77.66528600128368,0.09716386836953461
77.66941823251545,0.09716386836953461
77.67355046374723,0.09585084312129766
77.67768269497901,0.09585084312129766
77.68181492621079,0.0945378178730607
77.68594715744257,0.09585084312129766
77.69007938867435,0.09585084312129766
77.69421161990613,0.0945378178730607
77.6983438511379,0.09585084312129766
77.70247608236969,0.09716386836953461
77.70660831360146,0.0945378178730607
77.71074054483324,0.09716386836953461
77.71487277606502,0.09716386836953461
77.7190050072968,0.09585084312129766
77.72313723852858,0.09585084312129766
77.72726946976036,0.09585084312129766
77.73140170099214,0.09716386836953461
77.73553393222392,0.09716386836953461
77.7396661634557,0.09585084312129766
77.74379839468747,0.09585084312129766
77.74793062591925,0.09585084312129766
77.75206285715103,0.09716386836953461
77.75619508838281,0.09716386836953461
77.76032731961459,0.09585084312129766
77.76445955084637,0.09585084312129766
77.76859178207815,0.09585084312129766
77.77272401330993,0.0945378178730607
77.7768562445417,0.09585084312129766
77.78098847577348,0.09585084312129766
77.78512070700526,0.09585084312129766
77.78925293823704,0.09847689361777157
77.79338516946882,0.09585084312129766
77.7975174007006,0.09585084312129766
77.80164963193238,0.09585084312129766
77.80578186316416,0.09716386836953461
77.80991409439594,0.09716386836953461
77.81404632562771,0.09716386836953461
77.8181785568595,0.09585084312129766
77.82231078809127,0.09585084312129766
77.82644301932305,0.0945378178730607
77.83057525055483,0.09585084312129766
77.83470748178661,0.09585084312129766
77.83883971301839,0.0945378178730607
77.84297194425017,0.0945378178730607
77.84710417548195,0.0945378178730607
77.85123640671372,0.09585084312129766
77.8553686379455,0.09716386836953461
77.85950086917728,0.09847689361777157
77.86363310040906,0.09585084312129766
77.86776533164084,0.0945378178730607
77.87189756287262,0.0945378178730607
77.8760297941044,0.0945378178730607
77.88016202533618,0.0945378178730607
77.88429425656796,0.0945378178730607
77.88842648779973,0.09585084312129766
77.89255871903151,0.09716386836953461
77.89669095026329,0.09716386836953461
77.90082318149507,0.09585084312129766
77.90495541272685,0.09585084312129766
77.90908764395863,0.09716386836953461
77.9132198751904,0.09716386836953461
77.91735210642219,0.09716386836953461
77.92148433765396,0.09585084312129766
77.92561656888574,0.09716386836953461
77.92974880011752,0.09716386836953461
77.9338810313493,0.09585084312129766
77.93801326258108,0.09585084312129766
77.94214549381286,0.09585084312129766
77.94627772504464,0.09585084312129766
77.95040995627642,0.09716386836953461
77.9545421875082,0.09585084312129766
77.95867441873997,0.09716386836953461
77.96280664997175,0.09585084312129766
77.96693888120353,0.0945378178730607
77.97107111243531,0.09322479262482375
77.97520334366709,0.09585084312129766
77.97933557489887,0.09716386836953461
77.98346780613065,0.09585084312129766
77.98760003736243,0.09716386836953461
77.9917322685942,0.0945378178730607
77.99586449982598,0.09716386836953461
77.99999673105776,0.09585084312129766
78.00412896228954,0.09585084312129766
78.00826119352132,0.09716386836953461
78.0123934247531,0.09585084312129766
78.01652565598488,0.0945378178730607
78.02065788721666,0.0945378178730607
78.02479011844844,0.0945378178730607
78.02892234968022,0.0945378178730607
78.033054580912,0.0945378178730607
78.03718681214377,0.0945378178730607
78.04131904337555,0.09585084312129766
78.04545127460733,0.09585084312129766
78.04958350583911,0.09585084312129766
78.05371573707089,0.09716386836953461
78.05784796830267,0.09585084312129766
78.06198019953445,0.09847689361777157
78.06611243076622,0.09585084312129766
78.070244661998,0.09716386836953461
78.07437689322978,0.09585084312129766
78.07850912446156,0.09585084312129766
78.08264135569334,0.09585084312129766
78.08677358692512,0.09585084312129766
78.0909058181569,0.0945378178730607
78.09503804938868,0.0945378178730607
78.09917028062046,0.09585084312129766
78.10330251185223,0.09585084312129766
78.10743474308401,0.0945378178730607
78.11156697431579,0.09585084312129766
78.11569920554757,0.09585084312129766
78.11983143677935,0.09716386836953461
78.12396366801113,0.0945378178730607
78.12809589924291,0.09585084312129766
78.13222813047469,0.09716386836953461
78.13636036170647,0.09716386836953461
78.14049259293824,0.09585084312129766
78.14462482417002,0.09716386836953461
78.1487570554018,0.09716386836953461
78.15288928663358,0.09585084312129766
78.15702151786536,0.09585084312129766
78.16115374909714,0.0945378178730607
78.16528598032892,0.09585084312129766
78.1694182115607,0.0945378178730607
78.17355044279248,0.09585084312129766
78.17768267402425,0.09585084312129766
78.18181490525603,0.09716386836953461
78.18594713648781,0.09585084312129766
78.19007936771959,0.09585084312129766
78.19421159895137,0.09716386836953461
78.19834383018315,0.0945378178730607
78.20247606141493,0.0945378178730607
78.2066082926467,0.09585084312129766
78.21074052387848,0.09585084312129766
78.21487275511026,0.09716386836953461
78.21900498634204,0.09716386836953461
78.22313721757382,0.0945378178730607
78.2272694488056,0.09585084312129766
78.23140168003738,0.09585084312129766
78.23553391126916,0.09585084312129766
78.23966614250094,0.09585084312129766
78.24379837373272,0.0945378178730607
78.2479306049645,0.09585084312129766
78.25206283619627,0.09585084312129766
78.25619506742805,0.09585084312129766
78.26032729865983,0.09585084312129766
78.26445952989161,0.09585084312129766
78.26859176112339,0.0945378178730607
78.27272399235517,0.0945378178730607
78.27685622358695,0.09585084312129766
78.28098845481873,0.09322479262482375
78.2851206860505,0.09585084312129766
78.28925291728228,0.09585084312129766
78.29338514851406,0.09585084312129766
78.29751737974584,0.0945378178730607
78.30164961097762,0.0945378178730607
78.3057818422094,0.09585084312129766
78.30991407344118,0.0945378178730607
78.31404630467296,0.09585084312129766
78.31817853590474,0.09585084312129766
78.32231076713651,0.0945378178730607
78.3264429983683,0.09585084312129766
78.33057522960007,0.0945378178730607
78.33470746083185,0.09585084312129766
78.33883969206363,0.0945378178730607
78.34297192329541,0.0945378178730607
78.34710415452719,0.09585084312129766
78.35123638575897,0.09585084312129766
78.35536861699075,0.09585084312129766
78.35950084822252,0.0945378178730607
78.3636330794543,0.0945378178730607
78.36776531068608,0.09585084312129766
78.37189754191786,0.0945378178730607
78.37602977314964,0.0945378178730607
78.38016200438142,0.0945378178730607
78.3842942356132,0.09322479262482375
78.38842646684498,0.0945378178730607
78.39255869807675,0.0945378178730607
78.39669092930853,0.09585084312129766
78.40082316054031,0.09585084312129766
78.40495539177209,0.0945378178730607
78.40908762300387,0.0945378178730607
78.41321985423565,0.0945378178730607
78.41735208546743,0.09322479262482375
78.4214843166992,0.0945378178730607
78.42561654793099,0.09585084312129766
78.42974877916276,0.0945378178730607
78.43388101039454,0.0945378178730607
78.43801324162632,0.09322479262482375
78.4421454728581,0.09585084312129766
78.44627770408988,0.09716386836953461
78.45040993532166,0.09585084312129766
78.45454216655344,0.09585084312129766
78.45867439778522,0.09322479262482375
78.462806629017,0.0945378178730607
78.46693886024877,0.09322479262482375
78.47107109148055,0.0945378178730607
78.47520332271233,0.09585084312129766
78.47933555394411,0.09585084312129766
78.48346778517589,0.09585084312129766
78.48760001640767,0.0945378178730607
78.49173224763945,0.09322479262482375
78.49586447887123,0.09322479262482375
78.499996710103,0.09322479262482375
78.50412894133478,0.0945378178730607
78.50826117256656,0.09585084312129766
78.51239340379834,0.0945378178730607
78.51652563503012,0.09585084312129766
78.5206578662619,0.0945378178730607
78.52479009749368,0.09322479262482375
78.52892232872546,0.09322479262482375
78.53305455995724,0.09322479262482375
78.53718679118901,0.0945378178730607
78.5413190224208,0.0945378178730607
78.54545125365257,0.0945378178730607
78.54958348488435,0.09322479262482375
78.55371571611613,0.0945378178730607
78.55784794734791,0.09585084312129766
78.56198017857969,0.09585084312129766
78.56611240981147,0.09322479262482375
78.57024464104325,0.0945378178730607
78.57437687227502,0.09322479262482375
78.5785091035068,0.0919117673765868
78.58264133473858,0.09322479262482375
78.58677356597036,0.0945378178730607
78.59090579720214,0.09322479262482375
78.59503802843392,0.09716386836953461
78.5991702596657,0.09322479262482375
78.60330249089748,0.09322479262482375
78.60743472212926,0.09322479262482375
78.61156695336103,0.0945378178730607
78.61569918459281,0.0945378178730607
78.61983141582459,0.09322479262482375
78.62396364705637,0.09322479262482375
78.62809587828815,0.0945378178730607
78.63222810951993,0.0945378178730607
78.63636034075171,0.0945378178730607
78.64049257198349,0.0919117673765868
78.64462480321527,0.0919117673765868
78.64875703444704,0.09322479262482375
78.65288926567882,0.09322479262482375
78.6570214969106,0.0945378178730607
78.66115372814238,0.09322479262482375
78.66528595937416,0.09322479262482375
78.66941819060594,0.09322479262482375
78.67355042183772,0.0945378178730607
78.6776826530695,0.09322479262482375
78.68181488430128,0.09585084312129766
78.68594711553305,0.0945378178730607
78.69007934676483,0.0945378178730607
78.69421157799661,0.0945378178730607
78.69834380922839,0.09322479262482375
78.70247604046017,0.0945378178730607
78.70660827169195,0.0945378178730607
78.71074050292373,0.09322479262482375
78.7148727341555,0.0945378178730607
78.71900496538728,0.09585084312129766
78.72313719661906,0.0945378178730607
78.72726942785084,0.0945378178730607
78.73140165908262,0.0945378178730607
78.7355338903144,0.09585084312129766
78.73966612154618,0.0919117673765868
78.74379835277796,0.0945378178730607
78.74793058400974,0.09585084312129766
78.75206281524152,0.09585084312129766
78.7561950464733,0.0945378178730607
78.76032727770507,0.09585084312129766
78.76445950893685,0.09585084312129766
78.76859174016863,0.0945378178730607
78.77272397140041,0.0945378178730607
78.77685620263219,0.0945378178730607
78.78098843386397,0.0945378178730607
78.78512066509575,0.0945378178730607
78.78925289632753,0.09322479262482375
78.7933851275593,0.0945378178730607
78.79751735879108,0.09585084312129766
78.80164959002286,0.0945378178730607
78.80578182125464,0.0945378178730607
78.80991405248642,0.09585084312129766
78.8140462837182,0.0945378178730607
78.81817851494998,0.09322479262482375
78.82231074618176,0.09585084312129766
78.82644297741354,0.0945378178730607
78.83057520864531,0.09585084312129766
78.83470743987709,0.09585084312129766
78.83883967110887,0.0945378178730607
78.84297190234065,0.0945378178730607
78.84710413357243,0.09322479262482375
78.85123636480421,0.0945378178730607
78.85536859603599,0.0945378178730607
78.85950082726777,0.09322479262482375
78.86363305849954,0.0945378178730607
78.86776528973132,0.09585084312129766
78.8718975209631,0.09322479262482375
78.87602975219488,0.09585084312129766
78.88016198342666,0.0945378178730607
78.88429421465844,0.09322479262482375
78.88842644589022,0.09585084312129766
78.892558677122,0.09585084312129766
78.89669090835378,0.0945378178730607
78.90082313958555,0.09585084312129766
78.90495537081733,0.09585084312129766
78.90908760204911,0.09585084312129766
78.91321983328089,0.09322479262482375
78.91735206451267,0.0945378178730607
78.92148429574445,0.09322479262482375
78.92561652697623,0.09322479262482375
78.929748758208,0.09585084312129766
78.93388098943979,0.09585084312129766
78.93801322067156,0.0945378178730607
78.94214545190334,0.09716386836953461
78.94627768313512,0.09585084312129766
78.9504099143669,0.0945378178730607
78.95454214559868,0.09585084312129766
78.95867437683046,0.09585084312129766
78.96280660806224,0.0945378178730607
78.96693883929402,0.0945378178730607
78.9710710705258,0.09716386836953461
78.97520330175757,0.09716386836953461
78.97933553298935,0.09585084312129766
78.98346776422113,0.09585084312129766
78.98759999545291,0.09322479262482375
78.99173222668469,0.09322479262482375
78.99586445791647,0.09585084312129766
78.99999668914825,0.09716386836953461
79.00412892038003,0.09585084312129766
79.0082611516118,0.09716386836953461
79.01239338284358,0.09585084312129766
79.01652561407536,0.09585084312129766
79.02065784530714,0.09585084312129766
79.02479007653892,0.09716386836953461
79.0289223077707,0.09716386836953461
79.03305453900248,0.09585084312129766
79.03718677023426,0.09585084312129766
79.04131900146604,0.09585084312129766
79.04545123269781,0.09585084312129766
79.0495834639296,0.09585084312129766
79.05371569516137,0.09585084312129766
79.05784792639315,0.09585084312129766
79.06198015762493,0.09585084312129766
79.06611238885671,0.09585084312129766
79.07024462008849,0.09585084312129766
79.07437685132027,0.0945378178730607
79.07850908255205,0.09585084312129766
79.08264131378382,0.09585084312129766
79.0867735450156,0.09716386836953461
79.09090577624738,0.09585084312129766
79.09503800747916,0.0945378178730607
79.09917023871094,0.09585084312129766
79.10330246994272,0.09716386836953461
79.1074347011745,0.09585084312129766
79.11156693240628,0.09585084312129766
79.11569916363806,0.09585084312129766
79.11983139486983,0.09585084312129766
79.12396362610161,0.09322479262482375
79.12809585733339,0.09585084312129766
79.13222808856517,0.0945378178730607
79.13636031979695,0.0945378178730607
79.14049255102873,0.09585084312129766
79.14462478226051,0.0945378178730607
79.14875701349229,0.0945378178730607
79.15288924472407,0.0945378178730607
79.15702147595584,0.0945378178730607
79.16115370718762,0.0945378178730607
79.1652859384194,0.09585084312129766
79.16941816965118,0.09585084312129766
79.17355040088296,0.09585084312129766
79.17768263211474,0.09716386836953461
79.18181486334652,0.09585084312129766
79.1859470945783,0.09716386836953461
79.19007932581007,0.09585084312129766
79.19421155704185,0.09585084312129766
79.19834378827363,0.09585084312129766
79.20247601950541,0.09585084312129766
79.20660825073719,0.09585084312129766
79.21074048196897,0.0945378178730607
79.21487271320075,0.0945378178730607
79.21900494443253,0.0945378178730607
79.2231371756643,0.0945378178730607
79.22726940689608,0.0945378178730607
79.23140163812786,0.09585084312129766
79.23553386935964,0.09585084312129766
79.23966610059142,0.09716386836953461
79.2437983318232,0.0945378178730607
79.24793056305498,0.0945378178730607
79.25206279428676,0.09585084312129766
79.25619502551854,0.0945378178730607
79.26032725675032,0.0945378178730607
79.2644594879821,0.0945378178730607
79.26859171921387,0.09585084312129766
79.27272395044565,0.09585084312129766
79.27685618167743,0.09716386836953461
79.28098841290921,0.09716386836953461
79.28512064414099,0.09585084312129766
79.28925287537277,0.09322479262482375
79.29338510660455,0.09585084312129766
79.29751733783633,0.09716386836953461
79.3016495690681,0.09585084312129766
79.30578180029988,0.09585084312129766
79.30991403153166,0.09585084312129766
79.31404626276344,0.09716386836953461
79.31817849399522,0.09585084312129766
79.322310725227,0.09585084312129766
79.32644295645878,0.09585084312129766
79.33057518769056,0.0945378178730607
79.33470741892233,0.0945378178730607
79.33883965015411,0.09585084312129766
79.34297188138589,0.0945378178730607
79.34710411261767,0.09585084312129766
79.35123634384945,0.09585084312129766
79.35536857508123,0.09585084312129766
79.35950080631301,0.09585084312129766
79.36363303754479,0.09585084312129766
79.36776526877657,0.09585084312129766
79.37189750000834,0.09585084312129766
79.37602973124012,0.09716386836953461
79.3801619624719,0.09716386836953461
79.38429419370368,0.09585084312129766
79.38842642493546,0.09716386836953461
79.39255865616724,0.09716386836953461
79.39669088739902,0.09716386836953461
79.4008231186308,0.09585084312129766
79.40495534986258,0.09585084312129766
79.40908758109435,0.09585084312129766
79.41321981232613,0.0945378178730607
79.41735204355791,0.0945378178730607
79.42148427478969,0.09585084312129766
79.42561650602147,0.0945378178730607
79.42974873725325,0.09585084312129766
79.43388096848503,0.09585084312129766
79.4380131997168,0.09716386836953461
79.44214543094859,0.0945378178730607
79.44627766218036,0.09716386836953461
79.45040989341214,0.09716386836953461
79.45454212464392,0.09585084312129766
79.4586743558757,0.09585084312129766
79.46280658710748,0.0945378178730607
79.46693881833926,0.0945378178730607
79.47107104957104,0.09585084312129766
79.47520328080282,0.09585084312129766
79.4793355120346,0.0945378178730607
79.48346774326637,0.0945378178730607
79.48759997449815,0.0945378178730607
79.49173220572993,0.09585084312129766
79.49586443696171,0.0945378178730607
79.49999666819349,0.09585084312129766
79.50412889942527,0.09585084312129766
79.50826113065705,0.09585084312129766
79.51239336188883,0.0945378178730607
79.5165255931206,0.09585084312129766
79.52065782435238,0.09716386836953461
79.52479005558416,0.09585084312129766
79.52892228681594,0.09585084312129766
79.53305451804772,0.09585084312129766
79.5371867492795,0.09716386836953461
79.54131898051128,0.09585084312129766
79.54545121174306,0.0945378178730607
79.54958344297484,0.09322479262482375
79.55371567420661,0.0945378178730607
79.5578479054384,0.0945378178730607
79.56198013667017,0.09585084312129766
79.56611236790195,0.09585084312129766
79.57024459913373,0.0945378178730607
79.57437683036551,0.09716386836953461
79.57850906159729,0.09716386836953461
79.58264129282907,0.0945378178730607
79.58677352406085,0.09585084312129766
79.59090575529262,0.09585084312129766
79.5950379865244,0.09585084312129766
79.59917021775618,0.09716386836953461
79.60330244898796,0.09585084312129766
79.60743468021974,0.0945378178730607
79.61156691145152,0.0945378178730607
79.6156991426833,0.0945378178730607
79.61983137391508,0.09322479262482375
79.62396360514686,0.09585084312129766
79.62809583637863,0.09585084312129766
79.63222806761041,0.09585084312129766
79.63636029884219,0.09847689361777157
79.64049253007397,0.09716386836953461
79.64462476130575,0.09585084312129766
79.64875699253753,0.09585084312129766
79.65288922376931,0.0945378178730607
79.65702145500109,0.09716386836953461
79.66115368623286,0.0945378178730607
79.66528591746464,0.09585084312129766
79.66941814869642,0.09716386836953461
79.6735503799282,0.09585084312129766
79.67768261115998,0.09585084312129766
79.68181484239176,0.09322479262482375
79.68594707362354,0.09585084312129766
79.69007930485532,0.0945378178730607
79.6942115360871,0.09585084312129766
79.69834376731887,0.09585084312129766
79.70247599855065,0.09322479262482375
79.70660822978243,0.0945378178730607
79.71074046101421,0.09585084312129766
79.71487269224599,0.09585084312129766
79.71900492347777,0.09847689361777157
79.72313715470955,0.09585084312129766
79.72726938594133,0.09585084312129766
79.7314016171731,0.0945378178730607
79.73553384840488,0.09585084312129766
79.73966607963666,0.09716386836953461
79.74379831086844,0.09585084312129766
79.74793054210022,0.09585084312129766
79.752062773332,0.09322479262482375
79.75619500456378,0.0945378178730607
79.76032723579556,0.09585084312129766
79.76445946702734,0.0945378178730607
79.76859169825912,0.09585084312129766
79.7727239294909,0.09716386836953461
79.77685616072267,0.09847689361777157
79.78098839195445,0.09716386836953461
79.78512062318623,0.0945378178730607
79.78925285441801,0.09585084312129766
79.79338508564979,0.09716386836953461
79.79751731688157,0.09585084312129766
79.80164954811335,0.09585084312129766
79.80578177934512,0.0945378178730607
79.8099140105769,0.0945378178730607
79.81404624180868,0.0945378178730607
79.81817847304046,0.09585084312129766
79.82231070427224,0.09585084312129766
79.82644293550402,0.09322479262482375
79.8305751667358,0.0945378178730607
79.83470739796758,0.09585084312129766
79.83883962919936,0.0945378178730607
79.84297186043113,0.09585084312129766
79.84710409166291,0.09585084312129766
79.85123632289469,0.09585084312129766
79.85536855412647,0.0945378178730607
79.85950078535825,0.09716386836953461
79.86363301659003,0.0945378178730607
79.86776524782181,0.09716386836953461
79.87189747905359,0.09585084312129766
79.87602971028537,0.09585084312129766
79.88016194151714,0.09585084312129766
79.88429417274892,0.0945378178730607
79.8884264039807,0.0945378178730607
79.89255863521248,0.0945378178730607
79.89669086644426,0.09585084312129766
79.90082309767604,0.09585084312129766
79.90495532890782,0.0945378178730607
79.9090875601396,0.09322479262482375
79.91321979137138,0.09585084312129766
79.91735202260315,0.09585084312129766
79.92148425383493,0.09585084312129766
79.92561648506671,0.09716386836953461
79.92974871629849,0.09716386836953461
79.93388094753027,0.09716386836953461
79.93801317876205,0.09585084312129766
79.94214540999383,0.09585084312129766
79.9462776412256,0.0945378178730607
79.95040987245739,0.09585084312129766
79.95454210368916,0.0945378178730607
79.95867433492094,0.09585084312129766
79.96280656615272,0.0945378178730607
79.9669387973845,0.09585084312129766
79.97107102861628,0.09585084312129766
79.97520325984806,0.09716386836953461
79.97933549107984,0.09716386836953461
79.98346772231162,0.09585084312129766
79.9875999535434,0.09585084312129766
79.99173218477517,0.09716386836953461
79.99586441600695,0.0945378178730607
79.99999664723873,0.09585084312129766
80.00412887847051,0.09585084312129766
80.00826110970229,0.0945378178730607
80.01239334093407,0.0945378178730607
80.01652557216585,0.09585084312129766
80.02065780339763,0.09585084312129766
80.0247900346294,0.09716386836953461
80.02892226586118,0.09585084312129766
80.03305449709296,0.0945378178730607
80.03718672832474,0.09585084312129766
80.04131895955652,0.0945378178730607
80.0454511907883,0.09585084312129766
80.04958342202008,0.0945378178730607
80.05371565325186,0.09716386836953461
80.05784788448364,0.09847689361777157
80.06198011571541,0.09585084312129766
80.0661123469472,0.09716386836953461
80.07024457817897,0.09847689361777157
80.07437680941075,0.09716386836953461
80.07850904064253,0.09585084312129766
80.08264127187431,0.09585084312129766
80.08677350310609,0.09585084312129766
80.09090573433787,0.0945378178730607
80.09503796556965,0.09716386836953461
80.09917019680142,0.0945378178730607
80.1033024280332,0.0945378178730607
80.10743465926498,0.09585084312129766
80.11156689049676,0.0945378178730607
80.11569912172854,0.09585084312129766
80.11983135296032,0.09716386836953461
80.1239635841921,0.09716386836953461
80.12809581542388,0.0945378178730607
80.13222804665565,0.0945378178730607
80.13636027788743,0.0945378178730607
80.14049250911921,0.09716386836953461
80.14462474035099,0.09585084312129766
80.14875697158277,0.09716386836953461
80.15288920281455,0.09716386836953461
80.15702143404633,0.09716386836953461
80.1611536652781,0.09716386836953461
80.16528589650989,0.0945378178730607
80.16941812774166,0.09585084312129766
80.17355035897344,0.0945378178730607
80.17768259020522,0.0945378178730607
80.181814821437,0.0945378178730607
80.18594705266878,0.09585084312129766
80.19007928390056,0.09847689361777157
80.19421151513234,0.09716386836953461
80.19834374636412,0.09716386836953461
80.2024759775959,0.09585084312129766
80.20660820882767,0.09585084312129766
80.21074044005945,0.09716386836953461
80.21487267129123,0.09322479262482375
80.21900490252301,0.09322479262482375
80.22313713375479,0.09585084312129766
80.22726936498657,0.09585084312129766
80.23140159621835,0.09585084312129766
80.23553382745013,0.09716386836953461
80.2396660586819,0.09585084312129766
80.24379828991368,0.09585084312129766
80.24793052114546,0.09585084312129766
80.25206275237724,0.0945378178730607
80.25619498360902,0.0945378178730607
80.2603272148408,0.09716386836953461
80.26445944607258,0.09716386836953461
80.26859167730436,0.09847689361777157
80.27272390853614,0.09716386836953461
80.27685613976792,0.09716386836953461
80.2809883709997,0.09716386836953461
80.28512060223147,0.09716386836953461
80.28925283346325,0.09585084312129766
80.29338506469503,0.09585084312129766
80.29751729592681,0.09585084312129766
80.30164952715859,0.09585084312129766
80.30578175839037,0.09716386836953461
80.30991398962215,0.0945378178730607
80.31404622085392,0.09716386836953461
80.3181784520857,0.09585084312129766
80.32231068331748,0.09716386836953461
80.32644291454926,0.09716386836953461
80.33057514578104,0.09716386836953461
80.33470737701282,0.09716386836953461
80.3388396082446,0.09585084312129766
80.34297183947638,0.0945378178730607
80.34710407070816,0.09585084312129766
80.35123630193993,0.0945378178730607
80.35536853317171,0.09585084312129766
80.35950076440349,0.09585084312129766
80.36363299563527,0.09716386836953461
80.36776522686705,0.0945378178730607
80.37189745809883,0.0945378178730607
80.37602968933061,0.0945378178730607
80.38016192056239,0.0945378178730607
80.38429415179417,0.0945378178730607
80.38842638302594,0.09585084312129766
80.39255861425772,0.09716386836953461
80.3966908454895,0.09585084312129766
80.40082307672128,0.09585084312129766
80.40495530795306,0.09716386836953461
80.40908753918484,0.09585084312129766
80.41321977041662,0.09716386836953461
80.4173520016484,0.09585084312129766
80.42148423288018,0.0945378178730607
80.42561646411195,0.09585084312129766
80.42974869534373,0.09716386836953461
80.43388092657551,0.09585084312129766
80.43801315780729,0.0945378178730607
80.44214538903907,0.09585084312129766
80.44627762027085,0.09585084312129766
80.45040985150263,0.09585084312129766
80.4545420827344,0.0945378178730607
80.45867431396618,0.09585084312129766
80.46280654519796,0.09585084312129766
80.46693877642974,0.09716386836953461
80.47107100766152,0.09716386836953461
80.4752032388933,0.09716386836953461
80.47933547012508,0.09716386836953461
80.48346770135686,0.09716386836953461
80.48759993258864,0.0945378178730607
80.49173216382042,0.09585084312129766
80.4958643950522,0.0945378178730607
80.49999662628397,0.0945378178730607
80.50412885751575,0.09585084312129766
80.50826108874753,0.09585084312129766
80.51239331997931,0.09322479262482375
80.51652555121109,0.09585084312129766
80.52065778244287,0.0945378178730607
80.52479001367465,0.09585084312129766
80.52892224490643,0.09716386836953461
80.5330544761382,0.09716386836953461
80.53718670736998,0.09585084312129766
80.54131893860176,0.09716386836953461
80.54545116983354,0.09716386836953461
80.54958340106532,0.09585084312129766
80.5537156322971,0.09716386836953461
80.55784786352888,0.09585084312129766
80.56198009476066,0.09585084312129766
80.56611232599244,0.09585084312129766
80.57024455722421,0.09716386836953461
80.574376788456,0.09585084312129766
80.57850901968777,0.09585084312129766
80.58264125091955,0.09716386836953461
80.58677348215133,0.09585084312129766
80.59090571338311,0.09585084312129766
80.59503794461489,0.09585084312129766
80.59917017584667,0.09585084312129766
80.60330240707844,0.09585084312129766
80.60743463831022,0.09585084312129766
80.611566869542,0.09585084312129766
80.61569910077378,0.09716386836953461
80.61983133200556,0.0945378178730607
80.62396356323734,0.0945378178730607
80.62809579446912,0.09585084312129766
80.6322280257009,0.09585084312129766
80.63636025693268,0.09585084312129766
80.64049248816445,0.09585084312129766
80.64462471939623,0.09585084312129766
80.64875695062801,0.09585084312129766
80.65288918185979,0.0945378178730607
80.65702141309157,0.0945378178730607
80.66115364432335,0.09585084312129766
80.66528587555513,0.09585084312129766
80.6694181067869,0.09585084312129766
80.67355033801869,0.09585084312129766
80.67768256925046,0.09716386836953461
80.68181480048224,0.09716386836953461
80.68594703171402,0.0945378178730607
80.6900792629458,0.09716386836953461
80.69421149417758,0.09585084312129766
80.69834372540936,0.09716386836953461
80.70247595664114,0.09716386836953461
80.70660818787292,0.09585084312129766
80.7107404191047,0.09716386836953461
80.71487265033647,0.0945378178730607
80.71900488156825,0.0945378178730607
80.72313711280003,0.0945378178730607
80.72726934403181,0.09585084312129766
80.73140157526359,0.09585084312129766
80.73553380649537,0.09585084312129766
80.73966603772715,0.09716386836953461
80.74379826895893,0.09847689361777157
80.7479305001907,0.09585084312129766
80.75206273142248,0.09585084312129766
80.75619496265426,0.09585084312129766
80.76032719388604,0.09322479262482375
80.76445942511782,0.09585084312129766
80.7685916563496,0.09585084312129766
80.77272388758138,0.09585084312129766
80.77685611881316,0.09716386836953461
80.78098835004494,0.09585084312129766
80.78512058127671,0.09585084312129766
80.7892528125085,0.0945378178730607
80.79338504374027,0.09585084312129766
80.79751727497205,0.09585084312129766
80.80164950620383,0.09585084312129766
80.80578173743561,0.09585084312129766
80.80991396866739,0.0945378178730607
80.81404619989917,0.09585084312129766
80.81817843113095,0.09585084312129766
80.82231066236272,0.0945378178730607
80.8264428935945,0.09585084312129766
80.83057512482628,0.09585084312129766
80.83470735605806,0.09585084312129766
80.83883958728984,0.09585084312129766
80.84297181852162,0.09585084312129766
80.8471040497534,0.09585084312129766
80.85123628098518,0.09585084312129766
80.85536851221696,0.09585084312129766
80.85950074344873,0.09585084312129766
80.86363297468051,0.09585084312129766
80.86776520591229,0.09716386836953461
80.87189743714407,0.0945378178730607
80.87602966837585,0.09585084312129766
80.88016189960763,0.09716386836953461
80.88429413083941,0.09585084312129766
80.88842636207119,0.09585084312129766
80.89255859330297,0.0945378178730607
80.89669082453474,0.0945378178730607
80.90082305576652,0.09585084312129766
80.9049552869983,0.0945378178730607
80.90908751823008,0.0945378178730607
80.91321974946186,0.09585084312129766
80.91735198069364,0.09585084312129766
80.92148421192542,0.0945378178730607
80.9256164431572,0.0945378178730607
80.92974867438897,0.09322479262482375
80.93388090562075,0.0945378178730607
80.93801313685253,0.0945378178730607
80.94214536808431,0.0945378178730607
80.94627759931609,0.09585084312129766
80.95040983054787,0.09716386836953461
80.95454206177965,0.09716386836953461
80.95867429301143,0.09716386836953461
80.9628065242432,0.0945378178730607
80.96693875547498,0.0945378178730607
80.97107098670676,0.0945378178730607
80.97520321793854,0.09585084312129766
80.97933544917032,0.0945378178730607
80.9834676804021,0.09585084312129766
80.98759991163388,0.0945378178730607
80.99173214286566,0.09585084312129766
80.99586437409744,0.0945378178730607
80.99999660532922,0.09585084312129766
81.004128836561,0.09585084312129766
81.00826106779277,0.0945378178730607
81.01239329902455,0.0945378178730607
81.01652553025633,0.09585084312129766
81.02065776148811,0.09716386836953461
81.02478999271989,0.09716386836953461
81.02892222395167,0.09585084312129766
81.03305445518345,0.0945378178730607
81.03718668641523,0.0945378178730607
81.041318917647,0.09716386836953461
81.04545114887878,0.09585084312129766
81.04958338011056,0.09585084312129766
81.05371561134234,0.09585084312129766
81.05784784257412,0.0945378178730607
81.0619800738059,0.09585084312129766
81.06611230503768,0.0945378178730607
81.07024453626946,0.0945378178730607
81.07437676750124,0.09585084312129766
81.07850899873301,0.09585084312129766
81.08264122996479,0.09585084312129766
81.08677346119657,0.09716386836953461
81.09090569242835,0.09585084312129766
81.09503792366013,0.09716386836953461
81.09917015489191,0.09585084312129766
81.10330238612369,0.09716386836953461
81.10743461735547,0.0945378178730607
81.11156684858724,0.0945378178730607
81.11569907981902,0.09585084312129766
81.1198313110508,0.0945378178730607
81.12396354228258,0.09585084312129766
81.12809577351436,0.0945378178730607
81.13222800474614,0.0945378178730607
81.13636023597792,0.09585084312129766
81.1404924672097,0.09585084312129766
81.14462469844148,0.0945378178730607
81.14875692967325,0.09585084312129766
81.15288916090503,0.09585084312129766
81.15702139213681,0.0945378178730607
81.16115362336859,0.09585084312129766
81.16528585460037,0.0945378178730607
81.16941808583215,0.0945378178730607
81.17355031706393,0.0945378178730607
81.1776825482957,0.09585084312129766
81.18181477952749,0.09585084312129766
81.18594701075926,0.09585084312129766
81.19007924199104,0.09585084312129766
81.19421147322282,0.09716386836953461
81.1983437044546,0.09585084312129766
81.20247593568638,0.09585084312129766
81.20660816691816,0.09585084312129766
81.21074039814994,0.0945378178730607
81.21487262938172,0.0945378178730607
81.2190048606135,0.09322479262482375
81.22313709184527,0.09585084312129766
81.22726932307705,0.09585084312129766
81.23140155430883,0.09585084312129766
81.23553378554061,0.09585084312129766
81.23966601677239,0.09585084312129766
81.24379824800417,0.09716386836953461
81.24793047923595,0.09585084312129766
81.25206271046773,0.09585084312129766
81.2561949416995,0.0945378178730607
81.26032717293128,0.09585084312129766
81.26445940416306,0.09716386836953461
81.26859163539484,0.0945378178730607
81.27272386662662,0.0945378178730607
81.2768560978584,0.09585084312129766
81.28098832909018,0.09716386836953461
81.28512056032196,0.09716386836953461
81.28925279155374,0.09716386836953461
81.29338502278551,0.09585084312129766
81.2975172540173,0.0945378178730607
81.30164948524907,0.09716386836953461
81.30578171648085,0.09585084312129766
81.30991394771263,0.09585084312129766
81.31404617894441,0.09585084312129766
81.31817841017619,0.09716386836953461
81.32231064140797,0.09716386836953461
81.32644287263975,0.09585084312129766
81.33057510387152,0.0945378178730607
81.3347073351033,0.0945378178730607
81.33883956633508,0.09585084312129766
81.34297179756686,0.09585084312129766
81.34710402879864,0.09585084312129766
81.35123626003042,0.09716386836953461
81.3553684912622,0.09585084312129766
81.35950072249398,0.09585084312129766
81.36363295372576,0.09585084312129766
81.36776518495753,0.09585084312129766
81.37189741618931,0.09716386836953461
81.37602964742109,0.09585084312129766
81.38016187865287,0.09716386836953461
81.38429410988465,0.09585084312129766
81.38842634111643,0.0945378178730607
81.39255857234821,0.09585084312129766
81.39669080357999,0.09585084312129766
81.40082303481176,0.09585084312129766
81.40495526604354,0.09585084312129766
81.40908749727532,0.09585084312129766
81.4132197285071,0.09585084312129766
81.41735195973888,0.09585084312129766
81.42148419097066,0.09585084312129766
81.42561642220244,0.09585084312129766
81.42974865343422,0.09716386836953461
81.433880884666,0.09585084312129766
81.43801311589777,0.09585084312129766
81.44214534712955,0.09585084312129766
81.44627757836133,0.0945378178730607
81.45040980959311,0.09585084312129766
81.45454204082489,0.09585084312129766
81.45867427205667,0.0945378178730607
81.46280650328845,0.09585084312129766
81.46693873452023,0.09585084312129766
81.471070965752,0.0945378178730607
81.47520319698378,0.09585084312129766
81.47933542821556,0.09716386836953461
81.48346765944734,0.09585084312129766
81.48759989067912,0.09585084312129766
81.4917321219109,0.09585084312129766
81.49586435314268,0.09585084312129766
81.49999658437446,0.09585084312129766
81.50412881560624,0.0945378178730607
81.50826104683802,0.09585084312129766
81.5123932780698,0.09585084312129766
81.51652550930157,0.09585084312129766
81.52065774053335,0.09847689361777157
81.52478997176513,0.09716386836953461
81.52892220299691,0.09585084312129766
81.53305443422869,0.09585084312129766
81.53718666546047,0.0945378178730607
81.54131889669225,0.09716386836953461
81.54545112792403,0.09585084312129766
81.5495833591558,0.09322479262482375
81.55371559038758,0.0945378178730607
81.55784782161936,0.0945378178730607
81.56198005285114,0.09585084312129766
81.56611228408292,0.09585084312129766
81.5702445153147,0.09585084312129766
81.57437674654648,0.09585084312129766
81.57850897777826,0.09716386836953461
81.58264120901003,0.0945378178730607
81.58677344024181,0.09847689361777157
81.59090567147359,0.09585084312129766
81.59503790270537,0.09585084312129766
81.59917013393715,0.09716386836953461
81.60330236516893,0.09322479262482375
81.60743459640071,0.0945378178730607
81.61156682763249,0.09585084312129766
81.61569905886427,0.09585084312129766
81.61983129009604,0.09585084312129766
81.62396352132782,0.09716386836953461
81.6280957525596,0.09716386836953461
81.63222798379138,0.09585084312129766
81.63636021502316,0.0945378178730607
81.64049244625494,0.09716386836953461
81.64462467748672,0.09716386836953461
81.6487569087185,0.09585084312129766
81.65288913995028,0.09585084312129766
81.65702137118205,0.09585084312129766
81.66115360241383,0.09585084312129766
81.66528583364561,0.09585084312129766
81.66941806487739,0.09585084312129766
81.67355029610917,0.0945378178730607
81.67768252734095,0.09585084312129766
81.68181475857273,0.0945378178730607
81.6859469898045,0.09847689361777157
81.69007922103629,0.09585084312129766
81.69421145226806,0.09716386836953461
81.69834368349984,0.09585084312129766
81.70247591473162,0.09585084312129766
81.7066081459634,0.09585084312129766
81.71074037719518,0.09585084312129766
81.71487260842696,0.09585084312129766
81.71900483965874,0.09585084312129766
81.72313707089052,0.09716386836953461
81.7272693021223,0.09716386836953461
81.73140153335407,0.09585084312129766
81.73553376458585,0.0945378178730607
81.73966599581763,0.09585084312129766
81.74379822704941,0.09585084312129766
81.74793045828119,0.09716386836953461
81.75206268951297,0.09585084312129766
81.75619492074475,0.09322479262482375
81.76032715197653,0.09585084312129766
81.7644593832083,0.09585084312129766
81.76859161444008,0.0945378178730607
81.77272384567186,0.09585084312129766
81.77685607690364,0.09585084312129766
81.78098830813542,0.09716386836953461
81.7851205393672,0.0945378178730607
81.78925277059898,0.09716386836953461
81.79338500183076,0.09716386836953461
81.79751723306254,0.09585084312129766
81.80164946429431,0.0945378178730607
81.8057816955261,0.09585084312129766
81.80991392675787,0.09585084312129766
81.81404615798965,0.09716386836953461
81.81817838922143,0.09716386836953461
81.82231062045321,0.09716386836953461
81.82644285168499,0.09585084312129766
81.83057508291677,0.09585084312129766
81.83470731414855,0.09322479262482375
81.83883954538032,0.09585084312129766
81.8429717766121,0.09585084312129766
81.84710400784388,0.09716386836953461
81.85123623907566,0.09716386836953461
81.85536847030744,0.09716386836953461
81.85950070153922,0.09716386836953461
81.863632932771,0.09716386836953461
81.86776516400278,0.09847689361777157
81.87189739523456,0.09716386836953461
81.87602962646633,0.09585084312129766
81.88016185769811,0.09585084312129766
81.88429408892989,0.0945378178730607
81.88842632016167,0.09585084312129766
81.89255855139345,0.09585084312129766
81.89669078262523,0.09585084312129766
81.900823013857,0.09716386836953461
81.90495524508879,0.09716386836953461
81.90908747632056,0.09716386836953461
81.91321970755234,0.0945378178730607
81.91735193878412,0.09585084312129766
81.9214841700159,0.09585084312129766
81.92561640124768,0.09716386836953461
81.92974863247946,0.09716386836953461
81.93388086371124,0.09585084312129766
81.93801309494302,0.09585084312129766
81.9421453261748,0.09585084312129766
81.94627755740657,0.0945378178730607
81.95040978863835,0.09716386836953461
81.95454201987013,0.09585084312129766
81.95867425110191,0.09716386836953461
81.96280648233369,0.09716386836953461
81.96693871356547,0.09585084312129766
81.97107094479725,0.09585084312129766
81.97520317602903,0.09585084312129766
81.9793354072608,0.09716386836953461
81.98346763849258,0.09716386836953461
81.98759986972436,0.09716386836953461
81.99173210095614,0.09716386836953461
81.99586433218792,0.09585084312129766
81.9999965634197,0.0945378178730607
82.00412879465148,0.09585084312129766
82.00826102588326,0.09585084312129766
82.01239325711504,0.09585084312129766
82.01652548834682,0.09585084312129766
82.0206577195786,0.0945378178730607
82.02478995081037,0.09716386836953461
82.02892218204215,0.09585084312129766
82.03305441327393,0.09585084312129766
82.03718664450571,0.09585084312129766
82.04131887573749,0.09585084312129766
82.04545110696927,0.09585084312129766
82.04958333820105,0.09585084312129766
82.05371556943282,0.09585084312129766
82.0578478006646,0.0945378178730607
82.06198003189638,0.09585084312129766
82.06611226312816,0.09716386836953461
82.07024449435994,0.09585084312129766
82.07437672559172,0.09585084312129766
82.0785089568235,0.0945378178730607
82.08264118805528,0.0945378178730607
82.08677341928706,0.0945378178730607
82.09090565051883,0.09716386836953461
82.09503788175061,0.09585084312129766
82.09917011298239,0.09585084312129766
82.10330234421417,0.0945378178730607
82.10743457544595,0.09585084312129766
82.11156680667773,0.09322479262482375
82.11569903790951,0.09716386836953461
82.11983126914129,0.09585084312129766
82.12396350037307,0.09716386836953461
82.12809573160484,0.09585084312129766
82.13222796283662,0.09585084312129766
82.1363601940684,0.09585084312129766
82.14049242530018,0.09585084312129766
82.14462465653196,0.0945378178730607
82.14875688776374,0.0945378178730607
82.15288911899552,0.09585084312129766
82.1570213502273,0.09585084312129766
82.16115358145908,0.0945378178730607
82.16528581269085,0.09585084312129766
82.16941804392263,0.0945378178730607
82.17355027515441,0.09585084312129766
82.17768250638619,0.09585084312129766
82.18181473761797,0.09585084312129766
82.18594696884975,0.09716386836953461
82.19007920008153,0.0945378178730607
82.1942114313133,0.09716386836953461
82.19834366254508,0.09716386836953461
82.20247589377686,0.09585084312129766
82.20660812500864,0.09716386836953461
82.21074035624042,0.09585084312129766
82.2148725874722,0.09585084312129766
82.21900481870398,0.09585084312129766
82.22313704993576,0.09585084312129766
82.22726928116754,0.09585084312129766
82.23140151239932,0.0945378178730607
82.2355337436311,0.09585084312129766
82.23966597486287,0.0945378178730607
82.24379820609465,0.0945378178730607
82.24793043732643,0.09585084312129766
82.25206266855821,0.09585084312129766
82.25619489978999,0.0945378178730607
82.26032713102177,0.0945378178730607
82.26445936225355,0.09716386836953461
82.26859159348533,0.09716386836953461
82.2727238247171,0.09847689361777157
82.27685605594888,0.09585084312129766
82.28098828718066,0.09585084312129766
82.28512051841244,0.09716386836953461
82.28925274964422,0.09585084312129766
82.293384980876,0.0945378178730607
82.29751721210778,0.09585084312129766
82.30164944333956,0.09585084312129766
82.30578167457134,0.09585084312129766
82.30991390580311,0.09585084312129766
82.3140461370349,0.0945378178730607
82.31817836826667,0.09322479262482375
82.32231059949845,0.0945378178730607
82.32644283073023,0.09585084312129766
82.33057506196201,0.0945378178730607
82.33470729319379,0.0945378178730607
82.33883952442557,0.0945378178730607
82.34297175565735,0.09716386836953461
82.34710398688912,0.09716386836953461
82.3512362181209,0.09585084312129766
82.35536844935268,0.09585084312129766
82.35950068058446,0.0945378178730607
82.36363291181624,0.0945378178730607
82.36776514304802,0.09585084312129766
82.3718973742798,0.09322479262482375
82.37602960551158,0.09585084312129766
82.38016183674335,0.0945378178730607
82.38429406797513,0.09716386836953461
82.38842629920691,0.0945378178730607
82.39255853043869,0.09585084312129766
82.39669076167047,0.0945378178730607
82.40082299290225,0.09585084312129766
82.40495522413403,0.09716386836953461
82.4090874553658,0.09585084312129766
82.41321968659759,0.09585084312129766
82.41735191782936,0.09585084312129766
82.42148414906114,0.09585084312129766
82.42561638029292,0.09585084312129766
82.4297486115247,0.09322479262482375
82.43388084275648,0.0945378178730607
82.43801307398826,0.0945378178730607
82.44214530522004,0.0945378178730607
82.44627753645182,0.09585084312129766
82.4504097676836,0.09585084312129766
82.45454199891537,0.09585084312129766
82.45867423014715,0.0945378178730607
82.46280646137893,0.0919117673765868
82.46693869261071,0.0945378178730607
82.47107092384249,0.09585084312129766
82.47520315507427,0.09716386836953461
82.47933538630605,0.09716386836953461
82.48346761753783,0.09585084312129766
82.4875998487696,0.09716386836953461
82.49173208000138,0.0945378178730607
82.49586431123316,0.09585084312129766
82.49999654246494,0.09322479262482375
82.50412877369672,0.0945378178730607
82.5082610049285,0.09585084312129766
82.51239323616028,0.09585084312129766
82.51652546739206,0.09716386836953461
82.52065769862384,0.09585084312129766
82.52478992985561,0.09716386836953461
82.5289221610874,0.0945378178730607
82.53305439231917,0.0945378178730607
82.53718662355095,0.0945378178730607
82.54131885478273,0.09585084312129766
82.54545108601451,0.09585084312129766
82.54958331724629,0.09585084312129766
82.55371554847807,0.09585084312129766
82.55784777970985,0.09585084312129766
82.56198001094162,0.09585084312129766
82.5661122421734,0.0945378178730607
82.57024447340518,0.0945378178730607
82.57437670463696,0.0945378178730607
82.57850893586874,0.09322479262482375
82.58264116710052,0.0945378178730607
82.5867733983323,0.0945378178730607
82.59090562956408,0.0945378178730607
82.59503786079586,0.0945378178730607
82.59917009202763,0.09585084312129766
82.60330232325941,0.09585084312129766
82.60743455449119,0.09716386836953461
82.61156678572297,0.0945378178730607
82.61569901695475,0.09585084312129766
82.61983124818653,0.09716386836953461
82.62396347941831,0.09978991886600852
82.62809571065009,0.09585084312129766
82.63222794188187,0.09585084312129766
82.63636017311364,0.0945378178730607
82.64049240434542,0.09322479262482375
82.6446246355772,0.0945378178730607
82.64875686680898,0.09585084312129766
82.65288909804076,0.09585084312129766
82.65702132927254,0.09585084312129766
82.66115356050432,0.09716386836953461
82.6652857917361,0.09716386836953461
82.66941802296788,0.09322479262482375
82.67355025419965,0.09322479262482375
82.67768248543143,0.09585084312129766
82.68181471666321,0.09585084312129766
82.68594694789499,0.09716386836953461
82.69007917912677,0.09716386836953461
82.69421141035855,0.09585084312129766
82.69834364159033,0.0945378178730607
82.7024758728221,0.0945378178730607
82.70660810405388,0.0919117673765868
82.71074033528566,0.09322479262482375
82.71487256651744,0.0945378178730607
82.71900479774922,0.0945378178730607
82.723137028981,0.0945378178730607
82.72726926021278,0.09585084312129766
82.73140149144456,0.09716386836953461
82.73553372267634,0.09585084312129766
82.73966595390812,0.09716386836953461
82.7437981851399,0.09585084312129766
82.74793041637167,0.0945378178730607
82.75206264760345,0.09585084312129766
82.75619487883523,0.09585084312129766
82.76032711006701,0.09716386836953461
82.76445934129879,0.09585084312129766
82.76859157253057,0.09585084312129766
82.77272380376235,0.09716386836953461
82.77685603499413,0.09322479262482375
82.7809882662259,0.09585084312129766
82.78512049745768,0.09585084312129766
82.78925272868946,0.09716386836953461
82.79338495992124,0.09585084312129766
82.79751719115302,0.09585084312129766
82.8016494223848,0.0945378178730607
82.80578165361658,0.09585084312129766
82.80991388484836,0.0945378178730607
82.81404611608014,0.0945378178730607
82.81817834731191,0.09585084312129766
82.82231057854369,0.09585084312129766
82.82644280977547,0.09716386836953461
82.83057504100725,0.09716386836953461
82.83470727223903,0.09716386836953461
82.83883950347081,0.09585084312129766
82.84297173470259,0.09585084312129766
82.84710396593437,0.09585084312129766
82.85123619716614,0.0945378178730607
82.85536842839792,0.09585084312129766
82.8595006596297,0.09585084312129766
82.86363289086148,0.09585084312129766
82.86776512209326,0.09585084312129766
82.87189735332504,0.0945378178730607
82.87602958455682,0.09585084312129766
82.8801618157886,0.0945378178730607
82.88429404702038,0.09585084312129766
82.88842627825215,0.0945378178730607
82.89255850948393,0.09585084312129766
82.89669074071571,0.09716386836953461
82.90082297194749,0.09716386836953461
82.90495520317927,0.09585084312129766
82.90908743441105,0.0945378178730607
82.91321966564283,0.09585084312129766
82.9173518968746,0.0945378178730607
82.92148412810639,0.0945378178730607
82.92561635933816,0.09585084312129766
82.92974859056994,0.09585084312129766
82.93388082180172,0.09585084312129766
82.9380130530335,0.09585084312129766
82.94214528426528,0.09585084312129766
82.94627751549706,0.09585084312129766
82.95040974672884,0.0945378178730607
82.95454197796062,0.0945378178730607
82.9586742091924,0.09585084312129766
82.96280644042417,0.09585084312129766
82.96693867165595,0.09585084312129766
82.97107090288773,0.09585084312129766
82.97520313411951,0.09585084312129766
82.97933536535129,0.09585084312129766
82.98346759658307,0.0945378178730607
82.98759982781485,0.09585084312129766
82.99173205904663,0.09585084312129766
82.9958642902784,0.0945378178730607
82.99999652151018,0.09585084312129766
83.00412875274196,0.09585084312129766
83.00826098397374,0.09585084312129766
83.01239321520552,0.09322479262482375
83.0165254464373,0.0945378178730607
83.02065767766908,0.09585084312129766
83.02478990890086,0.09716386836953461
83.02892214013264,0.09716386836953461
83.03305437136441,0.09585084312129766
83.0371866025962,0.09585084312129766
83.04131883382797,0.0945378178730607
83.04545106505975,0.0945378178730607
83.04958329629153,0.0945378178730607
83.05371552752331,0.09585084312129766
83.05784775875509,0.0945378178730607
83.06197998998687,0.09716386836953461
83.06611222121865,0.09585084312129766
83.07024445245042,0.09585084312129766
83.0743766836822,0.09585084312129766
83.07850891491398,0.0945378178730607
83.08264114614576,0.09585084312129766
83.08677337737754,0.0945378178730607
83.09090560860932,0.0945378178730607
83.0950378398411,0.09585084312129766
83.09917007107288,0.09585084312129766
83.10330230230466,0.09585084312129766
83.10743453353643,0.09716386836953461
83.11156676476821,0.09716386836953461
83.11569899599999,0.09585084312129766
83.11983122723177,0.09716386836953461
83.12396345846355,0.0945378178730607
83.12809568969533,0.0945378178730607
83.13222792092711,0.0945378178730607
83.13636015215889,0.09585084312129766
83.14049238339067,0.09716386836953461
83.14462461462244,0.09585084312129766
83.14875684585422,0.0945378178730607
83.152889077086,0.09585084312129766
83.15702130831778,0.09585084312129766
83.16115353954956,0.09585084312129766
83.16528577078134,0.09585084312129766
83.16941800201312,0.09716386836953461
83.1735502332449,0.09585084312129766
83.17768246447667,0.09322479262482375
83.18181469570845,0.09585084312129766
83.18594692694023,0.09585084312129766
83.19007915817201,0.0945378178730607
83.19421138940379,0.09585084312129766
83.19834362063557,0.09716386836953461
83.20247585186735,0.0945378178730607
83.20660808309913,0.0945378178730607
83.2107403143309,0.0945378178730607
83.21487254556268,0.0945378178730607
83.21900477679446,0.0945378178730607
83.22313700802624,0.09585084312129766
83.22726923925802,0.09585084312129766
83.2314014704898,0.09716386836953461
83.23553370172158,0.09585084312129766
83.23966593295336,0.09585084312129766
83.24379816418514,0.09585084312129766
83.24793039541692,0.0945378178730607
83.2520626266487,0.0945378178730607
83.25619485788047,0.09585084312129766
83.26032708911225,0.0945378178730607
83.26445932034403,0.0945378178730607
83.26859155157581,0.09585084312129766
83.27272378280759,0.0945378178730607
83.27685601403937,0.09716386836953461
83.28098824527115,0.09585084312129766
83.28512047650293,0.0945378178730607
83.2892527077347,0.09585084312129766
83.29338493896648,0.09585084312129766
83.29751717019826,0.0945378178730607
83.30164940143004,0.09716386836953461
83.30578163266182,0.0945378178730607
83.3099138638936,0.0945378178730607
83.31404609512538,0.09585084312129766
83.31817832635716,0.09585084312129766
83.32231055758893,0.09585084312129766
83.32644278882071,0.09585084312129766
83.33057502005249,0.09585084312129766
83.33470725128427,0.0945378178730607
83.33883948251605,0.0945378178730607
83.34297171374783,0.09585084312129766
83.34710394497961,0.09585084312129766
83.35123617621139,0.09716386836953461
83.35536840744317,0.0945378178730607
83.35950063867494,0.09585084312129766
83.36363286990672,0.09585084312129766
83.3677651011385,0.09585084312129766
83.37189733237028,0.09716386836953461
83.37602956360206,0.09716386836953461
83.38016179483384,0.09585084312129766
83.38429402606562,0.09585084312129766
83.3884262572974,0.09585084312129766
83.39255848852918,0.09716386836953461
83.39669071976095,0.09585084312129766
83.40082295099273,0.09585084312129766
83.40495518222451,0.09585084312129766
83.40908741345629,0.09322479262482375
83.41321964468807,0.0945378178730607
83.41735187591985,0.09585084312129766
83.42148410715163,0.09716386836953461
83.4256163383834,0.09585084312129766
83.42974856961519,0.09585084312129766
83.43388080084696,0.09585084312129766
83.43801303207874,0.09716386836953461
83.44214526331052,0.09585084312129766
83.4462774945423,0.09585084312129766
83.45040972577408,0.09585084312129766
83.45454195700586,0.09585084312129766
83.45867418823764,0.09585084312129766
83.46280641946942,0.09585084312129766
83.4669386507012,0.09585084312129766
83.47107088193297,0.09585084312129766
83.47520311316475,0.0945378178730607
83.47933534439653,0.09322479262482375
83.48346757562831,0.09585084312129766
83.48759980686009,0.09585084312129766
83.49173203809187,0.09585084312129766
83.49586426932365,0.09585084312129766
83.49999650055543,0.09585084312129766
83.5041287317872,0.0945378178730607
83.50826096301898,0.09585084312129766
83.51239319425076,0.09716386836953461
83.51652542548254,0.09585084312129766
83.52065765671432,0.09716386836953461
83.5247898879461,0.09585084312129766
83.52892211917788,0.09585084312129766
83.53305435040966,0.09585084312129766
83.53718658164144,0.09585084312129766
83.54131881287321,0.0945378178730607
83.545451044105,0.0945378178730607
83.54958327533677,0.09585084312129766
83.55371550656855,0.09585084312129766
83.55784773780033,0.0945378178730607
83.56197996903211,0.09716386836953461
83.56611220026389,0.09716386836953461
83.57024443149567,0.09585084312129766
83.57437666272745,0.0945378178730607
83.57850889395922,0.09585084312129766
83.582641125191,0.09585084312129766
83.58677335642278,0.0945378178730607
83.59090558765456,0.09716386836953461
83.59503781888634,0.09716386836953461
83.59917005011812,0.09585084312129766
83.6033022813499,0.09716386836953461
83.60743451258168,0.0945378178730607
83.61156674381346,0.09585084312129766
83.61569897504523,0.09716386836953461
83.61983120627701,0.09585084312129766
83.62396343750879,0.09585084312129766
83.62809566874057,0.09716386836953461
83.63222789997235,0.09716386836953461
83.63636013120413,0.09585084312129766
83.64049236243591,0.09716386836953461
83.64462459366769,0.09585084312129766
83.64875682489946,0.0945378178730607
83.65288905613124,0.09585084312129766
83.65702128736302,0.09585084312129766
83.6611535185948,0.09585084312129766
83.66528574982658,0.09716386836953461
83.66941798105836,0.09585084312129766
83.67355021229014,0.09585084312129766
83.67768244352192,0.09585084312129766
83.6818146747537,0.09585084312129766
83.68594690598547,0.0945378178730607
83.69007913721725,0.09585084312129766
83.69421136844903,0.0945378178730607
83.69834359968081,0.0945378178730607
83.70247583091259,0.09585084312129766
83.70660806214437,0.0945378178730607
83.71074029337615,0.0945378178730607
83.71487252460793,0.09585084312129766
83.7190047558397,0.09716386836953461
83.72313698707148,0.09585084312129766
83.72726921830326,0.09585084312129766
83.73140144953504,0.09585084312129766
83.73553368076682,0.09585084312129766
83.7396659119986,0.09585084312129766
83.74379814323038,0.0945378178730607
83.74793037446216,0.09585084312129766
83.75206260569394,0.0945378178730607
83.75619483692572,0.0945378178730607
83.7603270681575,0.0945378178730607
83.76445929938927,0.0945378178730607
83.76859153062105,0.09716386836953461
83.77272376185283,0.09847689361777157
83.77685599308461,0.09847689361777157
83.78098822431639,0.09585084312129766
83.78512045554817,0.09716386836953461
83.78925268677995,0.0945378178730607
83.79338491801172,0.09585084312129766
83.7975171492435,0.09716386836953461
83.80164938047528,0.09716386836953461
83.80578161170706,0.09716386836953461
83.80991384293884,0.09716386836953461
83.81404607417062,0.09716386836953461
83.8181783054024,0.09716386836953461
83.82231053663418,0.09585084312129766
83.82644276786596,0.09585084312129766
83.83057499909773,0.09585084312129766
83.83470723032951,0.09585084312129766
83.83883946156129,0.09585084312129766
83.84297169279307,0.09716386836953461
83.84710392402485,0.09716386836953461
83.85123615525663,0.09716386836953461
83.85536838648841,0.09585084312129766
83.85950061772019,0.09585084312129766
83.86363284895197,0.09585084312129766
83.86776508018374,0.09585084312129766
83.87189731141552,0.09585084312129766
83.8760295426473,0.09716386836953461
83.88016177387908,0.0945378178730607
83.88429400511086,0.09716386836953461
83.88842623634264,0.0945378178730607
83.89255846757442,0.0945378178730607
83.8966906988062,0.09716386836953461
83.90082293003798,0.09716386836953461
83.90495516126975,0.09716386836953461
83.90908739250153,0.09716386836953461
83.91321962373331,0.09716386836953461
83.91735185496509,0.09716386836953461
83.92148408619687,0.09585084312129766
83.92561631742865,0.0945378178730607
83.92974854866043,0.09585084312129766
83.9338807798922,0.09716386836953461
83.93801301112399,0.0945378178730607
83.94214524235576,0.09585084312129766
83.94627747358754,0.09585084312129766
83.95040970481932,0.09716386836953461
83.9545419360511,0.09585084312129766
83.95867416728288,0.0945378178730607
83.96280639851466,0.09322479262482375
83.96693862974644,0.09585084312129766
83.97107086097822,0.09716386836953461
83.97520309221,0.09847689361777157
83.97933532344177,0.09585084312129766
83.98346755467355,0.09716386836953461
83.98759978590533,0.09716386836953461
83.99173201713711,0.09585084312129766
83.99586424836889,0.09716386836953461
83.99999647960067,0.09585084312129766
84.00412871083245,0.09585084312129766
84.00826094206423,0.09585084312129766
84.012393173296,0.09716386836953461
84.01652540452778,0.09716386836953461
84.02065763575956,0.09585084312129766
84.02478986699134,0.09716386836953461
84.02892209822312,0.09716386836953461
84.0330543294549,0.09585084312129766
84.03718656068668,0.0945378178730607
84.04131879191846,0.0945378178730607
84.04545102315024,0.09716386836953461
84.04958325438201,0.09716386836953461
84.0537154856138,0.09585084312129766
84.05784771684557,0.09585084312129766
84.06197994807735,0.09716386836953461
84.06611217930913,0.09585084312129766
84.07024441054091,0.09716386836953461
84.07437664177269,0.09716386836953461
84.07850887300447,0.09585084312129766
84.08264110423625,0.09585084312129766
84.08677333546802,0.09585084312129766
84.0909055666998,0.09585084312129766
84.09503779793158,0.09585084312129766
84.09917002916336,0.0945378178730607
84.10330226039514,0.0945378178730607
84.10743449162692,0.09716386836953461
84.1115667228587,0.09585084312129766
84.11569895409048,0.09585084312129766
84.11983118532225,0.09585084312129766
84.12396341655403,0.09585084312129766
84.12809564778581,0.09585084312129766
84.13222787901759,0.09716386836953461
84.13636011024937,0.0945378178730607
84.14049234148115,0.09585084312129766
84.14462457271293,0.09716386836953461
84.1487568039447,0.09585084312129766
84.15288903517649,0.09585084312129766
84.15702126640826,0.09585084312129766
84.16115349764004,0.09716386836953461
84.16528572887182,0.09585084312129766
84.1694179601036,0.0945378178730607
84.17355019133538,0.09585084312129766
84.17768242256716,0.09585084312129766
84.18181465379894,0.09716386836953461
84.18594688503072,0.09716386836953461
84.1900791162625,0.09847689361777157
84.19421134749427,0.09716386836953461
84.19834357872605,0.09585084312129766
84.20247580995783,0.09716386836953461
84.20660804118961,0.09585084312129766
84.21074027242139,0.0945378178730607
84.21487250365317,0.09585084312129766
84.21900473488495,0.09585084312129766
84.22313696611673,0.09585084312129766
84.2272691973485,0.0945378178730607
84.23140142858028,0.09585084312129766
84.23553365981206,0.09585084312129766
84.23966589104384,0.09585084312129766
84.24379812227562,0.0945378178730607
84.2479303535074,0.09322479262482375
84.25206258473918,0.0945378178730607
84.25619481597096,0.09716386836953461
84.26032704720274,0.09716386836953461
84.26445927843451,0.09585084312129766
84.2685915096663,0.0945378178730607
84.27272374089807,0.0945378178730607
84.27685597212985,0.09585084312129766
84.28098820336163,0.09585084312129766
84.28512043459341,0.09585084312129766
84.28925266582519,0.09716386836953461
84.29338489705697,0.09716386836953461
84.29751712828875,0.09716386836953461
84.30164935952052,0.0945378178730607
84.3057815907523,0.0945378178730607
84.30991382198408,0.09322479262482375
84.31404605321586,0.09585084312129766
84.31817828444764,0.09585084312129766
84.32231051567942,0.09585084312129766
84.3264427469112,0.09716386836953461
84.33057497814298,0.09716386836953461
84.33470720937476,0.09585084312129766
84.33883944060653,0.09585084312129766
84.34297167183831,0.09585084312129766
84.34710390307009,0.09585084312129766
84.35123613430187,0.09585084312129766
84.35536836553365,0.09585084312129766
84.35950059676543,0.09716386836953461
84.36363282799721,0.09585084312129766
84.36776505922899,0.09585084312129766
84.37189729046077,0.09585084312129766
84.37602952169254,0.09585084312129766
84.38016175292432,0.09322479262482375
84.3842939841561,0.09585084312129766
84.38842621538788,0.0945378178730607
84.39255844661966,0.09585084312129766
84.39669067785144,0.09716386836953461
84.40082290908322,0.09585084312129766
84.404955140315,0.0945378178730607
84.40908737154678,0.09716386836953461
84.41321960277855,0.09716386836953461
84.41735183401033,0.09585084312129766
84.42148406524211,0.09716386836953461
84.42561629647389,0.09585084312129766
84.42974852770567,0.09585084312129766
84.43388075893745,0.09585084312129766
84.43801299016923,0.09585084312129766
84.442145221401,0.09716386836953461
84.44627745263278,0.09716386836953461
84.45040968386456,0.09585084312129766
84.45454191509634,0.09585084312129766
84.45867414632812,0.09585084312129766
84.4628063775599,0.09716386836953461
84.46693860879168,0.0945378178730607
84.47107084002346,0.09716386836953461
84.47520307125524,0.09716386836953461
84.47933530248702,0.09585084312129766
84.4834675337188,0.0945378178730607
84.48759976495057,0.0945378178730607
84.49173199618235,0.09585084312129766
84.49586422741413,0.09716386836953461
84.49999645864591,0.09585084312129766
84.50412868987769,0.0945378178730607
84.50826092110947,0.0945378178730607
84.51239315234125,0.0945378178730607
84.51652538357303,0.09322479262482375
84.5206576148048,0.0945378178730607
84.52478984603658,0.09585084312129766
84.52892207726836,0.09585084312129766
84.53305430850014,0.09716386836953461
84.53718653973192,0.09716386836953461
84.5413187709637,0.09585084312129766
84.54545100219548,0.09585084312129766
84.54958323342726,0.0945378178730607
84.55371546465904,0.0945378178730607
84.55784769589081,0.0945378178730607
84.5619799271226,0.09585084312129766
84.56611215835437,0.09716386836953461
84.57024438958615,0.09585084312129766
84.57437662081793,0.09716386836953461
84.57850885204971,0.09585084312129766
84.58264108328149,0.09716386836953461
84.58677331451327,0.0945378178730607
84.59090554574504,0.0945378178730607
84.59503777697682,0.09585084312129766
84.5991700082086,0.09716386836953461
84.60330223944038,0.09716386836953461
84.60743447067216,0.0945378178730607
84.61156670190394,0.09585084312129766
84.61569893313572,0.09716386836953461
84.6198311643675,0.09585084312129766
84.62396339559928,0.09716386836953461
84.62809562683105,0.09322479262482375
84.63222785806283,0.0945378178730607
84.63636008929461,0.09585084312129766
84.64049232052639,0.09585084312129766
84.64462455175817,0.09716386836953461
84.64875678298995,0.09585084312129766
84.65288901422173,0.0945378178730607
84.6570212454535,0.09716386836953461
84.66115347668529,0.0945378178730607
84.66528570791706,0.09585084312129766
84.66941793914884,0.0945378178730607
84.67355017038062,0.09716386836953461
84.6776824016124,0.09716386836953461
84.68181463284418,0.09585084312129766
84.68594686407596,0.09585084312129766
84.69007909530774,0.09847689361777157
84.69421132653952,0.0945378178730607
84.6983435577713,0.09585084312129766
84.70247578900307,0.09716386836953461
84.70660802023485,0.09585084312129766
84.71074025146663,0.09716386836953461
84.71487248269841,0.0945378178730607
84.71900471393019,0.0945378178730607
84.72313694516197,0.09585084312129766
84.72726917639375,0.09716386836953461
84.73140140762553,0.09585084312129766
84.7355336388573,0.09585084312129766
84.73966587008908,0.09585084312129766
84.74379810132086,0.09716386836953461
84.74793033255264,0.09716386836953461
84.75206256378442,0.09585084312129766
84.7561947950162,0.09585084312129766
84.76032702624798,0.09585084312129766
84.76445925747976,0.09585084312129766
84.76859148871154,0.0945378178730607
84.77272371994331,0.09585084312129766
84.7768559511751,0.0945378178730607
84.78098818240687,0.09716386836953461
84.78512041363865,0.09716386836953461
84.78925264487043,0.09716386836953461
84.79338487610221,0.0945378178730607
84.79751710733399,0.09585084312129766
84.80164933856577,0.09716386836953461
84.80578156979755,0.09585084312129766
84.80991380102932,0.09716386836953461
84.8140460322611,0.09716386836953461
84.81817826349288,0.09716386836953461
84.82231049472466,0.0945378178730607
84.82644272595644,0.09585084312129766
84.83057495718822,0.09585084312129766
84.83470718842,0.09716386836953461
84.83883941965178,0.09585084312129766
84.84297165088356,0.09716386836953461
84.84710388211533,0.0945378178730607
84.85123611334711,0.09585084312129766
84.85536834457889,0.09585084312129766
84.85950057581067,0.09585084312129766
84.86363280704245,0.09585084312129766
84.86776503827423,0.09585084312129766
84.87189726950601,0.09585084312129766
84.87602950073779,0.09716386836953461
84.88016173196957,0.09585084312129766
84.88429396320134,0.09585084312129766
84.88842619443312,0.09716386836953461
84.8925584256649,0.0945378178730607
84.89669065689668,0.09322479262482375
84.90082288812846,0.09585084312129766
84.90495511936024,0.09585084312129766
84.90908735059202,0.09585084312129766
84.9132195818238,0.09585084312129766
84.91735181305557,0.09585084312129766
84.92148404428735,0.09585084312129766
84.92561627551913,0.09585084312129766
84.92974850675091,0.09716386836953461
84.93388073798269,0.09716386836953461
84.93801296921447,0.09585084312129766
84.94214520044625,0.09716386836953461
84.94627743167803,0.09585084312129766
84.9504096629098,0.09716386836953461
84.95454189414158,0.09585084312129766
84.95867412537336,0.09716386836953461
84.96280635660514,0.09585084312129766
84.96693858783692,0.09585084312129766
84.9710708190687,0.09585084312129766
84.97520305030048,0.09716386836953461
84.97933528153226,0.09585084312129766
84.98346751276404,0.09585084312129766
84.98759974399582,0.09585084312129766
84.9917319752276,0.09585084312129766
84.99586420645937,0.0945378178730607
84.99999643769115,0.09585084312129766
85.00412866892293,0.0945378178730607
85.00826090015471,0.09585084312129766
85.01239313138649,0.0945378178730607
85.01652536261827,0.09585084312129766
85.02065759385005,0.09585084312129766
85.02478982508183,0.09716386836953461
85.0289220563136,0.09585084312129766
85.03305428754538,0.0945378178730607
85.03718651877716,0.0945378178730607
85.04131875000894,0.0945378178730607
85.04545098124072,0.09322479262482375
85.0495832124725,0.09585084312129766
85.05371544370428,0.09716386836953461
85.05784767493606,0.0945378178730607
85.06197990616783,0.09585084312129766
85.06611213739961,0.09585084312129766
85.07024436863139,0.0945378178730607
85.07437659986317,0.09585084312129766
85.07850883109495,0.0945378178730607
85.08264106232673,0.09585084312129766
85.08677329355851,0.09585084312129766
85.09090552479029,0.09716386836953461
85.09503775602207,0.09716386836953461
85.09916998725384,0.09585084312129766
85.10330221848562,0.09585084312129766
85.1074344497174,0.09585084312129766
85.11156668094918,0.0945378178730607
85.11569891218096,0.09585084312129766
85.11983114341274,0.0945378178730607
85.12396337464452,0.0945378178730607
85.1280956058763,0.09585084312129766
85.13222783710808,0.09585084312129766
85.13636006833985,0.09585084312129766
85.14049229957163,0.09716386836953461
85.14462453080341,0.0945378178730607
85.14875676203519,0.0945378178730607
85.15288899326697,0.0945378178730607
85.15702122449875,0.09716386836953461
85.16115345573053,0.09716386836953461
85.1652856869623,0.09585084312129766
85.16941791819409,0.09585084312129766
85.17355014942586,0.0945378178730607
85.17768238065764,0.09585084312129766
85.18181461188942,0.0945378178730607
85.1859468431212,0.0945378178730607
85.19007907435298,0.09716386836953461
85.19421130558476,0.09716386836953461
85.19834353681654,0.09585084312129766
85.20247576804832,0.09585084312129766
85.2066079992801,0.09585084312129766
85.21074023051187,0.09585084312129766
85.21487246174365,0.09585084312129766
85.21900469297543,0.09585084312129766
85.22313692420721,0.09585084312129766
85.22726915543899,0.09585084312129766
85.23140138667077,0.09716386836953461
85.23553361790255,0.09585084312129766
85.23966584913433,0.09585084312129766
85.2437980803661,0.0945378178730607
85.24793031159788,0.09585084312129766
85.25206254282966,0.0945378178730607
85.25619477406144,0.0945378178730607
85.26032700529322,0.0945378178730607
85.264459236525,0.0945378178730607
85.26859146775678,0.09585084312129766
85.27272369898856,0.09585084312129766
85.27685593022034,0.09585084312129766
85.28098816145211,0.09322479262482375
85.2851203926839,0.0945378178730607
85.28925262391567,0.09585084312129766
85.29338485514745,0.0945378178730607
85.29751708637923,0.09716386836953461
85.30164931761101,0.09585084312129766
85.30578154884279,0.09716386836953461
85.30991378007457,0.09585084312129766
85.31404601130635,0.0945378178730607
85.31817824253812,0.09585084312129766
85.3223104737699,0.0945378178730607
85.32644270500168,0.0945378178730607
85.33057493623346,0.09585084312129766
85.33470716746524,0.09847689361777157
85.33883939869702,0.09585084312129766
85.3429716299288,0.09847689361777157
85.34710386116058,0.09585084312129766
85.35123609239236,0.09585084312129766
85.35536832362413,0.09585084312129766
85.35950055485591,0.09716386836953461
85.36363278608769,0.0945378178730607
85.36776501731947,0.09585084312129766
85.37189724855125,0.09716386836953461
85.37602947978303,0.09716386836953461
85.38016171101481,0.09585084312129766
85.38429394224659,0.09716386836953461
85.38842617347836,0.09585084312129766
85.39255840471014,0.09585084312129766
85.39669063594192,0.0945378178730607
85.4008228671737,0.09716386836953461
85.40495509840548,0.09585084312129766
85.40908732963726,0.09716386836953461
85.41321956086904,0.09585084312129766
85.41735179210082,0.09585084312129766
85.4214840233326,0.09585084312129766
85.42561625456437,0.09585084312129766
85.42974848579615,0.09716386836953461
85.43388071702793,0.09716386836953461
85.43801294825971,0.09847689361777157
85.44214517949149,0.09716386836953461
85.44627741072327,0.0945378178730607
85.45040964195505,0.09585084312129766
85.45454187318683,0.09585084312129766
85.4586741044186,0.09585084312129766
85.46280633565038,0.09585084312129766
85.46693856688216,0.09585084312129766
85.47107079811394,0.09322479262482375
85.47520302934572,0.09585084312129766
85.4793352605775,0.09322479262482375
85.48346749180928,0.09585084312129766
85.48759972304106,0.09585084312129766
85.49173195427284,0.0945378178730607
85.49586418550462,0.09716386836953461
85.4999964167364,0.0945378178730607
85.50412864796817,0.09585084312129766
85.50826087919995,0.09585084312129766
85.51239311043173,0.09716386836953461
85.51652534166351,0.09716386836953461
85.52065757289529,0.09585084312129766
85.52478980412707,0.09585084312129766
85.52892203535885,0.09322479262482375
85.53305426659063,0.0945378178730607
85.5371864978224,0.09322479262482375
85.54131872905418,0.09585084312129766
85.54545096028596,0.09716386836953461
85.54958319151774,0.09585084312129766
85.55371542274952,0.09716386836953461
85.5578476539813,0.0945378178730607
85.56197988521308,0.0945378178730607
85.56611211644486,0.09716386836953461
85.57024434767663,0.0945378178730607
85.57437657890841,0.09585084312129766
85.57850881014019,0.09847689361777157
85.58264104137197,0.09716386836953461
85.58677327260375,0.0945378178730607
85.59090550383553,0.09585084312129766
85.59503773506731,0.09322479262482375
85.59916996629909,0.09322479262482375
85.60330219753087,0.0945378178730607
85.60743442876264,0.09585084312129766
85.61156665999442,0.09585084312129766
85.6156988912262,0.09585084312129766
85.61983112245798,0.09716386836953461
85.62396335368976,0.0945378178730607
85.62809558492154,0.0945378178730607
85.63222781615332,0.09585084312129766
85.6363600473851,0.09716386836953461
85.64049227861688,0.09585084312129766
85.64462450984865,0.0945378178730607
85.64875674108043,0.09585084312129766
85.65288897231221,0.09716386836953461
85.65702120354399,0.09585084312129766
85.66115343477577,0.09585084312129766
85.66528566600755,0.09585084312129766
85.66941789723933,0.0945378178730607
85.6735501284711,0.0945378178730607
85.67768235970289,0.09585084312129766
85.68181459093466,0.09585084312129766
85.68594682216644,0.0945378178730607
85.69007905339822,0.09322479262482375
85.69421128463,0.09585084312129766
85.69834351586178,0.0945378178730607
85.70247574709356,0.09716386836953461
85.70660797832534,0.09585084312129766
85.71074020955712,0.09716386836953461
85.7148724407889,0.09847689361777157
85.71900467202067,0.09716386836953461
85.72313690325245,0.09585084312129766
85.72726913448423,0.09585084312129766
85.73140136571601,0.0945378178730607
85.73553359694779,0.09585084312129766
85.73966582817957,0.09585084312129766
85.74379805941135,0.09585084312129766
85.74793029064313,0.0945378178730607
85.7520625218749,0.09716386836953461
85.75619475310668,0.09585084312129766
85.76032698433846,0.09585084312129766
85.76445921557024,0.09322479262482375
85.76859144680202,0.0945378178730607
85.7727236780338,0.09585084312129766
85.77685590926558,0.09716386836953461
85.78098814049736,0.09716386836953461
85.78512037172914,0.09847689361777157
85.78925260296091,0.09716386836953461
85.7933848341927,0.09585084312129766
85.79751706542447,0.0945378178730607
85.80164929665625,0.09585084312129766
85.80578152788803,0.09716386836953461
85.80991375911981,0.09585084312129766
85.81404599035159,0.09716386836953461
85.81817822158337,0.09585084312129766
85.82231045281515,0.0945378178730607
85.82644268404692,0.09585084312129766
85.8305749152787,0.09585084312129766
85.83470714651048,0.0945378178730607
85.83883937774226,0.09585084312129766
85.84297160897404,0.0945378178730607
85.84710384020582,0.09585084312129766
85.8512360714376,0.09716386836953461
85.85536830266938,0.09585084312129766
85.85950053390115,0.09585084312129766
85.86363276513293,0.09585084312129766
85.86776499636471,0.09716386836953461
85.87189722759649,0.0945378178730607
85.87602945882827,0.09585084312129766
85.88016169006005,0.0945378178730607
85.88429392129183,0.0945378178730607
85.8884261525236,0.09585084312129766
85.89255838375539,0.09716386836953461
85.89669061498716,0.09585084312129766
85.90082284621894,0.0945378178730607
85.90495507745072,0.09716386836953461
85.9090873086825,0.09716386836953461
85.91321953991428,0.09585084312129766
85.91735177114606,0.09585084312129766
85.92148400237784,0.09585084312129766
85.92561623360962,0.09585084312129766
85.9297484648414,0.09585084312129766
85.93388069607317,0.09585084312129766
85.93801292730495,0.0945378178730607
85.94214515853673,0.0945378178730607
85.94627738976851,0.09585084312129766
85.95040962100029,0.09585084312129766
85.95454185223207,0.09716386836953461
85.95867408346385,0.09585084312129766
85.96280631469563,0.09585084312129766
85.9669385459274,0.09585084312129766
85.97107077715918,0.09716386836953461
85.97520300839096,0.09585084312129766
85.97933523962274,0.09585084312129766
85.98346747085452,0.09716386836953461
85.9875997020863,0.09585084312129766
85.99173193331808,0.09585084312129766
85.99586416454986,0.0945378178730607
85.99999639578164,0.09585084312129766
86.00412862701342,0.09847689361777157
86.0082608582452,0.09585084312129766
86.01239308947697,0.09322479262482375
86.01652532070875,0.0945378178730607
86.02065755194053,0.09322479262482375
86.02478978317231,0.0945378178730607
86.02892201440409,0.0945378178730607
86.03305424563587,0.09716386836953461
86.03718647686765,0.09716386836953461
86.04131870809942,0.0945378178730607
86.0454509393312,0.09585084312129766
86.04958317056298,0.09585084312129766
86.05371540179476,0.09585084312129766
86.05784763302654,0.09716386836953461
86.06197986425832,0.09585084312129766
86.0661120954901,0.0945378178730607
86.07024432672188,0.09585084312129766
86.07437655795366,0.09585084312129766
86.07850878918543,0.0945378178730607
86.08264102041721,0.0945378178730607
86.08677325164899,0.09585084312129766
86.09090548288077,0.09716386836953461
86.09503771411255,0.0945378178730607
86.09916994534433,0.09585084312129766
86.10330217657611,0.09585084312129766
86.10743440780789,0.09716386836953461
86.11156663903967,0.09585084312129766
86.11569887027144,0.09585084312129766
86.11983110150322,0.09585084312129766
86.123963332735,0.09585084312129766
86.12809556396678,0.09585084312129766
86.13222779519856,0.09716386836953461
86.13636002643034,0.09585084312129766
86.14049225766212,0.09585084312129766
86.1446244888939,0.09716386836953461
86.14875672012568,0.09585084312129766
86.15288895135745,0.0945378178730607
86.15702118258923,0.0945378178730607
86.16115341382101,0.0945378178730607
86.16528564505279,0.09716386836953461
86.16941787628457,0.09585084312129766
86.17355010751635,0.09716386836953461
86.17768233874813,0.0945378178730607
86.1818145699799,0.09585084312129766
86.18594680121168,0.09716386836953461
86.19007903244346,0.09716386836953461
86.19421126367524,0.09585084312129766
86.19834349490702,0.09585084312129766
86.2024757261388,0.09585084312129766
86.20660795737058,0.09585084312129766
86.21074018860236,0.09585084312129766
86.21487241983414,0.09716386836953461
86.21900465106592,0.0945378178730607
86.2231368822977,0.0945378178730607
86.22726911352947,0.09585084312129766
86.23140134476125,0.09585084312129766
86.23553357599303,0.0945378178730607
86.23966580722481,0.09585084312129766
86.24379803845659,0.09716386836953461
86.24793026968837,0.09716386836953461
86.25206250092015,0.09585084312129766
86.25619473215193,0.09585084312129766
86.2603269633837,0.0945378178730607
86.26445919461548,0.0945378178730607
86.26859142584726,0.09585084312129766
86.27272365707904,0.09585084312129766
86.27685588831082,0.09585084312129766
86.2809881195426,0.09585084312129766
86.28512035077438,0.09716386836953461
86.28925258200616,0.09585084312129766
86.29338481323794,0.09716386836953461
86.29751704446971,0.09322479262482375
86.3016492757015,0.09322479262482375
86.30578150693327,0.0945378178730607
86.30991373816505,0.09716386836953461
86.31404596939683,0.0945378178730607
86.31817820062861,0.09585084312129766
86.32231043186039,0.09716386836953461
86.32644266309217,0.09585084312129766
86.33057489432395,0.0945378178730607
86.33470712555572,0.09322479262482375
86.3388393567875,0.09585084312129766
86.34297158801928,0.0945378178730607
86.34710381925106,0.09585084312129766
86.35123605048284,0.09585084312129766
86.35536828171462,0.09716386836953461
86.3595005129464,0.0945378178730607
86.36363274417818,0.09716386836953461
86.36776497540995,0.09585084312129766
86.37189720664173,0.09585084312129766
86.37602943787351,0.09716386836953461
86.38016166910529,0.09585084312129766
86.38429390033707,0.09716386836953461
86.38842613156885,0.09585084312129766
86.39255836280063,0.09585084312129766
86.3966905940324,0.09585084312129766
86.40082282526419,0.09716386836953461
86.40495505649596,0.09585084312129766
86.40908728772774,0.0945378178730607
86.41321951895952,0.09585084312129766
86.4173517501913,0.09585084312129766
86.42148398142308,0.0945378178730607
86.42561621265486,0.09322479262482375
86.42974844388664,0.0945378178730607
86.43388067511842,0.09322479262482375
86.4380129063502,0.0945378178730607
86.44214513758197,0.09585084312129766
86.44627736881375,0.0945378178730607
86.45040960004553,0.0945378178730607
86.45454183127731,0.0945378178730607
86.45867406250909,0.09585084312129766
86.46280629374087,0.0945378178730607
86.46693852497265,0.09585084312129766
86.47107075620443,0.0945378178730607
86.4752029874362,0.09585084312129766
86.47933521866798,0.09585084312129766
86.48346744989976,0.09716386836953461
86.48759968113154,0.09585084312129766
86.49173191236332,0.0945378178730607
86.4958641435951,0.0945378178730607
86.49999637482688,0.0945378178730607
86.50412860605866,0.0945378178730607
86.50826083729044,0.09585084312129766
86.51239306852221,0.0945378178730607
86.516525299754,0.0945378178730607
86.52065753098577,0.0945378178730607
86.52478976221755,0.09585084312129766
86.52892199344933,0.09716386836953461
86.53305422468111,0.0945378178730607
86.53718645591289,0.09585084312129766
86.54131868714467,0.0945378178730607
86.54545091837645,0.0945378178730607
86.54958314960822,0.0945378178730607
86.55371538084,0.0945378178730607
86.55784761207178,0.09585084312129766
86.56197984330356,0.09716386836953461
86.56611207453534,0.0945378178730607
86.57024430576712,0.0945378178730607
86.5743765369989,0.09322479262482375
86.57850876823068,0.09716386836953461
86.58264099946246,0.09716386836953461
86.58677323069423,0.09716386836953461
86.59090546192601,0.09585084312129766
86.59503769315779,0.09585084312129766
86.59916992438957,0.0945378178730607
86.60330215562135,0.0945378178730607
86.60743438685313,0.0945378178730607
86.61156661808491,0.09585084312129766
86.61569884931669,0.09585084312129766
86.61983108054847,0.09585084312129766
86.62396331178024,0.09847689361777157
86.62809554301202,0.09716386836953461
86.6322277742438,0.0945378178730607
86.63636000547558,0.0945378178730607
86.64049223670736,0.09585084312129766
86.64462446793914,0.09585084312129766
86.64875669917092,0.0945378178730607
86.6528889304027,0.09585084312129766
86.65702116163447,0.09322479262482375
86.66115339286625,0.0945378178730607
86.66528562409803,0.09585084312129766
86.66941785532981,0.09716386836953461
86.67355008656159,0.09716386836953461
86.67768231779337,0.0945378178730607
86.68181454902515,0.09585084312129766
86.68594678025693,0.09585084312129766
86.6900790114887,0.09585084312129766
86.69421124272048,0.09322479262482375
86.69834347395226,0.0945378178730607
86.70247570518404,0.09585084312129766
86.70660793641582,0.09322479262482375
86.7107401676476,0.0945378178730607
86.71487239887938,0.09585084312129766
86.71900463011116,0.0945378178730607
86.72313686134294,0.09585084312129766
86.72726909257472,0.09585084312129766
86.7314013238065,0.0945378178730607
86.73553355503827,0.0945378178730607
86.73966578627005,0.09322479262482375
86.74379801750183,0.09585084312129766
86.74793024873361,0.0945378178730607
86.75206247996539,0.09585084312129766
86.75619471119717,0.09716386836953461
86.76032694242895,0.09716386836953461
86.76445917366073,0.09716386836953461
86.7685914048925,0.0945378178730607
86.77272363612428,0.09585084312129766
86.77685586735606,0.09716386836953461
86.78098809858784,0.09585084312129766
86.78512032981962,0.0945378178730607
86.7892525610514,0.09585084312129766
86.79338479228318,0.09716386836953461
86.79751702351496,0.09585084312129766
86.80164925474674,0.0945378178730607
86.80578148597851,0.09585084312129766
86.80991371721029,0.09716386836953461
86.81404594844207,0.09716386836953461
86.81817817967385,0.09585084312129766
86.82231041090563,0.09716386836953461
86.82644264213741,0.09716386836953461
86.83057487336919,0.0945378178730607
86.83470710460097,0.09716386836953461
86.83883933583274,0.0945378178730607
86.84297156706452,0.09585084312129766
86.8471037982963,0.0945378178730607
86.85123602952808,0.0945378178730607
86.85536826075986,0.09716386836953461
86.85950049199164,0.09585084312129766
86.86363272322342,0.09716386836953461
86.8677649544552,0.09716386836953461
86.87189718568698,0.09585084312129766
86.87602941691875,0.09847689361777157
86.88016164815053,0.09716386836953461
86.88429387938231,0.09716386836953461
86.88842611061409,0.09585084312129766
86.89255834184587,0.09716386836953461
86.89669057307765,0.0945378178730607
86.90082280430943,0.0945378178730607
86.9049550355412,0.0945378178730607
86.90908726677299,0.0945378178730607
86.91321949800476,0.0945378178730607
86.91735172923654,0.09585084312129766
86.92148396046832,0.09585084312129766
86.9256161917001,0.0945378178730607
86.92974842293188,0.09585084312129766
86.93388065416366,0.09716386836953461
86.93801288539544,0.09585084312129766
86.94214511662722,0.09322479262482375
86.946277347859,0.09585084312129766
86.95040957909077,0.0945378178730607
86.95454181032255,0.09585084312129766
86.95867404155433,0.09716386836953461
86.96280627278611,0.09716386836953461
86.96693850401789,0.09585084312129766
86.97107073524967,0.09716386836953461
86.97520296648145,0.0945378178730607
86.97933519771323,0.09585084312129766
86.983467428945,0.0945378178730607
86.98759966017678,0.0945378178730607
86.99173189140856,0.09585084312129766
86.99586412264034,0.09585084312129766
86.99999635387212,0.09847689361777157
87.0041285851039,0.09716386836953461
87.00826081633568,0.09716386836953461
87.01239304756746,0.09585084312129766
87.01652527879924,0.09585084312129766
87.02065751003101,0.09585084312129766
87.0247897412628,0.09716386836953461
87.02892197249457,0.09847689361777157
87.03305420372635,0.09716386836953461
87.03718643495813,0.09716386836953461
87.04131866618991,0.0945378178730607
87.04545089742169,0.09585084312129766
87.04958312865347,0.0945378178730607
87.05371535988525,0.09585084312129766
87.05784759111702,0.09585084312129766
87.0619798223488,0.0945378178730607
87.06611205358058,0.09585084312129766
87.07024428481236,0.09716386836953461
87.07437651604414,0.09716386836953461
87.07850874727592,0.09585084312129766
87.0826409785077,0.09585084312129766
87.08677320973948,0.09585084312129766
87.09090544097126,0.0945378178730607
87.09503767220303,0.09847689361777157
87.09916990343481,0.09716386836953461
87.10330213466659,0.09585084312129766
87.10743436589837,0.09716386836953461
87.11156659713015,0.09716386836953461
87.11569882836193,0.09847689361777157
87.11983105959371,0.0945378178730607
87.12396329082549,0.09716386836953461
87.12809552205727,0.09585084312129766
87.13222775328904,0.09585084312129766
87.13635998452082,0.0945378178730607
87.1404922157526,0.09585084312129766
87.14462444698438,0.09716386836953461
87.14875667821616,0.09847689361777157
87.15288890944794,0.09585084312129766
87.15702114067972,0.09716386836953461
87.1611533719115,0.09585084312129766
87.16528560314327,0.09585084312129766
87.16941783437505,0.09716386836953461
87.17355006560683,0.0945378178730607
87.17768229683861,0.09585084312129766
87.18181452807039,0.09716386836953461
87.18594675930217,0.09847689361777157
87.19007899053395,0.09716386836953461
87.19421122176573,0.09585084312129766
87.1983434529975,0.09585084312129766
87.20247568422928,0.09585084312129766
87.20660791546106,0.09716386836953461
87.21074014669284,0.09716386836953461
87.21487237792462,0.09716386836953461
87.2190046091564,0.09585084312129766
87.22313684038818,0.09585084312129766
87.22726907161996,0.09716386836953461
87.23140130285174,0.09716386836953461
87.23553353408352,0.09716386836953461
87.2396657653153,0.09585084312129766
87.24379799654707,0.09585084312129766
87.24793022777885,0.0945378178730607
87.25206245901063,0.0945378178730607
87.25619469024241,0.09716386836953461
87.26032692147419,0.09585084312129766
87.26445915270597,0.0945378178730607
87.26859138393775,0.09585084312129766
87.27272361516953,0.09716386836953461
87.2768558464013,0.09585084312129766
87.28098807763308,0.09585084312129766
87.28512030886486,0.09585084312129766
87.28925254009664,0.09585084312129766
87.29338477132842,0.09716386836953461
87.2975170025602,0.09585084312129766
87.30164923379198,0.09716386836953461
87.30578146502376,0.09847689361777157
87.30991369625553,0.09585084312129766
87.31404592748731,0.09716386836953461
87.31817815871909,0.09716386836953461
87.32231038995087,0.09585084312129766
87.32644262118265,0.09716386836953461
87.33057485241443,0.09716386836953461
87.33470708364621,0.09585084312129766
87.33883931487799,0.09716386836953461
87.34297154610977,0.09716386836953461
87.34710377734154,0.09716386836953461
87.35123600857332,0.09847689361777157
87.3553682398051,0.09847689361777157
87.35950047103688,0.09847689361777157
87.36363270226866,0.09716386836953461
87.36776493350044,0.09716386836953461
87.37189716473222,0.09716386836953461
87.376029395964,0.09585084312129766
87.38016162719578,0.09716386836953461
87.38429385842755,0.09716386836953461
87.38842608965933,0.09847689361777157
87.39255832089111,0.09585084312129766
87.39669055212289,0.09585084312129766
87.40082278335467,0.09585084312129766
87.40495501458645,0.09716386836953461
87.40908724581823,0.09585084312129766
87.41321947705,0.09716386836953461
87.41735170828179,0.09716386836953461
87.42148393951356,0.09716386836953461
87.42561617074534,0.09585084312129766
87.42974840197712,0.09716386836953461
87.4338806332089,0.09847689361777157
87.43801286444068,0.09716386836953461
87.44214509567246,0.09585084312129766
87.44627732690424,0.09585084312129766
87.45040955813602,0.09716386836953461
87.4545417893678,0.09716386836953461
87.45867402059957,0.09716386836953461
87.46280625183135,0.09716386836953461
87.46693848306313,0.09585084312129766
87.47107071429491,0.09585084312129766
87.47520294552669,0.09585084312129766
87.47933517675847,0.09716386836953461
87.48346740799025,0.09716386836953461
87.48759963922203,0.09847689361777157
87.4917318704538,0.09716386836953461
87.49586410168558,0.09716386836953461
87.49999633291736,0.09716386836953461
87.50412856414914,0.09716386836953461
87.50826079538092,0.09585084312129766
87.5123930266127,0.09585084312129766
87.51652525784448,0.09585084312129766
87.52065748907626,0.09716386836953461
87.52478972030804,0.09716386836953461
87.52892195153981,0.09585084312129766
87.5330541827716,0.09585084312129766
87.53718641400337,0.09585084312129766
87.54131864523515,0.09585084312129766
87.54545087646693,0.09585084312129766
87.54958310769871,0.09322479262482375
87.55371533893049,0.09716386836953461
87.55784757016227,0.09585084312129766
87.56197980139405,0.09585084312129766
87.56611203262582,0.09585084312129766
87.5702442638576,0.09585084312129766
87.57437649508938,0.09716386836953461
87.57850872632116,0.09716386836953461
87.58264095755294,0.09716386836953461
87.58677318878472,0.0945378178730607
87.5909054200165,0.09585084312129766
87.59503765124828,0.09585084312129766
87.59916988248006,0.09585084312129766
87.60330211371183,0.09716386836953461
87.60743434494361,0.09585084312129766
87.61156657617539,0.09585084312129766
87.61569880740717,0.09585084312129766
87.61983103863895,0.09585084312129766
87.62396326987073,0.09585084312129766
87.62809550110251,0.09716386836953461
87.63222773233429,0.09847689361777157
87.63635996356606,0.09716386836953461
87.64049219479784,0.09716386836953461
87.64462442602962,0.09585084312129766
87.6487566572614,0.09585084312129766
87.65288888849318,0.09847689361777157
87.65702111972496,0.09585084312129766
87.66115335095674,0.09847689361777157
87.66528558218852,0.09585084312129766
87.6694178134203,0.09585084312129766
87.67355004465207,0.09585084312129766
87.67768227588385,0.09716386836953461
87.68181450711563,0.09585084312129766
87.68594673834741,0.09716386836953461
87.69007896957919,0.09716386836953461
87.69421120081097,0.09847689361777157
87.69834343204275,0.09585084312129766
87.70247566327453,0.09716386836953461
87.7066078945063,0.09585084312129766
87.71074012573808,0.09585084312129766
87.71487235696986,0.09716386836953461
87.71900458820164,0.09847689361777157
87.72313681943342,0.09716386836953461
87.7272690506652,0.09585084312129766
87.73140128189698,0.09585084312129766
87.73553351312876,0.09585084312129766
87.73966574436054,0.09585084312129766
87.74379797559232,0.09716386836953461
87.7479302068241,0.09585084312129766
87.75206243805587,0.09585084312129766
87.75619466928765,0.09716386836953461
87.76032690051943,0.09716386836953461
87.76445913175121,0.09716386836953461
87.76859136298299,0.09716386836953461
87.77272359421477,0.09716386836953461
87.77685582544655,0.09716386836953461
87.78098805667832,0.09716386836953461
87.7851202879101,0.09847689361777157
87.78925251914188,0.09716386836953461
87.79338475037366,0.09716386836953461
87.79751698160544,0.0945378178730607
87.80164921283722,0.0945378178730607
87.805781444069,0.09585084312129766
87.80991367530078,0.09585084312129766
87.81404590653256,0.09847689361777157
87.81817813776433,0.09716386836953461
87.82231036899611,0.09847689361777157
87.82644260022789,0.09585084312129766
87.83057483145967,0.09716386836953461
87.83470706269145,0.09585084312129766
87.83883929392323,0.09585084312129766
87.84297152515501,0.09585084312129766
87.84710375638679,0.09585084312129766
87.85123598761857,0.09585084312129766
87.85536821885034,0.09716386836953461
87.85950045008212,0.09847689361777157
87.8636326813139,0.09716386836953461
87.86776491254568,0.09847689361777157
87.87189714377746,0.09716386836953461
87.87602937500924,0.09716386836953461
87.88016160624102,0.09716386836953461
87.8842938374728,0.09585084312129766
87.88842606870458,0.09585084312129766
87.89255829993635,0.09585084312129766
87.89669053116813,0.0945378178730607
87.90082276239991,0.09585084312129766
87.90495499363169,0.09716386836953461
87.90908722486347,0.09716386836953461
87.91321945609525,0.09716386836953461
87.91735168732703,0.09716386836953461
87.9214839185588,0.09716386836953461
87.92561614979059,0.09716386836953461
87.92974838102236,0.09585084312129766
87.93388061225414,0.09847689361777157
87.93801284348592,0.09716386836953461
87.9421450747177,0.09585084312129766
87.94627730594948,0.09716386836953461
87.95040953718126,0.09716386836953461
87.95454176841304,0.09585084312129766
87.95867399964482,0.09585084312129766
87.9628062308766,0.09716386836953461
87.96693846210837,0.0945378178730607
87.97107069334015,0.09716386836953461
87.97520292457193,0.09716386836953461
87.97933515580371,0.09585084312129766
87.98346738703549,0.09716386836953461
87.98759961826727,0.09716386836953461
87.99173184949905,0.09585084312129766
87.99586408073083,0.09716386836953461
87.9999963119626,0.09716386836953461
88.00412854319438,0.09716386836953461
88.00826077442616,0.09716386836953461
88.01239300565794,0.09716386836953461
88.01652523688972,0.09585084312129766
88.0206574681215,0.09716386836953461
88.02478969935328,0.09585084312129766
88.02892193058506,0.09585084312129766
88.03305416181684,0.09585084312129766
88.03718639304861,0.09716386836953461
88.0413186242804,0.09585084312129766
88.04545085551217,0.09585084312129766
88.04958308674395,0.09716386836953461
88.05371531797573,0.09716386836953461
88.05784754920751,0.09716386836953461
88.06197978043929,0.09585084312129766
88.06611201167107,0.09716386836953461
88.07024424290285,0.09716386836953461
88.07437647413462,0.09585084312129766
88.0785087053664,0.09585084312129766
88.08264093659818,0.09847689361777157
88.08677316782996,0.09585084312129766
88.09090539906174,0.09716386836953461
88.09503763029352,0.09585084312129766
88.0991698615253,0.09585084312129766
88.10330209275708,0.09716386836953461
88.10743432398885,0.09716386836953461
88.11156655522063,0.09585084312129766
88.11569878645241,0.09585084312129766
88.11983101768419,0.09585084312129766
88.12396324891597,0.09585084312129766
88.12809548014775,0.09716386836953461
88.13222771137953,0.09716386836953461
88.1363599426113,0.09847689361777157
88.14049217384309,0.09716386836953461
88.14462440507486,0.09716386836953461
88.14875663630664,0.09585084312129766
88.15288886753842,0.09585084312129766
88.1570210987702,0.09716386836953461
88.16115333000198,0.09716386836953461
88.16528556123376,0.09585084312129766
88.16941779246554,0.09585084312129766
88.17355002369732,0.09716386836953461
88.1776822549291,0.09585084312129766
88.18181448616087,0.09585084312129766
88.18594671739265,0.09716386836953461
88.19007894862443,0.09716386836953461
88.19421117985621,0.09716386836953461
88.19834341108799,0.09716386836953461
88.20247564231977,0.09716386836953461
88.20660787355155,0.09716386836953461
88.21074010478333,0.09716386836953461
88.2148723360151,0.09585084312129766
88.21900456724688,0.09585084312129766
88.22313679847866,0.0945378178730607
88.22726902971044,0.09716386836953461
88.23140126094222,0.09716386836953461
88.235533492174,0.09585084312129766
88.23966572340578,0.09585084312129766
88.24379795463756,0.09716386836953461
88.24793018586934,0.09585084312129766
88.25206241710111,0.09585084312129766
88.2561946483329,0.09716386836953461
88.26032687956467,0.09716386836953461
88.26445911079645,0.09716386836953461
88.26859134202823,0.09585084312129766
88.27272357326001,0.0945378178730607
88.27685580449179,0.09716386836953461
88.28098803572357,0.09585084312129766
88.28512026695535,0.09716386836953461
88.28925249818712,0.09716386836953461
88.2933847294189,0.09585084312129766
88.29751696065068,0.09716386836953461
88.30164919188246,0.09585084312129766
88.30578142311424,0.09585084312129766
88.30991365434602,0.09716386836953461
88.3140458855778,0.09716386836953461
88.31817811680958,0.09585084312129766
88.32231034804136,0.09716386836953461
88.32644257927313,0.09716386836953461
88.33057481050491,0.09716386836953461
88.33470704173669,0.09585084312129766
88.33883927296847,0.09585084312129766
88.34297150420025,0.09716386836953461
88.34710373543203,0.09585084312129766
88.35123596666381,0.09716386836953461
88.35536819789559,0.09716386836953461
88.35950042912737,0.09716386836953461
88.36363266035914,0.09585084312129766
88.36776489159092,0.09716386836953461
88.3718971228227,0.09716386836953461
88.37602935405448,0.0945378178730607
88.38016158528626,0.09716386836953461
88.38429381651804,0.09585084312129766
88.38842604774982,0.09716386836953461
88.3925582789816,0.09716386836953461
88.39669051021338,0.09716386836953461
88.40082274144515,0.09716386836953461
88.40495497267693,0.09585084312129766
88.40908720390871,0.09716386836953461
88.41321943514049,0.09585084312129766
88.41735166637227,0.09716386836953461
88.42148389760405,0.0945378178730607
88.42561612883583,0.0945378178730607
88.4297483600676,0.09585084312129766
88.43388059129938,0.09716386836953461
88.43801282253116,0.09585084312129766
88.44214505376294,0.09585084312129766
88.44627728499472,0.0945378178730607
88.4504095162265,0.09585084312129766
88.45454174745828,0.09585084312129766
88.45867397869006,0.09847689361777157
88.46280620992184,0.09716386836953461
88.46693844115362,0.09716386836953461
88.4710706723854,0.09716386836953461
88.47520290361717,0.09585084312129766
88.47933513484895,0.09585084312129766
88.48346736608073,0.09585084312129766
88.48759959731251,0.0945378178730607
88.49173182854429,0.0945378178730607
88.49586405977607,0.09585084312129766
88.49999629100785,0.09585084312129766
88.50412852223963,0.09585084312129766
88.5082607534714,0.09585084312129766
88.51239298470318,0.0945378178730607
88.51652521593496,0.0945378178730607
88.52065744716674,0.09585084312129766
88.52478967839852,0.0945378178730607
88.5289219096303,0.09585084312129766
88.53305414086208,0.09585084312129766
88.53718637209386,0.09585084312129766
88.54131860332564,0.09716386836953461
88.54545083455741,0.09585084312129766
88.5495830657892,0.09716386836953461
88.55371529702097,0.09585084312129766
88.55784752825275,0.09322479262482375
88.56197975948453,0.0945378178730607
88.56611199071631,0.09585084312129766
88.57024422194809,0.09585084312129766
88.57437645317987,0.09585084312129766
88.57850868441164,0.09585084312129766
88.58264091564342,0.0945378178730607
88.5867731468752,0.09585084312129766
88.59090537810698,0.09585084312129766
88.59503760933876,0.09585084312129766
88.59916984057054,0.09585084312129766
88.60330207180232,0.09716386836953461
88.6074343030341,0.09716386836953461
88.61156653426588,0.09585084312129766
88.61569876549765,0.09585084312129766
88.61983099672943,0.09585084312129766
88.62396322796121,0.0945378178730607
88.62809545919299,0.09585084312129766
88.63222769042477,0.0945378178730607
88.63635992165655,0.09322479262482375
88.64049215288833,0.09716386836953461
88.6446243841201,0.09585084312129766
88.64875661535189,0.09585084312129766
88.65288884658366,0.09716386836953461
88.65702107781544,0.09585084312129766
88.66115330904722,0.09716386836953461
88.665285540279,0.09716386836953461
88.66941777151078,0.09585084312129766
88.67355000274256,0.09716386836953461
88.67768223397434,0.09716386836953461
88.68181446520612,0.09716386836953461
88.6859466964379,0.09585084312129766
88.69007892766967,0.09585084312129766
88.69421115890145,0.0945378178730607
88.69834339013323,0.09585084312129766
88.70247562136501,0.09585084312129766
88.70660785259679,0.09585084312129766
88.71074008382857,0.09716386836953461
88.71487231506035,0.09585084312129766
88.71900454629213,0.09585084312129766
88.7231367775239,0.09585084312129766
88.72726900875568,0.0945378178730607
88.73140123998746,0.09585084312129766
88.73553347121924,0.09716386836953461
88.73966570245102,0.09585084312129766
88.7437979336828,0.09716386836953461
88.74793016491458,0.09716386836953461
88.75206239614636,0.09585084312129766
88.75619462737814,0.09585084312129766
88.76032685860991,0.0945378178730607
88.7644590898417,0.09716386836953461
88.76859132107347,0.09585084312129766
88.77272355230525,0.09585084312129766
88.77685578353703,0.09585084312129766
88.78098801476881,0.09716386836953461
88.78512024600059,0.09585084312129766
88.78925247723237,0.09585084312129766
88.79338470846415,0.09585084312129766
88.79751693969592,0.0945378178730607
88.8016491709277,0.09585084312129766
88.80578140215948,0.09585084312129766
88.80991363339126,0.0945378178730607
88.81404586462304,0.0945378178730607
88.81817809585482,0.09716386836953461
88.8223103270866,0.09585084312129766
88.82644255831838,0.09585084312129766
88.83057478955016,0.09585084312129766
88.83470702078193,0.09585084312129766
88.83883925201371,0.0945378178730607
88.84297148324549,0.09585084312129766
88.84710371447727,0.0945378178730607
88.85123594570905,0.09585084312129766
88.85536817694083,0.09716386836953461
88.85950040817261,0.0945378178730607
88.86363263940439,0.0945378178730607
88.86776487063617,0.0945378178730607
88.87189710186794,0.0945378178730607
88.87602933309972,0.09716386836953461
88.8801615643315,0.0945378178730607
88.88429379556328,0.09585084312129766
88.88842602679506,0.09716386836953461
88.89255825802684,0.09585084312129766
88.89669048925862,0.09322479262482375
88.9008227204904,0.0945378178730607
88.90495495172217,0.0945378178730607
88.90908718295395,0.0945378178730607
88.91321941418573,0.0945378178730607
88.91735164541751,0.0945378178730607
88.92148387664929,0.09322479262482375
88.92561610788107,0.0945378178730607
88.92974833911285,0.0945378178730607
88.93388057034463,0.0945378178730607
88.9380128015764,0.0945378178730607
88.94214503280818,0.09322479262482375
88.94627726403996,0.09585084312129766
88.95040949527174,0.09585084312129766
88.95454172650352,0.09585084312129766
88.9586739577353,0.09585084312129766
88.96280618896708,0.0945378178730607
88.96693842019886,0.0945378178730607
88.97107065143064,0.0945378178730607
88.97520288266242,0.09585084312129766
88.9793351138942,0.09585084312129766
88.98346734512597,0.0945378178730607
88.98759957635775,0.09322479262482375
88.99173180758953,0.0919117673765868
88.99586403882131,0.09322479262482375
88.99999627005309,0.0945378178730607
89.00412850128487,0.0945378178730607
89.00826073251665,0.0945378178730607
89.01239296374843,0.0945378178730607
89.0165251949802,0.0945378178730607
89.02065742621198,0.0945378178730607
89.02478965744376,0.09585084312129766
89.02892188867554,0.0945378178730607
89.03305411990732,0.09322479262482375
89.0371863511391,0.0945378178730607
89.04131858237088,0.0945378178730607
89.04545081360266,0.09585084312129766
89.04958304483443,0.0945378178730607
89.05371527606621,0.0945378178730607
89.05784750729799,0.09585084312129766
89.06197973852977,0.09322479262482375
89.06611196976155,0.09322479262482375
89.07024420099333,0.09322479262482375
89.07437643222511,0.09322479262482375
89.07850866345689,0.09585084312129766
89.08264089468867,0.09585084312129766
89.08677312592044,0.0945378178730607
89.09090535715222,0.0945378178730607
89.095037588384,0.09585084312129766
89.09916981961578,0.0945378178730607
89.10330205084756,0.0945378178730607
89.10743428207934,0.0945378178730607
89.11156651331112,0.09322479262482375
89.1156987445429,0.0945378178730607
89.11983097577468,0.09322479262482375
89.12396320700645,0.0945378178730607
89.12809543823823,0.0945378178730607
89.13222766947001,0.0919117673765868
89.13635990070179,0.0945378178730607
89.14049213193357,0.0945378178730607
89.14462436316535,0.0945378178730607
89.14875659439713,0.0945378178730607
89.1528888256289,0.09585084312129766
89.15702105686069,0.09585084312129766
89.16115328809246,0.0945378178730607
89.16528551932424,0.09585084312129766
89.16941775055602,0.0945378178730607
89.1735499817878,0.0945378178730607
89.17768221301958,0.09585084312129766
89.18181444425136,0.09322479262482375
89.18594667548314,0.0919117673765868
89.19007890671492,0.09322479262482375
89.1942111379467,0.0945378178730607
89.19834336917847,0.09585084312129766
89.20247560041025,0.09585084312129766
89.20660783164203,0.0945378178730607
89.21074006287381,0.09322479262482375
89.21487229410559,0.0945378178730607
89.21900452533737,0.0945378178730607
89.22313675656915,0.09585084312129766
89.22726898780093,0.09585084312129766
89.2314012190327,0.09585084312129766
89.23553345026448,0.09585084312129766
89.23966568149626,0.09585084312129766
89.24379791272804,0.0945378178730607
89.24793014395982,0.0945378178730607
89.2520623751916,0.09585084312129766
89.25619460642338,0.09322479262482375
89.26032683765516,0.09585084312129766
89.26445906888694,0.0945378178730607
89.26859130011871,0.09585084312129766
89.2727235313505,0.09585084312129766
89.27685576258227,0.0945378178730607
89.28098799381405,0.09322479262482375
89.28512022504583,0.0945378178730607
89.28925245627761,0.09585084312129766
89.29338468750939,0.09322479262482375
89.29751691874117,0.09585084312129766
89.30164914997295,0.09585084312129766
89.30578138120472,0.09322479262482375
89.3099136124365,0.09585084312129766
89.31404584366828,0.09585084312129766
89.31817807490006,0.0945378178730607
89.32231030613184,0.09585084312129766
89.32644253736362,0.09322479262482375
89.3305747685954,0.0945378178730607
89.33470699982718,0.09585084312129766
89.33883923105896,0.09585084312129766
89.34297146229073,0.0945378178730607
89.34710369352251,0.09585084312129766
89.35123592475429,0.0945378178730607
89.35536815598607,0.09585084312129766
89.35950038721785,0.0945378178730607
89.36363261844963,0.09585084312129766
89.36776484968141,0.09585084312129766
89.37189708091319,0.09585084312129766
89.37602931214496,0.09585084312129766
89.38016154337674,0.09585084312129766
89.38429377460852,0.0945378178730607
89.3884260058403,0.09322479262482375
89.39255823707208,0.0945378178730607
89.39669046830386,0.09322479262482375
89.40082269953564,0.0945378178730607
89.40495493076742,0.09585084312129766
89.4090871619992,0.0945378178730607
89.41321939323097,0.0945378178730607
89.41735162446275,0.09716386836953461
89.42148385569453,0.09716386836953461
89.42561608692631,0.09585084312129766
89.42974831815809,0.09585084312129766
89.43388054938987,0.09585084312129766
89.43801278062165,0.09585084312129766
89.44214501185343,0.09716386836953461
89.4462772430852,0.09585084312129766
89.45040947431698,0.09716386836953461
89.45454170554876,0.0945378178730607
89.45867393678054,0.09585084312129766
89.46280616801232,0.09585084312129766
89.4669383992441,0.0945378178730607
89.47107063047588,0.0945378178730607
89.47520286170766,0.09585084312129766
89.47933509293944,0.09716386836953461
89.48346732417122,0.09716386836953461
89.487599555403,0.0945378178730607
89.49173178663477,0.09716386836953461
89.49586401786655,0.09585084312129766
89.49999624909833,0.09716386836953461
89.50412848033011,0.09716386836953461
89.50826071156189,0.09585084312129766
89.51239294279367,0.09716386836953461
89.51652517402545,0.09585084312129766
89.52065740525723,0.09585084312129766
89.524789636489,0.09585084312129766
89.52892186772078,0.09585084312129766
89.53305409895256,0.0945378178730607
89.53718633018434,0.0945378178730607
89.54131856141612,0.09585084312129766
89.5454507926479,0.09585084312129766
89.54958302387968,0.09585084312129766
89.55371525511146,0.09716386836953461
89.55784748634323,0.09716386836953461
89.56197971757501,0.09716386836953461
89.56611194880679,0.0945378178730607
89.57024418003857,0.09585084312129766
89.57437641127035,0.09585084312129766
89.57850864250213,0.09847689361777157
89.58264087373391,0.09585084312129766
89.58677310496569,0.09585084312129766
89.59090533619747,0.09716386836953461
89.59503756742924,0.09585084312129766
89.59916979866102,0.09585084312129766
89.6033020298928,0.09716386836953461
89.60743426112458,0.09585084312129766
89.61156649235636,0.09716386836953461
89.61569872358814,0.09585084312129766
89.61983095481992,0.09716386836953461
89.6239631860517,0.09585084312129766
89.62809541728348,0.09716386836953461
89.63222764851525,0.09585084312129766
89.63635987974703,0.09585084312129766
89.64049211097881,0.09716386836953461
89.64462434221059,0.09716386836953461
89.64875657344237,0.09585084312129766
89.65288880467415,0.09585084312129766
89.65702103590593,0.09585084312129766
89.6611532671377,0.09585084312129766
89.66528549836949,0.09716386836953461
89.66941772960126,0.09716386836953461
89.67354996083304,0.09716386836953461
89.67768219206482,0.09585084312129766
89.6818144232966,0.09585084312129766
89.68594665452838,0.09585084312129766
89.69007888576016,0.09585084312129766
89.69421111699194,0.09585084312129766
89.69834334822372,0.09585084312129766
89.7024755794555,0.09585084312129766
89.70660781068727,0.09585084312129766
89.71074004191905,0.09847689361777157
89.71487227315083,0.09716386836953461
89.71900450438261,0.09716386836953461
89.72313673561439,0.09585084312129766
89.72726896684617,0.09585084312129766
89.73140119807795,0.09585084312129766
89.73553342930973,0.09716386836953461
89.7396656605415,0.0945378178730607
89.74379789177328,0.09847689361777157
89.74793012300506,0.09716386836953461
89.75206235423684,0.09847689361777157
89.75619458546862,0.09716386836953461
89.7603268167004,0.09847689361777157
89.76445904793218,0.09716386836953461
89.76859127916396,0.09585084312129766
89.77272351039574,0.09716386836953461
89.77685574162751,0.09847689361777157
89.7809879728593,0.09716386836953461
89.78512020409107,0.09716386836953461
89.78925243532285,0.09847689361777157
89.79338466655463,0.09847689361777157
89.79751689778641,0.09716386836953461
89.80164912901819,0.09585084312129766
89.80578136024997,0.09716386836953461
89.80991359148175,0.09716386836953461
89.81404582271352,0.09716386836953461
89.8181780539453,0.09716386836953461
89.82231028517708,0.09716386836953461
89.82644251640886,0.09716386836953461
89.83057474764064,0.09716386836953461
89.83470697887242,0.09847689361777157
89.8388392101042,0.09716386836953461
89.84297144133598,0.09585084312129766
89.84710367256775,0.09585084312129766
89.85123590379953,0.09585084312129766
89.85536813503131,0.09716386836953461
89.85950036626309,0.09716386836953461
89.86363259749487,0.09716386836953461
89.86776482872665,0.09716386836953461
89.87189705995843,0.09716386836953461
89.8760292911902,0.09716386836953461
89.88016152242199,0.09716386836953461
89.88429375365376,0.09585084312129766
89.88842598488554,0.09585084312129766
89.89255821611732,0.09585084312129766
89.8966904473491,0.09716386836953461
89.90082267858088,0.09847689361777157
89.90495490981266,0.09716386836953461
89.90908714104444,0.09716386836953461
89.91321937227622,0.09716386836953461
89.917351603508,0.09716386836953461
89.92148383473977,0.09847689361777157
89.92561606597155,0.09716386836953461
89.92974829720333,0.09978991886600852
89.93388052843511,0.09716386836953461
89.93801275966689,0.09716386836953461
89.94214499089867,0.09716386836953461
89.94627722213045,0.09847689361777157
89.95040945336223,0.09716386836953461
89.954541684594,0.09716386836953461
89.95867391582578,0.09847689361777157
89.96280614705756,0.09847689361777157
89.96693837828934,0.09847689361777157
89.97107060952112,0.09847689361777157
89.9752028407529,0.09716386836953461
89.97933507198468,0.09847689361777157
89.98346730321646,0.09716386836953461
89.98759953444824,0.09847689361777157
89.99173176568002,0.09847689361777157
89.9958639969118,0.09978991886600852
89.99999622814357,0.09847689361777157
90.00412845937535,0.09847689361777157
90.00826069060713,0.09847689361777157
90.01239292183891,0.09716386836953461
90.01652515307069,0.09716386836953461
90.02065738430247,0.09716386836953461
90.02478961553425,0.09847689361777157
90.02892184676602,0.09716386836953461
90.0330540779978,0.09978991886600852
90.03718630922958,0.09847689361777157
90.04131854046136,0.09847689361777157
90.04545077169314,0.09847689361777157
90.04958300292492,0.09847689361777157
90.0537152341567,0.09716386836953461
90.05784746538848,0.09847689361777157
90.06197969662026,0.09847689361777157
90.06611192785203,0.09847689361777157
90.07024415908381,0.09716386836953461
90.07437639031559,0.09716386836953461
90.07850862154737,0.09716386836953461
90.08264085277915,0.09585084312129766
90.08677308401093,0.09847689361777157
90.09090531524271,0.09847689361777157
90.09503754647449,0.09847689361777157
90.09916977770627,0.09716386836953461
90.10330200893804,0.09716386836953461
90.10743424016982,0.09847689361777157
90.1115664714016,0.09716386836953461
90.11569870263338,0.09716386836953461
90.11983093386516,0.09716386836953461
90.12396316509694,0.09847689361777157
90.12809539632872,0.09978991886600852
90.1322276275605,0.09716386836953461
90.13635985879228,0.09847689361777157
90.14049209002405,0.09585084312129766
90.14462432125583,0.09716386836953461
90.14875655248761,0.09847689361777157
90.15288878371939,0.09847689361777157
90.15702101495117,0.09716386836953461
90.16115324618295,0.09716386836953461
90.16528547741473,0.09847689361777157
90.1694177086465,0.09716386836953461
90.17354993987828,0.09847689361777157
90.17768217111006,0.09847689361777157
90.18181440234184,0.09716386836953461
90.18594663357362,0.09847689361777157
90.1900788648054,0.09847689361777157
90.19421109603718,0.09716386836953461
90.19834332726896,0.09716386836953461
90.20247555850074,0.09716386836953461
90.20660778973252,0.09716386836953461
90.2107400209643,0.09716386836953461
90.21487225219607,0.09716386836953461
90.21900448342785,0.09716386836953461
90.22313671465963,0.09716386836953461
90.22726894589141,0.09716386836953461
90.23140117712319,0.09716386836953461
90.23553340835497,0.09716386836953461
90.23966563958675,0.09847689361777157
90.24379787081853,0.09847689361777157
90.2479301020503,0.09847689361777157
90.25206233328208,0.09716386836953461
90.25619456451386,0.09716386836953461
90.26032679574564,0.09847689361777157
90.26445902697742,0.09585084312129766
90.2685912582092,0.09847689361777157
90.27272348944098,0.09847689361777157
90.27685572067276,0.09716386836953461
90.28098795190454,0.09716386836953461
90.28512018313631,0.09716386836953461
90.2892524143681,0.09716386836953461
90.29338464559987,0.09585084312129766
90.29751687683165,0.09716386836953461
90.30164910806343,0.09847689361777157
90.30578133929521,0.09716386836953461
90.30991357052699,0.09847689361777157
90.31404580175877,0.09585084312129766
90.31817803299055,0.09847689361777157
90.32231026422232,0.09847689361777157
90.3264424954541,0.09716386836953461
90.33057472668588,0.09716386836953461
90.33470695791766,0.09585084312129766
90.33883918914944,0.09716386836953461
90.34297142038122,0.09847689361777157
90.347103651613,0.09585084312129766
90.35123588284478,0.09716386836953461
90.35536811407655,0.09716386836953461
90.35950034530833,0.09585084312129766
90.36363257654011,0.09585084312129766
90.36776480777189,0.09585084312129766
90.37189703900367,0.09847689361777157
90.37602927023545,0.09847689361777157
90.38016150146723,0.09716386836953461
90.384293732699,0.09978991886600852
90.38842596393079,0.09847689361777157
90.39255819516256,0.09716386836953461
90.39669042639434,0.09716386836953461
90.40082265762612,0.09585084312129766
90.4049548888579,0.09716386836953461
90.40908712008968,0.09716386836953461
90.41321935132146,0.09585084312129766
90.41735158255324,0.09716386836953461
90.42148381378502,0.09716386836953461
90.4256160450168,0.09585084312129766
90.42974827624857,0.09716386836953461
90.43388050748035,0.09585084312129766
90.43801273871213,0.09585084312129766
90.44214496994391,0.09847689361777157
90.44627720117569,0.09585084312129766
90.45040943240747,0.09585084312129766
90.45454166363925,0.09716386836953461
90.45867389487103,0.09585084312129766
90.4628061261028,0.09716386836953461
90.46693835733458,0.09847689361777157
90.47107058856636,0.09716386836953461
90.47520281979814,0.09847689361777157
90.47933505102992,0.09716386836953461
90.4834672822617,0.09847689361777157
90.48759951349348,0.09716386836953461
90.49173174472526,0.0945378178730607
90.49586397595704,0.09716386836953461
90.49999620718881,0.09716386836953461
90.5041284384206,0.09716386836953461
90.50826066965237,0.09847689361777157
90.51239290088415,0.09716386836953461
90.51652513211593,0.09585084312129766
90.52065736334771,0.09847689361777157
90.52478959457949,0.09585084312129766
90.52892182581127,0.09716386836953461
90.53305405704305,0.09716386836953461
90.53718628827482,0.09716386836953461
90.5413185195066,0.09716386836953461
90.54545075073838,0.09716386836953461
90.54958298197016,0.09585084312129766
90.55371521320194,0.09716386836953461
90.55784744443372,0.09716386836953461
90.5619796756655,0.09716386836953461
90.56611190689728,0.09585084312129766
90.57024413812906,0.09585084312129766
90.57437636936083,0.09585084312129766
90.57850860059261,0.09716386836953461
90.58264083182439,0.09847689361777157
90.58677306305617,0.09716386836953461
90.59090529428795,0.09716386836953461
90.59503752551973,0.09716386836953461
90.59916975675151,0.09716386836953461
90.60330198798329,0.0945378178730607
90.60743421921507,0.09716386836953461
90.61156645044684,0.09716386836953461
90.61569868167862,0.09716386836953461
90.6198309129104,0.09585084312129766
90.62396314414218,0.09716386836953461
90.62809537537396,0.09716386836953461
90.63222760660574,0.09585084312129766
90.63635983783752,0.09585084312129766
90.6404920690693,0.0945378178730607
90.64462430030107,0.0945378178730607
90.64875653153285,0.09585084312129766
90.65288876276463,0.09716386836953461
90.65702099399641,0.0945378178730607
90.66115322522819,0.09716386836953461
90.66528545645997,0.09716386836953461
90.66941768769175,0.09716386836953461
90.67354991892353,0.09585084312129766
90.6776821501553,0.09585084312129766
90.68181438138708,0.09585084312129766
90.68594661261886,0.09585084312129766
90.69007884385064,0.09585084312129766
90.69421107508242,0.09585084312129766
90.6983433063142,0.09585084312129766
90.70247553754598,0.09716386836953461
90.70660776877776,0.09716386836953461
90.71074000000954,0.09716386836953461
90.71487223124132,0.09716386836953461
90.7190044624731,0.09585084312129766
90.72313669370487,0.09716386836953461
90.72726892493665,0.09585084312129766
90.73140115616843,0.09585084312129766
90.73553338740021,0.09716386836953461
90.73966561863199,0.09585084312129766
90.74379784986377,0.09716386836953461
90.74793008109555,0.09716386836953461
90.75206231232733,0.09585084312129766
90.7561945435591,0.09716386836953461
90.76032677479088,0.09585084312129766
90.76445900602266,0.09716386836953461
90.76859123725444,0.0945378178730607
90.77272346848622,0.0945378178730607
90.776855699718,0.09585084312129766
90.78098793094978,0.09585084312129766
90.78512016218156,0.09585084312129766
90.78925239341334,0.09716386836953461
90.79338462464511,0.09585084312129766
90.79751685587689,0.09716386836953461
90.80164908710867,0.09716386836953461
90.80578131834045,0.09716386836953461
90.80991354957223,0.09585084312129766
90.81404578080401,0.0945378178730607
90.81817801203579,0.09716386836953461
90.82231024326757,0.09716386836953461
90.82644247449934,0.09585084312129766
90.83057470573112,0.09585084312129766
90.8347069369629,0.09585084312129766
90.83883916819468,0.09585084312129766
90.84297139942646,0.09585084312129766
90.84710363065824,0.09585084312129766
90.85123586189002,0.09585084312129766
90.8553680931218,0.09322479262482375
90.85950032435358,0.0945378178730607
90.86363255558535,0.09585084312129766
90.86776478681713,0.09585084312129766
90.87189701804891,0.09716386836953461
90.87602924928069,0.09716386836953461
90.88016148051247,0.09585084312129766
90.88429371174425,0.09585084312129766
90.88842594297603,0.09716386836953461
90.8925581742078,0.0945378178730607
90.89669040543959,0.09716386836953461
90.90082263667136,0.0945378178730607
90.90495486790314,0.09585084312129766
90.90908709913492,0.09716386836953461
90.9132193303667,0.0945378178730607
90.91735156159848,0.09585084312129766
90.92148379283026,0.09585084312129766
90.92561602406204,0.09585084312129766
90.92974825529382,0.09585084312129766
90.9338804865256,0.09585084312129766
90.93801271775737,0.09716386836953461
90.94214494898915,0.09322479262482375
90.94627718022093,0.09585084312129766
90.95040941145271,0.09585084312129766
90.95454164268449,0.0945378178730607
90.95867387391627,0.09585084312129766
90.96280610514805,0.09585084312129766
90.96693833637983,0.09585084312129766
90.9710705676116,0.09585084312129766
90.97520279884338,0.09585084312129766
90.97933503007516,0.09585084312129766
90.98346726130694,0.09585084312129766
90.98759949253872,0.0945378178730607
90.9917317237705,0.09585084312129766
90.99586395500228,0.0945378178730607
90.99999618623406,0.09585084312129766
91.00412841746584,0.09585084312129766
91.00826064869761,0.09585084312129766
91.0123928799294,0.09847689361777157
91.01652511116117,0.09585084312129766
91.02065734239295,0.09716386836953461
91.02478957362473,0.09716386836953461
91.02892180485651,0.0945378178730607
91.03305403608829,0.09585084312129766
91.03718626732007,0.0945378178730607
91.04131849855185,0.09716386836953461
91.04545072978362,0.09585084312129766
91.0495829610154,0.0945378178730607
91.05371519224718,0.0945378178730607
91.05784742347896,0.09585084312129766
91.06197965471074,0.09585084312129766
91.06611188594252,0.09585084312129766
91.0702441171743,0.09716386836953461
91.07437634840608,0.09585084312129766
91.07850857963786,0.09716386836953461
91.08264081086963,0.09585084312129766
91.08677304210141,0.09585084312129766
91.09090527333319,0.0945378178730607
91.09503750456497,0.0945378178730607
91.09916973579675,0.09585084312129766
91.10330196702853,0.09585084312129766
91.10743419826031,0.09585084312129766
91.11156642949209,0.09585084312129766
91.11569866072387,0.09585084312129766
91.11983089195564,0.0945378178730607
91.12396312318742,0.09585084312129766
91.1280953544192,0.09585084312129766
91.13222758565098,0.0945378178730607
91.13635981688276,0.0945378178730607
91.14049204811454,0.0945378178730607
91.14462427934632,0.0945378178730607
91.1487565105781,0.0945378178730607
91.15288874180987,0.09322479262482375
91.15702097304165,0.0945378178730607
91.16115320427343,0.0945378178730607
91.16528543550521,0.0945378178730607
91.16941766673699,0.09585084312129766
91.17354989796877,0.09322479262482375
91.17768212920055,0.0945378178730607
91.18181436043233,0.09716386836953461
91.1859465916641,0.0945378178730607
91.19007882289588,0.09716386836953461
91.19421105412766,0.0945378178730607
91.19834328535944,0.09585084312129766
91.20247551659122,0.09585084312129766
91.206607747823,0.0945378178730607
91.21073997905478,0.09585084312129766
91.21487221028656,0.09585084312129766
91.21900444151834,0.09716386836953461
91.22313667275012,0.0945378178730607
91.2272689039819,0.0945378178730607
91.23140113521367,0.0945378178730607
91.23553336644545,0.0945378178730607
91.23966559767723,0.09585084312129766
91.24379782890901,0.09585084312129766
91.24793006014079,0.09585084312129766
91.25206229137257,0.09585084312129766
91.25619452260435,0.0945378178730607
91.26032675383613,0.09585084312129766
91.2644589850679,0.09322479262482375
91.26859121629968,0.09585084312129766
91.27272344753146,0.09585084312129766
91.27685567876324,0.09585084312129766
91.28098790999502,0.09585084312129766
91.2851201412268,0.0945378178730607
91.28925237245858,0.09585084312129766
91.29338460369036,0.09585084312129766
91.29751683492213,0.09585084312129766
91.30164906615391,0.09716386836953461
91.30578129738569,0.0945378178730607
91.30991352861747,0.09585084312129766
91.31404575984925,0.0945378178730607
91.31817799108103,0.09716386836953461
91.32231022231281,0.09585084312129766
91.32644245354459,0.09322479262482375
91.33057468477637,0.09585084312129766
91.33470691600814,0.09585084312129766
91.33883914723992,0.0945378178730607
91.3429713784717,0.0945378178730607
91.34710360970348,0.09585084312129766
91.35123584093526,0.09585084312129766
91.35536807216704,0.09585084312129766
91.35950030339882,0.09716386836953461
91.3636325346306,0.09585084312129766
91.36776476586238,0.0945378178730607
91.37189699709415,0.09585084312129766
91.37602922832593,0.0945378178730607
91.38016145955771,0.09716386836953461
91.38429369078949,0.09716386836953461
91.38842592202127,0.09585084312129766
91.39255815325305,0.09585084312129766
91.39669038448483,0.09585084312129766
91.4008226157166,0.0945378178730607
91.40495484694839,0.0945378178730607
91.40908707818016,0.09585084312129766
91.41321930941194,0.09716386836953461
91.41735154064372,0.09716386836953461
91.4214837718755,0.09585084312129766
91.42561600310728,0.09716386836953461
91.42974823433906,0.09716386836953461
91.43388046557084,0.09585084312129766
91.43801269680262,0.0945378178730607
91.4421449280344,0.09585084312129766
91.44627715926617,0.09585084312129766
91.45040939049795,0.09716386836953461
91.45454162172973,0.0945378178730607
91.45867385296151,0.09585084312129766
91.46280608419329,0.09322479262482375
91.46693831542507,0.09585084312129766
91.47107054665685,0.09585084312129766
91.47520277788863,0.09585084312129766
91.4793350091204,0.09585084312129766
91.48346724035218,0.09716386836953461
91.48759947158396,0.0945378178730607
91.49173170281574,0.09585084312129766
91.49586393404752,0.09716386836953461
91.4999961652793,0.0945378178730607
91.50412839651108,0.0945378178730607
91.50826062774286,0.0945378178730607
91.51239285897464,0.09585084312129766
91.51652509020641,0.09585084312129766
91.5206573214382,0.0945378178730607
91.52478955266997,0.09585084312129766
91.52892178390175,0.09585084312129766
91.53305401513353,0.0945378178730607
91.53718624636531,0.09585084312129766
91.54131847759709,0.0945378178730607
91.54545070882887,0.0945378178730607
91.54958294006065,0.09585084312129766
91.55371517129242,0.0945378178730607
91.5578474025242,0.0945378178730607
91.56197963375598,0.09585084312129766
91.56611186498776,0.09585084312129766
91.57024409621954,0.09585084312129766
91.57437632745132,0.0945378178730607
91.5785085586831,0.0945378178730607
91.58264078991488,0.0945378178730607
91.58677302114666,0.0945378178730607
91.59090525237843,0.0945378178730607
91.59503748361021,0.0945378178730607
91.59916971484199,0.09322479262482375
91.60330194607377,0.09585084312129766
91.60743417730555,0.0945378178730607
91.61156640853733,0.0945378178730607
91.6156986397691,0.09322479262482375
91.61983087100089,0.0945378178730607
91.62396310223266,0.09585084312129766
91.62809533346444,0.0945378178730607
91.63222756469622,0.09585084312129766
91.636359795928,0.0945378178730607
91.64049202715978,0.09585084312129766
91.64462425839156,0.0945378178730607
91.64875648962334,0.0945378178730607
91.65288872085512,0.09322479262482375
91.6570209520869,0.09322479262482375
91.66115318331867,0.09585084312129766
91.66528541455045,0.0945378178730607
91.66941764578223,0.0945378178730607
91.67354987701401,0.0945378178730607
91.67768210824579,0.09322479262482375
91.68181433947757,0.09322479262482375
91.68594657070935,0.0945378178730607
91.69007880194113,0.09322479262482375
91.6942110331729,0.09322479262482375
91.69834326440468,0.09585084312129766
91.70247549563646,0.09322479262482375
91.70660772686824,0.0945378178730607
91.71073995810002,0.0945378178730607
91.7148721893318,0.0945378178730607
91.71900442056358,0.09585084312129766
91.72313665179536,0.0945378178730607
91.72726888302714,0.09322479262482375
91.73140111425892,0.0945378178730607
91.7355333454907,0.09322479262482375
91.73966557672247,0.09585084312129766
91.74379780795425,0.09322479262482375
91.74793003918603,0.0919117673765868
91.75206227041781,0.0945378178730607
91.75619450164959,0.09322479262482375
91.76032673288137,0.0919117673765868
91.76445896411315,0.0945378178730607
91.76859119534492,0.09585084312129766
91.7727234265767,0.0945378178730607
91.77685565780848,0.0945378178730607
91.78098788904026,0.09322479262482375
91.78512012027204,0.0919117673765868
91.78925235150382,0.0919117673765868
91.7933845827356,0.0919117673765868
91.79751681396738,0.09322479262482375
91.80164904519916,0.0945378178730607
91.80578127643093,0.0945378178730607
91.80991350766271,0.09322479262482375
91.81404573889449,0.0919117673765868
91.81817797012627,0.0919117673765868
91.82231020135805,0.0945378178730607
91.82644243258983,0.09322479262482375
91.83057466382161,0.0945378178730607
91.83470689505339,0.0945378178730607
91.83883912628517,0.09322479262482375
91.84297135751694,0.09322479262482375
91.84710358874872,0.0945378178730607
91.8512358199805,0.09322479262482375
91.85536805121228,0.09322479262482375
91.85950028244406,0.0945378178730607
91.86363251367584,0.0919117673765868
91.86776474490762,0.09322479262482375
91.8718969761394,0.0919117673765868
91.87602920737118,0.0919117673765868
91.88016143860295,0.09322479262482375
91.88429366983473,0.09322479262482375
91.88842590106651,0.09322479262482375
91.89255813229829,0.09322479262482375
91.89669036353007,0.09322479262482375
91.90082259476185,0.09322479262482375
91.90495482599363,0.0945378178730607
91.9090870572254,0.0945378178730607
91.91321928845719,0.09322479262482375
91.91735151968896,0.0945378178730607
91.92148375092074,0.09322479262482375
91.92561598215252,0.09322479262482375
91.9297482133843,0.0919117673765868
91.93388044461608,0.09322479262482375
91.93801267584786,0.09322479262482375
91.94214490707964,0.09322479262482375
91.94627713831142,0.0945378178730607
91.9504093695432,0.09322479262482375
91.95454160077497,0.0945378178730607
91.95867383200675,0.0919117673765868
91.96280606323853,0.09322479262482375
91.96693829447031,0.0919117673765868
91.97107052570209,0.0945378178730607
91.97520275693387,0.09322479262482375
91.97933498816565,0.0945378178730607
91.98346721939743,0.0945378178730607
91.9875994506292,0.09322479262482375
91.99173168186098,0.09322479262482375
91.99586391309276,0.09322479262482375
91.99999614432454,0.09322479262482375
92.00412837555632,0.0945378178730607
92.0082606067881,0.09322479262482375
92.01239283801988,0.0945378178730607
92.01652506925166,0.0945378178730607
92.02065730048344,0.0919117673765868
92.02478953171521,0.0945378178730607
92.028921762947,0.09322479262482375
92.03305399417877,0.0945378178730607
92.03718622541055,0.09322479262482375
92.04131845664233,0.0945378178730607
92.04545068787411,0.0945378178730607
92.04958291910589,0.09585084312129766
92.05371515033767,0.09322479262482375
92.05784738156945,0.0945378178730607
92.06197961280122,0.0945378178730607
92.066111844033,0.09322479262482375
92.07024407526478,0.09322479262482375
92.07437630649656,0.0945378178730607
92.07850853772834,0.0919117673765868
92.08264076896012,0.0945378178730607
92.0867730001919,0.0945378178730607
92.09090523142368,0.0945378178730607
92.09503746265545,0.09322479262482375
92.09916969388723,0.0945378178730607
92.10330192511901,0.0945378178730607
92.10743415635079,0.09585084312129766
92.11156638758257,0.09585084312129766
92.11569861881435,0.09585084312129766
92.11983085004613,0.09585084312129766
92.1239630812779,0.09585084312129766
92.12809531250969,0.0945378178730607
92.13222754374146,0.0945378178730607
92.13635977497324,0.0945378178730607
92.14049200620502,0.0945378178730607
92.1446242374368,0.09585084312129766
92.14875646866858,0.09585084312129766
92.15288869990036,0.09585084312129766
92.15702093113214,0.09585084312129766
92.16115316236392,0.0945378178730607
92.1652853935957,0.0945378178730607
92.16941762482747,0.0945378178730607
92.17354985605925,0.09585084312129766
92.17768208729103,0.0945378178730607
92.18181431852281,0.09585084312129766
92.18594654975459,0.09716386836953461
92.19007878098637,0.09716386836953461
92.19421101221815,0.09585084312129766
92.19834324344993,0.09322479262482375
92.2024754746817,0.09585084312129766
92.20660770591348,0.09585084312129766
92.21073993714526,0.09585084312129766
92.21487216837704,0.09585084312129766
92.21900439960882,0.09585084312129766
92.2231366308406,0.09585084312129766
92.22726886207238,0.09585084312129766
92.23140109330416,0.09585084312129766
92.23553332453594,0.09585084312129766
92.23966555576771,0.09585084312129766
92.2437977869995,0.09716386836953461
92.24793001823127,0.09716386836953461
92.25206224946305,0.09716386836953461
92.25619448069483,0.09716386836953461
92.26032671192661,0.09847689361777157
92.26445894315839,0.09716386836953461
92.26859117439017,0.09716386836953461
92.27272340562195,0.09716386836953461
92.27685563685372,0.09585084312129766
92.2809878680855,0.09585084312129766
92.28512009931728,0.09716386836953461
92.28925233054906,0.09585084312129766
92.29338456178084,0.09716386836953461
92.29751679301262,0.09716386836953461
92.3016490242444,0.09716386836953461
92.30578125547618,0.09716386836953461
92.30991348670796,0.09716386836953461
92.31404571793973,0.09847689361777157
92.31817794917151,0.09716386836953461
92.32231018040329,0.09716386836953461
92.32644241163507,0.09847689361777157
92.33057464286685,0.09847689361777157
92.33470687409863,0.09716386836953461
92.33883910533041,0.09585084312129766
92.34297133656219,0.09716386836953461
92.34710356779397,0.09716386836953461
92.35123579902574,0.09847689361777157
92.35536803025752,0.09847689361777157
92.3595002614893,0.09847689361777157
92.36363249272108,0.09716386836953461
92.36776472395286,0.09847689361777157
92.37189695518464,0.09716386836953461
92.37602918641642,0.09716386836953461
92.3801614176482,0.09847689361777157
92.38429364887998,0.09847689361777157
92.38842588011175,0.09847689361777157
92.39255811134353,0.09978991886600852
92.39669034257531,0.09847689361777157
92.40082257380709,0.09978991886600852
92.40495480503887,0.09716386836953461
92.40908703627065,0.09716386836953461
92.41321926750243,0.09716386836953461
92.4173514987342,0.09978991886600852
92.42148372996598,0.09716386836953461
92.42561596119776,0.09847689361777157
92.42974819242954,0.09847689361777157
92.43388042366132,0.09978991886600852
92.4380126548931,0.09716386836953461
92.44214488612488,0.09847689361777157
92.44627711735666,0.09585084312129766
92.45040934858844,0.09847689361777157
92.45454157982022,0.09978991886600852
92.458673811052,0.09978991886600852
92.46280604228377,0.09978991886600852
92.46693827351555,0.09978991886600852
92.47107050474733,0.09847689361777157
92.47520273597911,0.09847689361777157
92.47933496721089,0.09716386836953461
92.48346719844267,0.09716386836953461
92.48759942967445,0.09847689361777157
92.49173166090623,0.09978991886600852
92.495863892138,0.09847689361777157
92.49999612336978,0.09978991886600852
92.50412835460156,0.09978991886600852
92.50826058583334,0.09847689361777157
92.51239281706512,0.09716386836953461
92.5165250482969,0.09716386836953461
92.52065727952868,0.09847689361777157
92.52478951076046,0.09978991886600852
92.52892174199224,0.09978991886600852
92.53305397322401,0.09978991886600852
92.5371862044558,0.09978991886600852
92.54131843568757,0.09978991886600852
92.54545066691935,0.09847689361777157
92.54958289815113,0.09978991886600852
92.55371512938291,0.09978991886600852
92.55784736061469,0.09847689361777157
92.56197959184647,0.09978991886600852
92.56611182307824,0.09978991886600852
92.57024405431002,0.09978991886600852
92.5743762855418,0.09978991886600852
92.57850851677358,0.09978991886600852
92.58264074800536,0.09978991886600852
92.58677297923714,0.09978991886600852
92.59090521046892,0.09847689361777157
92.5950374417007,0.09978991886600852
92.59916967293248,0.09978991886600852
92.60330190416425,0.09847689361777157
92.60743413539603,0.09847689361777157
92.61156636662781,0.09847689361777157
92.61569859785959,0.09978991886600852
92.61983082909137,0.09847689361777157
92.62396306032315,0.09847689361777157
92.62809529155493,0.09978991886600852
92.6322275227867,0.09847689361777157
92.63635975401849,0.09978991886600852
92.64049198525026,0.09978991886600852
92.64462421648204,0.10110294411424547
92.64875644771382,0.09847689361777157
92.6528886789456,0.09978991886600852
92.65702091017738,0.09847689361777157
92.66115314140916,0.10110294411424547
92.66528537264094,0.09978991886600852
92.66941760387272,0.10241596936248243
92.6735498351045,0.10110294411424547
92.67768206633627,0.10372899461071938
92.68181429756805,0.10110294411424547
92.68594652879983,0.09847689361777157
92.69007876003161,0.09978991886600852
92.69421099126339,0.09978991886600852
92.69834322249517,0.10110294411424547
92.70247545372695,0.09978991886600852
92.70660768495873,0.09978991886600852
92.7107399161905,0.09978991886600852
92.71487214742228,0.10110294411424547
92.71900437865406,0.09847689361777157
92.72313660988584,0.09978991886600852
92.72726884111762,0.09847689361777157
92.7314010723494,0.09978991886600852
92.73553330358118,0.10110294411424547
92.73966553481296,0.10110294411424547
92.74379776604474,0.09978991886600852
92.74792999727651,0.09978991886600852
92.7520622285083,0.09978991886600852
92.75619445974007,0.09847689361777157
92.76032669097185,0.09847689361777157
92.76445892220363,0.09847689361777157
92.76859115343541,0.09978991886600852
92.77272338466719,0.09847689361777157
92.77685561589897,0.09978991886600852
92.78098784713075,0.10110294411424547
92.78512007836252,0.09978991886600852
92.7892523095943,0.09978991886600852
92.79338454082608,0.09978991886600852
92.79751677205786,0.09847689361777157
92.80164900328964,0.09847689361777157
92.80578123452142,0.09978991886600852
92.8099134657532,0.09847689361777157
92.81404569698498,0.10110294411424547
92.81817792821676,0.10110294411424547
92.82231015944853,0.09978991886600852
92.82644239068031,0.09978991886600852
92.83057462191209,0.09847689361777157
92.83470685314387,0.09847689361777157
92.83883908437565,0.09716386836953461
92.84297131560743,0.09847689361777157
92.84710354683921,0.09847689361777157
92.85123577807099,0.09847689361777157
92.85536800930277,0.09847689361777157
92.85950024053454,0.09716386836953461
92.86363247176632,0.09978991886600852
92.8677647029981,0.09847689361777157
92.87189693422988,0.09978991886600852
92.87602916546166,0.09978991886600852
92.88016139669344,0.09978991886600852
92.88429362792522,0.09978991886600852
92.888425859157,0.09978991886600852
92.89255809038877,0.09847689361777157
92.89669032162055,0.09716386836953461
92.90082255285233,0.09978991886600852
92.90495478408411,0.09847689361777157
92.90908701531589,0.09847689361777157
92.91321924654767,0.09978991886600852
92.91735147777945,0.09978991886600852
92.92148370901123,0.09978991886600852
92.925615940243,0.09716386836953461
92.92974817147478,0.09847689361777157
92.93388040270656,0.09847689361777157
92.93801263393834,0.10110294411424547
92.94214486517012,0.09978991886600852
92.9462770964019,0.09847689361777157
92.95040932763368,0.09978991886600852
92.95454155886546,0.09978991886600852
92.95867379009724,0.09978991886600852
92.96280602132902,0.09978991886600852
92.9669382525608,0.09847689361777157
92.97107048379257,0.09847689361777157
92.97520271502435,0.09978991886600852
92.97933494625613,0.09847689361777157
92.98346717748791,0.09978991886600852
92.98759940871969,0.09978991886600852
92.99173163995147,0.09847689361777157
92.99586387118325,0.09978991886600852
92.99999610241503,0.09978991886600852
93.0041283336468,0.09847689361777157
93.00826056487858,0.09978991886600852
93.01239279611036,0.09978991886600852
93.01652502734214,0.09716386836953461
93.02065725857392,0.09847689361777157
93.0247894898057,0.09847689361777157
93.02892172103748,0.09847689361777157
93.03305395226926,0.09847689361777157
93.03718618350103,0.09978991886600852
93.04131841473281,0.09978991886600852
93.04545064596459,0.09847689361777157
93.04958287719637,0.09716386836953461
93.05371510842815,0.09847689361777157
93.05784733965993,0.09978991886600852
93.06197957089171,0.09716386836953461
93.06611180212349,0.09978991886600852
93.07024403335527,0.09847689361777157
93.07437626458704,0.09978991886600852
93.07850849581882,0.09847689361777157
93.0826407270506,0.09847689361777157
93.08677295828238,0.09978991886600852
93.09090518951416,0.09978991886600852
93.09503742074594,0.09716386836953461
93.09916965197772,0.09847689361777157
93.1033018832095,0.09847689361777157
93.10743411444128,0.09847689361777157
93.11156634567305,0.09847689361777157
93.11569857690483,0.09847689361777157
93.11983080813661,0.09716386836953461
93.12396303936839,0.09716386836953461
93.12809527060017,0.09847689361777157
93.13222750183195,0.09847689361777157
93.13635973306373,0.09847689361777157
93.1404919642955,0.09978991886600852
93.14462419552729,0.09847689361777157
93.14875642675906,0.09847689361777157
93.15288865799084,0.09978991886600852
93.15702088922262,0.09716386836953461
93.1611531204544,0.09847689361777157
93.16528535168618,0.09716386836953461
93.16941758291796,0.09716386836953461
93.17354981414974,0.09716386836953461
93.17768204538152,0.09847689361777157
93.1818142766133,0.09716386836953461
93.18594650784507,0.09847689361777157
93.19007873907685,0.09716386836953461
93.19421097030863,0.09847689361777157
93.19834320154041,0.09847689361777157
93.20247543277219,0.09847689361777157
93.20660766400397,0.09716386836953461
93.21073989523575,0.09847689361777157
93.21487212646753,0.09847689361777157
93.2190043576993,0.09716386836953461
93.22313658893108,0.09847689361777157
93.22726882016286,0.09716386836953461
93.23140105139464,0.09847689361777157
93.23553328262642,0.09716386836953461
93.2396655138582,0.09847689361777157
93.24379774508998,0.09585084312129766
93.24792997632176,0.09847689361777157
93.25206220755354,0.09847689361777157
93.25619443878531,0.09716386836953461
93.2603266700171,0.09716386836953461
93.26445890124887,0.09716386836953461
93.26859113248065,0.09585084312129766
93.27272336371243,0.09716386836953461
93.27685559494421,0.09716386836953461
93.28098782617599,0.09847689361777157
93.28512005740777,0.09716386836953461
93.28925228863955,0.09716386836953461
93.29338451987132,0.09847689361777157
93.2975167511031,0.09847689361777157
93.30164898233488,0.09847689361777157
93.30578121356666,0.09585084312129766
93.30991344479844,0.09585084312129766
93.31404567603022,0.09585084312129766
93.318177907262,0.09585084312129766
93.32231013849378,0.09585084312129766
93.32644236972556,0.09585084312129766
93.33057460095733,0.09716386836953461
93.33470683218911,0.09847689361777157
93.33883906342089,0.09716386836953461
93.34297129465267,0.09716386836953461
93.34710352588445,0.09716386836953461
93.35123575711623,0.09716386836953461
93.35536798834801,0.09716386836953461
93.35950021957979,0.09716386836953461
93.36363245081156,0.09585084312129766
93.36776468204334,0.09716386836953461
93.37189691327512,0.09716386836953461
93.3760291445069,0.09716386836953461
93.38016137573868,0.09585084312129766
93.38429360697046,0.09585084312129766
93.38842583820224,0.09716386836953461
93.39255806943402,0.09716386836953461
93.3966903006658,0.09585084312129766
93.40082253189757,0.09585084312129766
93.40495476312935,0.09585084312129766
93.40908699436113,0.09585084312129766
93.41321922559291,0.09585084312129766
93.41735145682469,0.09585084312129766
93.42148368805647,0.09716386836953461
93.42561591928825,0.09585084312129766
93.42974815052003,0.09585084312129766
93.4338803817518,0.09847689361777157
93.43801261298358,0.09716386836953461
93.44214484421536,0.09716386836953461
93.44627707544714,0.09585084312129766
93.45040930667892,0.09585084312129766
93.4545415379107,0.09585084312129766
93.45867376914248,0.09585084312129766
93.46280600037426,0.09585084312129766
93.46693823160604,0.09585084312129766
93.47107046283782,0.09847689361777157
93.4752026940696,0.09585084312129766
93.47933492530137,0.09847689361777157
93.48346715653315,0.09716386836953461
93.48759938776493,0.09585084312129766
93.49173161899671,0.0945378178730607
93.49586385022849,0.09585084312129766
93.49999608146027,0.09585084312129766
93.50412831269205,0.09585084312129766
93.50826054392383,0.0945378178730607
93.5123927751556,0.09716386836953461
93.51652500638738,0.09585084312129766
93.52065723761916,0.09585084312129766
93.52478946885094,0.0945378178730607
93.52892170008272,0.0945378178730607
93.5330539313145,0.09585084312129766
93.53718616254628,0.09585084312129766
93.54131839377806,0.09716386836953461
93.54545062500983,0.09716386836953461
93.54958285624161,0.09585084312129766
93.55371508747339,0.09585084312129766
93.55784731870517,0.0945378178730607
93.56197954993695,0.09585084312129766
93.56611178116873,0.09585084312129766
93.57024401240051,0.09716386836953461
93.57437624363229,0.09585084312129766
93.57850847486407,0.09716386836953461
93.58264070609584,0.09585084312129766
93.58677293732762,0.09322479262482375
93.5909051685594,0.0945378178730607
93.59503739979118,0.09585084312129766
93.59916963102296,0.0945378178730607
93.60330186225474,0.09585084312129766
93.60743409348652,0.09585084312129766
93.6115663247183,0.09716386836953461
93.61569855595008,0.09585084312129766
93.61983078718185,0.09585084312129766
93.62396301841363,0.0945378178730607
93.62809524964541,0.09585084312129766
93.63222748087719,0.09322479262482375
93.63635971210897,0.0945378178730607
93.64049194334075,0.09585084312129766
93.64462417457253,0.09585084312129766
93.6487564058043,0.09716386836953461
93.65288863703609,0.09585084312129766
93.65702086826786,0.0945378178730607
93.66115309949964,0.09322479262482375
93.66528533073142,0.0945378178730607
93.6694175619632,0.09585084312129766
93.67354979319498,0.0945378178730607
93.67768202442676,0.09585084312129766
93.68181425565854,0.09716386836953461
93.68594648689032,0.09322479262482375
93.6900787181221,0.0945378178730607
93.69421094935387,0.09585084312129766
93.69834318058565,0.0945378178730607
93.70247541181743,0.09585084312129766
93.70660764304921,0.09585084312129766
93.71073987428099,0.09585084312129766
93.71487210551277,0.09585084312129766
93.71900433674455,0.0945378178730607
93.72313656797633,0.0945378178730607
93.7272687992081,0.0945378178730607
93.73140103043988,0.09585084312129766
93.73553326167166,0.0945378178730607
93.73966549290344,0.09585084312129766
93.74379772413522,0.09585084312129766
93.747929955367,0.09585084312129766
93.75206218659878,0.09585084312129766
93.75619441783056,0.09585084312129766
93.76032664906234,0.09585084312129766
93.76445888029411,0.09716386836953461
93.7685911115259,0.0945378178730607
93.77272334275767,0.0945378178730607
93.77685557398945,0.09585084312129766
93.78098780522123,0.09585084312129766
93.78512003645301,0.09716386836953461
93.78925226768479,0.09585084312129766
93.79338449891657,0.0945378178730607
93.79751673014835,0.0945378178730607
93.80164896138012,0.0945378178730607
93.8057811926119,0.09322479262482375
93.80991342384368,0.09585084312129766
93.81404565507546,0.0945378178730607
93.81817788630724,0.09585084312129766
93.82231011753902,0.09585084312129766
93.8264423487708,0.09585084312129766
93.83057458000258,0.09585084312129766
93.83470681123435,0.09585084312129766
93.83883904246613,0.09716386836953461
93.84297127369791,0.09847689361777157
93.84710350492969,0.09716386836953461
93.85123573616147,0.09716386836953461
93.85536796739325,0.09585084312129766
93.85950019862503,0.09585084312129766
93.8636324298568,0.0945378178730607
93.86776466108859,0.0945378178730607
93.87189689232036,0.09585084312129766
93.87602912355214,0.09585084312129766
93.88016135478392,0.0945378178730607
93.8842935860157,0.09585084312129766
93.88842581724748,0.09585084312129766
93.89255804847926,0.09716386836953461
93.89669027971104,0.09716386836953461
93.90082251094282,0.09585084312129766
93.9049547421746,0.09585084312129766
93.90908697340637,0.0945378178730607
93.91321920463815,0.0945378178730607
93.91735143586993,0.09585084312129766
93.92148366710171,0.09585084312129766
93.92561589833349,0.0945378178730607
93.92974812956527,0.09585084312129766
93.93388036079705,0.0945378178730607
93.93801259202883,0.09585084312129766
93.9421448232606,0.09585084312129766
93.94627705449238,0.0945378178730607
93.95040928572416,0.0945378178730607
93.95454151695594,0.0945378178730607
93.95867374818772,0.0945378178730607
93.9628059794195,0.09716386836953461
93.96693821065128,0.09585084312129766
93.97107044188306,0.0945378178730607
93.97520267311484,0.09716386836953461
93.97933490434662,0.0945378178730607
93.9834671355784,0.09716386836953461
93.98759936681017,0.09716386836953461
93.99173159804195,0.09585084312129766
93.99586382927373,0.09716386836953461
93.99999606050551,0.09585084312129766
94.00412829173729,0.0945378178730607
94.00826052296907,0.09716386836953461
94.01239275420085,0.09585084312129766
94.01652498543262,0.0945378178730607
94.0206572166644,0.09585084312129766
94.02478944789618,0.0945378178730607
94.02892167912796,0.0945378178730607
94.03305391035974,0.09716386836953461
94.03718614159152,0.09585084312129766
94.0413183728233,0.09585084312129766
94.04545060405508,0.09585084312129766
94.04958283528686,0.09585084312129766
94.05371506651863,0.09585084312129766
94.05784729775041,0.09585084312129766
94.06197952898219,0.0945378178730607
94.06611176021397,0.0945378178730607
94.07024399144575,0.09716386836953461
94.07437622267753,0.09585084312129766
94.07850845390931,0.0945378178730607
94.08264068514109,0.09716386836953461
94.08677291637287,0.09585084312129766
94.09090514760464,0.09585084312129766
94.09503737883642,0.09585084312129766
94.0991696100682,0.09585084312129766
94.10330184129998,0.09585084312129766
94.10743407253176,0.09716386836953461
94.11156630376354,0.09716386836953461
94.11569853499532,0.09585084312129766
94.1198307662271,0.09716386836953461
94.12396299745888,0.09585084312129766
94.12809522869065,0.09716386836953461
94.13222745992243,0.09847689361777157
94.13635969115421,0.09716386836953461
94.14049192238599,0.09716386836953461
94.14462415361777,0.09585084312129766
94.14875638484955,0.0945378178730607
94.15288861608133,0.09585084312129766
94.1570208473131,0.09585084312129766
94.16115307854488,0.09585084312129766
94.16528530977666,0.09716386836953461
94.16941754100844,0.09716386836953461
94.17354977224022,0.09716386836953461
94.177682003472,0.09716386836953461
94.18181423470378,0.0945378178730607
94.18594646593556,0.09585084312129766
94.19007869716734,0.09585084312129766
94.19421092839912,0.09716386836953461
94.1983431596309,0.09585084312129766
94.20247539086267,0.09716386836953461
94.20660762209445,0.09585084312129766
94.21073985332623,0.09847689361777157
94.21487208455801,0.09716386836953461
94.21900431578979,0.09585084312129766
94.22313654702157,0.09585084312129766
94.22726877825335,0.09585084312129766
94.23140100948513,0.09585084312129766
94.2355332407169,0.09716386836953461
94.23966547194868,0.09716386836953461
94.24379770318046,0.09716386836953461
94.24792993441224,0.09716386836953461
94.25206216564402,0.09716386836953461
94.2561943968758,0.09847689361777157
94.26032662810758,0.09716386836953461
94.26445885933936,0.09585084312129766
94.26859109057114,0.09716386836953461
94.27272332180291,0.09585084312129766
94.2768555530347,0.09716386836953461
94.28098778426647,0.09585084312129766
94.28512001549825,0.09585084312129766
94.28925224673003,0.09585084312129766
94.29338447796181,0.09585084312129766
94.29751670919359,0.09585084312129766
94.30164894042537,0.09847689361777157
94.30578117165715,0.09847689361777157
94.30991340288892,0.09847689361777157
94.3140456341207,0.09716386836953461
94.31817786535248,0.09716386836953461
94.32231009658426,0.09716386836953461
94.32644232781604,0.09716386836953461
94.33057455904782,0.09716386836953461
94.3347067902796,0.09585084312129766
94.33883902151138,0.09716386836953461
94.34297125274315,0.09716386836953461
94.34710348397493,0.09716386836953461
94.35123571520671,0.09716386836953461
94.35536794643849,0.0945378178730607
94.35950017767027,0.09585084312129766
94.36363240890205,0.0945378178730607
94.36776464013383,0.0945378178730607
94.3718968713656,0.09716386836953461
94.37602910259739,0.09716386836953461
94.38016133382916,0.09716386836953461
94.38429356506094,0.09716386836953461
94.38842579629272,0.09978991886600852
94.3925580275245,0.09847689361777157
94.39669025875628,0.09716386836953461
94.40082248998806,0.09585084312129766
94.40495472121984,0.09585084312129766
94.40908695245162,0.09716386836953461
94.4132191836834,0.09585084312129766
94.41735141491517,0.09716386836953461
94.42148364614695,0.09716386836953461
94.42561587737873,0.09716386836953461
94.42974810861051,0.09716386836953461
94.43388033984229,0.09716386836953461
94.43801257107407,0.09585084312129766
94.44214480230585,0.09716386836953461
94.44627703353763,0.09716386836953461
94.4504092647694,0.09847689361777157
94.45454149600118,0.09716386836953461
94.45867372723296,0.09716386836953461
94.46280595846474,0.09716386836953461
94.46693818969652,0.09847689361777157
94.4710704209283,0.09847689361777157
94.47520265216008,0.0945378178730607
94.47933488339186,0.09847689361777157
94.48346711462364,0.09716386836953461
94.48759934585541,0.09716386836953461
94.4917315770872,0.09847689361777157
94.49586380831897,0.09847689361777157
94.49999603955075,0.09716386836953461
94.50412827078253,0.09716386836953461
94.50826050201431,0.09716386836953461
94.51239273324609,0.09585084312129766
94.51652496447787,0.09716386836953461
94.52065719570965,0.09847689361777157
94.52478942694142,0.09847689361777157
94.5289216581732,0.09585084312129766
94.53305388940498,0.09716386836953461
94.53718612063676,0.09716386836953461
94.54131835186854,0.09585084312129766
94.54545058310032,0.09585084312129766
94.5495828143321,0.09716386836953461
94.55371504556388,0.09716386836953461
94.55784727679566,0.09716386836953461
94.56197950802743,0.09716386836953461
94.56611173925921,0.09847689361777157
94.57024397049099,0.09716386836953461
94.57437620172277,0.09716386836953461
94.57850843295455,0.09585084312129766
94.58264066418633,0.09716386836953461
94.58677289541811,0.09847689361777157
94.59090512664989,0.09716386836953461
94.59503735788167,0.09847689361777157
94.59916958911344,0.09585084312129766
94.60330182034522,0.09716386836953461
94.607434051577,0.09585084312129766
94.61156628280878,0.09716386836953461
94.61569851404056,0.09847689361777157
94.61983074527234,0.09847689361777157
94.62396297650412,0.09847689361777157
94.6280952077359,0.09716386836953461
94.63222743896767,0.09585084312129766
94.63635967019945,0.09585084312129766
94.64049190143123,0.09585084312129766
94.64462413266301,0.09585084312129766
94.64875636389479,0.09716386836953461
94.65288859512657,0.09847689361777157
94.65702082635835,0.09716386836953461
94.66115305759013,0.09847689361777157
94.6652852888219,0.09978991886600852
94.66941752005368,0.09585084312129766
94.67354975128546,0.09847689361777157
94.67768198251724,0.09585084312129766
94.68181421374902,0.09716386836953461
94.6859464449808,0.09716386836953461
94.69007867621258,0.09585084312129766
94.69421090744436,0.09716386836953461
94.69834313867614,0.09585084312129766
94.70247536990792,0.09716386836953461
94.7066076011397,0.09978991886600852
94.71073983237147,0.09716386836953461
94.71487206360325,0.09716386836953461
94.71900429483503,0.09585084312129766
94.72313652606681,0.09585084312129766
94.72726875729859,0.09847689361777157
94.73140098853037,0.09716386836953461
94.73553321976215,0.09716386836953461
94.73966545099393,0.09716386836953461
94.7437976822257,0.09716386836953461
94.74792991345748,0.09716386836953461
94.75206214468926,0.09716386836953461
94.75619437592104,0.09585084312129766
94.76032660715282,0.09716386836953461
94.7644588383846,0.09716386836953461
94.76859106961638,0.09716386836953461
94.77272330084816,0.09716386836953461
94.77685553207994,0.09716386836953461
94.78098776331171,0.09847689361777157
94.78511999454349,0.09716386836953461
94.78925222577527,0.09585084312129766
94.79338445700705,0.09716386836953461
94.79751668823883,0.09847689361777157
94.80164891947061,0.09716386836953461
94.80578115070239,0.09978991886600852
94.80991338193417,0.09716386836953461
94.81404561316594,0.09716386836953461
94.81817784439772,0.09716386836953461
94.8223100756295,0.09716386836953461
94.82644230686128,0.09585084312129766
94.83057453809306,0.09716386836953461
94.83470676932484,0.09716386836953461
94.83883900055662,0.09716386836953461
94.8429712317884,0.09716386836953461
94.84710346302018,0.09716386836953461
94.85123569425195,0.09716386836953461
94.85536792548373,0.09716386836953461
94.85950015671551,0.09585084312129766
94.86363238794729,0.09716386836953461
94.86776461917907,0.09847689361777157
94.87189685041085,0.09847689361777157
94.87602908164263,0.09847689361777157
94.8801613128744,0.09847689361777157
94.88429354410619,0.09716386836953461
94.88842577533796,0.09847689361777157
94.89255800656974,0.09716386836953461
94.89669023780152,0.09585084312129766
94.9008224690333,0.09716386836953461
94.90495470026508,0.09716386836953461
94.90908693149686,0.09716386836953461
94.91321916272864,0.09847689361777157
94.91735139396042,0.09585084312129766
94.9214836251922,0.09716386836953461
94.92561585642397,0.09585084312129766
94.92974808765575,0.09585084312129766
94.93388031888753,0.09716386836953461
94.93801255011931,0.09847689361777157
94.94214478135109,0.09847689361777157
94.94627701258287,0.09847689361777157
94.95040924381465,0.09847689361777157
94.95454147504643,0.09716386836953461
94.9586737062782,0.09716386836953461
94.96280593750998,0.09585084312129766
94.96693816874176,0.09585084312129766
94.97107039997354,0.09716386836953461
94.97520263120532,0.09847689361777157
94.9793348624371,0.09847689361777157
94.98346709366888,0.09847689361777157
94.98759932490066,0.09585084312129766
94.99173155613244,0.0945378178730607
94.99586378736421,0.09585084312129766
94.999996018596,0.09716386836953461
95.00412824982777,0.09847689361777157
95.00826048105955,0.09716386836953461
95.01239271229133,0.09716386836953461
95.01652494352311,0.09716386836953461
95.02065717475489,0.09847689361777157
95.02478940598667,0.09716386836953461
95.02892163721845,0.09716386836953461
95.03305386845022,0.09716386836953461
95.037186099682,0.09716386836953461
95.04131833091378,0.09847689361777157
95.04545056214556,0.09847689361777157
95.04958279337734,0.09716386836953461
95.05371502460912,0.09716386836953461
95.0578472558409,0.09716386836953461
95.06197948707268,0.09716386836953461
95.06611171830446,0.09716386836953461
95.07024394953623,0.09716386836953461
95.07437618076801,0.09716386836953461
95.07850841199979,0.09716386836953461
95.08264064323157,0.09716386836953461
95.08677287446335,0.09585084312129766
95.09090510569513,0.09716386836953461
95.09503733692691,0.09585084312129766
95.09916956815869,0.09716386836953461
95.10330179939047,0.09585084312129766
95.10743403062224,0.09716386836953461
95.11156626185402,0.09716386836953461
95.1156984930858,0.09585084312129766
95.11983072431758,0.09716386836953461
95.12396295554936,0.09716386836953461
95.12809518678114,0.09585084312129766
95.13222741801292,0.09585084312129766
95.1363596492447,0.09716386836953461
95.14049188047647,0.09847689361777157
95.14462411170825,0.09716386836953461
95.14875634294003,0.09847689361777157
95.15288857417181,0.09716386836953461
95.15702080540359,0.09585084312129766
95.16115303663537,0.09716386836953461
95.16528526786715,0.09585084312129766
95.16941749909893,0.09585084312129766
95.1735497303307,0.09716386836953461
95.17768196156248,0.09847689361777157
95.18181419279426,0.09585084312129766
95.18594642402604,0.0945378178730607
95.19007865525782,0.09585084312129766
95.1942108864896,0.09585084312129766
95.19834311772138,0.09585084312129766
95.20247534895316,0.09716386836953461
95.20660758018494,0.09716386836953461
95.21073981141672,0.09847689361777157
95.2148720426485,0.09716386836953461
95.21900427388027,0.09585084312129766
95.22313650511205,0.0945378178730607
95.22726873634383,0.09585084312129766
95.23140096757561,0.09585084312129766
95.23553319880739,0.09716386836953461
95.23966543003917,0.09585084312129766
95.24379766127095,0.09716386836953461
95.24792989250273,0.09716386836953461
95.2520621237345,0.09585084312129766
95.25619435496628,0.09716386836953461
95.26032658619806,0.0945378178730607
95.26445881742984,0.0945378178730607
95.26859104866162,0.09585084312129766
95.2727232798934,0.09716386836953461
95.27685551112518,0.09716386836953461
95.28098774235696,0.09716386836953461
95.28511997358873,0.0945378178730607
95.28925220482051,0.09585084312129766
95.29338443605229,0.09585084312129766
95.29751666728407,0.09585084312129766
95.30164889851585,0.09585084312129766
95.30578112974763,0.09716386836953461
95.30991336097941,0.09585084312129766
95.31404559221119,0.09716386836953461
95.31817782344297,0.09585084312129766
95.32231005467474,0.09716386836953461
95.32644228590652,0.09585084312129766
95.3305745171383,0.09585084312129766
95.33470674837008,0.09585084312129766
95.33883897960186,0.09585084312129766
95.34297121083364,0.09585084312129766
95.34710344206542,0.09716386836953461
95.3512356732972,0.09716386836953461
95.35536790452898,0.09716386836953461
95.35950013576075,0.09585084312129766
95.36363236699253,0.09585084312129766
95.36776459822431,0.09716386836953461
95.37189682945609,0.09585084312129766
95.37602906068787,0.09585084312129766
95.38016129191965,0.09585084312129766
95.38429352315143,0.09322479262482375
95.3884257543832,0.09716386836953461
95.39255798561499,0.09716386836953461
95.39669021684676,0.09716386836953461
95.40082244807854,0.09585084312129766
95.40495467931032,0.09585084312129766
95.4090869105421,0.09585084312129766
95.41321914177388,0.09585084312129766
95.41735137300566,0.09585084312129766
95.42148360423744,0.09716386836953461
95.42561583546922,0.09716386836953461
95.429748066701,0.09716386836953461
95.43388029793277,0.09585084312129766
95.43801252916455,0.09716386836953461
95.44214476039633,0.09585084312129766
95.44627699162811,0.09716386836953461
95.45040922285989,0.09716386836953461
95.45454145409167,0.09585084312129766
95.45867368532345,0.09585084312129766
95.46280591655523,0.09716386836953461
95.466938147787,0.09585084312129766
95.47107037901878,0.09716386836953461
95.47520261025056,0.09585084312129766
95.47933484148234,0.09585084312129766
95.48346707271412,0.09585084312129766
95.4875993039459,0.09716386836953461
95.49173153517768,0.09716386836953461
95.49586376640946,0.09716386836953461
95.49999599764124,0.09847689361777157
95.50412822887301,0.0945378178730607
95.5082604601048,0.0945378178730607
95.51239269133657,0.09585084312129766
95.51652492256835,0.09585084312129766
95.52065715380013,0.0945378178730607
95.52478938503191,0.09716386836953461
95.52892161626369,0.09585084312129766
95.53305384749547,0.09585084312129766
95.53718607872725,0.09585084312129766
95.54131830995902,0.0945378178730607
95.5454505411908,0.09716386836953461
95.54958277242258,0.09585084312129766
95.55371500365436,0.09716386836953461
95.55784723488614,0.09716386836953461
95.56197946611792,0.09716386836953461
95.5661116973497,0.09585084312129766
95.57024392858148,0.09585084312129766
95.57437615981326,0.09585084312129766
95.57850839104503,0.09585084312129766
95.58264062227681,0.09585084312129766
95.58677285350859,0.09585084312129766
95.59090508474037,0.09847689361777157
95.59503731597215,0.09716386836953461
95.59916954720393,0.09585084312129766
95.6033017784357,0.09585084312129766
95.60743400966749,0.09585084312129766
95.61156624089926,0.09585084312129766
95.61569847213104,0.09585084312129766
95.61983070336282,0.09716386836953461
95.6239629345946,0.09716386836953461
95.62809516582638,0.09716386836953461
95.63222739705816,0.09716386836953461
95.63635962828994,0.09716386836953461
95.64049185952172,0.0945378178730607
95.6446240907535,0.09585084312129766
95.64875632198527,0.09585084312129766
95.65288855321705,0.09585084312129766
95.65702078444883,0.09585084312129766
95.66115301568061,0.09585084312129766
95.66528524691239,0.09585084312129766
95.66941747814417,0.09585084312129766
95.67354970937595,0.0945378178730607
95.67768194060773,0.09585084312129766
95.6818141718395,0.0945378178730607
95.68594640307128,0.09716386836953461
95.69007863430306,0.09585084312129766
95.69421086553484,0.09716386836953461
95.69834309676662,0.09847689361777157
95.7024753279984,0.09716386836953461
95.70660755923018,0.09716386836953461
95.71073979046196,0.09716386836953461
95.71487202169374,0.09585084312129766
95.71900425292552,0.09585084312129766
95.7231364841573,0.09585084312129766
95.72726871538907,0.09716386836953461
95.73140094662085,0.09716386836953461
95.73553317785263,0.09585084312129766
95.73966540908441,0.09585084312129766
95.74379764031619,0.09585084312129766
95.74792987154797,0.09585084312129766
95.75206210277975,0.0945378178730607
95.75619433401152,0.09585084312129766
95.7603265652433,0.09585084312129766
95.76445879647508,0.09716386836953461
95.76859102770686,0.09716386836953461
95.77272325893864,0.09716386836953461
95.77685549017042,0.09716386836953461
95.7809877214022,0.09716386836953461
95.78511995263398,0.09585084312129766
95.78925218386576,0.09585084312129766
95.79338441509753,0.09585084312129766
95.79751664632931,0.09716386836953461
95.80164887756109,0.09716386836953461
95.80578110879287,0.09585084312129766
95.80991334002465,0.09716386836953461
95.81404557125643,0.09585084312129766
95.81817780248821,0.09585084312129766
95.82231003371999,0.09585084312129766
95.82644226495177,0.09585084312129766
95.83057449618354,0.0945378178730607
95.83470672741532,0.09585084312129766
95.8388389586471,0.09716386836953461
95.84297118987888,0.09585084312129766
95.84710342111066,0.09585084312129766
95.85123565234244,0.09585084312129766
95.85536788357422,0.0945378178730607
95.859500114806,0.09322479262482375
95.86363234603778,0.0945378178730607
95.86776457726955,0.09585084312129766
95.87189680850133,0.09585084312129766
95.87602903973311,0.09585084312129766
95.88016127096489,0.09585084312129766
95.88429350219667,0.09716386836953461
95.88842573342845,0.09716386836953461
95.89255796466023,0.0945378178730607
95.896690195892,0.09716386836953461
95.90082242712379,0.09585084312129766
95.90495465835556,0.09585084312129766
95.90908688958734,0.09716386836953461
95.91321912081912,0.09585084312129766
95.9173513520509,0.09585084312129766
95.92148358328268,0.0945378178730607
95.92561581451446,0.09585084312129766
95.92974804574624,0.09585084312129766
95.93388027697802,0.09716386836953461
95.9380125082098,0.09585084312129766
95.94214473944157,0.09585084312129766
95.94627697067335,0.09716386836953461
95.95040920190513,0.09585084312129766
95.95454143313691,0.09716386836953461
95.95867366436869,0.09585084312129766
95.96280589560047,0.09716386836953461
95.96693812683225,0.0945378178730607
95.97107035806403,0.09716386836953461
95.9752025892958,0.09716386836953461
95.97933482052758,0.09585084312129766
95.98346705175936,0.09716386836953461
95.98759928299114,0.09716386836953461
95.99173151422292,0.09585084312129766
95.9958637454547,0.09322479262482375
95.99999597668648,0.0945378178730607
96.00412820791826,0.0945378178730607
96.00826043915004,0.09585084312129766
96.01239267038181,0.09716386836953461
96.0165249016136,0.09585084312129766
96.02065713284537,0.09716386836953461
96.02478936407715,0.09585084312129766
96.02892159530893,0.09585084312129766
96.03305382654071,0.09585084312129766
96.03718605777249,0.0945378178730607
96.04131828900427,0.09585084312129766
96.04545052023605,0.09585084312129766
96.04958275146782,0.09585084312129766
96.0537149826996,0.09585084312129766
96.05784721393138,0.09585084312129766
96.06197944516316,0.0945378178730607
96.06611167639494,0.09585084312129766
96.07024390762672,0.09585084312129766
96.0743761388585,0.09585084312129766
96.07850837009028,0.09716386836953461
96.08264060132205,0.09585084312129766
96.08677283255383,0.09716386836953461
96.09090506378561,0.0945378178730607
96.09503729501739,0.09716386836953461
96.09916952624917,0.09716386836953461
96.10330175748095,0.09585084312129766
96.10743398871273,0.09585084312129766
96.1115662199445,0.09585084312129766
96.11569845117629,0.09716386836953461
96.11983068240806,0.09585084312129766
96.12396291363984,0.09716386836953461
96.12809514487162,0.09716386836953461
96.1322273761034,0.09585084312129766
96.13635960733518,0.09716386836953461
96.14049183856696,0.09716386836953461
96.14462406979874,0.0945378178730607
96.14875630103052,0.09716386836953461
96.1528885322623,0.09585084312129766
96.15702076349407,0.09585084312129766
96.16115299472585,0.09716386836953461
96.16528522595763,0.09585084312129766
96.16941745718941,0.09716386836953461
96.17354968842119,0.09585084312129766
96.17768191965297,0.09585084312129766
96.18181415088475,0.09716386836953461
96.18594638211653,0.09716386836953461
96.1900786133483,0.09585084312129766
96.19421084458008,0.09716386836953461
96.19834307581186,0.09585084312129766
96.20247530704364,0.0945378178730607
96.20660753827542,0.0945378178730607
96.2107397695072,0.09585084312129766
96.21487200073898,0.09585084312129766
96.21900423197076,0.09716386836953461
96.22313646320254,0.09716386836953461
96.22726869443431,0.09585084312129766
96.2314009256661,0.09585084312129766
96.23553315689787,0.09847689361777157
96.23966538812965,0.09716386836953461
96.24379761936143,0.09585084312129766
96.24792985059321,0.09585084312129766
96.25206208182499,0.09585084312129766
96.25619431305677,0.09585084312129766
96.26032654428855,0.09716386836953461
96.26445877552032,0.09847689361777157
96.2685910067521,0.09716386836953461
96.27272323798388,0.09585084312129766
96.27685546921566,0.09585084312129766
96.28098770044744,0.09716386836953461
96.28511993167922,0.09585084312129766
96.289252162911,0.09716386836953461
96.29338439414278,0.09716386836953461
96.29751662537456,0.09585084312129766
96.30164885660633,0.09585084312129766
96.30578108783811,0.09716386836953461
96.30991331906989,0.09585084312129766
96.31404555030167,0.09716386836953461
96.31817778153345,0.09716386836953461
96.32231001276523,0.09585084312129766
96.32644224399701,0.09585084312129766
96.33057447522879,0.09585084312129766
96.33470670646057,0.09716386836953461
96.33883893769234,0.09716386836953461
96.34297116892412,0.09716386836953461
96.3471034001559,0.09716386836953461
96.35123563138768,0.09585084312129766
96.35536786261946,0.09585084312129766
96.35950009385124,0.09716386836953461
96.36363232508302,0.09716386836953461
96.3677645563148,0.09716386836953461
96.37189678754658,0.09716386836953461
96.37602901877835,0.09716386836953461
96.38016125001013,0.09716386836953461
96.38429348124191,0.09716386836953461
96.38842571247369,0.09716386836953461
96.39255794370547,0.09716386836953461
96.39669017493725,0.09716386836953461
96.40082240616903,0.09847689361777157
96.4049546374008,0.09716386836953461
96.40908686863258,0.09716386836953461
96.41321909986436,0.09585084312129766
96.41735133109614,0.09585084312129766
96.42148356232792,0.09585084312129766
96.4256157935597,0.09585084312129766
96.42974802479148,0.09585084312129766
96.43388025602326,0.09716386836953461
96.43801248725504,0.09716386836953461
96.44214471848682,0.09847689361777157
96.4462769497186,0.09847689361777157
96.45040918095037,0.09585084312129766
96.45454141218215,0.09716386836953461
96.45867364341393,0.09585084312129766
96.46280587464571,0.09716386836953461
96.46693810587749,0.09716386836953461
96.47107033710927,0.09585084312129766
96.47520256834105,0.09847689361777157
96.47933479957283,0.09716386836953461
96.4834670308046,0.09716386836953461
96.48759926203638,0.09585084312129766
96.49173149326816,0.09716386836953461
96.49586372449994,0.09716386836953461
96.49999595573172,0.09716386836953461
96.5041281869635,0.09585084312129766
96.50826041819528,0.09585084312129766
96.51239264942706,0.09585084312129766
96.51652488065884,0.09716386836953461
96.52065711189061,0.09716386836953461
96.52478934312239,0.09847689361777157
96.52892157435417,0.09847689361777157
96.53305380558595,0.09585084312129766
96.53718603681773,0.09585084312129766
96.54131826804951,0.09585084312129766
96.54545049928129,0.09716386836953461
96.54958273051307,0.09716386836953461
96.55371496174484,0.09716386836953461
96.55784719297662,0.09716386836953461
96.5619794242084,0.09716386836953461
96.56611165544018,0.09585084312129766
96.57024388667196,0.09585084312129766
96.57437611790374,0.09716386836953461
96.57850834913552,0.09716386836953461
96.5826405803673,0.09847689361777157
96.58677281159908,0.09716386836953461
96.59090504283085,0.09716386836953461
96.59503727406263,0.09716386836953461
96.59916950529441,0.09716386836953461
96.60330173652619,0.09716386836953461
96.60743396775797,0.09585084312129766
96.61156619898975,0.09585084312129766
96.61569843022153,0.0945378178730607
96.6198306614533,0.0945378178730607
96.62396289268509,0.0945378178730607
96.62809512391686,0.09585084312129766
96.63222735514864,0.09585084312129766
96.63635958638042,0.09716386836953461
96.6404918176122,0.09585084312129766
96.64462404884398,0.09716386836953461
96.64875628007576,0.09585084312129766
96.65288851130754,0.09585084312129766
96.65702074253932,0.09585084312129766
96.6611529737711,0.09716386836953461
96.66528520500287,0.09585084312129766
96.66941743623465,0.09716386836953461
96.67354966746643,0.09716386836953461
96.67768189869821,0.09585084312129766
96.68181412992999,0.0945378178730607
96.68594636116177,0.09585084312129766
96.69007859239355,0.09716386836953461
96.69421082362533,0.09585084312129766
96.6983430548571,0.09716386836953461
96.70247528608888,0.09716386836953461
96.70660751732066,0.09716386836953461
96.71073974855244,0.09585084312129766
96.71487197978422,0.09847689361777157
96.719004211016,0.09585084312129766
96.72313644224778,0.09585084312129766
96.72726867347956,0.09716386836953461
96.73140090471134,0.09847689361777157
96.73553313594311,0.09716386836953461
96.7396653671749,0.09716386836953461
96.74379759840667,0.09716386836953461
96.74792982963845,0.09585084312129766
96.75206206087023,0.09716386836953461
96.75619429210201,0.0945378178730607
96.76032652333379,0.09585084312129766
96.76445875456557,0.09716386836953461
96.76859098579735,0.0945378178730607
96.77272321702912,0.09585084312129766
96.7768554482609,0.09716386836953461
96.78098767949268,0.09585084312129766
96.78511991072446,0.09716386836953461
96.78925214195624,0.09716386836953461
96.79338437318802,0.09716386836953461
96.7975166044198,0.09585084312129766
96.80164883565158,0.09585084312129766
96.80578106688336,0.09716386836953461
96.80991329811513,0.09716386836953461
96.81404552934691,0.09585084312129766
96.81817776057869,0.09585084312129766
96.82230999181047,0.09585084312129766
96.82644222304225,0.09716386836953461
96.83057445427403,0.09585084312129766
96.83470668550581,0.09585084312129766
96.83883891673759,0.09716386836953461
96.84297114796937,0.09585084312129766
96.84710337920114,0.09716386836953461
96.85123561043292,0.09585084312129766
96.8553678416647,0.09716386836953461
96.85950007289648,0.09716386836953461
96.86363230412826,0.0945378178730607
96.86776453536004,0.09716386836953461
96.87189676659182,0.09847689361777157
96.8760289978236,0.09716386836953461
96.88016122905537,0.09847689361777157
96.88429346028715,0.09716386836953461
96.88842569151893,0.09716386836953461
96.89255792275071,0.09716386836953461
96.89669015398249,0.09585084312129766
96.90082238521427,0.0945378178730607
96.90495461644605,0.09585084312129766
96.90908684767783,0.09716386836953461
96.9132190789096,0.09716386836953461
96.91735131014138,0.09716386836953461
96.92148354137316,0.09585084312129766
96.92561577260494,0.09716386836953461
96.92974800383672,0.09716386836953461
96.9338802350685,0.09716386836953461
96.93801246630028,0.09716386836953461
96.94214469753206,0.09716386836953461
96.94627692876384,0.09716386836953461
96.95040915999562,0.09716386836953461
96.9545413912274,0.09716386836953461
96.95867362245917,0.09716386836953461
96.96280585369095,0.09716386836953461
96.96693808492273,0.09716386836953461
96.97107031615451,0.0945378178730607
96.97520254738629,0.09716386836953461
96.97933477861807,0.0945378178730607
96.98346700984985,0.09585084312129766
96.98759924108163,0.09847689361777157
96.9917314723134,0.09847689361777157
96.99586370354518,0.09716386836953461
96.99999593477696,0.09585084312129766
97.00412816600874,0.09716386836953461
97.00826039724052,0.09585084312129766
97.0123926284723,0.09716386836953461
97.01652485970408,0.09716386836953461
97.02065709093586,0.09716386836953461
97.02478932216763,0.09847689361777157
97.02892155339941,0.09716386836953461
97.03305378463119,0.09585084312129766
97.03718601586297,0.09585084312129766
97.04131824709475,0.09585084312129766
97.04545047832653,0.09716386836953461
97.04958270955831,0.09716386836953461
97.05371494079009,0.09716386836953461
97.05784717202187,0.09716386836953461
97.06197940325364,0.09716386836953461
97.06611163448542,0.09716386836953461
97.0702438657172,0.09716386836953461
97.07437609694898,0.09716386836953461
97.07850832818076,0.09716386836953461
97.08264055941254,0.09716386836953461
97.08677279064432,0.09716386836953461
97.0909050218761,0.09716386836953461
97.09503725310788,0.09585084312129766
97.09916948433965,0.09716386836953461
97.10330171557143,0.09585084312129766
97.10743394680321,0.09716386836953461
97.11156617803499,0.09585084312129766
97.11569840926677,0.09585084312129766
97.11983064049855,0.09716386836953461
97.12396287173033,0.09716386836953461
97.1280951029621,0.09716386836953461
97.13222733419389,0.09847689361777157
97.13635956542566,0.09716386836953461
97.14049179665744,0.09716386836953461
97.14462402788922,0.09716386836953461
97.148756259121,0.09716386836953461
97.15288849035278,0.09716386836953461
97.15702072158456,0.09716386836953461
97.16115295281634,0.09585084312129766
97.16528518404812,0.0945378178730607
97.1694174152799,0.09716386836953461
97.17354964651167,0.09585084312129766
97.17768187774345,0.09716386836953461
97.18181410897523,0.09585084312129766
97.18594634020701,0.09585084312129766
97.19007857143879,0.09716386836953461
97.19421080267057,0.09585084312129766
97.19834303390235,0.09585084312129766
97.20247526513413,0.09716386836953461
97.2066074963659,0.09716386836953461
97.21073972759768,0.09716386836953461
97.21487195882946,0.09847689361777157
97.21900419006124,0.09716386836953461
97.22313642129302,0.09585084312129766
97.2272686525248,0.09585084312129766
97.23140088375658,0.09716386836953461
97.23553311498836,0.09716386836953461
97.23966534622014,0.09716386836953461
97.24379757745191,0.09847689361777157
97.2479298086837,0.09716386836953461
97.25206203991547,0.09716386836953461
97.25619427114725,0.09716386836953461
97.26032650237903,0.09716386836953461
97.26445873361081,0.09716386836953461
97.26859096484259,0.09716386836953461
97.27272319607437,0.09716386836953461
97.27685542730615,0.09716386836953461
97.28098765853792,0.09716386836953461
97.2851198897697,0.09716386836953461
97.28925212100148,0.09716386836953461
97.29338435223326,0.09585084312129766
97.29751658346504,0.09716386836953461
97.30164881469682,0.09716386836953461
97.3057810459286,0.09585084312129766
97.30991327716038,0.09585084312129766
97.31404550839216,0.09585084312129766
97.31817773962393,0.09716386836953461
97.32230997085571,0.09716386836953461
97.32644220208749,0.09716386836953461
97.33057443331927,0.09716386836953461
97.33470666455105,0.09847689361777157
97.33883889578283,0.09716386836953461
97.34297112701461,0.09716386836953461
97.34710335824639,0.09716386836953461
97.35123558947816,0.09847689361777157
97.35536782070994,0.09716386836953461
97.35950005194172,0.09716386836953461
97.3636322831735,0.09716386836953461
97.36776451440528,0.09716386836953461
97.37189674563706,0.09716386836953461
97.37602897686884,0.09585084312129766
97.38016120810062,0.09716386836953461
97.3842934393324,0.09585084312129766
97.38842567056417,0.09847689361777157
97.39255790179595,0.09716386836953461
97.39669013302773,0.09716386836953461
97.40082236425951,0.09716386836953461
97.40495459549129,0.09585084312129766
97.40908682672307,0.09716386836953461
97.41321905795485,0.09716386836953461
97.41735128918663,0.09716386836953461
97.4214835204184,0.09847689361777157
97.42561575165018,0.09716386836953461
97.42974798288196,0.09978991886600852
97.43388021411374,0.09716386836953461
97.43801244534552,0.09847689361777157
97.4421446765773,0.09716386836953461
97.44627690780908,0.09716386836953461
97.45040913904086,0.09585084312129766
97.45454137027264,0.09716386836953461
97.45867360150442,0.09585084312129766
97.4628058327362,0.09585084312129766
97.46693806396797,0.09585084312129766
97.47107029519975,0.09585084312129766
97.47520252643153,0.09847689361777157
97.47933475766331,0.09716386836953461
97.48346698889509,0.09847689361777157
97.48759922012687,0.09716386836953461
97.49173145135865,0.09716386836953461
97.49586368259043,0.09716386836953461
97.4999959138222,0.09585084312129766
97.50412814505398,0.09716386836953461
97.50826037628576,0.09716386836953461
97.51239260751754,0.09716386836953461
97.51652483874932,0.09585084312129766
97.5206570699811,0.09716386836953461
97.52478930121288,0.09585084312129766
97.52892153244466,0.09716386836953461
97.53305376367643,0.09585084312129766
97.53718599490821,0.09847689361777157
97.54131822613999,0.09847689361777157
97.54545045737177,0.09716386836953461
97.54958268860355,0.09716386836953461
97.55371491983533,0.09585084312129766
97.55784715106711,0.09847689361777157
97.56197938229889,0.09716386836953461
97.56611161353067,0.09585084312129766
97.57024384476244,0.09716386836953461
97.57437607599422,0.09716386836953461
97.578508307226,0.09585084312129766
97.58264053845778,0.09585084312129766
97.58677276968956,0.09716386836953461
97.59090500092134,0.09716386836953461
97.59503723215312,0.09585084312129766
97.5991694633849,0.09585084312129766
97.60330169461668,0.09585084312129766
97.60743392584845,0.09847689361777157
97.61156615708023,0.09585084312129766
97.61569838831201,0.09716386836953461
97.61983061954379,0.09716386836953461
97.62396285077557,0.09716386836953461
97.62809508200735,0.09847689361777157
97.63222731323913,0.09585084312129766
97.6363595444709,0.09716386836953461
97.64049177570269,0.09716386836953461
97.64462400693446,0.09716386836953461
97.64875623816624,0.09716386836953461
97.65288846939802,0.09716386836953461
97.6570207006298,0.09585084312129766
97.66115293186158,0.09716386836953461
97.66528516309336,0.09716386836953461
97.66941739432514,0.09716386836953461
97.67354962555692,0.09585084312129766
97.6776818567887,0.09585084312129766
97.68181408802047,0.09716386836953461
97.68594631925225,0.09716386836953461
97.69007855048403,0.09716386836953461
97.69421078171581,0.09585084312129766
97.69834301294759,0.09585084312129766
97.70247524417937,0.09585084312129766
97.70660747541115,0.0945378178730607
97.71073970664293,0.09716386836953461
97.7148719378747,0.09716386836953461
97.71900416910648,0.09716386836953461
97.72313640033826,0.09716386836953461
97.72726863157004,0.09716386836953461
97.73140086280182,0.09716386836953461
97.7355330940336,0.09585084312129766
97.73966532526538,0.09585084312129766
97.74379755649716,0.09585084312129766
97.74792978772894,0.09585084312129766
97.75206201896071,0.09716386836953461
97.7561942501925,0.09585084312129766
97.76032648142427,0.09716386836953461
97.76445871265605,0.09716386836953461
97.76859094388783,0.09847689361777157
97.77272317511961,0.09716386836953461
97.77685540635139,0.09585084312129766
97.78098763758317,0.09585084312129766
97.78511986881495,0.09716386836953461
97.78925210004672,0.09716386836953461
97.7933843312785,0.09716386836953461
97.79751656251028,0.09716386836953461
97.80164879374206,0.09585084312129766
97.80578102497384,0.09716386836953461
97.80991325620562,0.09716386836953461
97.8140454874374,0.09585084312129766
97.81817771866918,0.09716386836953461
97.82230994990095,0.09716386836953461
97.82644218113273,0.09585084312129766
97.83057441236451,0.09716386836953461
97.83470664359629,0.09716386836953461
97.83883887482807,0.09585084312129766
97.84297110605985,0.09716386836953461
97.84710333729163,0.09847689361777157
97.8512355685234,0.09585084312129766
97.85536779975519,0.09585084312129766
97.85950003098696,0.09716386836953461
97.86363226221874,0.09585084312129766
97.86776449345052,0.09585084312129766
97.8718967246823,0.09585084312129766
97.87602895591408,0.09585084312129766
97.88016118714586,0.09716386836953461
97.88429341837764,0.09585084312129766
97.88842564960942,0.09716386836953461
97.8925578808412,0.09716386836953461
97.89669011207297,0.09847689361777157
97.90082234330475,0.09716386836953461
97.90495457453653,0.09716386836953461
97.90908680576831,0.09716386836953461
97.91321903700009,0.09716386836953461
97.91735126823187,0.09716386836953461
97.92148349946365,0.09585084312129766
97.92561573069543,0.09716386836953461
97.9297479619272,0.09585084312129766
97.93388019315898,0.0945378178730607
97.93801242439076,0.09716386836953461
97.94214465562254,0.09716386836953461
97.94627688685432,0.09585084312129766
97.9504091180861,0.09716386836953461
97.95454134931788,0.09716386836953461
97.95867358054966,0.09585084312129766
97.96280581178144,0.09716386836953461
97.96693804301322,0.09716386836953461
97.971070274245,0.09585084312129766
97.97520250547677,0.09716386836953461
97.97933473670855,0.09585084312129766
97.98346696794033,0.09716386836953461
97.98759919917211,0.09716386836953461
97.99173143040389,0.09716386836953461
97.99586366163567,0.09585084312129766
97.99999589286745,0.09585084312129766
98.00412812409922,0.09716386836953461
98.008260355331,0.0945378178730607
98.01239258656278,0.09585084312129766
98.01652481779456,0.09585084312129766
98.02065704902634,0.09585084312129766
98.02478928025812,0.09716386836953461
98.0289215114899,0.09716386836953461
98.03305374272168,0.09716386836953461
98.03718597395346,0.09716386836953461
98.04131820518523,0.09716386836953461
98.04545043641701,0.09716386836953461
98.04958266764879,0.09847689361777157
98.05371489888057,0.09585084312129766
98.05784713011235,0.09716386836953461
98.06197936134413,0.09585084312129766
98.06611159257591,0.09585084312129766
98.07024382380769,0.09716386836953461
98.07437605503947,0.09847689361777157
98.07850828627124,0.09716386836953461
98.08264051750302,0.09585084312129766
98.0867727487348,0.09716386836953461
98.09090497996658,0.09716386836953461
98.09503721119836,0.09585084312129766
98.09916944243014,0.09716386836953461
98.10330167366192,0.09847689361777157
98.1074339048937,0.09716386836953461
98.11156613612548,0.09716386836953461
98.11569836735725,0.09716386836953461
98.11983059858903,0.0945378178730607
98.12396282982081,0.09716386836953461
98.12809506105259,0.09716386836953461
98.13222729228437,0.09716386836953461
98.13635952351615,0.09716386836953461
98.14049175474793,0.09716386836953461
98.1446239859797,0.09585084312129766
98.14875621721148,0.09716386836953461
98.15288844844326,0.09847689361777157
98.15702067967504,0.09716386836953461
98.16115291090682,0.09585084312129766
98.1652851421386,0.09716386836953461
98.16941737337038,0.09716386836953461
98.17354960460216,0.09716386836953461
98.17768183583394,0.09847689361777157
98.18181406706572,0.09716386836953461
98.1859462982975,0.09716386836953461
98.19007852952927,0.09716386836953461
98.19421076076105,0.09585084312129766
98.19834299199283,0.09585084312129766
98.20247522322461,0.09716386836953461
98.20660745445639,0.09716386836953461
98.21073968568817,0.09847689361777157
98.21487191691995,0.09847689361777157
98.21900414815173,0.09716386836953461
98.2231363793835,0.09847689361777157
98.22726861061528,0.09716386836953461
98.23140084184706,0.09585084312129766
98.23553307307884,0.09716386836953461
98.23966530431062,0.09716386836953461
98.2437975355424,0.09716386836953461
98.24792976677418,0.09716386836953461
98.25206199800596,0.09716386836953461
98.25619422923774,0.09847689361777157
98.26032646046951,0.09716386836953461
98.2644586917013,0.09716386836953461
98.26859092293307,0.09585084312129766
98.27272315416485,0.09716386836953461
98.27685538539663,0.09585084312129766
98.28098761662841,0.09716386836953461
98.28511984786019,0.09716386836953461
98.28925207909197,0.09716386836953461
98.29338431032375,0.09585084312129766
98.29751654155552,0.09585084312129766
98.3016487727873,0.09585084312129766
98.30578100401908,0.09716386836953461
98.30991323525086,0.09716386836953461
98.31404546648264,0.09847689361777157
98.31817769771442,0.09847689361777157
98.3223099289462,0.09716386836953461
98.32644216017798,0.09847689361777157
98.33057439140975,0.09716386836953461
98.33470662264153,0.09716386836953461
98.33883885387331,0.09716386836953461
98.34297108510509,0.09716386836953461
98.34710331633687,0.09716386836953461
98.35123554756865,0.09585084312129766
98.35536777880043,0.09847689361777157
98.3595000100322,0.09585084312129766
98.36363224126399,0.09585084312129766
98.36776447249576,0.09585084312129766
98.37189670372754,0.09585084312129766
98.37602893495932,0.09585084312129766
98.3801611661911,0.09716386836953461
98.38429339742288,0.09847689361777157
98.38842562865466,0.09847689361777157
98.39255785988644,0.09847689361777157
98.39669009111822,0.09716386836953461
98.40082232235,0.09585084312129766
98.40495455358177,0.09585084312129766
98.40908678481355,0.09847689361777157
98.41321901604533,0.09716386836953461
98.41735124727711,0.09716386836953461
98.42148347850889,0.09585084312129766
98.42561570974067,0.09585084312129766
98.42974794097245,0.09585084312129766
98.43388017220423,0.09716386836953461
98.438012403436,0.09716386836953461
98.44214463466778,0.09716386836953461
98.44627686589956,0.09716386836953461
98.45040909713134,0.09585084312129766
98.45454132836312,0.09716386836953461
98.4586735595949,0.09716386836953461
98.46280579082668,0.09716386836953461
98.46693802205846,0.09716386836953461
98.47107025329024,0.09585084312129766
98.47520248452201,0.09716386836953461
98.4793347157538,0.09585084312129766
98.48346694698557,0.09716386836953461
98.48759917821735,0.09585084312129766
98.49173140944913,0.09716386836953461
98.49586364068091,0.09716386836953461
98.49999587191269,0.09585084312129766
98.50412810314447,0.09716386836953461
98.50826033437625,0.09716386836953461
98.51239256560802,0.09847689361777157
98.5165247968398,0.09585084312129766
98.52065702807158,0.09585084312129766
98.52478925930336,0.09716386836953461
98.52892149053514,0.09716386836953461
98.53305372176692,0.09716386836953461
98.5371859529987,0.09585084312129766
98.54131818423048,0.09716386836953461
98.54545041546226,0.09585084312129766
98.54958264669403,0.09716386836953461
98.55371487792581,0.09585084312129766
98.55784710915759,0.09585084312129766
98.56197934038937,0.09716386836953461
98.56611157162115,0.09716386836953461
98.57024380285293,0.09585084312129766
98.57437603408471,0.09847689361777157
98.57850826531649,0.0945378178730607
98.58264049654827,0.09585084312129766
98.58677272778004,0.09716386836953461
98.59090495901182,0.09716386836953461
98.5950371902436,0.09978991886600852
98.59916942147538,0.09716386836953461
98.60330165270716,0.09716386836953461
98.60743388393894,0.09716386836953461
98.61156611517072,0.09585084312129766
98.6156983464025,0.09716386836953461
98.61983057763427,0.09716386836953461
98.62396280886605,0.09585084312129766
98.62809504009783,0.09716386836953461
98.63222727132961,0.09716386836953461
98.63635950256139,0.09716386836953461
98.64049173379317,0.09716386836953461
98.64462396502495,0.09716386836953461
98.64875619625673,0.09716386836953461
98.6528884274885,0.09716386836953461
98.65702065872028,0.09585084312129766
98.66115288995206,0.09716386836953461
98.66528512118384,0.09585084312129766
98.66941735241562,0.09716386836953461
98.6735495836474,0.09716386836953461
98.67768181487918,0.09847689361777157
98.68181404611096,0.09847689361777157
98.68594627734274,0.09585084312129766
98.69007850857452,0.09716386836953461
98.6942107398063,0.09716386836953461
98.69834297103807,0.09716386836953461
98.70247520226985,0.09716386836953461
98.70660743350163,0.09716386836953461
98.71073966473341,0.09716386836953461
98.71487189596519,0.09585084312129766
98.71900412719697,0.09716386836953461
98.72313635842875,0.09716386836953461
98.72726858966053,0.09847689361777157
98.7314008208923,0.09716386836953461
98.73553305212408,0.09716386836953461
98.73966528335586,0.09716386836953461
98.74379751458764,0.09716386836953461
98.74792974581942,0.09716386836953461
98.7520619770512,0.09585084312129766
98.75619420828298,0.09716386836953461
98.76032643951476,0.09847689361777157
98.76445867074654,0.09847689361777157
98.76859090197831,0.09978991886600852
98.77272313321009,0.09716386836953461
98.77685536444187,0.09585084312129766
98.78098759567365,0.09716386836953461
98.78511982690543,0.09847689361777157
98.78925205813721,0.09716386836953461
98.79338428936899,0.09716386836953461
98.79751652060077,0.09847689361777157
98.80164875183254,0.09716386836953461
98.80578098306432,0.09716386836953461
98.8099132142961,0.09585084312129766
98.81404544552788,0.09585084312129766
98.81817767675966,0.09585084312129766
98.82230990799144,0.09716386836953461
98.82644213922322,0.09716386836953461
98.830574370455,0.09847689361777157
98.83470660168678,0.09585084312129766
98.83883883291855,0.09716386836953461
98.84297106415033,0.09585084312129766
98.84710329538211,0.09585084312129766
98.85123552661389,0.09585084312129766
98.85536775784567,0.09716386836953461
98.85949998907745,0.09716386836953461
98.86363222030923,0.09716386836953461
98.867764451541,0.09585084312129766
98.87189668277279,0.09585084312129766
98.87602891400456,0.09716386836953461
98.88016114523634,0.09585084312129766
98.88429337646812,0.09716386836953461
98.8884256076999,0.09847689361777157
98.89255783893168,0.09847689361777157
98.89669007016346,0.09716386836953461
98.90082230139524,0.0945378178730607
98.90495453262702,0.09585084312129766
98.9090867638588,0.09585084312129766
98.91321899509057,0.09585084312129766
98.91735122632235,0.09716386836953461
98.92148345755413,0.09716386836953461
98.92561568878591,0.09716386836953461
98.92974792001769,0.09585084312129766
98.93388015124947,0.09585084312129766
98.93801238248125,0.09585084312129766
98.94214461371303,0.09716386836953461
98.9462768449448,0.09847689361777157
98.95040907617658,0.09585084312129766
98.95454130740836,0.0945378178730607
98.95867353864014,0.09585084312129766
98.96280576987192,0.09716386836953461
98.9669380011037,0.09585084312129766
98.97107023233548,0.09716386836953461
98.97520246356726,0.09716386836953461
98.97933469479904,0.09716386836953461
98.98346692603081,0.09716386836953461
98.9875991572626,0.09585084312129766
98.99173138849437,0.09847689361777157
98.99586361972615,0.0945378178730607
98.99999585095793,0.09585084312129766
99.00412808218971,0.09716386836953461
99.00826031342149,0.09716386836953461
99.01239254465327,0.09716386836953461
99.01652477588505,0.09716386836953461
99.02065700711682,0.09585084312129766
99.0247892383486,0.09585084312129766
99.02892146958038,0.09585084312129766
99.03305370081216,0.09585084312129766
99.03718593204394,0.09585084312129766
99.04131816327572,0.09585084312129766
99.0454503945075,0.09716386836953461
99.04958262573928,0.09716386836953461
99.05371485697106,0.09585084312129766
99.05784708820283,0.09585084312129766
99.06197931943461,0.09585084312129766
99.06611155066639,0.09716386836953461
99.07024378189817,0.09847689361777157
99.07437601312995,0.09716386836953461
99.07850824436173,0.09847689361777157
99.08264047559351,0.09716386836953461
99.08677270682529,0.09716386836953461
99.09090493805707,0.09585084312129766
99.09503716928884,0.09585084312129766
99.09916940052062,0.09585084312129766
99.1033016317524,0.09716386836953461
99.10743386298418,0.09716386836953461
99.11156609421596,0.09716386836953461
99.11569832544774,0.09716386836953461
99.11983055667952,0.09585084312129766
99.1239627879113,0.09585084312129766
99.12809501914307,0.0945378178730607
99.13222725037485,0.09716386836953461
99.13635948160663,0.09716386836953461
99.14049171283841,0.09716386836953461
99.14462394407019,0.09716386836953461
99.14875617530197,0.09716386836953461
99.15288840653375,0.09716386836953461
99.15702063776553,0.09716386836953461
99.1611528689973,0.09585084312129766
99.16528510022908,0.09585084312129766
99.16941733146086,0.09585084312129766
99.17354956269264,0.09716386836953461
99.17768179392442,0.09585084312129766
99.1818140251562,0.09716386836953461
99.18594625638798,0.09585084312129766
99.19007848761976,0.09585084312129766
99.19421071885154,0.09716386836953461
99.19834295008332,0.09585084312129766
99.2024751813151,0.09716386836953461
99.20660741254687,0.09716386836953461
99.21073964377865,0.09716386836953461
99.21487187501043,0.09978991886600852
99.21900410624221,0.09716386836953461
99.22313633747399,0.09716386836953461
99.22726856870577,0.09585084312129766
99.23140079993755,0.09585084312129766
99.23553303116933,0.09716386836953461
99.2396652624011,0.09716386836953461
99.24379749363288,0.09716386836953461
99.24792972486466,0.09847689361777157
99.25206195609644,0.09716386836953461
99.25619418732822,0.09716386836953461
99.26032641856,0.09585084312129766
99.26445864979178,0.09585084312129766
99.26859088102356,0.09716386836953461
99.27272311225533,0.09716386836953461
99.27685534348711,0.09847689361777157
99.28098757471889,0.09585084312129766
99.28511980595067,0.09585084312129766
99.28925203718245,0.09716386836953461
99.29338426841423,0.09716386836953461
99.29751649964601,0.09585084312129766
99.30164873087779,0.09585084312129766
99.30578096210957,0.09716386836953461
99.30991319334134,0.09716386836953461
99.31404542457312,0.09847689361777157
99.3181776558049,0.09716386836953461
99.32230988703668,0.09585084312129766
99.32644211826846,0.09716386836953461
99.33057434950024,0.09716386836953461
99.33470658073202,0.09716386836953461
99.3388388119638,0.09716386836953461
99.34297104319558,0.09585084312129766
99.34710327442735,0.09716386836953461
99.35123550565913,0.09716386836953461
99.35536773689091,0.09847689361777157
99.35949996812269,0.09847689361777157
99.36363219935447,0.09716386836953461
99.36776443058625,0.09585084312129766
99.37189666181803,0.09585084312129766
99.3760288930498,0.09716386836953461
99.38016112428159,0.09716386836953461
99.38429335551336,0.09716386836953461
99.38842558674514,0.09716386836953461
99.39255781797692,0.09847689361777157
99.3966900492087,0.09716386836953461
99.40082228044048,0.09716386836953461
99.40495451167226,0.09716386836953461
99.40908674290404,0.09716386836953461
99.41321897413582,0.09716386836953461
99.4173512053676,0.09978991886600852
99.42148343659937,0.09847689361777157
99.42561566783115,0.09716386836953461
99.42974789906293,0.09847689361777157
99.43388013029471,0.09716386836953461
99.43801236152649,0.09585084312129766
99.44214459275827,0.09716386836953461
99.44627682399005,0.09716386836953461
99.45040905522183,0.09716386836953461
99.4545412864536,0.09716386836953461
99.45867351768538,0.09716386836953461
99.46280574891716,0.09716386836953461
99.46693798014894,0.09716386836953461
99.47107021138072,0.09716386836953461
99.4752024426125,0.09716386836953461
99.47933467384428,0.09716386836953461
99.48346690507606,0.09716386836953461
99.48759913630784,0.09716386836953461
99.49173136753961,0.09716386836953461
99.4958635987714,0.09716386836953461
99.49999583000317,0.09585084312129766
99.50412806123495,0.09716386836953461
99.50826029246673,0.0945378178730607
99.51239252369851,0.09585084312129766
99.51652475493029,0.09585084312129766
99.52065698616207,0.09716386836953461
99.52478921739385,0.09585084312129766
99.52892144862562,0.09585084312129766
99.5330536798574,0.09585084312129766
99.53718591108918,0.09585084312129766
99.54131814232096,0.09716386836953461
99.54545037355274,0.09585084312129766
99.54958260478452,0.09847689361777157
99.5537148360163,0.09847689361777157
99.55784706724808,0.09716386836953461
99.56197929847986,0.09847689361777157
99.56611152971163,0.0945378178730607
99.57024376094341,0.09716386836953461
99.57437599217519,0.09847689361777157
99.57850822340697,0.09716386836953461
99.58264045463875,0.09585084312129766
99.58677268587053,0.09585084312129766
99.5909049171023,0.09585084312129766
99.59503714833409,0.09585084312129766
99.59916937956586,0.09716386836953461
99.60330161079764,0.09585084312129766
99.60743384202942,0.09716386836953461
99.6115660732612,0.09585084312129766
99.61569830449298,0.09716386836953461
99.61983053572476,0.09716386836953461
99.62396276695654,0.09847689361777157
99.62809499818832,0.09716386836953461
99.6322272294201,0.09716386836953461
99.63635946065187,0.09716386836953461
99.64049169188365,0.09716386836953461
99.64462392311543,0.09716386836953461
99.64875615434721,0.09585084312129766
99.65288838557899,0.09585084312129766
99.65702061681077,0.09585084312129766
99.66115284804255,0.09716386836953461
99.66528507927433,0.09847689361777157
99.6694173105061,0.09716386836953461
99.67354954173788,0.09585084312129766
99.67768177296966,0.09716386836953461
99.68181400420144,0.09716386836953461
99.68594623543322,0.09716386836953461
99.690078466665,0.09585084312129766
99.69421069789678,0.09847689361777157
99.69834292912856,0.09847689361777157
99.70247516036034,0.09847689361777157
99.70660739159212,0.09585084312129766
99.7107396228239,0.09716386836953461
99.71487185405567,0.09716386836953461
99.71900408528745,0.09716386836953461
99.72313631651923,0.09716386836953461
99.72726854775101,0.09716386836953461
99.73140077898279,0.09847689361777157
99.73553301021457,0.09716386836953461
99.73966524144635,0.09716386836953461
99.74379747267812,0.09585084312129766
99.7479297039099,0.09716386836953461
99.75206193514168,0.09716386836953461
99.75619416637346,0.09716386836953461
99.76032639760524,0.09847689361777157
99.76445862883702,0.09847689361777157
99.7685908600688,0.09716386836953461
99.77272309130058,0.09716386836953461
99.77685532253236,0.09585084312129766
99.78098755376413,0.09585084312129766
99.78511978499591,0.09716386836953461
99.78925201622769,0.09585084312129766
99.79338424745947,0.09716386836953461
99.79751647869125,0.09716386836953461
99.80164870992303,0.09585084312129766
99.80578094115481,0.09847689361777157
99.80991317238659,0.09585084312129766
99.81404540361837,0.09716386836953461
99.81817763485014,0.09716386836953461
99.82230986608192,0.09716386836953461
99.8264420973137,0.09978991886600852
99.83057432854548,0.09585084312129766
99.83470655977726,0.09847689361777157
99.83883879100904,0.09716386836953461
99.84297102224082,0.09716386836953461
99.8471032534726,0.09585084312129766
99.85123548470438,0.09585084312129766
99.85536771593615,0.09716386836953461
99.85949994716793,0.09585084312129766
99.86363217839971,0.09978991886600852
99.86776440963149,0.09716386836953461
99.87189664086327,0.09847689361777157
99.87602887209505,0.09716386836953461
99.88016110332683,0.09716386836953461
99.8842933345586,0.09847689361777157
99.88842556579039,0.09847689361777157
99.89255779702216,0.09847689361777157
99.89669002825394,0.09847689361777157
99.90082225948572,0.09716386836953461
99.9049544907175,0.09847689361777157
99.90908672194928,0.09716386836953461
99.91321895318106,0.0945378178730607
99.91735118441284,0.09847689361777157
99.92148341564462,0.09847689361777157
99.9256156468764,0.09585084312129766
99.92974787810817,0.09847689361777157
99.93388010933995,0.09585084312129766
99.93801234057173,0.09716386836953461
99.94214457180351,0.09716386836953461
99.94627680303529,0.09716386836953461
99.95040903426707,0.09716386836953461
99.95454126549885,0.09716386836953461
99.95867349673063,0.09716386836953461
99.9628057279624,0.09847689361777157
99.96693795919418,0.09716386836953461
99.97107019042596,0.09716386836953461
99.97520242165774,0.09716386836953461
99.97933465288952,0.09847689361777157
99.9834668841213,0.09847689361777157
99.98759911535308,0.09716386836953461
99.99173134658486,0.09716386836953461
99.99586357781664,0.09585084312129766
99.99999580904841,0.09716386836953461
100.0041280402802,0.09847689361777157
100.00826027151197,0.09585084312129766
100.01239250274375,0.09847689361777157
100.01652473397553,0.09585084312129766
100.02065696520731,0.09716386836953461
100.02478919643909,0.09716386836953461
100.02892142767087,0.09716386836953461
100.03305365890265,0.09716386836953461
100.03718589013442,0.09716386836953461
100.0413181213662,0.09716386836953461
100.04545035259798,0.09847689361777157
100.04958258382976,0.09847689361777157
100.05371481506154,0.09585084312129766
100.05784704629332,0.09716386836953461
100.0619792775251,0.09716386836953461
100.06611150875688,0.09716386836953461
100.07024373998865,0.09978991886600852
100.07437597122043,0.09716386836953461
100.07850820245221,0.09716386836953461
100.08264043368399,0.09716386836953461
100.08677266491577,0.09585084312129766
100.09090489614755,0.09716386836953461
100.09503712737933,0.09585084312129766
100.0991693586111,0.09716386836953461
100.10330158984289,0.09716386836953461
100.10743382107466,0.09585084312129766
100.11156605230644,0.09847689361777157
100.11569828353822,0.09716386836953461
100.11983051477,0.09716386836953461
100.12396274600178,0.09585084312129766
100.12809497723356,0.09847689361777157
100.13222720846534,0.09716386836953461
100.13635943969712,0.09585084312129766
100.1404916709289,0.09585084312129766
100.14462390216067,0.09322479262482375
100.14875613339245,0.09585084312129766
100.15288836462423,0.09847689361777157
100.15702059585601,0.09716386836953461
100.16115282708779,0.09585084312129766
100.16528505831957,0.09716386836953461
100.16941728955135,0.09585084312129766
100.17354952078313,0.09716386836953461
100.1776817520149,0.09716386836953461
100.18181398324668,0.09716386836953461
100.18594621447846,0.09716386836953461
100.19007844571024,0.09585084312129766
100.19421067694202,0.09585084312129766
100.1983429081738,0.0945378178730607
100.20247513940558,0.09585084312129766
100.20660737063736,0.0945378178730607
100.21073960186914,0.09585084312129766
100.21487183310091,0.0945378178730607
100.2190040643327,0.09716386836953461
100.22313629556447,0.09716386836953461
100.22726852679625,0.09716386836953461
100.23140075802803,0.09585084312129766
100.23553298925981,0.09585084312129766
100.23966522049159,0.09716386836953461
100.24379745172337,0.0945378178730607
100.24792968295515,0.09585084312129766
100.25206191418692,0.09585084312129766
100.2561941454187,0.09585084312129766
100.26032637665048,0.09716386836953461
100.26445860788226,0.09585084312129766
100.26859083911404,0.09585084312129766
100.27272307034582,0.0945378178730607
100.2768553015776,0.09585084312129766
100.28098753280938,0.09585084312129766
100.28511976404116,0.09585084312129766
100.28925199527293,0.09585084312129766
100.29338422650471,0.09585084312129766
100.29751645773649,0.09585084312129766
100.30164868896827,0.09716386836953461
100.30578092020005,0.09585084312129766
100.30991315143183,0.09585084312129766
100.31404538266361,0.09585084312129766
100.31817761389539,0.0945378178730607
100.32230984512717,0.09585084312129766
100.32644207635894,0.09585084312129766
100.33057430759072,0.09585084312129766
100.3347065388225,0.0945378178730607
100.33883877005428,0.09585084312129766
100.34297100128606,0.09585084312129766
100.34710323251784,0.09585084312129766
100.35123546374962,0.09716386836953461
